{
  "JobDirCreationTime": "2026-03-21T08:13:35.87Z",
  "VMIResult": {
    "Values": {
      "CREATE-events-count": {
        "value": 194.0345388888889
      },
      "CREATE-pods-count": {
        "value": 105.59916666666666
      },
      "GET-leases-count": {
        "value": 131.44965555555558
      },
      "GET-mutatingwebhookconfigurations-count": {
        "value": 37.27283333333333
      },
      "LIST-nodes-count": {
        "value": 37.27283333333333
      },
      "LIST-virtualmachineclusterinstancetypes-count": {
        "value": 29.97736111111111
      },
      "LIST-virtualmachineclusterpreferences-count": {
        "value": 29.97736111111111
      },
      "PATCH-nodes-count": {
        "value": 17.083303183976966
      },
      "PATCH-pods-count": {
        "value": 212.24432499999998
      },
      "PATCH-services-count": {
        "value": 149.09133333333332
      },
      "PATCH-validatingadmissionpolicies-count": {
        "value": 37.27283333333333
      },
      "PATCH-validatingadmissionpolicybindings-count": {
        "value": 37.27283333333333
      },
      "PATCH-virtualmachineinstances-count": {
        "value": 107.13222222222223,
        "thresholdResult": {
          "thresholdValue": 211.19833333333332,
          "thresholdMetric": "CREATE-pods-count",
          "thresholdRatio": 1.0145176861138951,
          "thresholdExceeded": false
        }
      },
      "UPDATE-configmaps-count": {
        "value": 37.27283333333333
      },
      "UPDATE-kubevirts-count": {
        "value": 1.2424277777777777
      },
      "UPDATE-leases-count": {
        "value": 210.96400555555556
      },
      "UPDATE-virtualmachineinstances-count": {
        "value": 663.820451770808,
        "thresholdResult": {
          "thresholdValue": 1055.9916666666666,
          "thresholdMetric": "CREATE-pods-count",
          "thresholdRatio": 6.286228127786438,
          "thresholdExceeded": false
        }
      },
      "avgVirtAPICPUUsage": {
        "value": 0.010051024129333334
      },
      "avgVirtAPIMemoryUsageInMB": {
        "value": 132.41449652777777
      },
      "avgVirtControllerCPUUsage": {
        "value": 0.02593336769792592
      },
      "avgVirtControllerMemoryUsageInMB": {
        "value": 58.08935546875
      },
      "avgVirtHandlerCPUUsage": {
        "value": 0.0008376450875458893
      },
      "avgVirtHandlerMemoryUsageInMB": {
        "value": 28.190470377604164
      },
      "maxVirtAPIMemoryUsageInMB": {
        "value": 171.18359375
      },
      "maxVirtControllerMemoryUsageInMB": {
        "value": 90.57421875
      },
      "maxVirtHandlerCPUUsage": {
        "value": 0.0008912097284230771
      },
      "maxVirtHandlerMemoryUsageInMB": {
        "value": 42.44384765625
      },
      "minVirtAPIMemoryUsageInMB": {
        "value": 0
      },
      "minVirtControllerMemoryUsageInMB": {
        "value": 0
      },
      "minVirtHandlerCPUUsage": {
        "value": 0.000814435133342491
      },
      "minVirtHandlerMemoryUsageInMB": {
        "value": 19.0205078125
      },
      "none-none-count": {
        "value": 1.1498833333333331
      },
      "running-phase-count": {
        "value": 101
      },
      "virtControllerWorkqueueAddRate": {
        "value": 15.68381003174603
      },
      "virtControllerWorkqueueDepth": {
        "value": 0
      },
      "virtControllerWorkqueueP99Latency": {
        "value": 0.0663977852447518
      },
      "vmiCreationToRunningSecondsP50": {
        "value": 17.886111009327987,
        "thresholdResult": {
          "thresholdValue": 45,
          "thresholdExceeded": false
        }
      },
      "vmiCreationToRunningSecondsP95": {
        "value": 28.633782452608393,
        "thresholdResult": {
          "thresholdValue": 60,
          "thresholdExceeded": false
        }
      },
      "vmiCreationToRunningSecondsP99": {
        "value": 29.726756490521677
      },
      "vmiDeletionToFailedSecondsP50": {
        "value": 0
      },
      "vmiDeletionToFailedSecondsP95": {
        "value": 0
      },
      "vmiDeletionToFailedSecondsP99": {
        "value": 0
      },
      "vmiDeletionToSucceededSecondsP50": {
        "value": 0
      },
      "vmiDeletionToSucceededSecondsP95": {
        "value": 0
      },
      "vmiDeletionToSucceededSecondsP99": {
        "value": 0
      }
    }
  },
  "VMResult": {
    "Values": {
      "CREATE-controllerrevisions-count": {
        "value": 41.88372829383729
      },
      "CREATE-events-count": {
        "value": 869.9951728890255
      },
      "CREATE-pods-count": {
        "value": 111.10987655692715
      },
      "CREATE-virtualmachineinstances-count": {
        "value": 41.88372829383729
      },
      "GET-leases-count": {
        "value": 187.77777777777777
      },
      "GET-mutatingwebhookconfigurations-count": {
        "value": 50
      },
      "LIST-configmaps-count": {
        "value": 1.1110987655692715
      },
      "LIST-nodes-count": {
        "value": 50
      },
      "LIST-virtualmachineclusterinstancetypes-count": {
        "value": 50
      },
      "LIST-virtualmachineclusterpreferences-count": {
        "value": 50
      },
      "PATCH-nodes-count": {
        "value": 21.111069959152566
      },
      "PATCH-pods-count": {
        "value": 222.2197531138543
      },
      "PATCH-services-count": {
        "value": 200
      },
      "PATCH-validatingadmissionpolicies-count": {
        "value": 50
      },
      "PATCH-validatingadmissionpolicybindings-count": {
        "value": 50
      },
      "PATCH-virtualmachineinstances-count": {
        "value": 223.33085187942356,
        "thresholdResult": {
          "thresholdValue": 222.2197531138543,
          "thresholdMetric": "CREATE-pods-count",
          "thresholdRatio": 2.01,
          "thresholdExceeded": false
        }
      },
      "PATCH-virtualmachines-count": {
        "value": 41.88372829383729
      },
      "UPDATE-configmaps-count": {
        "value": 50
      },
      "UPDATE-leases-count": {
        "value": 298.8872222407405
      },
      "UPDATE-virtualmachineinstances-count": {
        "value": 984.437650277716,
        "thresholdResult": {
          "thresholdValue": 1111.0987655692716,
          "thresholdMetric": "CREATE-pods-count",
          "thresholdRatio": 8.860037296264471,
          "thresholdExceeded": false
        }
      },
      "UPDATE-virtualmachines-count": {
        "value": 804.1675832416759
      },
      "WATCH-cdiconfigs-count": {
        "value": 1.1110987655692715
      },
      "WATCH-cdis-count": {
        "value": 1.1110987655692715
      },
      "WATCH-clusterrolebindings-count": {
        "value": 1.1111111111111112
      },
      "WATCH-clusterroles-count": {
        "value": 1.1111111111111112
      },
      "WATCH-configmaps-count": {
        "value": 17.77769135925924
      },
      "WATCH-controllerrevisions-count": {
        "value": 1.1110987655692715
      },
      "WATCH-customresourcedefinitions-count": {
        "value": 11.111069959426908
      },
      "WATCH-daemonsets-count": {
        "value": 2.2222222222222223
      },
      "WATCH-datasources-count": {
        "value": 2.222209876680383
      },
      "WATCH-datavolumes-count": {
        "value": 1.1110987655692715
      },
      "WATCH-deployments-count": {
        "value": 1.1111111111111112
      },
      "WATCH-ingresses-count": {
        "value": 1.1110987655692715
      },
      "WATCH-jobs-count": {
        "value": 1.1111111111111112
      },
      "WATCH-kubevirts-count": {
        "value": 9.999967078707504
      },
      "WATCH-leases-count": {
        "value": 2.2222222222222223
      },
      "WATCH-migrationpolicies-count": {
        "value": 1.1110987655692715
      },
      "WATCH-mutatingwebhookconfigurations-count": {
        "value": 1.1111111111111112
      },
      "WATCH-namespaces-count": {
        "value": 4.444423868693789
      },