{
  "JobDirCreationTime": "2026-03-05T06:19:02.553Z",
  "VMIResult": {
    "Values": {
      "CREATE-events-count": {
        "value": 133.7467741935484
      },
      "CREATE-pods-count": {
        "value": 101.74451612903226
      },
      "DELETE-jobs-count": {
        "value": 315.47903225806454
      },
      "DELETE-pods-count": {
        "value": 56.88278032786885
      },
      "GET-leases-count": {
        "value": 1180.9031490015361
      },
      "GET-mutatingwebhookconfigurations-count": {
        "value": 315.47903225806454
      },
      "LIST-nodes-count": {
        "value": 315.47903225806454
      },
      "LIST-virtualmachineclusterinstancetypes-count": {
        "value": 315.47903225806454
      },
      "LIST-virtualmachineclusterpreferences-count": {
        "value": 315.47903225806454
      },
      "PATCH-events-count": {
        "value": 26.409862295081965
      },
      "PATCH-nodes-count": {
        "value": 89.89377880184331
      },
      "PATCH-pods-count": {
        "value": 101.74451612903226
      },
      "PATCH-services-count": {
        "value": 1261.9161290322581
      },
      "UPDATE-configmaps-count": {
        "value": 315.47903225806454
      },
      "UPDATE-leases-count": {
        "value": 1894.9161290322581
      },
      "UPDATE-virtualmachineinstances-count": {
        "value": 350.56858064516126
      },
      "WATCH-clusterrolebindings-count": {
        "value": 9.123886328725039
      },
      "WATCH-clusterroles-count": {
        "value": 8.102918586789555
      },
      "WATCH-configmaps-count": {
        "value": 62.97588325652841
      },
      "WATCH-controllerrevisions-count": {
        "value": 4.083870967741936
      },
      "WATCH-customresourcedefinitions-count": {
        "value": 45.66804915514594
      },
      "WATCH-daemonsets-count": {
        "value": 9.10768049155146
      },
      "WATCH-deployments-count": {
        "value": 9.10768049155146
      },
      "WATCH-ingresses-count": {
        "value": 3.0629032258064517
      },
      "WATCH-jobs-count": {
        "value": 8.102918586789555
      },
      "WATCH-kubevirts-count": {
        "value": 37.56513056835637
      },
      "WATCH-leases-count": {
        "value": 8.102918586789555
      },
      "WATCH-migrationpolicies-count": {
        "value": 4.083870967741936
      },
      "WATCH-mutatingwebhookconfigurations-count": {
        "value": 7.09815668202765
      },
      "WATCH-namespaces-count": {
        "value": 22.39646697388633
      },
      "WATCH-nodes-count": {
        "value": 19.252534562211984
      },
      "WATCH-persistentvolumeclaims-count": {
        "value": 4.083870967741936
      },
      "WATCH-poddisruptionbudgets-count": {
        "value": 11.165821812596006
      },
      "WATCH-pods-count": {
        "value": 18.312596006144396
      },
      "WATCH-prometheusrules-count": {
        "value": 9.123886328725039
      },
      "WATCH-resourcequotas-count": {
        "value": 3.0629032258064517
      },
      "WATCH-rolebindings-count": {
        "value": 9.10768049155146
      },
      "WATCH-roles-count": {
        "value": 9.123886328725039
      },
      "WATCH-routes-count": {
        "value": 13.207757296466974
      },
      "WATCH-secrets-count": {
        "value": 13.207757296466974
      },
      "WATCH-securitycontextconstraints-count": {
        "value": 9.10768049155146
      },
      "WATCH-serviceaccounts-count": {
        "value": 8.102918586789555
      },
      "WATCH-servicemonitors-count": {
        "value": 10.128648233486944
      },
      "WATCH-services-count": {
        "value": 13.207757296466974
      },
      "WATCH-storageclasses-count": {
        "value": 4.083870967741936
      },
      "WATCH-validatingwebhookconfigurations-count": {
        "value": 9.10768049155146
      },
      "WATCH-virtualmachinebackups-count": {
        "value": 12.251612903225807
      },
      "WATCH-virtualmachinebackuptrackers-count": {
        "value": 16.20583717357911
      },
      "WATCH-virtualmachineclones-count": {
        "value": 4.083870967741936
      },
      "WATCH-virtualmachineclusterinstancetypes-count": {
        "value": 14.228725038402459
      },
      "WATCH-virtualmachineclusterpreferences-count": {
        "value": 13.191551459293395
      },
      "WATCH-virtualmachineexports-count": {
        "value": 5.10483870967742
      },
      "WATCH-virtualmachineinstancemigrations-count": {
        "value": 4.083870967741936
      },
      "WATCH-virtualmachineinstancepresets-count": {
        "value": 9.188709677419356
      },
      "WATCH-virtualmachineinstancereplicasets-count": {
        "value": 4.083870967741936
      },
      "WATCH-virtualmachineinstances-count": {
        "value": 41.47073732718894
      },
      "WATCH-virtualmachineinstancetypes-count": {
        "value": 4.083870967741936
      },
      "WATCH-virtualmachinepools-count": {
        "value": 4.083870967741936
      },
      "WATCH-virtualmachinepreferences-count": {
        "value": 4.083870967741936
      },
      "WATCH-virtualmachinerestores-count": {
        "value": 12.251612903225807
      },
      "WATCH-virtualmachines-count": {
        "value": 3.0629032258064517
      },
      "WATCH-virtualmachinesnapshotcontents-count": {
        "value": 4.083870967741936
      },
      "WATCH-virtualmachinesnapshots-count": {
        "value": 4.083870967741936
      },
      "WATCH-volumesnapshotclasses-count": {
        "value": 3.0629032258064517
      },
      "WATCH-volumesnapshots-count": {
        "value": 5.10483870967742
      },
      "avgVirtAPICPUUsage": {
        "value": 0.004374625700800052
      },
      "avgVirtAPIMemoryUsageInMB": {
        "value": 207.23468114459325
      },
      "avgVirtControllerCPUUsage": {
        "value": 0.008575477566666666
      },
      "avgVirtControllerMemoryUsageInMB": {
        "value": 357.14806547619054
      },
      "failed-phase-count": {
        "value": 17
      },
      "maxVirtAPIMemoryUsageInMB": {
        "value": 236.50390625
      },
      "maxVirtControllerMemoryUsageInMB": {
        "value": 438.6015625
      },
      "minVirtAPIMemoryUsageInMB": {
        "value": 175.109375
      },
      "minVirtControllerMemoryUsageInMB": {
        "value": 298.55078125
      },
      "scheduling-phase-count": {
        "value": 70
      },
      "virtControllerWorkqueueAddRate": {
        "value": 1.6540420051300344
      },
      "virtControllerWorkqueueDepth": {
        "value": 0
      },
      "virtControllerWorkqueueP99Latency": {
        "value": 0.07772729342651503
      },
      "vmiCreationToRunningSecondsP50": {
        "value": 0
      },
      "vmiCreationToRunningSecondsP95": {
        "value": 0
      },
      "vmiCreationToRunningSecondsP99": {
        "value": 0
      },
      "vmiDeletionToFailedSecondsP50": {
        "value": 0.25862068965517243
      },
      "vmiDeletionToFailedSecondsP95": {
        "value": 0.4913793103448276
      },
      "vmiDeletionToFailedSecondsP99": {
        "value": 0.8499999999999994
      },
      "vmiDeletionToSucceededSecondsP50": {
        "value": 0
      },
      "vmiDeletionToSucceededSecondsP95": {
        "value": 0
      },
      "vmiDeletionToSucceededSecondsP99": {
        "value": 0
      }
    }
  },
  "VMResult": null
}
