{
  "JobDirCreationTime": "2025-02-22T08:18:48.424Z",
  "VMIResult": {
    "Values": {
      "CREATE-events-count": {
        "value": 206.32786296296297
      },
      "CREATE-pods-count": {
        "value": 107.64333333333333
      },
      "GET-leases-count": {
        "value": 186.66666666666669
      },
      "GET-nodes-count": {
        "value": 28.888888888888893
      },
      "LIST-nodes-count": {
        "value": 1.1110987655692715
      },
      "LIST-virtualmachineclusterinstancetypes-count": {
        "value": 1.1110987655692715
      },
      "LIST-virtualmachineclusterpreferences-count": {
        "value": 1.1110987655692715
      },
      "PATCH-nodes-count": {
        "value": 12.222222222222223
      },
      "PATCH-pods-count": {
        "value": 349.5908333333333
      },
      "PATCH-services-count": {
        "value": 4.444395062277086
      },
      "PATCH-validatingadmissionpolicies-count": {
        "value": 1.1110987655692715
      },
      "PATCH-validatingadmissionpolicybindings-count": {
        "value": 1.1110987655692715
      },
      "PATCH-virtualmachineinstances-count": {
        "value": 95.70626666666666,
        "thresholdResult": {
          "thresholdValue": 215.28666666666666,
          "thresholdMetric": "CREATE-pods-count",
          "thresholdRatio": 0.8891053788746788,
          "thresholdExceeded": false
        }
      },
      "UPDATE-leases-count": {
        "value": 298.8872345862824
      },
      "UPDATE-virtualmachineinstances-count": {
        "value": 595.9099333333332,
        "thresholdResult": {
          "thresholdValue": 1076.4333333333334,
          "thresholdMetric": "CREATE-pods-count",
          "thresholdRatio": 5.5359669278171735,
          "thresholdExceeded": false
        }
      },
      "WATCH-clusterrolebindings-count": {
        "value": 1.1110987655692715
      },
      "WATCH-configmaps-count": {
        "value": 3.3333333333333335
      },
      "WATCH-customresourcedefinitions-count": {
        "value": 2.222209876680383
      },
      "WATCH-daemonsets-count": {
        "value": 1.1110987655692715
      },
      "WATCH-jobs-count": {
        "value": 2.222209876680383
      },
      "WATCH-kubevirts-count": {
        "value": 4.444432098902605
      },
      "WATCH-namespaces-count": {
        "value": 4.444432098902605
      },
      "WATCH-poddisruptionbudgets-count": {
        "value": 2.222209876680383
      },
      "WATCH-pods-count": {
        "value": 3.333320987791494
      },
      "WATCH-rolebindings-count": {
        "value": 2.222209876680383
      },
      "WATCH-roles-count": {
        "value": 1.1111111111111112
      },
      "WATCH-secrets-count": {
        "value": 2.222209876680383
      },
      "WATCH-servicemonitors-count": {
        "value": 1.1110987655692715
      },
      "WATCH-services-count": {
        "value": 1.1110987655692715
      },
      "WATCH-validatingadmissionpolicies-count": {
        "value": 1.1110987655692715
      },
      "WATCH-validatingadmissionpolicybindings-count": {
        "value": 1.1110987655692715
      },
      "WATCH-virtualmachineclusterinstancetypes-count": {
        "value": 1.1111111111111112
      },
      "WATCH-virtualmachineclusterpreferences-count": {
        "value": 1.1111111111111112
      },
      "WATCH-virtualmachineinstancemigrations-count": {
        "value": 1.1111111111111112
      },
      "WATCH-virtualmachineinstancepresets-count": {
        "value": 1.1111111111111112
      },
      "WATCH-virtualmachineinstances-count": {
        "value": 1.1111111111111112
      },
      "WATCH-virtualmachineinstancetypes-count": {
        "value": 1.1111111111111112
      },
      "WATCH-virtualmachinerestores-count": {
        "value": 2.2222222222222223
      },
      "avgVirtAPICPUUsage": {
        "value": 0.007792261111111108
      },
      "avgVirtAPIMemoryUsageInMB": {
        "value": 135.17226562500002
      },
      "avgVirtControllerCPUUsage": {
        "value": 0.021626166666666665
      },
      "avgVirtControllerMemoryUsageInMB": {
        "value": 64.684375
      },
      "avgVirtHandlerCPUUsage": {
        "value": 0.0006112160175688509
      },
      "avgVirtHandlerMemoryUsageInMB": {
        "value": 9.015007192062855
      },
      "maxVirtAPIMemoryUsageInMB": {
        "value": 156.7421875
      },
      "maxVirtControllerMemoryUsageInMB": {
        "value": 88.16796875
      },
      "maxVirtHandlerCPUUsage": {
        "value": 0.0006497811965811966
      },
      "maxVirtHandlerMemoryUsageInMB": {
        "value": 25.826469573539885
      },
      "minVirtAPIMemoryUsageInMB": {
        "value": 123.728515625
      },
      "minVirtControllerMemoryUsageInMB": {
        "value": 58.42578125
      },
      "minVirtHandlerCPUUsage": {
        "value": 0.0005493487654320988
      },
      "minVirtHandlerMemoryUsageInMB": {
        "value": 3.136551816239316
      },
      "running-phase-count": {
        "value": 101
      },
      "vmiCreationToRunningSecondsP50": {
        "value": 21.013788596552725,
        "thresholdResult": {
          "thresholdValue": 45,
          "thresholdExceeded": false
        }
      },
      "vmiCreationToRunningSecondsP95": {
        "value": 29.10137885965527,
        "thresholdResult": {
          "thresholdValue": 60,
          "thresholdExceeded": false
        }
      },
      "vmiCreationToRunningSecondsP99": {
        "value": 29.820275771931055
      },
      "vmiDeletionToFailedSecondsP50": {
        "value": 0
      },
      "vmiDeletionToFailedSecondsP95": {
        "value": 0
      },
      "vmiDeletionToFailedSecondsP99": {
        "value": 0
      },
      "vmiDeletionToSucceededSecondsP50": {
        "value": 0
      },
      "vmiDeletionToSucceededSecondsP95": {
        "value": 0
      },
      "vmiDeletionToSucceededSecondsP99": {
        "value": 0
      }
    }
  },
  "VMResult": {
    "Values": {
      "CREATE-controllerrevisions-count": {
        "value": 62.8812
      },
      "CREATE-events-count": {
        "value": 822.2222222222223
      },
      "CREATE-pods-count": {
        "value": 111.11111111111111
      },
      "CREATE-virtualmachineinstances-count": {
        "value": 62.8812
      },
      "GET-leases-count": {
        "value": 188.8888888888889
      },
      "GET-nodes-count": {
        "value": 26.66666666666667
      },
      "PATCH-nodes-count": {
        "value": 11.11111111111111
      },
      "PATCH-pods-count": {
        "value": 376.6666666666667
      },
      "PATCH-virtualmachineinstances-count": {
        "value": 211.11111111111111,
        "thresholdResult": {
          "thresholdValue": 222.22222222222223,
          "thresholdMetric": "CREATE-pods-count",
          "thresholdRatio": 1.9,
          "thresholdExceeded": false
        }
      },
      "PATCH-virtualmachines-count": {
        "value": 62.8812
      },
      "UPDATE-leases-count": {
        "value": 298.8911111440334
      },
      "UPDATE-virtualmachineinstances-count": {
        "value": 881.1111111111112,
        "thresholdResult": {
          "thresholdValue": 1111.111111111111,
          "thresholdMetric": "CREATE-pods-count",
          "thresholdRatio": 7.930000000000001,
          "thresholdExceeded": false
        }
      },
      "UPDATE-virtualmachines-count": {
        "value": 901.2972
      },
      "WATCH-clusterrolebindings-count": {
        "value": 1.1111275722603298
      },
      "WATCH-clusterroles-count": {
        "value": 1.1111111111111112
      },
      "WATCH-configmaps-count": {
        "value": 6.666666666666666
      },
      "WATCH-customresourcedefinitions-count": {
        "value": 5.555555555555555
      },
      "WATCH-datasources-count": {
        "value": 2.222230452735864
      },
      "WATCH-datavolumes-count": {
        "value": 1.1111111111111112
      },
      "WATCH-jobs-count": {
        "value": 1.1111111111111112
      },