{
  "JobDirCreationTime": "2023-12-27T05:08:33.995Z",
  "VMIResult": {
    "Values": {
      "CREATE-events-count": {
        "value": 635.2544666666668
      },
      "CREATE-pods-count": {
        "value": 113.18
      },
      "DELETE-pods-count": {
        "value": 98.94125
      },
      "DELETE-virtualmachineclusterinstancetypes-count": {
        "value": 1.1111111111111112
      },
      "DELETE-virtualmachineclusterpreferences-count": {
        "value": 1.1111111111111112
      },
      "GET-endpoints-count": {
        "value": 478.89125109004885
      },
      "GET-leases-count": {
        "value": 776.6690288678267
      },
      "GET-nodes-count": {
        "value": 23.333333333333336
      },
      "LIST-configmaps-count": {
        "value": 6.666666666666667
      },
      "LIST-customresourcedefinitions-count": {
        "value": 3.3333333333333335
      },
      "LIST-daemonsets-count": {
        "value": 2.2222222222222223
      },
      "LIST-deployments-count": {
        "value": 1.1111111111111112
      },
      "LIST-ingresses-count": {
        "value": 1.1111111111111112
      },
      "LIST-jobs-count": {
        "value": 2.2222222222222223
      },
      "LIST-kubevirts-count": {
        "value": 2.2222510295534414
      },
      "LIST-namespaces-count": {
        "value": 2.2222222222222223
      },
      "LIST-nodes-count": {
        "value": 2.2222222222222223
      },
      "LIST-poddisruptionbudgets-count": {
        "value": 1.1111111111111112
      },
      "LIST-pods-count": {
        "value": 1.1111111111111112
      },
      "LIST-prometheusrules-count": {
        "value": 2.2222222222222223
      },
      "LIST-resourcequotas-count": {
        "value": 1.1111111111111112
      },
      "LIST-roles-count": {
        "value": 2.2222222222222223
      },
      "LIST-routes-count": {
        "value": 2.2222222222222223
      },
      "LIST-secrets-count": {
        "value": 1.1111111111111112
      },
      "LIST-securitycontextconstraints-count": {
        "value": 2.2222222222222223
      },
      "LIST-serviceaccounts-count": {
        "value": 1.1111111111111112
      },
      "LIST-services-count": {
        "value": 2.2222222222222223
      },
      "LIST-validatingwebhookconfigurations-count": {
        "value": 2.2222222222222223
      },
      "LIST-virtualmachineclusterinstancetypes-count": {
        "value": 1.1111111111111112
      },
      "LIST-virtualmachineclusterpreferences-count": {
        "value": 2.2222222222222223
      },
      "LIST-virtualmachineinstancepresets-count": {
        "value": 1.1111111111111112
      },
      "LIST-virtualmachineinstances-count": {
        "value": 2.2222222222222223
      },
      "LIST-virtualmachineinstancetypes-count": {
        "value": 1.1111111111111112
      },
      "LIST-virtualmachinepools-count": {
        "value": 1.1111111111111112
      },
      "LIST-virtualmachinerestores-count": {
        "value": 1.1111111111111112
      },
      "LIST-virtualmachinesnapshots-count": {
        "value": 1.1111111111111112
      },
      "PATCH-events-count": {
        "value": 39.9876
      },
      "PATCH-nodes-count": {
        "value": 10
      },
      "PATCH-pods-count": {
        "value": 226.4818
      },
      "PATCH-services-count": {
        "value": 4.444444444444445
      },
      "PATCH-virtualmachineinstances-count": {
        "value": 215.16625000000002
      },
      "UPDATE-endpoints-count": {
        "value": 297.77777777777777
      },
      "UPDATE-leases-count": {
        "value": 297.77777777777777
      },
      "UPDATE-virtualmachineinstances-count": {
        "value": 1041.7737666666665
      },
      "vmiCreationToRunningSecondsP50": {
        "value": 43.438160442933714
      },
      "vmiCreationToRunningSecondsP95": {
        "value": 56.63773775945614
      },
      "vmiCreationToRunningSecondsP99": {
        "value": 59.32754755189123
      },
      "vmiDeletionToFailedSecondsP50": {
        "value": 0
      },
      "vmiDeletionToFailedSecondsP95": {
        "value": 0
      },
      "vmiDeletionToFailedSecondsP99": {
        "value": 0
      },
      "vmiDeletionToSucceededSecondsP50": {
        "value": 0.784402857752186
      },
      "vmiDeletionToSucceededSecondsP95": {
        "value": 7.504719027988709
      },
      "vmiDeletionToSucceededSecondsP99": {
        "value": 9.500943805597737
      }
    }
  },
  "VMResult": null
}
