{
  "JobDirCreationTime": "2026-04-12T08:16:05.13Z",
  "VMIResult": {
    "Values": {
      "CREATE-events-count": {
        "value": 229.61298411923735
      },
      "CREATE-pods-count": {
        "value": 109.74833333333333
      },
      "GET-leases-count": {
        "value": 190
      },
      "GET-mutatingwebhookconfigurations-count": {
        "value": 49.99944445061722
      },
      "LIST-nodes-count": {
        "value": 49.99944445061722
      },
      "LIST-virtualmachineclusterinstancetypes-count": {
        "value": 49.99944445061722
      },
      "LIST-virtualmachineclusterpreferences-count": {
        "value": 49.99944445061722
      },
      "PATCH-nodes-count": {
        "value": 16.6664321152709
      },
      "PATCH-pods-count": {
        "value": 219.49666666666667
      },
      "PATCH-services-count": {
        "value": 199.99777780246887
      },
      "PATCH-validatingadmissionpolicies-count": {
        "value": 49.99944445061722
      },
      "PATCH-validatingadmissionpolicybindings-count": {
        "value": 49.99944445061722
      },
      "PATCH-virtualmachineinstances-count": {
        "value": 111.5478,
        "thresholdResult": {
          "thresholdValue": 219.49666666666667,
          "thresholdMetric": "CREATE-pods-count",
          "thresholdRatio": 1.0163963006271926,
          "thresholdExceeded": false
        }
      },
      "UPDATE-configmaps-count": {
        "value": 49.99944445061722
      },
      "UPDATE-leases-count": {
        "value": 298.8872222407405
      },
      "UPDATE-virtualmachineinstances-count": {
        "value": 637.2346195425409,
        "thresholdResult": {
          "thresholdValue": 1097.4833333333333,
          "thresholdMetric": "CREATE-pods-count",
          "thresholdRatio": 5.806326166312694,
          "thresholdExceeded": false
        }
      },
      "WATCH-configmaps-count": {
        "value": 6.6666543211248275
      },
      "WATCH-customresourcedefinitions-count": {
        "value": 1.1111111111111112
      },
      "WATCH-daemonsets-count": {
        "value": 1.1110987655692715
      },
      "WATCH-datasources-count": {
        "value": 1.1111111111111112
      },
      "WATCH-datavolumes-count": {
        "value": 1.1111111111111112
      },
      "WATCH-deployments-count": {
        "value": 1.1111111111111112
      },
      "WATCH-jobs-count": {
        "value": 1.1111111111111112
      },
      "WATCH-kubevirts-count": {
        "value": 1.1111111111111112
      },
      "WATCH-migrationpolicies-count": {
        "value": 1.1111111111111112
      },
      "WATCH-nodes-count": {
        "value": 1.1111111111111112
      },
      "WATCH-poddisruptionbudgets-count": {
        "value": 1.1111111111111112
      },
      "WATCH-pods-count": {
        "value": 1.1111111111111112
      },
      "WATCH-prometheusrules-count": {
        "value": 2.222209876680383
      },
      "WATCH-roles-count": {
        "value": 1.1110987655692715
      },
      "WATCH-secrets-count": {
        "value": 1.1111111111111112
      },
      "WATCH-servicemonitors-count": {
        "value": 1.1111111111111112
      },
      "WATCH-services-count": {
        "value": 2.222209876680383
      },
      "WATCH-validatingadmissionpolicies-count": {
        "value": 2.222209876680383
      },
      "WATCH-validatingadmissionpolicybindings-count": {
        "value": 1.1110987655692715
      },
      "WATCH-validatingwebhookconfigurations-count": {
        "value": 1.1110987655692715
      },
      "WATCH-virtualmachinebackuptrackers-count": {
        "value": 1.1111111111111112
      },
      "WATCH-virtualmachineclones-count": {
        "value": 1.1111111111111112
      },
      "WATCH-virtualmachineclusterinstancetypes-count": {
        "value": 2.222209876680383
      },
      "WATCH-virtualmachineclusterpreferences-count": {
        "value": 1.1110987655692715
      },
      "WATCH-virtualmachineexports-count": {
        "value": 1.1111111111111112
      },
      "WATCH-virtualmachineinstancepresets-count": {
        "value": 1.1111111111111112
      },
      "WATCH-virtualmachineinstances-count": {
        "value": 2.2222222222222223
      },
      "WATCH-virtualmachinepools-count": {
        "value": 1.1111111111111112
      },
      "avgVirtAPICPUUsage": {
        "value": 0.01139780740740741
      },
      "avgVirtAPIMemoryUsageInMB": {
        "value": 144.2181640625
      },
      "avgVirtControllerCPUUsage": {
        "value": 0.02806318888888889
      },
      "avgVirtControllerMemoryUsageInMB": {
        "value": 65.906640625
      },
      "avgVirtHandlerCPUUsage": {
        "value": 0.0010255587126008422
      },
      "avgVirtHandlerMemoryUsageInMB": {
        "value": 13.867863832854066
      },
      "maxVirtAPIMemoryUsageInMB": {
        "value": 169.009765625
      },
      "maxVirtControllerMemoryUsageInMB": {
        "value": 89.26171875
      },
      "maxVirtHandlerCPUUsage": {
        "value": 0.0011188267676767677
      },
      "maxVirtHandlerMemoryUsageInMB": {
        "value": 29.745307491987177
      },
      "minVirtAPIMemoryUsageInMB": {
        "value": 127.015625
      },
      "minVirtControllerMemoryUsageInMB": {
        "value": 59.45703125
      },
      "minVirtHandlerCPUUsage": {
        "value": 0.0009708669515669516
      },
      "minVirtHandlerMemoryUsageInMB": {
        "value": 6.770140955687831
      },
      "running-phase-count": {
        "value": 100
      },
      "scheduled-phase-count": {
        "value": 1
      },
      "virtControllerWorkqueueAddRate": {
        "value": 15.870286419753086
      },
      "virtControllerWorkqueueDepth": {
        "value": 0.0034629382716049382
      },
      "virtControllerWorkqueueP99Latency": {
        "value": 0.06609574351883479
      },
      "vmiCreationToRunningSecondsP50": {
        "value": 17.04526264375721,
        "thresholdResult": {
          "thresholdValue": 45,
          "thresholdExceeded": false
        }
      },
      "vmiCreationToRunningSecondsP95": {
        "value": 28.2776630998318,
        "thresholdResult": {
          "thresholdValue": 60,
          "thresholdExceeded": false
        }
      },
      "vmiCreationToRunningSecondsP99": {
        "value": 29.65553261996636
      },
      "vmiDeletionToFailedSecondsP50": {
        "value": 0
      },
      "vmiDeletionToFailedSecondsP95": {
        "value": 0
      },
      "vmiDeletionToFailedSecondsP99": {
        "value": 0
      },
      "vmiDeletionToSucceededSecondsP50": {
        "value": 0
      },
      "vmiDeletionToSucceededSecondsP95": {
        "value": 0
      },
      "vmiDeletionToSucceededSecondsP99": {
        "value": 0
      }
    }
  },
  "VMResult": {
    "Values": {
      "CREATE-events-count": {
        "value": 766.6666666666666
      },
      "CREATE-pods-count": {
        "value": 98.8888888888889
      },
      "GET-leases-count": {
        "value": 191.11111111111111
      },
      "GET-mutatingwebhookconfigurations-count": {
        "value": 48.8881646197834
      },
      "LIST-nodes-count": {
        "value": 48.8881646197834
      },
      "LIST-virtualmachineclusterinstancetypes-count": {
        "value": 48.8881646197834
      },
      "LIST-virtualmachineclusterpreferences-count": {
        "value": 48.8881646197834
      },
      "PATCH-nodes-count": {
        "value": 20
      },
      "PATCH-pods-count": {
        "value": 148.88888888888889
      },
      "PATCH-services-count": {
        "value": 195.5526584791336
      },
      "PATCH-validatingadmissionpolicies-count": {
        "value": 48.8881646197834
      },
      "PATCH-validatingadmissionpolicybindings-count": {
        "value": 48.8881646197834
      },
      "PATCH-virtualmachineinstances-count": {
        "value": 118.8888888888889,
        "thresholdResult": {
          "thresholdValue": 197.7777777777778,
          "thresholdMetric": "CREATE-pods-count",
          "thresholdRatio": 1.202247191011236,