{
  "JobDirCreationTime": "2023-03-07T05:07:13.367Z",
  "VMIResult": {
    "Values": {
      "CREATE-events-count": {
        "value": 792.7898601851853
      },
      "CREATE-pods-count": {
        "value": 110.45533333333333
      },
      "DELETE-pods-count": {
        "value": 112.81916666666667
      },
      "GET-endpoints-count": {
        "value": 483.3333333333333
      },
      "GET-nodes-count": {
        "value": 17.77777777777778
      },
      "LIST-configmaps-count": {
        "value": 3.3333333333333335
      },
      "LIST-customresourcedefinitions-count": {
        "value": 3.3333333333333335
      },
      "LIST-deployments-count": {
        "value": 1.1111111111111112
      },
      "LIST-nodes-count": {
        "value": 3.3333333333333335
      },
      "LIST-pods-count": {
        "value": 1.1111111111111112
      },
      "LIST-serviceaccounts-count": {
        "value": 2.2222222222222223
      },
      "LIST-services-count": {
        "value": 2.2222222222222223
      },
      "PATCH-events-count": {
        "value": 76.92850000000001
      },
      "PATCH-nodes-count": {
        "value": 10
      },
      "PATCH-pods-count": {
        "value": 222.32947555555552
      },
      "PATCH-services-count": {
        "value": 13.333333333333334
      },
      "PATCH-virtualmachineinstances-count": {
        "value": 225.63833333333335
      },
      "UPDATE-endpoints-count": {
        "value": 297.77777777777777
      },
      "UPDATE-kubevirts-count": {
        "value": 1.1111111111111112
      },
      "UPDATE-virtualmachineinstances-count": {
        "value": 1124.8356233333332
      },
      "vmiCreationToRunningSecondsP50": {
        "value": 42.89888272918328
      },
      "vmiCreationToRunningSecondsP95": {
        "value": 49.99301327291833
      },
      "vmiCreationToRunningSecondsP99": {
        "value": 57.982113978670924
      },
      "vmiDeletionToFailedSecondsP50": {
        "value": 0
      },
      "vmiDeletionToFailedSecondsP95": {
        "value": 0
      },
      "vmiDeletionToFailedSecondsP99": {
        "value": 0
      },
      "vmiDeletionToSucceededSecondsP50": {
        "value": 0.7996135202194508
      },
      "vmiDeletionToSucceededSecondsP95": {
        "value": 4.776132488573711
      },
      "vmiDeletionToSucceededSecondsP99": {
        "value": 8.738821236669331
      }
    }
  },
  "VMResult": null
}
