{
  "JobDirCreationTime": "2026-06-28T00:47:10.564Z",
  "VMIResult": {
    "Values": {
      "CREATE-events-count": {
        "value": 184.66255925925927
      },
      "CREATE-pods-count": {
        "value": 115.03916666666667
      },
      "GET-leases-count": {
        "value": 94.44339507338807
      },
      "LIST-virtualmachineclusterinstancetypes-count": {
        "value": 50
      },
      "LIST-virtualmachineclusterpreferences-count": {
        "value": 50
      },
      "PATCH-nodes-count": {
        "value": 16.90448888888889
      },
      "PATCH-pods-count": {
        "value": 229.07833333333332
      },
      "PATCH-virtualmachineinstances-count": {
        "value": 82.91603333333332,
        "thresholdResult": {
          "thresholdValue": 230.07833333333335,
          "thresholdMetric": "CREATE-pods-count",
          "thresholdRatio": 0.7207635080805811,
          "thresholdExceeded": false
        }
      },
      "UPDATE-leases-count": {
        "value": 148.88888888888889
      },
      "UPDATE-virtualmachineinstances-count": {
        "value": 688.6276000000001,
        "thresholdResult": {
          "thresholdValue": 1150.3916666666667,
          "thresholdMetric": "CREATE-pods-count",
          "thresholdRatio": 5.986027367490783,
          "thresholdExceeded": false
        }
      },
      "WATCH-configmaps-count": {
        "value": 4.583312500347216
      },
      "WATCH-customresourcedefinitions-count": {
        "value": 1.1111111111111112
      },
      "WATCH-ingresses-count": {
        "value": 1.1111111111111112
      },
      "WATCH-kubevirts-count": {
        "value": 3.333320987791494
      },
      "WATCH-namespaces-count": {
        "value": 1.2499791670138831
      },
      "WATCH-plugins-count": {
        "value": 1.1111111111111112
      },
      "WATCH-servicemonitors-count": {
        "value": 1.1587749999999999
      },
      "WATCH-virtualmachinebackups-count": {
        "value": 1.1111111111111112
      },
      "WATCH-virtualmachinebackuptrackers-count": {
        "value": 1.1111111111111112
      },
      "WATCH-virtualmachineclusterpreferences-count": {
        "value": 1.1587749999999999
      },
      "WATCH-virtualmachineinstances-count": {
        "value": 2.2222222222222223
      },
      "WATCH-virtualmachinesnapshotcontents-count": {
        "value": 1.1111111111111112
      },
      "avgVirtAPICPUUsage": {
        "value": 0.010044753703703706
      },
      "avgVirtAPIMemoryUsageInMB": {
        "value": 151.334765625
      },
      "avgVirtControllerCPUUsage": {
        "value": 0.026894525925925925
      },
      "avgVirtControllerMemoryUsageInMB": {
        "value": 71.008984375
      },
      "avgVirtHandlerCPUUsage": {
        "value": 0.0009191747312872313
      },
      "avgVirtHandlerMemoryUsageInMB": {
        "value": 14.64623169798951
      },
      "maxVirtAPIMemoryUsageInMB": {
        "value": 175.453125
      },
      "maxVirtControllerMemoryUsageInMB": {
        "value": 98.52734375
      },
      "maxVirtHandlerCPUUsage": {
        "value": 0.0009675739316239316
      },
      "maxVirtHandlerMemoryUsageInMB": {
        "value": 38.99308894230769
      },
      "minVirtAPIMemoryUsageInMB": {
        "value": 144.201171875
      },
      "minVirtControllerMemoryUsageInMB": {
        "value": 60.71875
      },
      "minVirtHandlerCPUUsage": {
        "value": 0.0008553883838383837
      },
      "minVirtHandlerMemoryUsageInMB": {
        "value": 6.032602163461538
      },
      "running-phase-count": {
        "value": 70
      },
      "scheduled-phase-count": {
        "value": 30
      },
      "scheduling-phase-count": {
        "value": 1
      },
      "virtControllerWorkqueueAddRate": {
        "value": 16.246437320987653
      },
      "virtControllerWorkqueueDepth": {
        "value": 0
      },
      "virtControllerWorkqueueP99Latency": {
        "value": 0.06440595326680847
      },
      "vmiCreationToRunningSecondsP50": {
        "value": 17.591557167685117,
        "thresholdResult": {
          "thresholdValue": 45,
          "thresholdExceeded": false
        }
      },
      "vmiCreationToRunningSecondsP95": {
        "value": 28.535329017174213,
        "thresholdResult": {
          "thresholdValue": 60,
          "thresholdExceeded": false
        }
      },
      "vmiCreationToRunningSecondsP99": {
        "value": 29.707065803434844
      },
      "vmiDeletionToFailedSecondsP50": {
        "value": 0
      },
      "vmiDeletionToFailedSecondsP95": {
        "value": 0
      },
      "vmiDeletionToFailedSecondsP99": {
        "value": 0
      },
      "vmiDeletionToSucceededSecondsP50": {
        "value": 0
      },
      "vmiDeletionToSucceededSecondsP95": {
        "value": 0
      },
      "vmiDeletionToSucceededSecondsP99": {
        "value": 0
      }
    }
  },
  "VMResult": {
    "Values": {
      "CREATE-events-count": {
        "value": 816.6650617462275
      },
      "CREATE-pods-count": {
        "value": 111.11111111111111
      },
      "GET-leases-count": {
        "value": 93.3298766712344
      },
      "LIST-virtualmachineclusterinstancetypes-count": {
        "value": 50
      },
      "LIST-virtualmachineclusterpreferences-count": {
        "value": 50
      },
      "PATCH-nodes-count": {
        "value": 21.111049383401912
      },
      "PATCH-pods-count": {
        "value": 167.77777777777777
      },
      "PATCH-virtualmachineinstances-count": {
        "value": 121.11111111111111,
        "thresholdResult": {
          "thresholdValue": 222.22222222222223,
          "thresholdMetric": "CREATE-pods-count",
          "thresholdRatio": 1.09,
          "thresholdExceeded": false
        }
      },
      "UPDATE-leases-count": {
        "value": 150
      },
      "UPDATE-virtualmachineinstances-count": {
        "value": 835.5541605093277,
        "thresholdResult": {
          "thresholdValue": 1111.111111111111,
          "thresholdMetric": "CREATE-pods-count",
          "thresholdRatio": 7.51998744458395,
          "thresholdExceeded": false
        }
      },
      "WATCH-cdiconfigs-count": {
        "value": 1.1111111111111112
      },
      "WATCH-cdis-count": {
        "value": 1.1111111111111112
      },
      "WATCH-configmaps-count": {
        "value": 7.777777777777777
      },
      "WATCH-customresourcedefinitions-count": {
        "value": 5.555555555555555
      },
      "WATCH-datasources-count": {
        "value": 2.2222222222222223
      },
      "WATCH-datavolumes-count": {
        "value": 1.1111111111111112
      },
      "WATCH-kubevirts-count": {
        "value": 3.3333333333333335
      },
      "WATCH-migrationpolicies-count": {
        "value": 1.1111111111111112
      },
      "WATCH-namespaces-count": {
        "value": 3.3333333333333335
      },
      "WATCH-nodes-count": {
        "value": 3.3333209877914936
      },
      "WATCH-plugins-count": {
        "value": 4.444432098902605
      },
      "WATCH-poddisruptionbudgets-count": {
        "value": 1.1111111111111112
      },
      "WATCH-pods-count": {
        "value": 1.1111111111111112
      },
      "WATCH-servicemonitors-count": {
        "value": 1.1111111111111112
      },
      "WATCH-storageclasses-count": {
        "value": 1.1111111111111112
      },
      "WATCH-virtualmachinebackups-count": {
        "value": 2.2222222222222223
      },
      "WATCH-virtualmachinebackuptrackers-count": {
        "value": 1.1111111111111112
      },
      "WATCH-virtualmachineclones-count": {
        "value": 1.1111111111111112
      },
      "WATCH-virtualmachineclusterinstancetypes-count": {
        "value": 3.3333333333333335
      },
      "WATCH-virtualmachineclusterpreferences-count": {
        "value": 3.3333333333333335
      },
      "WATCH-virtualmachineinstancemigrations-count": {
        "value": 1.1111111111111112
      },
      "WATCH-virtualmachineinstances-count": {
        "value": 7.777753086694098
      },