{
  "JobDirCreationTime": "2025-08-12T00:28:35.525Z",
  "VMIResult": {
    "Values": {
      "CREATE-deployments-count": {
        "value": 1.1127541666666665
      },
      "CREATE-events-count": {
        "value": 151.08244993410497
      },
      "CREATE-poddisruptionbudgets-count": {
        "value": 1.1127541666666665
      },
      "CREATE-pods-count": {
        "value": 109.91561044307225
      },
      "CREATE-virtualmachineclusterinstancetypes-count": {
        "value": 54.06592777777779
      },
      "GET-leases-count": {
        "value": 156.4612261904762
      },
      "GET-nodes-count": {
        "value": 27.300490290011105
      },
      "LIST-nodes-count": {
        "value": 44.51016666666666
      },
      "LIST-virtualmachineclusterinstancetypes-count": {
        "value": 32.723
      },
      "LIST-virtualmachineclusterpreferences-count": {
        "value": 32.507625
      },
      "PATCH-nodes-count": {
        "value": 7.922572424712697
      },
      "PATCH-pods-count": {
        "value": 366.77813887986133
      },
      "PATCH-services-count": {
        "value": 178.04066666666665
      },
      "PATCH-validatingadmissionpolicies-count": {
        "value": 44.51016666666666
      },
      "PATCH-validatingadmissionpolicybindings-count": {
        "value": 44.51016666666666
      },
      "PATCH-virtualmachineinstances-count": {
        "value": 88.27215759474684,
        "thresholdResult": {
          "thresholdValue": 219.8312208861445,
          "thresholdMetric": "CREATE-pods-count",
          "thresholdRatio": 0.8030902729732368,
          "thresholdExceeded": false
        }
      },
      "UPDATE-configmaps-count": {
        "value": 44.51016666666666
      },
      "UPDATE-kubevirts-count": {
        "value": 2.225508333333333
      },
      "UPDATE-leases-count": {
        "value": 250.87992357966314
      },
      "UPDATE-virtualmachineinstances-count": {
        "value": 597.7910132932383,
        "thresholdResult": {
          "thresholdValue": 1099.1561044307225,
          "thresholdMetric": "CREATE-pods-count",
          "thresholdRatio": 5.438636158081,
          "thresholdExceeded": false
        }
      },
      "WATCH-rolebindings-count": {
        "value": 1.1127541666666665
      },
      "avgVirtAPICPUUsage": {
        "value": 0.010042048148148151
      },
      "avgVirtAPIMemoryUsageInMB": {
        "value": 141.2326171875
      },
      "avgVirtControllerCPUUsage": {
        "value": 0.024632943524041665
      },
      "avgVirtControllerMemoryUsageInMB": {
        "value": 64.8203125
      },
      "avgVirtHandlerCPUUsage": {
        "value": 0.000892159693897405
      },
      "avgVirtHandlerMemoryUsageInMB": {
        "value": 41.765471540178574
      },
      "maxVirtAPIMemoryUsageInMB": {
        "value": 160.998046875
      },
      "maxVirtControllerMemoryUsageInMB": {
        "value": 85.48046875
      },
      "maxVirtHandlerCPUUsage": {
        "value": 0.0009889616730212952
      },
      "maxVirtHandlerMemoryUsageInMB": {
        "value": 70.7265625
      },
      "minVirtAPIMemoryUsageInMB": {
        "value": 134.064453125
      },
      "minVirtControllerMemoryUsageInMB": {
        "value": 48.12109375
      },
      "minVirtHandlerCPUUsage": {
        "value": 0.0008250401171686507
      },
      "minVirtHandlerMemoryUsageInMB": {
        "value": 21.793526785714285
      },
      "none-none-count": {
        "value": 2.223056415044411
      },
      "running-phase-count": {
        "value": 79
      },
      "scheduled-phase-count": {
        "value": 22
      },
      "vmiCreationToRunningSecondsP50": {
        "value": 21.404739664440378,
        "thresholdResult": {
          "thresholdValue": 45,
          "thresholdExceeded": false
        }
      },
      "vmiCreationToRunningSecondsP95": {
        "value": 29.140473966444038,
        "thresholdResult": {
          "thresholdValue": 60,
          "thresholdExceeded": false
        }
      },
      "vmiCreationToRunningSecondsP99": {
        "value": 29.828094793288805
      },
      "vmiDeletionToFailedSecondsP50": {
        "value": 0
      },
      "vmiDeletionToFailedSecondsP95": {
        "value": 0
      },
      "vmiDeletionToFailedSecondsP99": {
        "value": 0
      },
      "vmiDeletionToSucceededSecondsP50": {
        "value": 0
      },
      "vmiDeletionToSucceededSecondsP95": {
        "value": 0
      },
      "vmiDeletionToSucceededSecondsP99": {
        "value": 0
      }
    }
  },
  "VMResult": null
}
