{
  "JobDirCreationTime": "2024-07-05T05:07:33.322Z",
  "VMIResult": {
    "Values": {
      "CREATE-events-count": {
        "value": 646.7264592592592
      },
      "CREATE-pods-count": {
        "value": 111.81266666666667
      },
      "DELETE-pods-count": {
        "value": 111.11035833333332
      },
      "DELETE-virtualmachineclusterinstancetypes-count": {
        "value": 1.1111111111111112
      },
      "DELETE-virtualmachineclusterpreferences-count": {
        "value": 1.1111111111111112
      },
      "GET-leases-count": {
        "value": 195.55555555555554
      },
      "GET-nodes-count": {
        "value": 22.222222222222225
      },
      "LIST-clusterrolebindings-count": {
        "value": 1.1111111111111112
      },
      "LIST-clusterroles-count": {
        "value": 1.1111111111111112
      },
      "LIST-configmaps-count": {
        "value": 7.777777777777779
      },
      "LIST-customresourcedefinitions-count": {
        "value": 2.2222222222222223
      },
      "LIST-daemonsets-count": {
        "value": 1.1111111111111112
      },
      "LIST-kubevirts-count": {
        "value": 2.2222222222222223
      },
      "LIST-migrationpolicies-count": {
        "value": 1.1111111111111112
      },
      "LIST-mutatingwebhookconfigurations-count": {
        "value": 1.1111111111111112
      },
      "LIST-namespaces-count": {
        "value": 1.1111111111111112
      },
      "LIST-nodes-count": {
        "value": 1.1111111111111112
      },
      "LIST-poddisruptionbudgets-count": {
        "value": 2.2222222222222223
      },
      "LIST-pods-count": {
        "value": 1.1111111111111112
      },
      "LIST-routes-count": {
        "value": 2.2222222222222223
      },
      "LIST-securitycontextconstraints-count": {
        "value": 1.1111111111111112
      },
      "LIST-serviceaccounts-count": {
        "value": 1.1111111111111112
      },
      "LIST-servicemonitors-count": {
        "value": 1.1111111111111112
      },
      "LIST-services-count": {
        "value": 1.1111111111111112
      },
      "LIST-storageclasses-count": {
        "value": 1.1111111111111112
      },
      "LIST-validatingwebhookconfigurations-count": {
        "value": 1.1111111111111112
      },
      "LIST-virtualmachineclusterinstancetypes-count": {
        "value": 1.1111111111111112
      },
      "LIST-virtualmachineclusterpreferences-count": {
        "value": 1.1111111111111112
      },
      "LIST-virtualmachineinstances-count": {
        "value": 1.1111111111111112
      },
      "PATCH-events-count": {
        "value": 9.76368888888889
      },
      "PATCH-nodes-count": {
        "value": 10
      },
      "PATCH-pods-count": {
        "value": 223.73345999999998
      },
      "PATCH-services-count": {
        "value": 4.444444444444445
      },
      "PATCH-virtualmachineinstances-count": {
        "value": 225.62619166666667
      },
      "UPDATE-leases-count": {
        "value": 298.8888888888889
      },
      "UPDATE-virtualmachineinstances-count": {
        "value": 1075.159831111111
      },
      "avgVirtAPICPUUsage": {
        "value": 0.04698210526296297
      },
      "avgVirtAPIMemoryUsageInMB": {
        "value": 193.07402343750002
      },
      "avgVirtControllerCPUUsage": {
        "value": 0.0350693684962963
      },
      "avgVirtControllerMemoryUsageInMB": {
        "value": 114.37265625
      },
      "maxVirtAPIMemoryUsageInMB": {
        "value": 214.4765625
      },
      "maxVirtControllerMemoryUsageInMB": {
        "value": 141.76953125
      },
      "minVirtAPIMemoryUsageInMB": {
        "value": 165.41796875
      },
      "minVirtControllerMemoryUsageInMB": {
        "value": 94.33203125
      },
      "vmiCreationToRunningSecondsP50": {
        "value": 42.85531274017462
      },
      "vmiCreationToRunningSecondsP95": {
        "value": 49.83937742786362
      },
      "vmiCreationToRunningSecondsP99": {
        "value": 57.477976640556754
      },
      "vmiDeletionToFailedSecondsP50": {
        "value": 0
      },
      "vmiDeletionToFailedSecondsP95": {
        "value": 0
      },
      "vmiDeletionToFailedSecondsP99": {
        "value": 0
      },
      "vmiDeletionToSucceededSecondsP50": {
        "value": 0.7802344808150389
      },
      "vmiDeletionToSucceededSecondsP95": {
        "value": 8.213294400927914
      },
      "vmiDeletionToSucceededSecondsP99": {
        "value": 15.85595328111353
      }
    }
  },
  "VMResult": null
}
