{
  "JobDirCreationTime": "2024-10-08T09:09:35.885Z",
  "VMIResult": {
    "Values": {
      "CREATE-events-count": {
        "value": 159.21145555555557
      },
      "CREATE-pods-count": {
        "value": 108.5475
      },
      "GET-leases-count": {
        "value": 184.44444444444446
      },
      "GET-nodes-count": {
        "value": 37.77777777777778
      },
      "LIST-nodes-count": {
        "value": 1.111102880719402
      },
      "LIST-virtualmachineclusterinstancetypes-count": {
        "value": 1.111102880719402
      },
      "LIST-virtualmachineclusterpreferences-count": {
        "value": 1.111102880719402
      },
      "PATCH-nodes-count": {
        "value": 14.444444444444446
      },
      "PATCH-pods-count": {
        "value": 255.010375
      },
      "PATCH-services-count": {
        "value": 4.444411522877608
      },
      "PATCH-virtualmachineinstances-count": {
        "value": 103.3589,
        "thresholdResult": {
          "thresholdValue": 217.095,
          "thresholdMetric": "CREATE-pods-count",
          "thresholdRatio": 0.952199728229577,
          "thresholdExceeded": false
        }
      },
      "UPDATE-leases-count": {
        "value": 298.8877777860082
      },
      "UPDATE-virtualmachineinstances-count": {
        "value": 637.4243861111111,
        "thresholdResult": {
          "thresholdValue": 1085.475,
          "thresholdMetric": "CREATE-pods-count",
          "thresholdRatio": 5.872308308446635,
          "thresholdExceeded": false
        }
      },
      "WATCH-cdiconfigs-count": {
        "value": 1.1111111111111112
      },
      "WATCH-cdis-count": {
        "value": 1.1111111111111112
      },
      "WATCH-clusterrolebindings-count": {
        "value": 1.1111111111111112
      },
      "WATCH-clusterroles-count": {
        "value": 1.1111111111111112
      },
      "WATCH-configmaps-count": {
        "value": 5.555547325163847
      },
      "WATCH-customresourcedefinitions-count": {
        "value": 4.4444279836610265
      },
      "WATCH-datasources-count": {
        "value": 3.3333333333333335
      },
      "WATCH-jobs-count": {
        "value": 2.2222139918305133
      },
      "WATCH-kubevirts-count": {
        "value": 3.3333251029416244
      },
      "WATCH-mutatingwebhookconfigurations-count": {
        "value": 2.2222139918305133
      },
      "WATCH-namespaces-count": {
        "value": 1.1111111111111112
      },
      "WATCH-nodes-count": {
        "value": 1.1111111111111112
      },
      "WATCH-prometheusrules-count": {
        "value": 1.1111111111111112
      },
      "WATCH-rolebindings-count": {
        "value": 2.2222139918305133
      },
      "WATCH-roles-count": {
        "value": 1.111102880719402
      },
      "WATCH-secrets-count": {
        "value": 2.2222139918305133
      },
      "WATCH-serviceaccounts-count": {
        "value": 2.2222139918305133
      },
      "WATCH-servicemonitors-count": {
        "value": 1.1111111111111112
      },
      "WATCH-services-count": {
        "value": 2.2222139918305133
      },
      "WATCH-storageprofiles-count": {
        "value": 1.1111111111111112
      },
      "WATCH-virtualmachineclones-count": {
        "value": 1.1111111111111112
      },
      "WATCH-virtualmachineclusterinstancetypes-count": {
        "value": 1.111102880719402
      },
      "WATCH-virtualmachineinstancereplicasets-count": {
        "value": 1.1111111111111112
      },
      "WATCH-virtualmachinepools-count": {
        "value": 1.1111111111111112
      },
      "avgVirtAPICPUUsage": {
        "value": 0.012813851851851854
      },
      "avgVirtAPIMemoryUsageInMB": {
        "value": 135.33144531250002
      },
      "avgVirtControllerCPUUsage": {
        "value": 0.013992851851851852
      },
      "avgVirtControllerMemoryUsageInMB": {
        "value": 69.357421875
      },
      "maxVirtAPIMemoryUsageInMB": {
        "value": 139.87890625
      },
      "maxVirtControllerMemoryUsageInMB": {
        "value": 94.2578125
      },
      "minVirtAPIMemoryUsageInMB": {
        "value": 126.2890625
      },
      "minVirtControllerMemoryUsageInMB": {
        "value": 59.2890625
      },
      "running-phase-count": {
        "value": 94
      },
      "scheduled-phase-count": {
        "value": 7
      },
      "vmiCreationToRunningSecondsP50": {
        "value": 20.609143220569976,
        "thresholdResult": {
          "thresholdValue": 45,
          "thresholdExceeded": false
        }
      },
      "vmiCreationToRunningSecondsP95": {
        "value": 29.060914322056995,
        "thresholdResult": {
          "thresholdValue": 60,
          "thresholdExceeded": false
        }
      },
      "vmiCreationToRunningSecondsP99": {
        "value": 29.8121828644114
      },
      "vmiDeletionToFailedSecondsP50": {
        "value": 0
      },
      "vmiDeletionToFailedSecondsP95": {
        "value": 0
      },
      "vmiDeletionToFailedSecondsP99": {
        "value": 0
      },
      "vmiDeletionToSucceededSecondsP50": {
        "value": 0
      },
      "vmiDeletionToSucceededSecondsP95": {
        "value": 0
      },
      "vmiDeletionToSucceededSecondsP99": {
        "value": 0
      }
    }
  },
  "VMResult": {
    "Values": {
      "CREATE-controllerrevisions-count": {
        "value": 108.7332
      },
      "CREATE-events-count": {
        "value": 864.4444444444445
      },
      "CREATE-pods-count": {
        "value": 111.11111111111111
      },
      "CREATE-virtualmachineinstances-count": {
        "value": 108.7332
      },
      "GET-leases-count": {
        "value": 191.11111111111111
      },
      "GET-nodes-count": {
        "value": 27.777777777777782
      },
      "PATCH-events-count": {
        "value": 1.4737741258041936
      },
      "PATCH-nodes-count": {
        "value": 12.222222222222223
      },
      "PATCH-pods-count": {
        "value": 313.33333333333337
      },
      "PATCH-virtualmachineinstances-count": {
        "value": 201.11111111111111,
        "thresholdResult": {
          "thresholdValue": 222.22222222222223,
          "thresholdMetric": "CREATE-pods-count",
          "thresholdRatio": 1.81,
          "thresholdExceeded": false
        }
      },
      "PATCH-virtualmachines-count": {
        "value": 108.7332
      },
      "UPDATE-leases-count": {
        "value": 297.7761234751713
      },
      "UPDATE-virtualmachineinstances-count": {
        "value": 1084.4444444444446,
        "thresholdResult": {
          "thresholdValue": 1111.111111111111,
          "thresholdMetric": "CREATE-pods-count",
          "thresholdRatio": 9.760000000000002,
          "thresholdExceeded": false
        }
      },
      "UPDATE-virtualmachines-count": {
        "value": 911.8328
      },
      "WATCH-clusterrolebindings-count": {
        "value": 1.1110987655692715
      },
      "WATCH-clusterroles-count": {
        "value": 1.1111111111111112
      },
      "WATCH-configmaps-count": {
        "value": 4.444432098902605
      },
      "WATCH-controllerrevisions-count": {
        "value": 1.1111111111111112
      },
      "WATCH-customresourcedefinitions-count": {
        "value": 3.333320987791494
      },
      "WATCH-daemonsets-count": {
        "value": 1.1111111111111112
      },
      "WATCH-datasources-count": {
        "value": 2.2222222222222223
      },
      "WATCH-datavolumes-count": {
        "value": 3.3333333333333335
      },
      "WATCH-deployments-count": {
        "value": 1.1110987655692715
      },
      "WATCH-jobs-count": {
        "value": 1.1111111111111112
      },
      "WATCH-kubevirts-count": {
        "value": 5.555543210013717
      },
      "WATCH-mutatingwebhookconfigurations-count": {
        "value": 1.1111111111111112
      },
      "WATCH-namespaces-count": {
        "value": 2.2222222222222223
      },
      "WATCH-nodes-count": {
        "value": 1.1111111111111112
      },
      "WATCH-poddisruptionbudgets-count": {
        "value": 2.222209876680383
      },