{
  "JobDirCreationTime": "2026-03-03T08:13:45.403Z",
  "VMIResult": {
    "Values": {
      "CREATE-deployments-count": {
        "value": 1.0994761904761905
      },
      "CREATE-events-count": {
        "value": 124.98109444444444
      },
      "CREATE-poddisruptionbudgets-count": {
        "value": 1.0994761904761905
      },
      "CREATE-pods-count": {
        "value": 114.62083333333335
      },
      "GET-leases-count": {
        "value": 133.44642777777779
      },
      "GET-mutatingwebhookconfigurations-count": {
        "value": 39.58114285714286
      },
      "LIST-nodes-count": {
        "value": 39.58114285714286
      },
      "LIST-virtualmachineclusterinstancetypes-count": {
        "value": 30.81338095238095
      },
      "LIST-virtualmachineclusterpreferences-count": {
        "value": 30.81338095238095
      },
      "PATCH-nodes-count": {
        "value": 15.664266666666666
      },
      "PATCH-pods-count": {
        "value": 229.37787500000002
      },
      "PATCH-services-count": {
        "value": 156.03885714285713
      },
      "PATCH-validatingadmissionpolicies-count": {
        "value": 39.00971428571428
      },
      "PATCH-validatingadmissionpolicybindings-count": {
        "value": 39.00971428571428
      },
      "PATCH-virtualmachineinstances-count": {
        "value": 81.34955555555555,
        "thresholdResult": {
          "thresholdValue": 229.2416666666667,
          "thresholdMetric": "CREATE-pods-count",
          "thresholdRatio": 0.7097274831267342,
          "thresholdExceeded": false
        }
      },
      "UPDATE-configmaps-count": {
        "value": 39.58114285714286
      },
      "UPDATE-kubevirts-count": {
        "value": 2.198952380952381
      },
      "UPDATE-leases-count": {
        "value": 216.42721825396825
      },
      "UPDATE-virtualmachineinstances-count": {
        "value": 485.64900000000006,
        "thresholdResult": {
          "thresholdValue": 1146.2083333333335,
          "thresholdMetric": "CREATE-pods-count",
          "thresholdRatio": 4.237004616670908,
          "thresholdExceeded": false
        }
      },
      "avgVirtAPICPUUsage": {
        "value": 0.018931623192579367
      },
      "avgVirtAPIMemoryUsageInMB": {
        "value": 131.05750868055554
      },
      "avgVirtControllerCPUUsage": {
        "value": 0.025973122187777774
      },
      "avgVirtControllerMemoryUsageInMB": {
        "value": 57.3046875
      },
      "avgVirtHandlerCPUUsage": {
        "value": 0.0008828716194148536
      },
      "avgVirtHandlerMemoryUsageInMB": {
        "value": 19.98439520277899
      },
      "maxVirtAPIMemoryUsageInMB": {
        "value": 169.076171875
      },
      "maxVirtControllerMemoryUsageInMB": {
        "value": 88.53125
      },
      "maxVirtHandlerCPUUsage": {
        "value": 0.000909038149988604
      },
      "maxVirtHandlerMemoryUsageInMB": {
        "value": 62.861140324519226
      },
      "minVirtAPIMemoryUsageInMB": {
        "value": 0.02734375
      },
      "minVirtControllerMemoryUsageInMB": {
        "value": 0
      },
      "minVirtHandlerCPUUsage": {
        "value": 0.0008315175367676768
      },
      "minVirtHandlerMemoryUsageInMB": {
        "value": 4.570462740384615
      },
      "none-none-count": {
        "value": 1.1741388888888888
      },
      "running-phase-count": {
        "value": 101
      },
      "virtControllerWorkqueueAddRate": {
        "value": 16.35568063492064
      },
      "virtControllerWorkqueueDepth": {
        "value": 0
      },
      "virtControllerWorkqueueP99Latency": {
        "value": 0.06733324296877205
      },
      "vmiCreationToRunningSecondsP50": {
        "value": 18.395890503641507,
        "thresholdResult": {
          "thresholdValue": 45,
          "thresholdExceeded": false
        }
      },
      "vmiCreationToRunningSecondsP95": {
        "value": 28.763816074953183,
        "thresholdResult": {
          "thresholdValue": 60,
          "thresholdExceeded": false
        }
      },
      "vmiCreationToRunningSecondsP99": {
        "value": 29.752763214990637
      },
      "vmiDeletionToFailedSecondsP50": {
        "value": 0
      },
      "vmiDeletionToFailedSecondsP95": {
        "value": 0
      },
      "vmiDeletionToFailedSecondsP99": {
        "value": 0
      },
      "vmiDeletionToSucceededSecondsP50": {
        "value": 0
      },
      "vmiDeletionToSucceededSecondsP95": {
        "value": 0
      },
      "vmiDeletionToSucceededSecondsP99": {
        "value": 0
      }
    }
  },
  "VMResult": {
    "Values": {
      "CREATE-controllerrevisions-count": {
        "value": 146.4883
      },
      "CREATE-events-count": {
        "value": 808.887275744063
      },
      "CREATE-pods-count": {
        "value": 111.11111111111111
      },
      "CREATE-virtualmachineinstances-count": {
        "value": 146.4883
      },
      "DELETE-pods-count": {
        "value": 109.6227
      },
      "GET-leases-count": {
        "value": 183.33333333333334
      },
      "GET-mutatingwebhookconfigurations-count": {
        "value": 49.99944445061722
      },
      "LIST-configmaps-count": {
        "value": 1.1111111111111112
      },
      "LIST-nodes-count": {
        "value": 49.99944445061722
      },
      "LIST-virtualmachineclusterinstancetypes-count": {
        "value": 49.99944445061722
      },
      "LIST-virtualmachineclusterpreferences-count": {
        "value": 49.99944445061722
      },
      "PATCH-nodes-count": {
        "value": 19.999934157354048
      },
      "PATCH-pods-count": {
        "value": 222.22222222222223
      },
      "PATCH-services-count": {
        "value": 199.99777780246887
      },
      "PATCH-validatingadmissionpolicies-count": {
        "value": 49.99944445061722
      },
      "PATCH-validatingadmissionpolicybindings-count": {
        "value": 49.99944445061722
      },
      "PATCH-virtualmachineinstances-count": {
        "value": 194.6867,
        "thresholdResult": {
          "thresholdValue": 222.22222222222223,
          "thresholdMetric": "CREATE-pods-count",
          "thresholdRatio": 1.7521803,
          "thresholdExceeded": false
        }
      },
      "PATCH-virtualmachines-count": {
        "value": 146.4883
      },
      "UPDATE-configmaps-count": {
        "value": 49.99944445061722
      },
      "UPDATE-leases-count": {
        "value": 298.8872222407405
      },
      "UPDATE-virtualmachineinstances-count": {
        "value": 888.8880329344917,
        "thresholdResult": {
          "thresholdValue": 1111.111111111111,
          "thresholdMetric": "CREATE-pods-count",
          "thresholdRatio": 7.999992296410425,
          "thresholdExceeded": false
        }
      },
      "UPDATE-virtualmachines-count": {
        "value": 1338.4381
      },
      "WATCH-cdiconfigs-count": {
        "value": 1.1111111111111112
      },
      "WATCH-cdis-count": {
        "value": 1.1111111111111112
      },
      "WATCH-clusterrolebindings-count": {
        "value": 2.222209876680383
      },
      "WATCH-clusterroles-count": {
        "value": 2.222209876680383
      },
      "WATCH-configmaps-count": {
        "value": 14.444358026322169
      },
      "WATCH-controllerrevisions-count": {
        "value": 1.1111111111111112
      },
      "WATCH-customresourcedefinitions-count": {
        "value": 11.111082304907782
      },
      "WATCH-daemonsets-count": {
        "value": 2.222209876680383
      },
      "WATCH-datasources-count": {
        "value": 2.2221893013869547
      },
      "WATCH-datavolumes-count": {
        "value": 1.1111111111111112
      },
      "WATCH-ingresses-count": {
        "value": 1.1111111111111112
      },
      "WATCH-jobs-count": {
        "value": 2.222209876680383
      },
      "WATCH-kubevirts-count": {
        "value": 8.8888724282274
      },
      "WATCH-leases-count": {
        "value": 2.222209876680383
      },