{
  "JobDirCreationTime": "2022-07-28T05:07:03.524Z",
  "VMIResult": {
    "Values": {
      "CREATE-events-count": {
        "value": 371.48563888888884
      },
      "CREATE-pods-count": {
        "value": 124.6511111111111
      },
      "GET-endpoints-count": {
        "value": 465.23098611111106
      },
      "GET-nodes-count": {
        "value": 26.757808333333337
      },
      "LIST-nodes-count": {
        "value": 5.555555555555555
      },
      "LIST-poddisruptionbudgets-count": {
        "value": 1.1111111111111112
      },
      "LIST-virtualmachineinstances-count": {
        "value": 1.1511916666666666
      },
      "PATCH-nodes-count": {
        "value": 8.919269444444446
      },
      "PATCH-pods-count": {
        "value": 126.05428888888889
      },
      "PATCH-services-count": {
        "value": 22.22222222222222
      },
      "PATCH-virtualmachineinstances-count": {
        "value": 125.6511111111111
      },
      "UPDATE-endpoints-count": {
        "value": 286.5318888888889
      },
      "UPDATE-kubevirts-count": {
        "value": 1.1111111111111112
      },
      "UPDATE-virtualmachineinstances-count": {
        "value": 1015.3405333333335
      },
      "none-none-count": {
        "value": 1.1511916666666666
      },
      "succeeded-phase-count": {
        "value": 21
      },
      "vmiCreationToRunningSecondsP50": {
        "value": 36.24283816297538
      },
      "vmiCreationToRunningSecondsP95": {
        "value": 58.145057860745354
      },
      "vmiCreationToRunningSecondsP99": {
        "value": 79.91912729363973
      }
    }
  },
  "VMResult": null
}
