{
  "JobDirCreationTime": "2025-05-05T08:19:40.586Z",
  "VMIResult": {
    "Values": {
      "CREATE-events-count": {
        "value": 154.24352222222223
      },
      "CREATE-pods-count": {
        "value": 123.3277777777778
      },
      "CREATE-virtualmachineclusterpreferences-count": {
        "value": 43.70452318256058
      },
      "GET-leases-count": {
        "value": 123.33525316398189
      },
      "GET-nodes-count": {
        "value": 28.35889006655068
      },
      "LIST-nodes-count": {
        "value": 5.141708609713009
      },
      "LIST-virtualmachineclusterinstancetypes-count": {
        "value": 5.141708609713009
      },
      "LIST-virtualmachineclusterpreferences-count": {
        "value": 5.141708609713009
      },
      "PATCH-nodes-count": {
        "value": 9.78223836660867
      },
      "PATCH-pods-count": {
        "value": 418.9144444444445
      },
      "PATCH-services-count": {
        "value": 20.566834438852037
      },
      "PATCH-validatingadmissionpolicies-count": {
        "value": 5.141708609713009
      },
      "PATCH-validatingadmissionpolicybindings-count": {
        "value": 5.141708609713009
      },
      "PATCH-virtualmachineinstances-count": {
        "value": 34.028499999999994,
        "thresholdResult": {
          "thresholdValue": 246.6555555555556,
          "thresholdMetric": "CREATE-pods-count",
          "thresholdRatio": 0.2759191855488985,
          "thresholdExceeded": true
        }
      },
      "UPDATE-kubevirts-count": {
        "value": 1.2854271524282523
      },
      "UPDATE-leases-count": {
        "value": 187.72056976545227
      },
      "UPDATE-virtualmachineinstances-count": {
        "value": 554.6750000000001,
        "thresholdResult": {
          "thresholdValue": 1233.277777777778,
          "thresholdMetric": "CREATE-pods-count",
          "thresholdRatio": 4.497567457993603,
          "thresholdExceeded": false
        }
      },
      "avgVirtAPICPUUsage": {
        "value": 0.010950288888888889
      },
      "avgVirtAPIMemoryUsageInMB": {
        "value": 139.527734375
      },
      "avgVirtControllerCPUUsage": {
        "value": 0.026165500622936506
      },
      "avgVirtControllerMemoryUsageInMB": {
        "value": 59.76649305555556
      },
      "avgVirtHandlerCPUUsage": {
        "value": 0.0007770874460298017
      },
      "avgVirtHandlerMemoryUsageInMB": {
        "value": 11.079546731291806
      },
      "maxVirtAPIMemoryUsageInMB": {
        "value": 158.93359375
      },
      "maxVirtControllerMemoryUsageInMB": {
        "value": 88.18359375
      },
      "maxVirtHandlerCPUUsage": {
        "value": 0.0008057578271611723
      },
      "maxVirtHandlerMemoryUsageInMB": {
        "value": 30.025420673076923
      },
      "minVirtAPIMemoryUsageInMB": {
        "value": 134.03125
      },
      "minVirtControllerMemoryUsageInMB": {
        "value": 0
      },
      "minVirtHandlerCPUUsage": {
        "value": 0.0007494376381544567
      },
      "minVirtHandlerMemoryUsageInMB": {
        "value": 3.801832932692308
      },
      "running-phase-count": {
        "value": 101
      },
      "vmiCreationToRunningSecondsP50": {
        "value": 18.692961192606386,
        "thresholdResult": {
          "thresholdValue": 45,
          "thresholdExceeded": false
        }
      },
      "vmiCreationToRunningSecondsP95": {
        "value": 28.823036482212377,
        "thresholdResult": {
          "thresholdValue": 60,
          "thresholdExceeded": false
        }
      },
      "vmiCreationToRunningSecondsP99": {
        "value": 29.764607296442477
      },
      "vmiDeletionToFailedSecondsP50": {
        "value": 0
      },
      "vmiDeletionToFailedSecondsP95": {
        "value": 0
      },
      "vmiDeletionToFailedSecondsP99": {
        "value": 0
      },
      "vmiDeletionToSucceededSecondsP50": {
        "value": 0
      },
      "vmiDeletionToSucceededSecondsP95": {
        "value": 0
      },
      "vmiDeletionToSucceededSecondsP99": {
        "value": 0
      }
    }
  },
  "VMResult": {
    "Values": {
      "CREATE-events-count": {
        "value": 858.8943706140026
      },
      "CREATE-pods-count": {
        "value": 111.11111111111111
      },
      "GET-leases-count": {
        "value": 192.22788510924104
      },
      "GET-nodes-count": {
        "value": 33.33367902770988
      },
      "PATCH-events-count": {
        "value": 4.6171
      },
      "PATCH-nodes-count": {
        "value": 13.333481488066136
      },
      "PATCH-pods-count": {
        "value": 382.22222222222223
      },
      "PATCH-virtualmachineinstances-count": {
        "value": 157.77777777777777,
        "thresholdResult": {
          "thresholdValue": 222.22222222222223,
          "thresholdMetric": "CREATE-pods-count",
          "thresholdRatio": 1.42,
          "thresholdExceeded": false
        }
      },
      "UPDATE-leases-count": {
        "value": 300.02166979674837
      },
      "UPDATE-virtualmachineinstances-count": {
        "value": 870.0040001777855,
        "thresholdResult": {
          "thresholdValue": 1111.111111111111,
          "thresholdMetric": "CREATE-pods-count",
          "thresholdRatio": 7.83003600160007,
          "thresholdExceeded": false
        }
      },
      "WATCH-cdis-count": {
        "value": 1.1111111111111112
      },
      "WATCH-clusterrolebindings-count": {
        "value": 1.1112716281240622
      },
      "WATCH-clusterroles-count": {
        "value": 2.222382739235173
      },
      "WATCH-configmaps-count": {
        "value": 11.111321013034997
      },
      "WATCH-controllerrevisions-count": {
        "value": 1.1111111111111112
      },
      "WATCH-customresourcedefinitions-count": {
        "value": 12.222637912931877
      },
      "WATCH-daemonsets-count": {
        "value": 1.1111111111111112
      },
      "WATCH-datasources-count": {
        "value": 1.1111111111111112
      },
      "WATCH-datavolumes-count": {
        "value": 1.1111111111111112
      },
      "WATCH-deployments-count": {
        "value": 2.222382739235173
      },
      "WATCH-ingresses-count": {
        "value": 1.1111111111111112
      },
      "WATCH-jobs-count": {
        "value": 1.1111111111111112
      },
      "WATCH-kubevirts-count": {
        "value": 10.000094656683753
      },
      "WATCH-migrationpolicies-count": {
        "value": 1.1111111111111112
      },
      "WATCH-mutatingwebhookconfigurations-count": {
        "value": 2.222382739235173
      },
      "WATCH-namespaces-count": {
        "value": 5.555695496817851
      },
      "WATCH-nodes-count": {
        "value": 1.1111111111111112
      },
      "WATCH-persistentvolumeclaims-count": {
        "value": 1.1111111111111112
      },
      "WATCH-poddisruptionbudgets-count": {
        "value": 1.1111111111111112
      },
      "WATCH-pods-count": {
        "value": 3.3333333333333335
      },
      "WATCH-prometheusrules-count": {
        "value": 2.222382739235173
      },
      "WATCH-rolebindings-count": {
        "value": 2.222382739235173
      },
      "WATCH-roles-count": {
        "value": 1.1112716281240622
      },
      "WATCH-secrets-count": {
        "value": 1.1111111111111112
      },
      "WATCH-serviceaccounts-count": {
        "value": 2.222382739235173
      },
      "WATCH-servicemonitors-count": {
        "value": 1.1111111111111112
      },
      "WATCH-services-count": {
        "value": 2.222382739235173
      },
      "WATCH-storageclasses-count": {
        "value": 1.1111111111111112
      },
      "WATCH-storageprofiles-count": {
        "value": 1.1111111111111112
      },
      "WATCH-validatingadmissionpolicies-count": {
        "value": 2.222382739235173
      },
      "WATCH-validatingadmissionpolicybindings-count": {
        "value": 2.222382739235173
      },
      "WATCH-validatingwebhookconfigurations-count": {
        "value": 2.222382739235173
      },