{
  "JobDirCreationTime": "2024-08-07T05:08:16.183Z",
  "VMIResult": {
    "Values": {
      "CREATE-events-count": {
        "value": 506.50187500000004
      },
      "CREATE-pods-count": {
        "value": 125.7075
      },
      "GET-leases-count": {
        "value": 184.44444444444446
      },
      "GET-nodes-count": {
        "value": 20
      },
      "LIST-configmaps-count": {
        "value": 4.444444444444445
      },
      "LIST-customresourcedefinitions-count": {
        "value": 4.444444444444445
      },
      "LIST-deployments-count": {
        "value": 2.2222222222222223
      },
      "LIST-jobs-count": {
        "value": 1.1111111111111112
      },
      "LIST-mutatingwebhookconfigurations-count": {
        "value": 1.1111111111111112
      },
      "LIST-nodes-count": {
        "value": 1.1111111111111112
      },
      "LIST-poddisruptionbudgets-count": {
        "value": 2.2222222222222223
      },
      "LIST-prometheusrules-count": {
        "value": 1.1111111111111112
      },
      "LIST-resourcequotas-count": {
        "value": 1.1111111111111112
      },
      "LIST-rolebindings-count": {
        "value": 1.1111111111111112
      },
      "LIST-roles-count": {
        "value": 1.1111111111111112
      },
      "LIST-secrets-count": {
        "value": 1.1111111111111112
      },
      "LIST-securitycontextconstraints-count": {
        "value": 2.2222222222222223
      },
      "LIST-servicemonitors-count": {
        "value": 2.2222222222222223
      },
      "LIST-services-count": {
        "value": 1.1111111111111112
      },
      "LIST-validatingwebhookconfigurations-count": {
        "value": 2.2222222222222223
      },
      "LIST-virtualmachineclusterinstancetypes-count": {
        "value": 1.1111111111111112
      },
      "LIST-virtualmachineinstances-count": {
        "value": 1.1111111111111112
      },
      "LIST-virtualmachinerestores-count": {
        "value": 1.1111111111111112
      },
      "LIST-volumesnapshotclasses-count": {
        "value": 1.1111111111111112
      },
      "PATCH-nodes-count": {
        "value": 8.88888888888889
      },
      "PATCH-pods-count": {
        "value": 251.66207499999996
      },
      "PATCH-virtualmachineinstances-count": {
        "value": 129.62560000000002
      },
      "UPDATE-leases-count": {
        "value": 298.8888888888889
      },
      "UPDATE-virtualmachineinstances-count": {
        "value": 1134.9675333333337
      },
      "avgVirtAPICPUUsage": {
        "value": 0.04606744546111111
      },
      "avgVirtAPIMemoryUsageInMB": {
        "value": 166.59921875
      },
      "avgVirtControllerCPUUsage": {
        "value": 0.03564970145
      },
      "avgVirtControllerMemoryUsageInMB": {
        "value": 101.06328125
      },
      "maxVirtAPIMemoryUsageInMB": {
        "value": 190.26171875
      },
      "maxVirtControllerMemoryUsageInMB": {
        "value": 129.5078125
      },
      "minVirtAPIMemoryUsageInMB": {
        "value": 150.3359375
      },
      "minVirtControllerMemoryUsageInMB": {
        "value": 86.05859375
      },
      "succeeded-phase-count": {
        "value": 1
      },
      "vmiCreationToRunningSecondsP50": {
        "value": 43.55887498711509
      },
      "vmiCreationToRunningSecondsP95": {
        "value": 49.60588749871151
      },
      "vmiCreationToRunningSecondsP99": {
        "value": 55.16238999072289
      },
      "vmiDeletionToFailedSecondsP50": {
        "value": 0
      },
      "vmiDeletionToFailedSecondsP95": {
        "value": 0
      },
      "vmiDeletionToFailedSecondsP99": {
        "value": 0
      },
      "vmiDeletionToSucceededSecondsP50": {
        "value": 0
      },
      "vmiDeletionToSucceededSecondsP95": {
        "value": 0
      },
      "vmiDeletionToSucceededSecondsP99": {
        "value": 0
      }
    }
  },
  "VMResult": null
}
