{
  "JobDirCreationTime": "2023-06-28T05:01:06.147Z",
  "VMIResult": {
    "Values": {
      "CREATE-events-count": {
        "value": 568.4712111111112
      },
      "CREATE-pods-count": {
        "value": 114.22666666666667
      },
      "DELETE-pods-count": {
        "value": 89.22666666666667
      },
      "GET-endpoints-count": {
        "value": 482.2222222222223
      },
      "GET-leases-count": {
        "value": 780
      },
      "GET-nodes-count": {
        "value": 7.777777777777778
      },
      "LIST-clusterrolebindings-count": {
        "value": 2.2222222222222223
      },
      "LIST-configmaps-count": {
        "value": 3.3333333333333335
      },
      "LIST-customresourcedefinitions-count": {
        "value": 7.777777777777777
      },
      "LIST-daemonsets-count": {
        "value": 1.1111111111111112
      },
      "LIST-jobs-count": {
        "value": 2.2222222222222223
      },
      "LIST-kubevirts-count": {
        "value": 3.3333333333333335
      },
      "LIST-migrationpolicies-count": {
        "value": 1.1111111111111112
      },
      "LIST-mutatingwebhookconfigurations-count": {
        "value": 2.2222222222222223
      },
      "LIST-namespaces-count": {
        "value": 2.2222222222222223
      },
      "LIST-nodes-count": {
        "value": 1.1111111111111112
      },
      "LIST-poddisruptionbudgets-count": {
        "value": 2.2222222222222223
      },
      "LIST-pods-count": {
        "value": 2.2222222222222223
      },
      "LIST-prometheusrules-count": {
        "value": 2.2222222222222223
      },
      "LIST-resourcequotas-count": {
        "value": 1.1111111111111112
      },
      "LIST-routes-count": {
        "value": 1.1111111111111112
      },
      "LIST-secrets-count": {
        "value": 1.1111111111111112
      },
      "LIST-securitycontextconstraints-count": {
        "value": 1.1111111111111112
      },
      "LIST-serviceaccounts-count": {
        "value": 1.1111111111111112
      },
      "LIST-services-count": {
        "value": 1.1111111111111112
      },
      "LIST-virtualmachineinstances-count": {
        "value": 2.2222222222222223
      },
      "LIST-virtualmachines-count": {
        "value": 1.1111111111111112
      },
      "LIST-virtualmachinesnapshotcontents-count": {
        "value": 1.1111111111111112
      },
      "LIST-volumesnapshots-count": {
        "value": 1.1111111111111112
      },
      "PATCH-events-count": {
        "value": 18.794
      },
      "PATCH-nodes-count": {
        "value": 7.777777777777778
      },
      "PATCH-pods-count": {
        "value": 228.45333333333335
      },
      "PATCH-services-count": {
        "value": 4.444444444444445
      },
      "PATCH-virtualmachineinstances-count": {
        "value": 207.86222222222221
      },
      "UPDATE-endpoints-count": {
        "value": 297.77777777777777
      },
      "UPDATE-leases-count": {
        "value": 297.77777777777777
      },
      "UPDATE-virtualmachineinstances-count": {
        "value": 1049.1028416666668
      },
      "vmiCreationToRunningSecondsP50": {
        "value": 43.966411707519526
      },
      "vmiCreationToRunningSecondsP95": {
        "value": 54.95749584403807
      },
      "vmiCreationToRunningSecondsP99": {
        "value": 58.991499168807614
      },
      "vmiDeletionToFailedSecondsP50": {
        "value": 0
      },
      "vmiDeletionToFailedSecondsP95": {
        "value": 0
      },
      "vmiDeletionToFailedSecondsP99": {
        "value": 0
      },
      "vmiDeletionToSucceededSecondsP50": {
        "value": 0.7295208344721367
      },
      "vmiDeletionToSucceededSecondsP95": {
        "value": 0.9921010196174265
      },
      "vmiDeletionToSucceededSecondsP99": {
        "value": 1.7257495844038098
      }
    }
  },
  "VMResult": null
}
