{
  "JobDirCreationTime": "2025-10-16T08:24:50.885Z",
  "VMIResult": {
    "Values": {
      "CREATE-deployments-count": {
        "value": 1.103825
      },
      "CREATE-events-count": {
        "value": 151.15749365079364
      },
      "CREATE-poddisruptionbudgets-count": {
        "value": 1.103825
      },
      "CREATE-pods-count": {
        "value": 107.98083333333332
      },
      "CREATE-virtualmachineclusterpreferences-count": {
        "value": 34.153000000000006
      },
      "GET-leases-count": {
        "value": 154.51267471438211
      },
      "GET-nodes-count": {
        "value": 28.82955714285714
      },
      "LIST-nodes-count": {
        "value": 43.049175000000005
      },
      "LIST-virtualmachineclusterinstancetypes-count": {
        "value": 33.464085714285716
      },
      "LIST-virtualmachineclusterpreferences-count": {
        "value": 33.464085714285716
      },
      "PATCH-nodes-count": {
        "value": 9.24093492063492
      },
      "PATCH-pods-count": {
        "value": 218.10128333333333
      },
      "PATCH-services-count": {
        "value": 172.19670000000002
      },
      "PATCH-validatingadmissionpolicies-count": {
        "value": 43.049175000000005
      },
      "PATCH-validatingadmissionpolicybindings-count": {
        "value": 43.049175000000005
      },
      "PATCH-virtualmachineinstances-count": {
        "value": 110.30777777777779,
        "thresholdResult": {
          "thresholdValue": 215.96166666666664,
          "thresholdMetric": "CREATE-pods-count",
          "thresholdRatio": 1.0215496062830083,
          "thresholdExceeded": false
        }
      },
      "UPDATE-configmaps-count": {
        "value": 43.049175000000005
      },
      "UPDATE-kubevirts-count": {
        "value": 2.20765
      },
      "UPDATE-leases-count": {
        "value": 246.50378452380954
      },
      "UPDATE-virtualmachineinstances-count": {
        "value": 771.9577915166517,
        "thresholdResult": {
          "thresholdValue": 1079.8083333333332,
          "thresholdMetric": "CREATE-pods-count",
          "thresholdRatio": 7.149026060334644,
          "thresholdExceeded": false
        }
      },
      "WATCH-jobs-count": {
        "value": 1.103825
      },
      "WATCH-secrets-count": {
        "value": 1.1021240093997648
      },
      "WATCH-serviceaccounts-count": {
        "value": 1.1021240093997648
      },
      "WATCH-validatingwebhookconfigurations-count": {
        "value": 1.1021240093997648
      },
      "avgVirtAPICPUUsage": {
        "value": 0.013246012962962964
      },
      "avgVirtAPIMemoryUsageInMB": {
        "value": 143.57382812499998
      },
      "avgVirtControllerCPUUsage": {
        "value": 0.030008567948666662
      },
      "avgVirtControllerMemoryUsageInMB": {
        "value": 62.66102430555556
      },
      "avgVirtHandlerCPUUsage": {
        "value": 0.0011767719850075246
      },
      "avgVirtHandlerMemoryUsageInMB": {
        "value": 13.531149783150518
      },
      "maxVirtAPIMemoryUsageInMB": {
        "value": 165.169921875
      },
      "maxVirtControllerMemoryUsageInMB": {
        "value": 88.12890625
      },
      "maxVirtHandlerCPUUsage": {
        "value": 0.0012329194251314286
      },
      "maxVirtHandlerMemoryUsageInMB": {
        "value": 32.07533637152778
      },
      "minVirtAPIMemoryUsageInMB": {
        "value": 135.23828125
      },
      "minVirtControllerMemoryUsageInMB": {
        "value": 42.94140625
      },
      "minVirtHandlerCPUUsage": {
        "value": 0.0011260301197575757
      },
      "minVirtHandlerMemoryUsageInMB": {
        "value": 5.612300166377315
      },
      "none-none-count": {
        "value": 1.1113190476190478
      },
      "running-phase-count": {
        "value": 101
      },
      "vmiCreationToRunningSecondsP50": {
        "value": 24.21991654961798,
        "thresholdResult": {
          "thresholdValue": 45,
          "thresholdExceeded": false
        }
      },
      "vmiCreationToRunningSecondsP95": {
        "value": 31.590429334769976,
        "thresholdResult": {
          "thresholdValue": 60,
          "thresholdExceeded": false
        }
      },
      "vmiCreationToRunningSecondsP99": {
        "value": 38.31808586695399
      },
      "vmiDeletionToFailedSecondsP50": {
        "value": 0
      },
      "vmiDeletionToFailedSecondsP95": {
        "value": 0
      },
      "vmiDeletionToFailedSecondsP99": {
        "value": 0
      },
      "vmiDeletionToSucceededSecondsP50": {
        "value": 0
      },
      "vmiDeletionToSucceededSecondsP95": {
        "value": 0
      },
      "vmiDeletionToSucceededSecondsP99": {
        "value": 0
      }
    }
  },
  "VMResult": null
}
