{
  "JobDirCreationTime": "2023-03-05T04:59:28.712Z",
  "VMIResult": {
    "Values": {
      "CREATE-events-count": {
        "value": 520.9601972222222
      },
      "CREATE-pods-count": {
        "value": 102.83416666666668
      },
      "DELETE-pods-count": {
        "value": 102.83416666666668
      },
      "GET-endpoints-count": {
        "value": 428.48873690476194
      },
      "GET-nodes-count": {
        "value": 13.368953571428573
      },
      "LIST-nodes-count": {
        "value": 3.3585875
      },
      "PATCH-nodes-count": {
        "value": 6.735520238095239
      },
      "PATCH-pods-count": {
        "value": 205.66833333333335
      },
      "PATCH-services-count": {
        "value": 13.43435
      },
      "PATCH-virtualmachineinstances-count": {
        "value": 205.66833333333335
      },
      "UPDATE-endpoints-count": {
        "value": 266.43482916666665
      },
      "UPDATE-kubevirts-count": {
        "value": 1.1195291666666667
      },
      "UPDATE-virtualmachineinstances-count": {
        "value": 1003.5117166666668
      },
      "none-none-count": {
        "value": 1.1025708333333335
      },
      "vmiCreationToRunningSecondsP50": {
        "value": 43.73531717147066
      },
      "vmiCreationToRunningSecondsP95": {
        "value": 49.48745576777998
      },
      "vmiCreationToRunningSecondsP99": {
        "value": 49.99875697634081
      },
      "vmiDeletionToFailedSecondsP50": {
        "value": 0
      },
      "vmiDeletionToFailedSecondsP95": {
        "value": 0
      },
      "vmiDeletionToFailedSecondsP99": {
        "value": 0
      },
      "vmiDeletionToSucceededSecondsP50": {
        "value": 0.734032087529604
      },
      "vmiDeletionToSucceededSecondsP95": {
        "value": 1.4938625706827273
      },
      "vmiDeletionToSucceededSecondsP99": {
        "value": 1.9987725141365456
      }
    }
  },
  "VMResult": null
}
