{
  "JobDirCreationTime": "2025-04-26T00:18:26.036Z",
  "VMIResult": {
    "Values": {
      "CREATE-deployments-count": {
        "value": 1.0632291666666667
      },
      "CREATE-events-count": {
        "value": 143.3022888888889
      },
      "CREATE-poddisruptionbudgets-count": {
        "value": 1.0632291666666667
      },
      "CREATE-pods-count": {
        "value": 132.6577777777778
      },
      "CREATE-virtualmachineclusterinstancetypes-count": {
        "value": 6.505833333333333
      },
      "GET-leases-count": {
        "value": 147.89026190476193
      },
      "GET-nodes-count": {
        "value": 32.87742222222222
      },
      "LIST-nodes-count": {
        "value": 9.5690625
      },
      "LIST-virtualmachineclusterinstancetypes-count": {
        "value": 5.361309523809524
      },
      "LIST-virtualmachineclusterpreferences-count": {
        "value": 5.316145833333334
      },
      "PATCH-nodes-count": {
        "value": 7.071455555555556
      },
      "PATCH-pods-count": {
        "value": 381.85782222222224
      },
      "PATCH-services-count": {
        "value": 38.27625
      },
      "PATCH-validatingadmissionpolicies-count": {
        "value": 9.5690625
      },
      "PATCH-validatingadmissionpolicybindings-count": {
        "value": 9.5690625
      },
      "PATCH-virtualmachineinstances-count": {
        "value": 12.798933333333334,
        "thresholdResult": {
          "thresholdValue": 265.3155555555556,
          "thresholdMetric": "CREATE-pods-count",
          "thresholdRatio": 0.09648083623693379,
          "thresholdExceeded": true
        }
      },
      "UPDATE-kubevirts-count": {
        "value": 2.1264583333333333
      },
      "UPDATE-leases-count": {
        "value": 239.33350000000002
      },
      "UPDATE-virtualmachineinstances-count": {
        "value": 617.0486222222222,
        "thresholdResult": {
          "thresholdValue": 1326.577777777778,
          "thresholdMetric": "CREATE-pods-count",
          "thresholdRatio": 4.651431921736799,
          "thresholdExceeded": false
        }
      },
      "avgVirtAPICPUUsage": {
        "value": 0.008850682867486111
      },
      "avgVirtAPIMemoryUsageInMB": {
        "value": 140.41775173611111
      },
      "avgVirtControllerCPUUsage": {
        "value": 0.02401762850403175
      },
      "avgVirtControllerMemoryUsageInMB": {
        "value": 64.291015625
      },
      "avgVirtHandlerCPUUsage": {
        "value": 0.0007077176857499772
      },
      "avgVirtHandlerMemoryUsageInMB": {
        "value": 13.174144080089546
      },
      "maxVirtAPIMemoryUsageInMB": {
        "value": 157.41015625
      },
      "maxVirtControllerMemoryUsageInMB": {
        "value": 86.046875
      },
      "maxVirtHandlerCPUUsage": {
        "value": 0.0007677669084279837
      },
      "maxVirtHandlerMemoryUsageInMB": {
        "value": 35.67783717105263
      },
      "minVirtAPIMemoryUsageInMB": {
        "value": 133.79296875
      },
      "minVirtControllerMemoryUsageInMB": {
        "value": 52.03125
      },
      "minVirtHandlerCPUUsage": {
        "value": 0.0006423243053802623
      },
      "minVirtHandlerMemoryUsageInMB": {
        "value": 3.8094618055555554
      },
      "none-none-count": {
        "value": 1.1205904761904764
      },
      "running-phase-count": {
        "value": 101
      },
      "vmiCreationToRunningSecondsP50": {
        "value": 15.423767120191656,
        "thresholdResult": {
          "thresholdValue": 45,
          "thresholdExceeded": false
        }
      },
      "vmiCreationToRunningSecondsP95": {
        "value": 23.600533333333328,
        "thresholdResult": {
          "thresholdValue": 60,
          "thresholdExceeded": false
        }
      },
      "vmiCreationToRunningSecondsP99": {
        "value": 28.72010666666667
      },
      "vmiDeletionToFailedSecondsP50": {
        "value": 0
      },
      "vmiDeletionToFailedSecondsP95": {
        "value": 0
      },
      "vmiDeletionToFailedSecondsP99": {
        "value": 0
      },
      "vmiDeletionToSucceededSecondsP50": {
        "value": 0
      },
      "vmiDeletionToSucceededSecondsP95": {
        "value": 0
      },
      "vmiDeletionToSucceededSecondsP99": {
        "value": 0
      }
    }
  },
  "VMResult": {
    "Values": {
      "CREATE-events-count": {
        "value": 855.5555555555557
      },
      "CREATE-pods-count": {
        "value": 111.11111111111111
      },
      "GET-leases-count": {
        "value": 185.55555555555557
      },
      "GET-nodes-count": {
        "value": 25.555555555555557
      },
      "PATCH-nodes-count": {
        "value": 11.11111111111111
      },
      "PATCH-pods-count": {
        "value": 340
      },
      "PATCH-virtualmachineinstances-count": {
        "value": 128.88888888888889,
        "thresholdResult": {
          "thresholdValue": 222.22222222222223,
          "thresholdMetric": "CREATE-pods-count",
          "thresholdRatio": 1.16,
          "thresholdExceeded": false
        }
      },
      "UPDATE-leases-count": {
        "value": 297.77777777777777
      },
      "UPDATE-virtualmachineinstances-count": {
        "value": 845.5555555555557,
        "thresholdResult": {
          "thresholdValue": 1111.111111111111,
          "thresholdMetric": "CREATE-pods-count",
          "thresholdRatio": 7.61,
          "thresholdExceeded": false
        }
      },
      "WATCH-cdiconfigs-count": {
        "value": 1.1111111111111112
      },
      "WATCH-cdis-count": {
        "value": 1.1111111111111112
      },
      "WATCH-clusterroles-count": {
        "value": 2.2222222222222223
      },
      "WATCH-configmaps-count": {
        "value": 14.444419753360766
      },
      "WATCH-controllerrevisions-count": {
        "value": 1.1111111111111112
      },
      "WATCH-customresourcedefinitions-count": {
        "value": 12.222209876680381
      },
      "WATCH-datasources-count": {
        "value": 3.333320987791494
      },
      "WATCH-datavolumes-count": {
        "value": 1.1111111111111112
      },
      "WATCH-deployments-count": {
        "value": 2.2222222222222223
      },
      "WATCH-ingresses-count": {
        "value": 1.1111111111111112
      },
      "WATCH-jobs-count": {
        "value": 1.1111111111111112
      },
      "WATCH-kubevirts-count": {
        "value": 8.888888888888888
      },
      "WATCH-migrationpolicies-count": {
        "value": 1.1111111111111112
      },
      "WATCH-mutatingwebhookconfigurations-count": {
        "value": 2.2222222222222223
      },
      "WATCH-namespaces-count": {
        "value": 5.555543210013717
      },
      "WATCH-nodes-count": {
        "value": 1.1111111111111112
      },
      "WATCH-persistentvolumeclaims-count": {
        "value": 1.1111111111111112
      },
      "WATCH-poddisruptionbudgets-count": {
        "value": 2.2222222222222223
      },
      "WATCH-pods-count": {
        "value": 4.444444444444445
      },
      "WATCH-prometheusrules-count": {
        "value": 2.2222222222222223
      },
      "WATCH-resourcequotas-count": {
        "value": 1.1111111111111112
      },
      "WATCH-rolebindings-count": {
        "value": 2.2222222222222223
      },
      "WATCH-roles-count": {
        "value": 1.1111111111111112
      },
      "WATCH-secrets-count": {
        "value": 2.2222222222222223
      },
      "WATCH-serviceaccounts-count": {
        "value": 1.1111111111111112
      },
      "WATCH-servicemonitors-count": {
        "value": 1.1111111111111112
      },
      "WATCH-services-count": {
        "value": 1.1111111111111112
      },
      "WATCH-storageclasses-count": {
        "value": 1.1111111111111112
      },
      "WATCH-storageprofiles-count": {
        "value": 1.1111111111111112
      },
      "WATCH-validatingadmissionpolicies-count": {
        "value": 1.1111111111111112
      },
      "WATCH-validatingadmissionpolicybindings-count": {
        "value": 1.1111111111111112
      },