{
  "JobDirCreationTime": "2026-06-10T23:07:32.24Z",
  "VMIResult": {
    "Values": {
      "CREATE-events-count": {
        "value": 16014.319225925925
      },
      "CREATE-pods-count": {
        "value": 8006.659259259259
      },
      "DELETE-pods-count": {
        "value": 5914.558922270317
      },
      "GET-leases-count": {
        "value": 2211.405968169761
      },
      "GET-mutatingwebhookconfigurations-count": {
        "value": 586.9858230890402
      },
      "LIST-virtualmachineclusterinstancetypes-count": {
        "value": 586.9858230890402
      },
      "LIST-virtualmachineclusterpreferences-count": {
        "value": 586.9858230890402
      },
      "PATCH-nodes-count": {
        "value": 54.83788376044503
      },
      "PATCH-pods-count": {
        "value": 17311.23531851852
      },
      "PATCH-services-count": {
        "value": 2347.943292356161
      },
      "PATCH-validatingadmissionpolicies-count": {
        "value": 1760.9574692671206
      },
      "PATCH-validatingadmissionpolicybindings-count": {
        "value": 1760.9574692671206
      },
      "PATCH-virtualmachineinstances-count": {
        "value": 14510.167905459874,
        "thresholdResult": {
          "thresholdValue": 16013.318518518518,
          "thresholdMetric": "CREATE-pods-count",
          "thresholdRatio": 1.8122624474970215,
          "thresholdExceeded": false
        }
      },
      "UPDATE-configmaps-count": {
        "value": 586.9858230890402
      },
      "UPDATE-leases-count": {
        "value": 3521.916443626095
      },
      "UPDATE-virtualmachineinstances-count": {
        "value": 26629.87998678629,
        "thresholdResult": {
          "thresholdValue": 80066.59259259258,
          "thresholdMetric": "CREATE-pods-count",
          "thresholdRatio": 3.3259664392474684,
          "thresholdExceeded": false
        }
      },
      "WATCH-cdiconfigs-count": {
        "value": 8.054700854700855
      },
      "WATCH-cdis-count": {
        "value": 8.054700854700855
      },
      "WATCH-clusterrolebindings-count": {
        "value": 16.10939396450366
      },
      "WATCH-clusterroles-count": {
        "value": 16.10939482504789
      },
      "WATCH-configmaps-count": {
        "value": 108.80785575531019
      },
      "WATCH-controllerrevisions-count": {
        "value": 7.047863247863248
      },
      "WATCH-customresourcedefinitions-count": {
        "value": 70.60011599151738
      },
      "WATCH-daemonsets-count": {
        "value": 17.116232431885496
      },
      "WATCH-datasources-count": {
        "value": 21.143579417101183
      },
      "WATCH-datavolumes-count": {
        "value": 8.054700854700855
      },
      "WATCH-deployments-count": {
        "value": 16.10939482504789
      },
      "WATCH-ingresses-count": {
        "value": 8.054700854700855
      },
      "WATCH-jobs-count": {
        "value": 16.10939482504789
      },
      "WATCH-kubevirts-count": {
        "value": 56.513076301528926
      },
      "WATCH-leases-count": {
        "value": 16.10939482504789
      },
      "WATCH-migrationpolicies-count": {
        "value": 8.054700854700855
      },
      "WATCH-mutatingwebhookconfigurations-count": {
        "value": 16.10939482504789
      },
      "WATCH-namespaces-count": {
        "value": 38.259812709530905
      },
      "WATCH-nodes-count": {
        "value": 17.19434814810836
      },
      "WATCH-persistentvolumeclaims-count": {
        "value": 8.054700854700855
      },
      "WATCH-plugins-count": {
        "value": 7.108614561539171
      },
      "WATCH-poddisruptionbudgets-count": {
        "value": 22.1504196055293
      },
      "WATCH-pods-count": {
        "value": 34.23247088758058
      },
      "WATCH-prometheusrules-count": {
        "value": 15.10255807875451
      },
      "WATCH-resourcequotas-count": {
        "value": 8.054700854700855
      },
      "WATCH-rolebindings-count": {
        "value": 16.10939482504789
      },
      "WATCH-roles-count": {
        "value": 16.10939396450366
      },
      "WATCH-secrets-count": {
        "value": 24.164095679748744
      },
      "WATCH-serviceaccounts-count": {
        "value": 14.095720471916904
      },
      "WATCH-servicemonitors-count": {
        "value": 16.10939482504789
      },
      "WATCH-services-count": {
        "value": 24.164095679748744
      },
      "WATCH-storageclasses-count": {
        "value": 8.054700854700855
      },
      "WATCH-storageprofiles-count": {
        "value": 8.054700854700855
      },
      "WATCH-validatingadmissionpolicies-count": {
        "value": 16.10939482504789
      },
      "WATCH-validatingadmissionpolicybindings-count": {
        "value": 16.10939482504789
      },
      "WATCH-validatingwebhookconfigurations-count": {
        "value": 15.10255807875451
      },
      "WATCH-virtualmachinebackups-count": {
        "value": 26.1777697460784
      },
      "WATCH-virtualmachinebackuptrackers-count": {
        "value": 14.156477809402418
      },
      "WATCH-virtualmachineclones-count": {
        "value": 7.047863247863248
      },
      "WATCH-virtualmachineclusterinstancetypes-count": {
        "value": 22.15042132661776
      },
      "WATCH-virtualmachineclusterpreferences-count": {
        "value": 23.157258933455367
      },
      "WATCH-virtualmachineexports-count": {
        "value": 8.054700854700855
      },
      "WATCH-virtualmachineinstancemigrations-count": {
        "value": 8.054700854700855
      },
      "WATCH-virtualmachineinstancepresets-count": {
        "value": 16.10939253030774
      },
      "WATCH-virtualmachineinstancereplicasets-count": {
        "value": 7.047863247863248
      },
      "WATCH-virtualmachineinstances-count": {
        "value": 30.404739664349094
      },
      "WATCH-virtualmachineinstancetypes-count": {
        "value": 9.061538461538461
      },
      "WATCH-virtualmachinepools-count": {
        "value": 8.054700854700855
      },
      "WATCH-virtualmachinepreferences-count": {
        "value": 7.047863247863248
      },
      "WATCH-virtualmachinerestores-count": {
        "value": 24.164092237614003
      },
      "WATCH-virtualmachines-count": {
        "value": 8.054700854700855
      },
      "WATCH-virtualmachinesnapshotcontents-count": {
        "value": 8.054700854700855
      },
      "WATCH-virtualmachinesnapshots-count": {
        "value": 8.054700854700855
      },
      "avgVirtAPICPUUsage": {
        "value": 0.03197577079772079
      },
      "avgVirtAPIMemoryUsageInMB": {
        "value": 176.0962824417373
      },
      "avgVirtControllerCPUUsage": {
        "value": 0.30206528717948716
      },
      "avgVirtControllerMemoryUsageInMB": {
        "value": 1266.9450145656779
      },
      "maxVirtAPIMemoryUsageInMB": {
        "value": 178.734375
      },
      "maxVirtControllerMemoryUsageInMB": {
        "value": 1988.17578125
      },
      "minVirtAPIMemoryUsageInMB": {
        "value": 151.900390625
      },
      "minVirtControllerMemoryUsageInMB": {
        "value": 463.9765625
      },
      "virtControllerWorkqueueAddRate": {
        "value": 230.9954369664972
      },
      "virtControllerWorkqueueDepth": {
        "value": 0.07560522857322519
      },
      "virtControllerWorkqueueP99Latency": {
        "value": 0.4723732717115414
      },
      "vmiCreationToRunningSecondsP50": {
        "value": 0.6712461931751248,
        "thresholdResult": {
          "thresholdValue": 45,
          "thresholdExceeded": false
        }
      },
      "vmiCreationToRunningSecondsP95": {
        "value": 1.7808245049300486,
        "thresholdResult": {
          "thresholdValue": 60,
          "thresholdExceeded": false
        }
      },
      "vmiCreationToRunningSecondsP99": {
        "value": 1.9579357926583143
      },
      "vmiDeletionToFailedSecondsP50": {
        "value": 0
      },
      "vmiDeletionToFailedSecondsP95": {
        "value": 0
      },