{
  "JobDirCreationTime": "2025-09-09T16:19:42.675Z",
  "VMIResult": {
    "Values": {
      "CREATE-deployments-count": {
        "value": 1.1839523809523809
      },
      "CREATE-events-count": {
        "value": 140.68924486285118
      },
      "CREATE-poddisruptionbudgets-count": {
        "value": 1.1839523809523809
      },
      "CREATE-pods-count": {
        "value": 107.49483762905928
      },
      "CREATE-virtualmachineclusterpreferences-count": {
        "value": 33.9534
      },
      "GET-leases-count": {
        "value": 145.4464095238095
      },
      "GET-nodes-count": {
        "value": 25.198589962958287
      },
      "LIST-nodes-count": {
        "value": 44.99019047619047
      },
      "LIST-virtualmachineclusterinstancetypes-count": {
        "value": 34.93833333333333
      },
      "LIST-virtualmachineclusterpreferences-count": {
        "value": 34.37571428571429
      },
      "PATCH-nodes-count": {
        "value": 6.803272278305943
      },
      "PATCH-pods-count": {
        "value": 214.98967525811855
      },
      "PATCH-services-count": {
        "value": 179.96076190476188
      },
      "PATCH-validatingadmissionpolicies-count": {
        "value": 44.99019047619047
      },
      "PATCH-validatingadmissionpolicybindings-count": {
        "value": 44.99019047619047
      },
      "PATCH-virtualmachineinstances-count": {
        "value": 90.1009633012233,
        "thresholdResult": {
          "thresholdValue": 214.98967525811855,
          "thresholdMetric": "CREATE-pods-count",
          "thresholdRatio": 0.8381887473716798,
          "thresholdExceeded": false
        }
      },
      "UPDATE-configmaps-count": {
        "value": 44.99019047619047
      },
      "UPDATE-kubevirts-count": {
        "value": 2.3679047619047617
      },
      "UPDATE-leases-count": {
        "value": 239.02799194841435
      },
      "UPDATE-virtualmachineinstances-count": {
        "value": 645.3767060717926,
        "thresholdResult": {
          "thresholdValue": 1074.9483762905927,
          "thresholdMetric": "CREATE-pods-count",
          "thresholdRatio": 6.00379255698626,
          "thresholdExceeded": false
        }
      },
      "avgVirtAPICPUUsage": {
        "value": 0.010560146552603174
      },
      "avgVirtAPIMemoryUsageInMB": {
        "value": 131.380859375
      },
      "avgVirtControllerCPUUsage": {
        "value": 0.027346314716444445
      },
      "avgVirtControllerMemoryUsageInMB": {
        "value": 61.77294921875
      },
      "avgVirtHandlerCPUUsage": {
        "value": 0.0009159529468019775
      },
      "avgVirtHandlerMemoryUsageInMB": {
        "value": 23.360549975198413
      },
      "maxVirtAPIMemoryUsageInMB": {
        "value": 162.728515625
      },
      "maxVirtControllerMemoryUsageInMB": {
        "value": 86.21875
      },
      "maxVirtHandlerCPUUsage": {
        "value": 0.0009663291963278388
      },
      "maxVirtHandlerMemoryUsageInMB": {
        "value": 34.98521205357143
      },
      "minVirtAPIMemoryUsageInMB": {
        "value": 59.869140625
      },
      "minVirtControllerMemoryUsageInMB": {
        "value": 48.0703125
      },
      "minVirtHandlerCPUUsage": {
        "value": 0.0008843225388924163
      },
      "minVirtHandlerMemoryUsageInMB": {
        "value": 12.656640625
      },
      "none-none-count": {
        "value": 2.2110661364701594
      },
      "running-phase-count": {
        "value": 83
      },
      "scheduled-phase-count": {
        "value": 18
      },
      "vmiCreationToRunningSecondsP50": {
        "value": 23.613684871549285,
        "thresholdResult": {
          "thresholdValue": 45,
          "thresholdExceeded": false
        }
      },
      "vmiCreationToRunningSecondsP95": {
        "value": 29.361368487154927,
        "thresholdResult": {
          "thresholdValue": 60,
          "thresholdExceeded": false
        }
      },
      "vmiCreationToRunningSecondsP99": {
        "value": 29.872273697430987
      },
      "vmiDeletionToFailedSecondsP50": {
        "value": 0
      },
      "vmiDeletionToFailedSecondsP95": {
        "value": 0
      },
      "vmiDeletionToFailedSecondsP99": {
        "value": 0
      },
      "vmiDeletionToSucceededSecondsP50": {
        "value": 0
      },
      "vmiDeletionToSucceededSecondsP95": {
        "value": 0
      },
      "vmiDeletionToSucceededSecondsP99": {
        "value": 0
      }
    }
  },
  "VMResult": null
}
