{
  "JobDirCreationTime": "2024-08-14T17:05:57.246Z",
  "VMIResult": {
    "Values": {
      "CREATE-events-count": {
        "value": 123.5029610124107
      },
      "CREATE-pods-count": {
        "value": 114.94018176566006
      },
      "GET-leases-count": {
        "value": 116.59439333333333
      },
      "GET-nodes-count": {
        "value": 30.516686046857245
      },
      "LIST-nodes-count": {
        "value": 8.188327777777777
      },
      "LIST-virtualmachineclusterinstancetypes-count": {
        "value": 4.679044444444444
      },
      "LIST-virtualmachineclusterpreferences-count": {
        "value": 4.679044444444444
      },
      "PATCH-nodes-count": {
        "value": 5.838658280225371
      },
      "PATCH-pods-count": {
        "value": 229.8803635313201
      },
      "PATCH-services-count": {
        "value": 32.75331111111111
      },
      "PATCH-virtualmachineinstances-count": {
        "value": 60.24889451814324,
        "thresholdResult": {
          "thresholdValue": 229.8803635313201,
          "thresholdMetric": "CREATE-pods-count",
          "thresholdRatio": 0.5241760852699766,
          "thresholdExceeded": false
        }
      },
      "UPDATE-kubevirts-count": {
        "value": 1.169761111111111
      },
      "UPDATE-leases-count": {
        "value": 205.48208765818916
      },
      "UPDATE-virtualmachineinstances-count": {
        "value": 670.8316861846762,
        "thresholdResult": {
          "thresholdValue": 1149.4018176566005,
          "thresholdMetric": "CREATE-pods-count",
          "thresholdRatio": 5.836354840227826,
          "thresholdExceeded": false
        }
      },
      "avgVirtAPICPUUsage": {
        "value": 0.009304520456041668
      },
      "avgVirtAPIMemoryUsageInMB": {
        "value": 142.5234375
      },
      "avgVirtControllerCPUUsage": {
        "value": 0.010208749207285713
      },
      "avgVirtControllerMemoryUsageInMB": {
        "value": 66.9970703125
      },
      "maxVirtAPIMemoryUsageInMB": {
        "value": 167.89453125
      },
      "maxVirtControllerMemoryUsageInMB": {
        "value": 93.4609375
      },
      "minVirtAPIMemoryUsageInMB": {
        "value": 128.98828125
      },
      "minVirtControllerMemoryUsageInMB": {
        "value": 47.47265625
      },
      "none-none-count": {
        "value": 1.1530365654478183
      },
      "running-phase-count": {
        "value": 101
      },
      "vmiCreationToRunningSecondsP50": {
        "value": 15.094557902412092,
        "thresholdResult": {
          "thresholdValue": 45,
          "thresholdExceeded": false
        }
      },
      "vmiCreationToRunningSecondsP95": {
        "value": 19.67966001458297,
        "thresholdResult": {
          "thresholdValue": 60,
          "thresholdExceeded": false
        }
      },
      "vmiCreationToRunningSecondsP99": {
        "value": 24.612234649400754
      },
      "vmiDeletionToFailedSecondsP50": {
        "value": 0
      },
      "vmiDeletionToFailedSecondsP95": {
        "value": 0
      },
      "vmiDeletionToFailedSecondsP99": {
        "value": 0
      },
      "vmiDeletionToSucceededSecondsP50": {
        "value": 0
      },
      "vmiDeletionToSucceededSecondsP95": {
        "value": 0
      },
      "vmiDeletionToSucceededSecondsP99": {
        "value": 0
      }
    }
  },
  "VMResult": {
    "Values": {
      "CREATE-events-count": {
        "value": 773.3322716167352
      },
      "CREATE-pods-count": {
        "value": 111.11111111111111
      },
      "GET-leases-count": {
        "value": 187.77777777777777
      },
      "GET-nodes-count": {
        "value": 25.555493827846355
      },
      "LIST-cdiconfigs-count": {
        "value": 1.1111111111111112
      },
      "LIST-cdis-count": {
        "value": 1.1111111111111112
      },
      "LIST-clusterrolebindings-count": {
        "value": 2.2222222222222223
      },
      "LIST-clusterroles-count": {
        "value": 1.1111111111111112
      },
      "LIST-configmaps-count": {
        "value": 15.555543210013713
      },
      "LIST-controllerrevisions-count": {
        "value": 1.1111111111111112
      },
      "LIST-customresourcedefinitions-count": {
        "value": 9.99998765445816
      },
      "LIST-datasources-count": {
        "value": 3.3333333333333335
      },
      "LIST-datavolumes-count": {
        "value": 1.1111111111111112
      },
      "LIST-deployments-count": {
        "value": 1.1111111111111112
      },
      "LIST-ingresses-count": {
        "value": 1.1111111111111112
      },
      "LIST-jobs-count": {
        "value": 1.1111111111111112
      },
      "LIST-kubevirts-count": {
        "value": 8.888876543347049
      },
      "LIST-migrationpolicies-count": {
        "value": 1.1111111111111112
      },
      "LIST-mutatingwebhookconfigurations-count": {
        "value": 2.2222222222222223
      },
      "LIST-namespaces-count": {
        "value": 3.3333333333333335
      },
      "LIST-persistentvolumeclaims-count": {
        "value": 1.1111111111111112
      },
      "LIST-poddisruptionbudgets-count": {
        "value": 3.3333333333333335
      },
      "LIST-pods-count": {
        "value": 4.444444444444445
      },
      "LIST-prometheusrules-count": {
        "value": 2.2222222222222223
      },
      "LIST-resourcequotas-count": {
        "value": 1.1111111111111112
      },
      "LIST-rolebindings-count": {
        "value": 2.2222222222222223
      },
      "LIST-roles-count": {
        "value": 2.2222222222222223
      },
      "LIST-secrets-count": {
        "value": 3.3333333333333335
      },
      "LIST-serviceaccounts-count": {
        "value": 1.1111111111111112
      },
      "LIST-servicemonitors-count": {
        "value": 1.1111111111111112
      },
      "LIST-services-count": {
        "value": 2.2222222222222223
      },
      "LIST-storageclasses-count": {
        "value": 1.1111111111111112
      },
      "LIST-storageprofiles-count": {
        "value": 1.1111111111111112
      },
      "LIST-validatingwebhookconfigurations-count": {
        "value": 2.2222222222222223
      },
      "LIST-virtualmachineclones-count": {
        "value": 1.1111111111111112
      },
      "LIST-virtualmachineclusterinstancetypes-count": {
        "value": 2.2222222222222223
      },
      "LIST-virtualmachineclusterpreferences-count": {
        "value": 3.3333333333333335
      },
      "LIST-virtualmachineexports-count": {
        "value": 1.1111111111111112
      },
      "LIST-virtualmachineinstancemigrations-count": {
        "value": 1.1111111111111112
      },
      "LIST-virtualmachineinstancepresets-count": {
        "value": 2.2222222222222223
      },
      "LIST-virtualmachineinstancereplicasets-count": {
        "value": 1.1111111111111112
      },
      "LIST-virtualmachineinstances-count": {
        "value": 5.555530864471876
      },
      "LIST-virtualmachineinstancetypes-count": {
        "value": 1.1111111111111112
      },
      "LIST-virtualmachinepools-count": {
        "value": 1.1111111111111112
      },
      "LIST-virtualmachinepreferences-count": {
        "value": 1.1111111111111112
      },
      "LIST-virtualmachinerestores-count": {
        "value": 2.2222222222222223
      },
      "LIST-virtualmachines-count": {
        "value": 1.1111111111111112
      },
      "LIST-virtualmachinesnapshotcontents-count": {
        "value": 1.1111111111111112
      },
      "LIST-virtualmachinesnapshots-count": {
        "value": 1.1111111111111112
      },
      "PATCH-nodes-count": {
        "value": 11.111086420027432
      },
      "PATCH-pods-count": {
        "value": 255.55555555555554
      },
      "PATCH-virtualmachineinstances-count": {
        "value": 166.66666666666669,
        "thresholdResult": {
          "thresholdValue": 222.22222222222223,
          "thresholdMetric": "CREATE-pods-count",
          "thresholdRatio": 1.5000000000000002,
          "thresholdExceeded": false
        }
      },