{
  "JobDirCreationTime": "2025-05-20T00:18:55.363Z",
  "VMIResult": {
    "Values": {
      "CREATE-events-count": {
        "value": 158.9762111111111
      },
      "CREATE-pods-count": {
        "value": 133.6977777777778
      },
      "CREATE-virtualmachineclusterinstancetypes-count": {
        "value": 34.48560555555556
      },
      "GET-leases-count": {
        "value": 135.75637282980807
      },
      "GET-nodes-count": {
        "value": 33.183344444444444
      },
      "LIST-nodes-count": {
        "value": 4.449755555555556
      },
      "LIST-virtualmachineclusterinstancetypes-count": {
        "value": 4.449755555555556
      },
      "LIST-virtualmachineclusterpreferences-count": {
        "value": 4.449755555555556
      },
      "PATCH-nodes-count": {
        "value": 6.8420000000000005
      },
      "PATCH-pods-count": {
        "value": 387.8235555555555
      },
      "PATCH-services-count": {
        "value": 17.799022222222224
      },
      "PATCH-validatingadmissionpolicies-count": {
        "value": 4.449755555555556
      },
      "PATCH-validatingadmissionpolicybindings-count": {
        "value": 4.449755555555556
      },
      "PATCH-virtualmachineinstances-count": {
        "value": 9.9428,
        "thresholdResult": {
          "thresholdValue": 267.3955555555556,
          "thresholdMetric": "CREATE-pods-count",
          "thresholdRatio": 0.07436772820956053,
          "thresholdExceeded": true
        }
      },
      "UPDATE-kubevirts-count": {
        "value": 1.112438888888889
      },
      "UPDATE-leases-count": {
        "value": 212.33350000000002
      },
      "UPDATE-virtualmachineinstances-count": {
        "value": 724.6419462669734,
        "thresholdResult": {
          "thresholdValue": 1336.9777777777779,
          "thresholdMetric": "CREATE-pods-count",
          "thresholdRatio": 5.41999993052553,
          "thresholdExceeded": false
        }
      },
      "avgVirtAPICPUUsage": {
        "value": 0.009660555945333335
      },
      "avgVirtAPIMemoryUsageInMB": {
        "value": 142.55316840277777
      },
      "avgVirtControllerCPUUsage": {
        "value": 0.02446988202949207
      },
      "avgVirtControllerMemoryUsageInMB": {
        "value": 62.8115234375
      },
      "avgVirtHandlerCPUUsage": {
        "value": 0.0007355862341417532
      },
      "avgVirtHandlerMemoryUsageInMB": {
        "value": 13.270161152968589
      },
      "maxVirtAPIMemoryUsageInMB": {
        "value": 162.99609375
      },
      "maxVirtControllerMemoryUsageInMB": {
        "value": 81.59765625
      },
      "maxVirtHandlerCPUUsage": {
        "value": 0.0007761313799036834
      },
      "maxVirtHandlerMemoryUsageInMB": {
        "value": 33.676809210526315
      },
      "minVirtAPIMemoryUsageInMB": {
        "value": 137.0078125
      },
      "minVirtControllerMemoryUsageInMB": {
        "value": 47.7578125
      },
      "minVirtHandlerCPUUsage": {
        "value": 0.0006917273817874396
      },
      "minVirtHandlerMemoryUsageInMB": {
        "value": 4.42041015625
      },
      "running-phase-count": {
        "value": 101
      },
      "vmiCreationToRunningSecondsP50": {
        "value": 15.5591090038914,
        "thresholdResult": {
          "thresholdValue": 45,
          "thresholdExceeded": false
        }
      },
      "vmiCreationToRunningSecondsP95": {
        "value": 25.028599999999987,
        "thresholdResult": {
          "thresholdValue": 60,
          "thresholdExceeded": false
        }
      },
      "vmiCreationToRunningSecondsP99": {
        "value": 29.005719999999993
      },
      "vmiDeletionToFailedSecondsP50": {
        "value": 0
      },
      "vmiDeletionToFailedSecondsP95": {
        "value": 0
      },
      "vmiDeletionToFailedSecondsP99": {
        "value": 0
      },
      "vmiDeletionToSucceededSecondsP50": {
        "value": 0
      },
      "vmiDeletionToSucceededSecondsP95": {
        "value": 0
      },
      "vmiDeletionToSucceededSecondsP99": {
        "value": 0
      }
    }
  },
  "VMResult": {
    "Values": {
      "CREATE-events-count": {
        "value": 890
      },
      "CREATE-pods-count": {
        "value": 111.11111111111111
      },
      "GET-leases-count": {
        "value": 186.66908648248906
      },
      "GET-nodes-count": {
        "value": 31.111111111111114
      },
      "PATCH-nodes-count": {
        "value": 13.333333333333334
      },
      "PATCH-pods-count": {
        "value": 324.44444444444446
      },
      "PATCH-virtualmachineinstances-count": {
        "value": 122.22222222222223,
        "thresholdResult": {
          "thresholdValue": 222.22222222222223,
          "thresholdMetric": "CREATE-pods-count",
          "thresholdRatio": 1.1,
          "thresholdExceeded": false
        }
      },
      "UPDATE-leases-count": {
        "value": 298.8888888888889
      },
      "UPDATE-virtualmachineinstances-count": {
        "value": 940,
        "thresholdResult": {
          "thresholdValue": 1111.111111111111,
          "thresholdMetric": "CREATE-pods-count",
          "thresholdRatio": 8.459999999999999,
          "thresholdExceeded": false
        }
      },
      "WATCH-cdiconfigs-count": {
        "value": 1.1111111111111112
      },
      "WATCH-cdis-count": {
        "value": 1.1111111111111112
      },
      "WATCH-clusterrolebindings-count": {
        "value": 1.1111111111111112
      },
      "WATCH-clusterroles-count": {
        "value": 2.2222510295534414
      },
      "WATCH-configmaps-count": {
        "value": 11.11111111111111
      },
      "WATCH-controllerrevisions-count": {
        "value": 1.1111111111111112
      },
      "WATCH-customresourcedefinitions-count": {
        "value": 10.000028807331217
      },
      "WATCH-daemonsets-count": {
        "value": 2.2222510295534414
      },
      "WATCH-datasources-count": {
        "value": 3.3333333333333335
      },
      "WATCH-datavolumes-count": {
        "value": 1.1111111111111112
      },
      "WATCH-deployments-count": {
        "value": 2.2222510295534414
      },
      "WATCH-ingresses-count": {
        "value": 1.1111111111111112
      },
      "WATCH-jobs-count": {
        "value": 2.2222510295534414
      },
      "WATCH-kubevirts-count": {
        "value": 10.000028807331217
      },
      "WATCH-migrationpolicies-count": {
        "value": 1.1111111111111112
      },
      "WATCH-mutatingwebhookconfigurations-count": {
        "value": 2.2222510295534414
      },
      "WATCH-namespaces-count": {
        "value": 4.444473251775664
      },
      "WATCH-nodes-count": {
        "value": 1.1111111111111112
      },
      "WATCH-persistentvolumeclaims-count": {
        "value": 1.1111111111111112
      },
      "WATCH-poddisruptionbudgets-count": {
        "value": 2.2222510295534414
      },
      "WATCH-pods-count": {
        "value": 3.333362140664552
      },
      "WATCH-resourcequotas-count": {
        "value": 1.1111111111111112
      },
      "WATCH-rolebindings-count": {
        "value": 1.1111111111111112
      },
      "WATCH-secrets-count": {
        "value": 3.3333621406645526
      },
      "WATCH-serviceaccounts-count": {
        "value": 1.11113991844233
      },
      "WATCH-servicemonitors-count": {
        "value": 2.2222510295534414
      },
      "WATCH-services-count": {
        "value": 2.2222222222222223
      },
      "WATCH-storageclasses-count": {
        "value": 1.1111111111111112
      },
      "WATCH-storageprofiles-count": {
        "value": 1.1111111111111112
      },
      "WATCH-validatingadmissionpolicies-count": {
        "value": 1.1111111111111112
      },
      "WATCH-validatingadmissionpolicybindings-count": {
        "value": 2.2222510295534414
      },
      "WATCH-validatingwebhookconfigurations-count": {
        "value": 2.2222510295534414
      },
      "WATCH-virtualmachineclones-count": {
        "value": 1.1111111111111112
      },