{
  "JobDirCreationTime": "2025-06-27T00:19:42.897Z",
  "VMIResult": {
    "Values": {
      "CREATE-events-count": {
        "value": 264.6079888888889
      },
      "CREATE-pods-count": {
        "value": 103.84666666666666
      },
      "CREATE-virtualmachineclusterpreferences-count": {
        "value": 21.028988888888893
      },
      "GET-leases-count": {
        "value": 133.76372166399096
      },
      "GET-nodes-count": {
        "value": 23.415115079365076
      },
      "LIST-nodes-count": {
        "value": 5.457666666666667
      },
      "LIST-virtualmachineclusterinstancetypes-count": {
        "value": 5.457666666666667
      },
      "LIST-virtualmachineclusterpreferences-count": {
        "value": 5.457666666666667
      },
      "PATCH-nodes-count": {
        "value": 5.5677087301587305
      },
      "PATCH-pods-count": {
        "value": 336.2232
      },
      "PATCH-services-count": {
        "value": 21.83066666666667
      },
      "PATCH-validatingadmissionpolicies-count": {
        "value": 5.457666666666667
      },
      "PATCH-validatingadmissionpolicybindings-count": {
        "value": 5.457666666666667
      },
      "PATCH-virtualmachineinstances-count": {
        "value": 104.79555555555555,
        "thresholdResult": {
          "thresholdValue": 207.69333333333333,
          "thresholdMetric": "CREATE-pods-count",
          "thresholdRatio": 1.009137403436691,
          "thresholdExceeded": false
        }
      },
      "UPDATE-configmaps-count": {
        "value": 5.457666666666667
      },
      "UPDATE-kubevirts-count": {
        "value": 1.0915333333333335
      },
      "UPDATE-leases-count": {
        "value": 228.81900000000002
      },
      "UPDATE-virtualmachineinstances-count": {
        "value": 764.8323916666666,
        "thresholdResult": {
          "thresholdValue": 1038.4666666666667,
          "thresholdMetric": "CREATE-pods-count",
          "thresholdRatio": 7.365016290043012,
          "thresholdExceeded": false
        }
      },
      "WATCH-configmaps-count": {
        "value": 1.0915333333333335
      },
      "WATCH-rolebindings-count": {
        "value": 1.0915333333333335
      },
      "WATCH-servicemonitors-count": {
        "value": 1.1981166666666667
      },
      "avgVirtAPICPUUsage": {
        "value": 0.010447566256277775
      },
      "avgVirtAPIMemoryUsageInMB": {
        "value": 125.3671875
      },
      "avgVirtControllerCPUUsage": {
        "value": 0.02538522203688889
      },
      "avgVirtControllerMemoryUsageInMB": {
        "value": 57.361111111111114
      },
      "avgVirtHandlerCPUUsage": {
        "value": 0.0008658956761259844
      },
      "avgVirtHandlerMemoryUsageInMB": {
        "value": 12.697062982590326
      },
      "maxVirtAPIMemoryUsageInMB": {
        "value": 161.7421875
      },
      "maxVirtControllerMemoryUsageInMB": {
        "value": 83.85546875
      },
      "maxVirtHandlerCPUUsage": {
        "value": 0.0009166419432469137
      },
      "maxVirtHandlerMemoryUsageInMB": {
        "value": 33.97464693509615
      },
      "minVirtAPIMemoryUsageInMB": {
        "value": 0
      },
      "minVirtControllerMemoryUsageInMB": {
        "value": 0
      },
      "minVirtHandlerCPUUsage": {
        "value": 0.0008210238882705314
      },
      "minVirtHandlerMemoryUsageInMB": {
        "value": 3.47703125
      },
      "running-phase-count": {
        "value": 101
      },
      "vmiCreationToRunningSecondsP50": {
        "value": 23.812823521893463,
        "thresholdResult": {
          "thresholdValue": 45,
          "thresholdExceeded": false
        }
      },
      "vmiCreationToRunningSecondsP95": {
        "value": 36.39416312898371,
        "thresholdResult": {
          "thresholdValue": 60,
          "thresholdExceeded": false
        }
      },
      "vmiCreationToRunningSecondsP99": {
        "value": 39.27883262579674
      },
      "vmiDeletionToFailedSecondsP50": {
        "value": 0
      },
      "vmiDeletionToFailedSecondsP95": {
        "value": 0
      },
      "vmiDeletionToFailedSecondsP99": {
        "value": 0
      },
      "vmiDeletionToSucceededSecondsP50": {
        "value": 0
      },
      "vmiDeletionToSucceededSecondsP95": {
        "value": 0
      },
      "vmiDeletionToSucceededSecondsP99": {
        "value": 0
      }
    }
  },
  "VMResult": {
    "Values": {
      "CREATE-events-count": {
        "value": 767.7807572457864
      },
      "CREATE-pods-count": {
        "value": 111.11111111111111
      },
      "GET-leases-count": {
        "value": 186.66666666666669
      },
      "GET-nodes-count": {
        "value": 14.444526750190539
      },
      "PATCH-nodes-count": {
        "value": 11.111176955707986
      },
      "PATCH-pods-count": {
        "value": 366.6666666666667
      },
      "PATCH-virtualmachineinstances-count": {
        "value": 150,
        "thresholdResult": {
          "thresholdValue": 222.22222222222223,
          "thresholdMetric": "CREATE-pods-count",
          "thresholdRatio": 1.3499999999999999,
          "thresholdExceeded": false
        }
      },
      "UPDATE-leases-count": {
        "value": 300
      },
      "UPDATE-virtualmachineinstances-count": {
        "value": 827.8031979711633,
        "thresholdResult": {
          "thresholdValue": 1111.111111111111,
          "thresholdMetric": "CREATE-pods-count",
          "thresholdRatio": 7.45022878174047,
          "thresholdExceeded": false
        }
      },
      "WATCH-cdiconfigs-count": {
        "value": 1.1111111111111112
      },
      "WATCH-cdis-count": {
        "value": 1.1111111111111112
      },
      "WATCH-clusterrolebindings-count": {
        "value": 1.1111111111111112
      },
      "WATCH-clusterroles-count": {
        "value": 2.2222222222222223
      },
      "WATCH-configmaps-count": {
        "value": 12.22219753284557
      },
      "WATCH-controllerrevisions-count": {
        "value": 1.1111111111111112
      },
      "WATCH-customresourcedefinitions-count": {
        "value": 12.222226338683114
      },
      "WATCH-daemonsets-count": {
        "value": 1.1111111111111112
      },
      "WATCH-datasources-count": {
        "value": 2.222193416384678
      },
      "WATCH-datavolumes-count": {
        "value": 1.1111111111111112
      },
      "WATCH-deployments-count": {
        "value": 2.2222222222222223
      },
      "WATCH-ingresses-count": {
        "value": 1.1111111111111112
      },
      "WATCH-jobs-count": {
        "value": 1.1111111111111112
      },
      "WATCH-kubevirts-count": {
        "value": 9.999987655311674
      },
      "WATCH-migrationpolicies-count": {
        "value": 1.1111111111111112
      },
      "WATCH-mutatingwebhookconfigurations-count": {
        "value": 1.1111111111111112
      },
      "WATCH-namespaces-count": {
        "value": 3.3333333333333335
      },
      "WATCH-nodes-count": {
        "value": 1.1111111111111112
      },
      "WATCH-persistentvolumeclaims-count": {
        "value": 1.1111111111111112
      },
      "WATCH-poddisruptionbudgets-count": {
        "value": 2.2222222222222223
      },
      "WATCH-pods-count": {
        "value": 3.3333333333333335
      },
      "WATCH-prometheusrules-count": {
        "value": 1.1111111111111112
      },
      "WATCH-resourcequotas-count": {
        "value": 1.1111111111111112
      },
      "WATCH-rolebindings-count": {
        "value": 1.1111111111111112
      },
      "WATCH-roles-count": {
        "value": 2.2222222222222223
      },
      "WATCH-secrets-count": {
        "value": 3.3333333333333335
      },
      "WATCH-serviceaccounts-count": {
        "value": 1.1111111111111112
      },
      "WATCH-services-count": {
        "value": 2.2222222222222223
      },
      "WATCH-storageclasses-count": {
        "value": 1.1111111111111112
      },
      "WATCH-storageprofiles-count": {
        "value": 1.1111111111111112
      },