{
  "JobDirCreationTime": "2025-08-15T16:20:46.066Z",
  "VMIResult": {
    "Values": {
      "CREATE-events-count": {
        "value": 152.79105714285714
      },
      "CREATE-pods-count": {
        "value": 102.88166666666667
      },
      "CREATE-virtualmachineclusterinstancetypes-count": {
        "value": 46.10814444444444
      },
      "GET-leases-count": {
        "value": 140.19896190476192
      },
      "GET-nodes-count": {
        "value": 25.399741269841268
      },
      "LIST-nodes-count": {
        "value": 36.52408571428571
      },
      "LIST-virtualmachineclusterinstancetypes-count": {
        "value": 31.02549523809524
      },
      "LIST-virtualmachineclusterpreferences-count": {
        "value": 31.02549523809524
      },
      "PATCH-nodes-count": {
        "value": 8.089745238095238
      },
      "PATCH-pods-count": {
        "value": 343.28476666666666
      },
      "PATCH-services-count": {
        "value": 146.09634285714284
      },
      "PATCH-validatingadmissionpolicies-count": {
        "value": 36.52408571428571
      },
      "PATCH-validatingadmissionpolicybindings-count": {
        "value": 36.52408571428571
      },
      "PATCH-virtualmachineinstances-count": {
        "value": 103.50888888888889,
        "thresholdResult": {
          "thresholdValue": 205.76333333333335,
          "thresholdMetric": "CREATE-pods-count",
          "thresholdRatio": 1.0060965402539055,
          "thresholdExceeded": false
        }
      },
      "UPDATE-configmaps-count": {
        "value": 36.52408571428571
      },
      "UPDATE-kubevirts-count": {
        "value": 1.106790476190476
      },
      "UPDATE-leases-count": {
        "value": 228.73520952380952
      },
      "UPDATE-virtualmachineinstances-count": {
        "value": 505.90833333333336,
        "thresholdResult": {
          "thresholdValue": 1028.8166666666668,
          "thresholdMetric": "CREATE-pods-count",
          "thresholdRatio": 4.917380809668065,
          "thresholdExceeded": false
        }
      },
      "avgVirtAPICPUUsage": {
        "value": 0.009759517177041668
      },
      "avgVirtAPIMemoryUsageInMB": {
        "value": 131.326171875
      },
      "avgVirtControllerCPUUsage": {
        "value": 0.024998206294285712
      },
      "avgVirtControllerMemoryUsageInMB": {
        "value": 57.486111111111114
      },
      "avgVirtHandlerCPUUsage": {
        "value": 0.0008543479421106747
      },
      "avgVirtHandlerMemoryUsageInMB": {
        "value": 16.23584912706922
      },
      "maxVirtAPIMemoryUsageInMB": {
        "value": 165.939453125
      },
      "maxVirtControllerMemoryUsageInMB": {
        "value": 86.3515625
      },
      "maxVirtHandlerCPUUsage": {
        "value": 0.000904085852781207
      },
      "maxVirtHandlerMemoryUsageInMB": {
        "value": 37.58819580078125
      },
      "minVirtAPIMemoryUsageInMB": {
        "value": 0
      },
      "minVirtControllerMemoryUsageInMB": {
        "value": 0
      },
      "minVirtHandlerCPUUsage": {
        "value": 0.0008033008540408162
      },
      "minVirtHandlerMemoryUsageInMB": {
        "value": 7.659423828125
      },
      "none-none-count": {
        "value": 1.1305238095238095
      },
      "running-phase-count": {
        "value": 101
      },
      "vmiCreationToRunningSecondsP50": {
        "value": 23.26610084122056,
        "thresholdResult": {
          "thresholdValue": 45,
          "thresholdExceeded": false
        }
      },
      "vmiCreationToRunningSecondsP95": {
        "value": 29.326610084122056,
        "thresholdResult": {
          "thresholdValue": 60,
          "thresholdExceeded": false
        }
      },
      "vmiCreationToRunningSecondsP99": {
        "value": 29.86532201682441
      },
      "vmiDeletionToFailedSecondsP50": {
        "value": 0
      },
      "vmiDeletionToFailedSecondsP95": {
        "value": 0
      },
      "vmiDeletionToFailedSecondsP99": {
        "value": 0
      },
      "vmiDeletionToSucceededSecondsP50": {
        "value": 0
      },
      "vmiDeletionToSucceededSecondsP95": {
        "value": 0
      },
      "vmiDeletionToSucceededSecondsP99": {
        "value": 0
      }
    }
  },
  "VMResult": null
}
