{
  "JobDirCreationTime": "2025-03-26T16:37:09.86Z",
  "VMIResult": {
    "Values": {
      "CREATE-events-count": {
        "value": 305.6594006322508
      },
      "CREATE-pods-count": {
        "value": 105.14000000000001
      },
      "GET-leases-count": {
        "value": 188.8888888888889
      },
      "GET-nodes-count": {
        "value": 31.110695487623296
      },
      "LIST-nodes-count": {
        "value": 1.1111111111111112
      },
      "LIST-virtualmachineclusterinstancetypes-count": {
        "value": 1.1111111111111112
      },
      "LIST-virtualmachineclusterpreferences-count": {
        "value": 1.1111111111111112
      },
      "PATCH-nodes-count": {
        "value": 14.444259265523312
      },
      "PATCH-pods-count": {
        "value": 353.9932
      },
      "PATCH-services-count": {
        "value": 4.444444444444445
      },
      "PATCH-validatingadmissionpolicies-count": {
        "value": 1.1111111111111112
      },
      "PATCH-validatingadmissionpolicybindings-count": {
        "value": 1.1111111111111112
      },
      "PATCH-virtualmachineinstances-count": {
        "value": 104.07150000000001,
        "thresholdResult": {
          "thresholdValue": 210.28000000000003,
          "thresholdMetric": "CREATE-pods-count",
          "thresholdRatio": 0.9898373597108617,
          "thresholdExceeded": false
        }
      },
      "UPDATE-leases-count": {
        "value": 298.8888888888889
      },
      "UPDATE-virtualmachineinstances-count": {
        "value": 827.842774512882,
        "thresholdResult": {
          "thresholdValue": 1051.4,
          "thresholdMetric": "CREATE-pods-count",
          "thresholdRatio": 7.8737186086444915,
          "thresholdExceeded": false
        }
      },
      "WATCH-configmaps-count": {
        "value": 5.555539094894067
      },
      "WATCH-customresourcedefinitions-count": {
        "value": 2.2222222222222223
      },
      "WATCH-daemonsets-count": {
        "value": 1.1111111111111112
      },
      "WATCH-datasources-count": {
        "value": 2.2222139918305133
      },
      "WATCH-datavolumes-count": {
        "value": 1.1111111111111112
      },
      "WATCH-jobs-count": {
        "value": 1.1111111111111112
      },
      "WATCH-kubevirts-count": {
        "value": 3.3333333333333335
      },
      "WATCH-namespaces-count": {
        "value": 2.2222222222222223
      },
      "WATCH-nodes-count": {
        "value": 1.1111111111111112
      },
      "WATCH-poddisruptionbudgets-count": {
        "value": 1.1111111111111112
      },
      "WATCH-pods-count": {
        "value": 1.1111111111111112
      },
      "WATCH-rolebindings-count": {
        "value": 1.1111111111111112
      },
      "WATCH-serviceaccounts-count": {
        "value": 1.1111111111111112
      },
      "WATCH-servicemonitors-count": {
        "value": 1.1111111111111112
      },
      "WATCH-services-count": {
        "value": 1.1111111111111112
      },
      "WATCH-storageclasses-count": {
        "value": 1.1111111111111112
      },
      "WATCH-validatingadmissionpolicies-count": {
        "value": 2.2222222222222223
      },
      "WATCH-validatingadmissionpolicybindings-count": {
        "value": 1.1111111111111112
      },
      "WATCH-virtualmachineclusterinstancetypes-count": {
        "value": 1.1111111111111112
      },
      "WATCH-virtualmachineexports-count": {
        "value": 1.1111111111111112
      },
      "WATCH-virtualmachineinstancepresets-count": {
        "value": 1.111102880719402
      },
      "WATCH-virtualmachineinstances-count": {
        "value": 1.1111111111111112
      },
      "WATCH-virtualmachinepools-count": {
        "value": 1.1111111111111112
      },
      "WATCH-virtualmachinepreferences-count": {
        "value": 1.1111111111111112
      },
      "WATCH-virtualmachinesnapshots-count": {
        "value": 1.1111111111111112
      },
      "avgVirtAPICPUUsage": {
        "value": 0.010875140740740741
      },
      "avgVirtAPIMemoryUsageInMB": {
        "value": 140.7958984375
      },
      "avgVirtControllerCPUUsage": {
        "value": 0.023630922222222222
      },
      "avgVirtControllerMemoryUsageInMB": {
        "value": 65.3859375
      },
      "avgVirtHandlerCPUUsage": {
        "value": 0.0007870854561042525
      },
      "avgVirtHandlerMemoryUsageInMB": {
        "value": 9.813139762255974
      },
      "maxVirtAPIMemoryUsageInMB": {
        "value": 159.935546875
      },
      "maxVirtControllerMemoryUsageInMB": {
        "value": 82.0625
      },
      "maxVirtHandlerCPUUsage": {
        "value": 0.0009500932098765433
      },
      "maxVirtHandlerMemoryUsageInMB": {
        "value": 20.464897168803418
      },
      "minVirtAPIMemoryUsageInMB": {
        "value": 121.05078125
      },
      "minVirtControllerMemoryUsageInMB": {
        "value": 55.30859375
      },
      "minVirtHandlerCPUUsage": {
        "value": 0.0007176620740740741
      },
      "minVirtHandlerMemoryUsageInMB": {
        "value": 4.363467881944445
      },
      "running-phase-count": {
        "value": 99
      },
      "scheduled-phase-count": {
        "value": 2
      },
      "vmiCreationToRunningSecondsP50": {
        "value": 15.210635410981881,
        "thresholdResult": {
          "thresholdValue": 45,
          "thresholdExceeded": false
        }
      },
      "vmiCreationToRunningSecondsP95": {
        "value": 19.900207280865573,
        "thresholdResult": {
          "thresholdValue": 60,
          "thresholdExceeded": false
        }
      },
      "vmiCreationToRunningSecondsP99": {
        "value": 27.526230092702626
      },
      "vmiDeletionToFailedSecondsP50": {
        "value": 0
      },
      "vmiDeletionToFailedSecondsP95": {
        "value": 0
      },
      "vmiDeletionToFailedSecondsP99": {
        "value": 0
      },
      "vmiDeletionToSucceededSecondsP50": {
        "value": 0
      },
      "vmiDeletionToSucceededSecondsP95": {
        "value": 0
      },
      "vmiDeletionToSucceededSecondsP99": {
        "value": 0
      }
    }
  },
  "VMResult": {
    "Values": {
      "CREATE-controllerrevisions-count": {
        "value": 60.87783333333333
      },
      "CREATE-events-count": {
        "value": 921.1096296460904
      },
      "CREATE-pods-count": {
        "value": 111.11111111111111
      },
      "CREATE-virtualmachineinstances-count": {
        "value": 60.87783333333333
      },
      "GET-leases-count": {
        "value": 182.22222222222223
      },
      "GET-nodes-count": {
        "value": 29.999938272290805
      },
      "PATCH-nodes-count": {
        "value": 12.222197531138544
      },
      "PATCH-pods-count": {
        "value": 386.6666666666667
      },
      "PATCH-virtualmachineinstances-count": {
        "value": 223.33333333333334,
        "thresholdResult": {
          "thresholdValue": 222.22222222222223,
          "thresholdMetric": "CREATE-pods-count",
          "thresholdRatio": 2.0100000000000002,
          "thresholdExceeded": false
        }
      },
      "PATCH-virtualmachines-count": {
        "value": 60.87783333333333
      },
      "UPDATE-leases-count": {
        "value": 298.8900000082305
      },
      "UPDATE-virtualmachineinstances-count": {
        "value": 973.3320247058983,
        "thresholdResult": {
          "thresholdValue": 1111.111111111111,
          "thresholdMetric": "CREATE-pods-count",
          "thresholdRatio": 8.759988222353085,
          "thresholdExceeded": false
        }
      },
      "UPDATE-virtualmachines-count": {
        "value": 888.8163666666666
      },
      "WATCH-cdiconfigs-count": {
        "value": 1.1111111111111112
      },
      "WATCH-clusterrolebindings-count": {
        "value": 2.222230452735864
      },
      "WATCH-clusterroles-count": {
        "value": 2.222230452735864
      },
      "WATCH-configmaps-count": {
        "value": 11.111119341624752
      },
      "WATCH-controllerrevisions-count": {
        "value": 1.1111111111111112
      },