{
  "JobDirCreationTime": "2026-05-26T18:16:07.629Z",
  "VMIResult": {
    "Values": {
      "CREATE-events-count": {
        "value": 69.39794444444445
      },
      "CREATE-pods-count": {
        "value": 79.82666666666665
      },
      "GET-leases-count": {
        "value": 185.55555555555554
      },
      "GET-mutatingwebhookconfigurations-count": {
        "value": 51.111111111111114
      },
      "LIST-nodes-count": {
        "value": 51.111111111111114
      },
      "LIST-virtualmachineclusterinstancetypes-count": {
        "value": 51.111111111111114
      },
      "LIST-virtualmachineclusterpreferences-count": {
        "value": 51.111111111111114
      },
      "PATCH-configmaps-count": {
        "value": 3.3333333333333335
      },
      "PATCH-mutatingwebhookconfigurations-count": {
        "value": 1.1111111111111112
      },
      "PATCH-nodes-count": {
        "value": 31.111111111111114
      },
      "PATCH-pods-count": {
        "value": 93.96444444444444
      },
      "PATCH-secrets-count": {
        "value": 14.444444444444445
      },
      "PATCH-services-count": {
        "value": 204.44444444444446
      },
      "PATCH-validatingadmissionpolicies-count": {
        "value": 51.111111111111114
      },
      "PATCH-validatingadmissionpolicybindings-count": {
        "value": 51.111111111111114
      },
      "PATCH-validatingwebhookconfigurations-count": {
        "value": 2.2222222222222223
      },
      "UPDATE-configmaps-count": {
        "value": 51.111111111111114
      },
      "UPDATE-kubevirts-count": {
        "value": 1.1111111111111112
      },
      "UPDATE-leases-count": {
        "value": 298.8888888888889
      },
      "UPDATE-virtualmachineinstances-count": {
        "value": 259.27155555555555,
        "thresholdResult": {
          "thresholdValue": 798.2666666666665,
          "thresholdMetric": "CREATE-pods-count",
          "thresholdRatio": 3.2479316296420024,
          "thresholdExceeded": false
        }
      },
      "WATCH-clusterrolebindings-count": {
        "value": 1.1111111111111112
      },
      "WATCH-configmaps-count": {
        "value": 7.777777777777779
      },
      "WATCH-customresourcedefinitions-count": {
        "value": 2.2222222222222223
      },
      "WATCH-jobs-count": {
        "value": 1.1111111111111112
      },
      "WATCH-kubevirts-count": {
        "value": 2.2222222222222223
      },
      "WATCH-namespaces-count": {
        "value": 1.1111111111111112
      },
      "WATCH-persistentvolumeclaims-count": {
        "value": 1.1111111111111112
      },
      "WATCH-pods-count": {
        "value": 1.1111111111111112
      },
      "WATCH-prometheusrules-count": {
        "value": 2.2222222222222223
      },
      "WATCH-rolebindings-count": {
        "value": 2.2222222222222223
      },
      "WATCH-roles-count": {
        "value": 1.1111111111111112
      },
      "WATCH-serviceaccounts-count": {
        "value": 1.1111111111111112
      },
      "WATCH-validatingadmissionpolicybindings-count": {
        "value": 1.1111111111111112
      },
      "WATCH-validatingwebhookconfigurations-count": {
        "value": 1.1111111111111112
      },
      "WATCH-virtualmachinebackuptrackers-count": {
        "value": 1.1111111111111112
      },
      "WATCH-virtualmachineclusterinstancetypes-count": {
        "value": 1.1111111111111112
      },
      "WATCH-virtualmachineclusterpreferences-count": {
        "value": 1.1111111111111112
      },
      "WATCH-virtualmachineinstances-count": {
        "value": 1.1111111111111112
      },
      "WATCH-virtualmachinepools-count": {
        "value": 1.1111111111111112
      },
      "avgVirtAPICPUUsage": {
        "value": 0.012401307407407407
      },
      "avgVirtAPIMemoryUsageInMB": {
        "value": 147.7568359375
      },
      "avgVirtControllerCPUUsage": {
        "value": 0.028366303703703705
      },
      "avgVirtControllerMemoryUsageInMB": {
        "value": 70.00234375
      },
      "avgVirtHandlerCPUUsage": {
        "value": 0.001012768142488513
      },
      "avgVirtHandlerMemoryUsageInMB": {
        "value": 75.3212890625
      },
      "maxVirtAPIMemoryUsageInMB": {
        "value": 180.67578125
      },
      "maxVirtControllerMemoryUsageInMB": {
        "value": 97.3203125
      },
      "maxVirtHandlerCPUUsage": {
        "value": 0.0010375324786324786
      },
      "maxVirtHandlerMemoryUsageInMB": {
        "value": 156.28515625
      },
      "minVirtAPIMemoryUsageInMB": {
        "value": 140.1484375
      },
      "minVirtControllerMemoryUsageInMB": {
        "value": 59.984375
      },
      "minVirtHandlerCPUUsage": {
        "value": 0.0009909149572649575
      },
      "minVirtHandlerMemoryUsageInMB": {
        "value": 13.296875
      },
      "running-phase-count": {
        "value": 101
      },
      "virtControllerWorkqueueAddRate": {
        "value": 16.681114074074074
      },
      "virtControllerWorkqueueDepth": {
        "value": 0
      },
      "virtControllerWorkqueueP99Latency": {
        "value": 0.06697091820033434
      },
      "vmiCreationToRunningSecondsP50": {
        "value": 0,
        "thresholdResult": {
          "thresholdValue": 45,
          "thresholdExceeded": false
        }
      },
      "vmiCreationToRunningSecondsP95": {
        "value": 0,
        "thresholdResult": {
          "thresholdValue": 60,
          "thresholdExceeded": false
        }
      },
      "vmiCreationToRunningSecondsP99": {
        "value": 0
      },
      "vmiDeletionToFailedSecondsP50": {
        "value": 0
      },
      "vmiDeletionToFailedSecondsP95": {
        "value": 0
      },
      "vmiDeletionToFailedSecondsP99": {
        "value": 0
      },
      "vmiDeletionToSucceededSecondsP50": {
        "value": 0
      },
      "vmiDeletionToSucceededSecondsP95": {
        "value": 0
      },
      "vmiDeletionToSucceededSecondsP99": {
        "value": 0
      }
    }
  },
  "VMResult": {
    "Values": {
      "CREATE-controllerrevisions-count": {
        "value": 156.10160000000002
      },
      "CREATE-events-count": {
        "value": 877.7761975484223
      },
      "CREATE-pods-count": {
        "value": 111.11111111111111
      },
      "CREATE-virtualmachineinstances-count": {
        "value": 156.10160000000002
      },
      "DELETE-pods-count": {
        "value": 139.73435190843935
      },
      "GET-leases-count": {
        "value": 192.21907417900886
      },
      "GET-mutatingwebhookconfigurations-count": {
        "value": 48.88834568504794
      },
      "LIST-configmaps-count": {
        "value": 1.1111111111111112
      },
      "LIST-nodes-count": {
        "value": 48.88834568504794
      },
      "LIST-virtualmachineclusterinstancetypes-count": {
        "value": 48.88834568504794
      },
      "LIST-virtualmachineclusterpreferences-count": {
        "value": 48.88834568504794
      },
      "PATCH-nodes-count": {
        "value": 22.222172840054863
      },
      "PATCH-pods-count": {
        "value": 220
      },
      "PATCH-services-count": {
        "value": 195.55338274019175
      },
      "PATCH-validatingadmissionpolicies-count": {
        "value": 48.88834568504794
      },
      "PATCH-validatingadmissionpolicybindings-count": {
        "value": 48.88834568504794
      },
      "PATCH-virtualmachineinstances-count": {
        "value": 195.587057922971,
        "thresholdResult": {
          "thresholdValue": 222.22222222222223,
          "thresholdMetric": "CREATE-pods-count",
          "thresholdRatio": 1.7602835213067392,
          "thresholdExceeded": false
        }
      },
      "PATCH-virtualmachines-count": {
        "value": 156.10160000000002
      },
      "UPDATE-configmaps-count": {
        "value": 48.88834568504794
      },
      "UPDATE-leases-count": {
        "value": 299.9983333518516
      },
      "UPDATE-virtualmachineinstances-count": {
        "value": 997.7764568048011,