{
  "JobDirCreationTime": "2023-06-03T05:07:12.444Z",
  "VMIResult": {
    "Values": {
      "CREATE-events-count": {
        "value": 696.4656055555555
      },
      "CREATE-pods-count": {
        "value": 102.77400000000002
      },
      "DELETE-pods-count": {
        "value": 103.2175
      },
      "GET-endpoints-count": {
        "value": 484.44444444444446
      },
      "GET-leases-count": {
        "value": 782.2222222222222
      },
      "GET-nodes-count": {
        "value": 13.333333333333334
      },
      "LIST-clusterrolebindings-count": {
        "value": 1.1111111111111112
      },
      "LIST-clusterroles-count": {
        "value": 2.2222222222222223
      },
      "LIST-configmaps-count": {
        "value": 11.11111111111111
      },
      "LIST-customresourcedefinitions-count": {
        "value": 6.666666666666666
      },
      "LIST-daemonsets-count": {
        "value": 2.2222222222222223
      },
      "LIST-deployments-count": {
        "value": 1.1111111111111112
      },
      "LIST-jobs-count": {
        "value": 1.1111111111111112
      },
      "LIST-kubevirts-count": {
        "value": 5.555555555555555
      },
      "LIST-mutatingwebhookconfigurations-count": {
        "value": 1.1111111111111112
      },
      "LIST-namespaces-count": {
        "value": 3.3333333333333335
      },
      "LIST-persistentvolumeclaims-count": {
        "value": 1.1111111111111112
      },
      "LIST-poddisruptionbudgets-count": {
        "value": 3.3333333333333335
      },
      "LIST-pods-count": {
        "value": 1.1111111111111112
      },
      "LIST-prometheusrules-count": {
        "value": 1.1111111111111112
      },
      "LIST-resourcequotas-count": {
        "value": 1.1111111111111112
      },
      "LIST-rolebindings-count": {
        "value": 2.2222222222222223
      },
      "LIST-roles-count": {
        "value": 2.2222222222222223
      },
      "LIST-routes-count": {
        "value": 3.3333333333333335
      },
      "LIST-secrets-count": {
        "value": 2.2222222222222223
      },
      "LIST-securitycontextconstraints-count": {
        "value": 1.1111111111111112
      },
      "LIST-serviceaccounts-count": {
        "value": 2.2222222222222223
      },
      "LIST-servicemonitors-count": {
        "value": 2.2222222222222223
      },
      "LIST-services-count": {
        "value": 3.3333333333333335
      },
      "LIST-storageclasses-count": {
        "value": 1.1111111111111112
      },
      "LIST-validatingwebhookconfigurations-count": {
        "value": 2.2222222222222223
      },
      "LIST-virtualmachineclusterpreferences-count": {
        "value": 1.1111111111111112
      },
      "LIST-virtualmachineinstancemigrations-count": {
        "value": 1.1111111111111112
      },
      "LIST-virtualmachineinstancepresets-count": {
        "value": 1.1111111111111112
      },
      "LIST-virtualmachineinstances-count": {
        "value": 6.666666666666667
      },
      "LIST-virtualmachineinstancetypes-count": {
        "value": 1.1111111111111112
      },
      "LIST-virtualmachinepreferences-count": {
        "value": 1.1111111111111112
      },
      "LIST-virtualmachinerestores-count": {
        "value": 2.2222222222222223
      },
      "LIST-virtualmachinesnapshotcontents-count": {
        "value": 1.1111111111111112
      },
      "LIST-virtualmachinesnapshots-count": {
        "value": 1.1111111111111112
      },
      "LIST-volumesnapshots-count": {
        "value": 1.1111111111111112
      },
      "PATCH-events-count": {
        "value": 51.605158333333335
      },
      "PATCH-nodes-count": {
        "value": 10
      },
      "PATCH-pods-count": {
        "value": 205.56574
      },
      "PATCH-virtualmachineinstances-count": {
        "value": 206.435
      },
      "UPDATE-endpoints-count": {
        "value": 297.77777777777777
      },
      "UPDATE-leases-count": {
        "value": 297.77777777777777
      },
      "UPDATE-virtualmachineinstances-count": {
        "value": 1064.29963
      },
      "vmiCreationToRunningSecondsP50": {
        "value": 44.4713404497688
      },
      "vmiCreationToRunningSecondsP95": {
        "value": 56.39363192631958
      },
      "vmiCreationToRunningSecondsP99": {
        "value": 59.27872638526391
      },
      "vmiDeletionToFailedSecondsP50": {
        "value": 0
      },
      "vmiDeletionToFailedSecondsP95": {
        "value": 0
      },
      "vmiDeletionToFailedSecondsP99": {
        "value": 0
      },
      "vmiDeletionToSucceededSecondsP50": {
        "value": 0.8026516179101608
      },
      "vmiDeletionToSucceededSecondsP95": {
        "value": 14.951084696847406
      },
      "vmiDeletionToSucceededSecondsP99": {
        "value": 18.990216939369475
      }
    }
  },
  "VMResult": null
}
