{
  "JobDirCreationTime": "2025-07-04T16:22:07.183Z",
  "VMIResult": {
    "Values": {
      "CREATE-events-count": {
        "value": 170.42797222222222
      },
      "CREATE-pods-count": {
        "value": 132.26111111111112
      },
      "CREATE-virtualmachineclusterinstancetypes-count": {
        "value": 22.875647905868234
      },
      "GET-leases-count": {
        "value": 136.09041428571427
      },
      "GET-nodes-count": {
        "value": 24.235911904761906
      },
      "LIST-nodes-count": {
        "value": 36.60294036615804
      },
      "LIST-resourceclaims-count": {
        "value": 6.198194444444444
      },
      "LIST-resourceslices-count": {
        "value": 6.198194444444444
      },
      "LIST-virtualmachineclusterinstancetypes-count": {
        "value": 31.153854944929357
      },
      "LIST-virtualmachineclusterpreferences-count": {
        "value": 31.153854944929357
      },
      "PATCH-nodes-count": {
        "value": 5.718245238095239
      },
      "PATCH-pods-count": {
        "value": 396.78333333333336
      },
      "PATCH-services-count": {
        "value": 146.41176146463215
      },
      "PATCH-validatingadmissionpolicies-count": {
        "value": 36.60294036615804
      },
      "PATCH-validatingadmissionpolicybindings-count": {
        "value": 36.60294036615804
      },
      "PATCH-virtualmachineinstances-count": {
        "value": 25.97158333333334,
        "thresholdResult": {
          "thresholdValue": 264.52222222222224,
          "thresholdMetric": "CREATE-pods-count",
          "thresholdRatio": 0.19636598479438824,
          "thresholdExceeded": true
        }
      },
      "UPDATE-configmaps-count": {
        "value": 36.60294036615804
      },
      "UPDATE-kubevirts-count": {
        "value": 1.0765570695928834
      },
      "UPDATE-leases-count": {
        "value": 223.10599230725276
      },
      "UPDATE-virtualmachineinstances-count": {
        "value": 681.6672666666668,
        "thresholdResult": {
          "thresholdValue": 1322.6111111111113,
          "thresholdMetric": "CREATE-pods-count",
          "thresholdRatio": 5.153950854790609,
          "thresholdExceeded": false
        }
      },
      "avgVirtAPICPUUsage": {
        "value": 0.009214115065277775
      },
      "avgVirtAPIMemoryUsageInMB": {
        "value": 128.4619140625
      },
      "avgVirtControllerCPUUsage": {
        "value": 0.023495209844444444
      },
      "avgVirtControllerMemoryUsageInMB": {
        "value": 57.03949652777777
      },
      "avgVirtHandlerCPUUsage": {
        "value": 0.0008650216017335994
      },
      "avgVirtHandlerMemoryUsageInMB": {
        "value": 10.963144122558337
      },
      "maxVirtAPIMemoryUsageInMB": {
        "value": 163.0390625
      },
      "maxVirtControllerMemoryUsageInMB": {
        "value": 86.1640625
      },
      "maxVirtHandlerCPUUsage": {
        "value": 0.0009101572762545788
      },
      "maxVirtHandlerMemoryUsageInMB": {
        "value": 26.559963942307693
      },
      "minVirtAPIMemoryUsageInMB": {
        "value": 0
      },
      "minVirtControllerMemoryUsageInMB": {
        "value": 0
      },
      "minVirtHandlerCPUUsage": {
        "value": 0.0008063029985809178
      },
      "minVirtHandlerMemoryUsageInMB": {
        "value": 4.4115467900815215
      },
      "none-none-count": {
        "value": 2.439866666666666
      },
      "running-phase-count": {
        "value": 101
      },
      "vmiCreationToRunningSecondsP50": {
        "value": 15.20022759202961,
        "thresholdResult": {
          "thresholdValue": 45,
          "thresholdExceeded": false
        }
      },
      "vmiCreationToRunningSecondsP95": {
        "value": 19.880432424856252,
        "thresholdResult": {
          "thresholdValue": 60,
          "thresholdExceeded": false
        }
      },
      "vmiCreationToRunningSecondsP99": {
        "value": 27.402841666666696
      },
      "vmiDeletionToFailedSecondsP50": {
        "value": 0
      },
      "vmiDeletionToFailedSecondsP95": {
        "value": 0
      },
      "vmiDeletionToFailedSecondsP99": {
        "value": 0
      },
      "vmiDeletionToSucceededSecondsP50": {
        "value": 0
      },
      "vmiDeletionToSucceededSecondsP95": {
        "value": 0
      },
      "vmiDeletionToSucceededSecondsP99": {
        "value": 0
      }
    }
  },
  "VMResult": {
    "Values": {
      "CREATE-events-count": {
        "value": 812.2146667755812
      },
      "CREATE-pods-count": {
        "value": 111.10987655692715
      },
      "GET-leases-count": {
        "value": 188.8888888888889
      },
      "GET-nodes-count": {
        "value": 17.777641977914897
      },
      "LIST-nodes-count": {
        "value": 48.88888888888889
      },
      "LIST-resourceclaims-count": {
        "value": 6.666592593415629
      },
      "LIST-resourceslices-count": {
        "value": 6.666592593415629
      },
      "LIST-virtualmachineclusterinstancetypes-count": {
        "value": 48.88888888888889
      },
      "LIST-virtualmachineclusterpreferences-count": {
        "value": 48.88888888888889
      },
      "PATCH-nodes-count": {
        "value": 13.333234569821634
      },
      "PATCH-pods-count": {
        "value": 335.55182720192
      },
      "PATCH-services-count": {
        "value": 195.55555555555557
      },
      "PATCH-validatingadmissionpolicies-count": {
        "value": 48.88888888888889
      },
      "PATCH-validatingadmissionpolicybindings-count": {
        "value": 48.88888888888889
      },
      "PATCH-virtualmachineinstances-count": {
        "value": 137.77624693058965,
        "thresholdResult": {
          "thresholdValue": 222.2197531138543,
          "thresholdMetric": "CREATE-pods-count",
          "thresholdRatio": 1.24,
          "thresholdExceeded": false
        }
      },
      "UPDATE-configmaps-count": {
        "value": 48.88888888888889
      },
      "UPDATE-leases-count": {
        "value": 297.7761234751713
      },
      "UPDATE-virtualmachineinstances-count": {
        "value": 889.9916914646076,
        "thresholdResult": {
          "thresholdValue": 1111.0987655692716,
          "thresholdMetric": "CREATE-pods-count",
          "thresholdRatio": 8.010014222350614,
          "thresholdExceeded": false
        }
      },
      "WATCH-cdiconfigs-count": {
        "value": 1.1110987655692715
      },
      "WATCH-cdis-count": {
        "value": 1.1110987655692715
      },
      "WATCH-clusterrolebindings-count": {
        "value": 2.2222222222222223
      },
      "WATCH-configmaps-count": {
        "value": 13.333308642249655
      },
      "WATCH-customresourcedefinitions-count": {
        "value": 9.99996296364882
      },
      "WATCH-daemonsets-count": {
        "value": 2.2222222222222223
      },
      "WATCH-datasources-count": {
        "value": 3.333320987791494
      },
      "WATCH-datavolumes-count": {
        "value": 1.1110987655692715
      },
      "WATCH-deployments-count": {
        "value": 1.1111111111111112
      },
      "WATCH-jobs-count": {
        "value": 1.1111111111111112
      },
      "WATCH-kubevirts-count": {
        "value": 9.99996296364882
      },
      "WATCH-migrationpolicies-count": {
        "value": 1.1110987655692715
      },
      "WATCH-mutatingwebhookconfigurations-count": {
        "value": 1.1111111111111112
      },
      "WATCH-namespaces-count": {
        "value": 3.3333209877914936
      },
      "WATCH-nodes-count": {
        "value": 1.1110987655692715
      },
      "WATCH-persistentvolumeclaims-count": {
        "value": 1.1110987655692715
      },
      "WATCH-poddisruptionbudgets-count": {
        "value": 3.3333209877914936
      },
      "WATCH-pods-count": {
        "value": 3.333308642249654
      },
      "WATCH-prometheusrules-count": {
        "value": 2.2222222222222223
      },
      "WATCH-rolebindings-count": {
        "value": 1.1111111111111112
      },