{
  "JobDirCreationTime": "2024-07-15T00:16:08.687Z",
  "VMIResult": {
    "Values": {
      "CREATE-events-count": {
        "value": 119.44451666666667
      },
      "CREATE-pods-count": {
        "value": 104.80288888888889
      },
      "DELETE-virtualmachineclusterinstancetypes-count": {
        "value": 3.8613337888737047
      },
      "DELETE-virtualmachineclusterpreferences-count": {
        "value": 3.8613337888737047
      },
      "GET-leases-count": {
        "value": 110.39408666666668
      },
      "GET-nodes-count": {
        "value": 29.79932
      },
      "LIST-nodes-count": {
        "value": 6.1484493746833415
      },
      "LIST-virtualmachineclusterinstancetypes-count": {
        "value": 3.8613337888737047
      },
      "LIST-virtualmachineclusterpreferences-count": {
        "value": 3.8613337888737047
      },
      "PATCH-nodes-count": {
        "value": 4.966553333333334
      },
      "PATCH-pods-count": {
        "value": 175.42677777777777
      },
      "PATCH-services-count": {
        "value": 24.593797498733366
      },
      "PATCH-virtualmachineinstances-count": {
        "value": 23.381333333333334,
        "thresholdResult": {
          "thresholdValue": 209.60577777777777,
          "thresholdMetric": "CREATE-pods-count",
          "thresholdRatio": 0.22309817583484765,
          "thresholdExceeded": true
        }
      },
      "UPDATE-kubevirts-count": {
        "value": 1.2296898749366683
      },
      "UPDATE-leases-count": {
        "value": 186.19174062025013
      },
      "UPDATE-virtualmachineinstances-count": {
        "value": 521.5475666666666,
        "thresholdResult": {
          "thresholdValue": 1048.0288888888888,
          "thresholdMetric": "CREATE-pods-count",
          "thresholdRatio": 4.976461738756141,
          "thresholdExceeded": false
        }
      },
      "avgVirtAPICPUUsage": {
        "value": 0.0185501745055
      },
      "avgVirtAPIMemoryUsageInMB": {
        "value": 126.29058159722223
      },
      "avgVirtControllerCPUUsage": {
        "value": 0.0088329058965
      },
      "avgVirtControllerMemoryUsageInMB": {
        "value": 57.86572265625
      },
      "maxVirtAPIMemoryUsageInMB": {
        "value": 163.21875
      },
      "maxVirtControllerMemoryUsageInMB": {
        "value": 87.9453125
      },
      "minVirtAPIMemoryUsageInMB": {
        "value": 0.01171875
      },
      "minVirtControllerMemoryUsageInMB": {
        "value": 0.01953125
      },
      "none-none-count": {
        "value": 1.2595333333333334
      },
      "pending-phase-count": {
        "value": 2
      },
      "running-phase-count": {
        "value": 18
      },
      "scheduled-phase-count": {
        "value": 38
      },
      "scheduling-phase-count": {
        "value": 26
      },
      "vmiCreationToRunningSecondsP50": {
        "value": 14.700865362682482,
        "thresholdResult": {
          "thresholdValue": 45,
          "thresholdExceeded": false
        }
      },
      "vmiCreationToRunningSecondsP95": {
        "value": 19.470086536268248,
        "thresholdResult": {
          "thresholdValue": 60,
          "thresholdExceeded": false
        }
      },
      "vmiCreationToRunningSecondsP99": {
        "value": 19.89401730725365
      },
      "vmiDeletionToFailedSecondsP50": {
        "value": 0
      },
      "vmiDeletionToFailedSecondsP95": {
        "value": 0
      },
      "vmiDeletionToFailedSecondsP99": {
        "value": 0
      },
      "vmiDeletionToSucceededSecondsP50": {
        "value": 0
      },
      "vmiDeletionToSucceededSecondsP95": {
        "value": 0
      },
      "vmiDeletionToSucceededSecondsP99": {
        "value": 0
      }
    }
  },
  "VMResult": {
    "Values": {
      "CREATE-events-count": {
        "value": 675.5534403448864
      },
      "CREATE-pods-count": {
        "value": 86.66602469611337
      },
      "GET-leases-count": {
        "value": 182.22222222222223
      },
      "GET-nodes-count": {
        "value": 33.333333333333336
      },
      "LIST-cdiconfigs-count": {
        "value": 1.111102880719402
      },
      "LIST-cdis-count": {
        "value": 1.111102880719402
      },
      "LIST-clusterroles-count": {
        "value": 2.2222222222222223
      },
      "LIST-configmaps-count": {
        "value": 16.666650205883247
      },
      "LIST-customresourcedefinitions-count": {
        "value": 8.888888888888888
      },
      "LIST-daemonsets-count": {
        "value": 2.2222222222222223
      },
      "LIST-datasources-count": {
        "value": 3.3333251029416244
      },
      "LIST-datavolumes-count": {
        "value": 1.111102880719402
      },
      "LIST-deployments-count": {
        "value": 1.1111111111111112
      },
      "LIST-ingresses-count": {
        "value": 1.111102880719402
      },
      "LIST-jobs-count": {
        "value": 2.2222222222222223
      },
      "LIST-kubevirts-count": {
        "value": 9.99999176960829
      },
      "LIST-migrationpolicies-count": {
        "value": 1.111102880719402
      },
      "LIST-mutatingwebhookconfigurations-count": {
        "value": 2.2222222222222223
      },
      "LIST-namespaces-count": {
        "value": 5.555547325163847
      },
      "LIST-nodes-count": {
        "value": 1.111102880719402
      },
      "LIST-persistentvolumeclaims-count": {
        "value": 1.111102880719402
      },
      "LIST-poddisruptionbudgets-count": {
        "value": 3.3333251029416244
      },
      "LIST-pods-count": {
        "value": 4.4444279836610265
      },
      "LIST-prometheusrules-count": {
        "value": 1.1111111111111112
      },
      "LIST-resourcequotas-count": {
        "value": 1.111102880719402
      },
      "LIST-rolebindings-count": {
        "value": 1.1111111111111112
      },
      "LIST-roles-count": {
        "value": 1.1111111111111112
      },
      "LIST-secrets-count": {
        "value": 2.2222139918305133
      },
      "LIST-serviceaccounts-count": {
        "value": 2.2222222222222223
      },
      "LIST-servicemonitors-count": {
        "value": 2.2222222222222223
      },
      "LIST-services-count": {
        "value": 2.2222222222222223
      },
      "LIST-storageclasses-count": {
        "value": 1.111102880719402
      },
      "LIST-validatingwebhookconfigurations-count": {
        "value": 2.2222222222222223
      },
      "LIST-virtualmachineclones-count": {
        "value": 1.111102880719402
      },
      "LIST-virtualmachineclusterinstancetypes-count": {
        "value": 1.111102880719402
      },
      "LIST-virtualmachineclusterpreferences-count": {
        "value": 1.111102880719402
      },
      "LIST-virtualmachineinstancemigrations-count": {
        "value": 1.111102880719402
      },
      "LIST-virtualmachineinstancepresets-count": {
        "value": 2.2222222222222223
      },
      "LIST-virtualmachineinstancereplicasets-count": {
        "value": 1.111102880719402
      },
      "LIST-virtualmachineinstances-count": {
        "value": 8.888880658497179
      },
      "LIST-virtualmachineinstancetypes-count": {
        "value": 1.111102880719402
      },
      "LIST-virtualmachinepools-count": {
        "value": 1.111102880719402
      },
      "LIST-virtualmachinepreferences-count": {
        "value": 1.111102880719402
      },
      "LIST-virtualmachinerestores-count": {
        "value": 3.3333251029416244
      },
      "LIST-virtualmachines-count": {
        "value": 1.111102880719402
      },
      "LIST-virtualmachinesnapshotcontents-count": {
        "value": 1.111102880719402
      },
      "LIST-virtualmachinesnapshots-count": {
        "value": 1.111102880719402
      },
      "PATCH-nodes-count": {
        "value": 14.444444444444446
      },
      "PATCH-pods-count": {
        "value": 184.44307819942077
      },
      "PATCH-virtualmachineinstances-count": {
        "value": 131.11013992488944,
        "thresholdResult": {
          "thresholdValue": 173.33204939222674,