{
  "JobDirCreationTime": "2026-02-20T00:24:04.816Z",
  "VMIResult": {
    "Values": {
      "CREATE-events-count": {
        "value": 157.9654223207322
      },
      "CREATE-pods-count": {
        "value": 117.4565118371791
      },
      "GET-leases-count": {
        "value": 109.67307536755932
      },
      "LIST-nodes-count": {
        "value": 27.627666666666666
      },
      "LIST-virtualmachineclusterinstancetypes-count": {
        "value": 27.627666666666666
      },
      "LIST-virtualmachineclusterpreferences-count": {
        "value": 27.627666666666666
      },
      "PATCH-nodes-count": {
        "value": 8.174889502477612
      },
      "PATCH-pods-count": {
        "value": 198.81150500483264
      },
      "PATCH-services-count": {
        "value": 110.51066666666667
      },
      "PATCH-validatingadmissionpolicies-count": {
        "value": 27.627666666666666
      },
      "PATCH-validatingadmissionpolicybindings-count": {
        "value": 27.627666666666666
      },
      "PATCH-virtualmachineinstances-count": {
        "value": 41.75977914301268,
        "thresholdResult": {
          "thresholdValue": 234.9130236743582,
          "thresholdMetric": "CREATE-pods-count",
          "thresholdRatio": 0.35553396307989327,
          "thresholdExceeded": true
        }
      },
      "UPDATE-configmaps-count": {
        "value": 27.627666666666666
      },
      "UPDATE-leases-count": {
        "value": 172.78885815895956
      },
      "UPDATE-virtualmachineinstances-count": {
        "value": 513.1397286791907,
        "thresholdResult": {
          "thresholdValue": 1174.565118371791,
          "thresholdMetric": "CREATE-pods-count",
          "thresholdRatio": 4.368763558980167,
          "thresholdExceeded": false
        }
      },
      "avgVirtAPICPUUsage": {
        "value": 0.00941912100925397
      },
      "avgVirtAPIMemoryUsageInMB": {
        "value": 132.55902777777777
      },
      "avgVirtControllerCPUUsage": {
        "value": 0.02383044551681482
      },
      "avgVirtControllerMemoryUsageInMB": {
        "value": 59.7421875
      },
      "avgVirtHandlerCPUUsage": {
        "value": 0.0009072226721970967
      },
      "avgVirtHandlerMemoryUsageInMB": {
        "value": 10.620484418090687
      },
      "maxVirtAPIMemoryUsageInMB": {
        "value": 166.498046875
      },
      "maxVirtControllerMemoryUsageInMB": {
        "value": 91.80078125
      },
      "maxVirtHandlerCPUUsage": {
        "value": 0.0010430366055037214
      },
      "maxVirtHandlerMemoryUsageInMB": {
        "value": 28.08592010374494
      },
      "minVirtAPIMemoryUsageInMB": {
        "value": 0
      },
      "minVirtControllerMemoryUsageInMB": {
        "value": 0
      },
      "minVirtHandlerCPUUsage": {
        "value": 0.0007855449560639732
      },
      "minVirtHandlerMemoryUsageInMB": {
        "value": 3.999348958333333
      },
      "running-phase-count": {
        "value": 101
      },
      "virtControllerWorkqueueAddRate": {
        "value": 16.478265041589818
      },
      "virtControllerWorkqueueDepth": {
        "value": 0
      },
      "virtControllerWorkqueueP99Latency": {
        "value": 0.06868308086314112
      },
      "vmiCreationToRunningSecondsP50": {
        "value": 15.273336711480425,
        "thresholdResult": {
          "thresholdValue": 45,
          "thresholdExceeded": false
        }
      },
      "vmiCreationToRunningSecondsP95": {
        "value": 20.35377157550589,
        "thresholdResult": {
          "thresholdValue": 60,
          "thresholdExceeded": false
        }
      },
      "vmiCreationToRunningSecondsP99": {
        "value": 28.07075431510119
      },
      "vmiDeletionToFailedSecondsP50": {
        "value": 0
      },
      "vmiDeletionToFailedSecondsP95": {
        "value": 0
      },
      "vmiDeletionToFailedSecondsP99": {
        "value": 0
      },
      "vmiDeletionToSucceededSecondsP50": {
        "value": 0
      },
      "vmiDeletionToSucceededSecondsP95": {
        "value": 0
      },
      "vmiDeletionToSucceededSecondsP99": {
        "value": 0
      }
    }
  },
  "VMResult": {
    "Values": {
      "CREATE-events-count": {
        "value": 823.3264239779132
      },
      "CREATE-pods-count": {
        "value": 111.1094650449623
      },
      "GET-leases-count": {
        "value": 186.66666666666669
      },
      "LIST-nodes-count": {
        "value": 50
      },
      "LIST-virtualmachineclusterinstancetypes-count": {
        "value": 50
      },
      "LIST-virtualmachineclusterpreferences-count": {
        "value": 50
      },
      "PATCH-nodes-count": {
        "value": 23.333230454580058
      },
      "PATCH-pods-count": {
        "value": 191.10827987733518
      },
      "PATCH-services-count": {
        "value": 200
      },
      "PATCH-validatingadmissionpolicies-count": {
        "value": 50
      },
      "PATCH-validatingadmissionpolicybindings-count": {
        "value": 50
      },
      "PATCH-virtualmachineinstances-count": {
        "value": 156.66434571339684,
        "thresholdResult": {
          "thresholdValue": 222.2189300899246,
          "thresholdMetric": "CREATE-pods-count",
          "thresholdRatio": 1.41,
          "thresholdExceeded": false
        }
      },
      "UPDATE-configmaps-count": {
        "value": 50
      },
      "UPDATE-leases-count": {
        "value": 298.886666699588
      },
      "UPDATE-virtualmachineinstances-count": {
        "value": 902.2131729795893,
        "thresholdResult": {
          "thresholdValue": 1111.094650449623,
          "thresholdMetric": "CREATE-pods-count",
          "thresholdRatio": 8.120038851906035,
          "thresholdExceeded": false
        }
      },
      "WATCH-cdiconfigs-count": {
        "value": 1.111094650449623
      },
      "WATCH-cdis-count": {
        "value": 1.111094650449623
      },
      "WATCH-clusterrolebindings-count": {
        "value": 2.2222222222222223
      },
      "WATCH-clusterroles-count": {
        "value": 2.2222222222222223
      },
      "WATCH-configmaps-count": {
        "value": 13.33329629692119
      },
      "WATCH-controllerrevisions-count": {
        "value": 1.111094650449623
      },
      "WATCH-customresourcedefinitions-count": {
        "value": 11.111074074698967
      },
      "WATCH-daemonsets-count": {
        "value": 1.1111111111111112
      },
      "WATCH-datasources-count": {
        "value": 3.3333168726718454
      },
      "WATCH-datavolumes-count": {
        "value": 1.111094650449623
      },
      "WATCH-deployments-count": {
        "value": 1.1111111111111112
      },
      "WATCH-ingresses-count": {
        "value": 1.111094650449623
      },
      "WATCH-jobs-count": {
        "value": 1.1111111111111112
      },
      "WATCH-kubevirts-count": {
        "value": 9.999962963587857
      },
      "WATCH-leases-count": {
        "value": 2.2222222222222223
      },
      "WATCH-mutatingwebhookconfigurations-count": {
        "value": 2.2222222222222223
      },
      "WATCH-namespaces-count": {
        "value": 2.2222057615607342
      },
      "WATCH-nodes-count": {
        "value": 5.555518519143412
      },
      "WATCH-persistentvolumeclaims-count": {
        "value": 1.111094650449623
      },
      "WATCH-poddisruptionbudgets-count": {
        "value": 2.2222057615607342
      },
      "WATCH-pods-count": {
        "value": 3.3333004120103573
      },
      "WATCH-resourcequotas-count": {
        "value": 1.111094650449623
      },
      "WATCH-rolebindings-count": {
        "value": 2.2222222222222223
      },
      "WATCH-secrets-count": {
        "value": 1.111094650449623
      },
      "WATCH-serviceaccounts-count": {
        "value": 2.2222222222222223
      },
      "WATCH-servicemonitors-count": {
        "value": 2.2222222222222223
      },
      "WATCH-services-count": {
        "value": 3.3333168726718454
      },
      "WATCH-storageclasses-count": {
        "value": 1.111094650449623
      },