{
  "JobDirCreationTime": "2024-10-15T08:22:38.792Z",
  "VMIResult": {
    "Values": {
      "CREATE-events-count": {
        "value": 192.86815925925924
      },
      "CREATE-pods-count": {
        "value": 104.05166666666668
      },
      "GET-leases-count": {
        "value": 186.66666666666669
      },
      "GET-nodes-count": {
        "value": 32.22222222222222
      },
      "LIST-nodes-count": {
        "value": 1.1111111111111112
      },
      "LIST-virtualmachineclusterinstancetypes-count": {
        "value": 1.1111111111111112
      },
      "LIST-virtualmachineclusterpreferences-count": {
        "value": 1.1111111111111112
      },
      "PATCH-nodes-count": {
        "value": 12.222222222222223
      },
      "PATCH-pods-count": {
        "value": 211.3474666666667
      },
      "PATCH-services-count": {
        "value": 4.444444444444445
      },
      "PATCH-virtualmachineinstances-count": {
        "value": 105.0688888888889,
        "thresholdResult": {
          "thresholdValue": 208.10333333333335,
          "thresholdMetric": "CREATE-pods-count",
          "thresholdRatio": 1.0097761261766325,
          "thresholdExceeded": false
        }
      },
      "UPDATE-leases-count": {
        "value": 298.8888888888889
      },
      "UPDATE-virtualmachineinstances-count": {
        "value": 653.1534666666666,
        "thresholdResult": {
          "thresholdValue": 1040.5166666666669,
          "thresholdMetric": "CREATE-pods-count",
          "thresholdRatio": 6.277203312456952,
          "thresholdExceeded": false
        }
      },
      "WATCH-clusterrolebindings-count": {
        "value": 1.1111111111111112
      },
      "WATCH-clusterroles-count": {
        "value": 1.1111111111111112
      },
      "WATCH-configmaps-count": {
        "value": 5.555555555555555
      },
      "WATCH-customresourcedefinitions-count": {
        "value": 3.3333333333333335
      },
      "WATCH-datavolumes-count": {
        "value": 1.1111111111111112
      },
      "WATCH-deployments-count": {
        "value": 1.1111111111111112
      },
      "WATCH-kubevirts-count": {
        "value": 1.1111111111111112
      },
      "WATCH-mutatingwebhookconfigurations-count": {
        "value": 2.2222222222222223
      },
      "WATCH-nodes-count": {
        "value": 1.1111111111111112
      },
      "WATCH-poddisruptionbudgets-count": {
        "value": 1.1111111111111112
      },
      "WATCH-pods-count": {
        "value": 1.1111111111111112
      },
      "WATCH-prometheusrules-count": {
        "value": 1.1111111111111112
      },
      "WATCH-rolebindings-count": {
        "value": 1.1111111111111112
      },
      "WATCH-roles-count": {
        "value": 1.1111111111111112
      },
      "WATCH-secrets-count": {
        "value": 1.1111111111111112
      },
      "WATCH-serviceaccounts-count": {
        "value": 1.1111111111111112
      },
      "WATCH-servicemonitors-count": {
        "value": 2.2222222222222223
      },
      "WATCH-services-count": {
        "value": 1.1111111111111112
      },
      "WATCH-validatingwebhookconfigurations-count": {
        "value": 2.2222222222222223
      },
      "WATCH-virtualmachineclusterinstancetypes-count": {
        "value": 1.1111111111111112
      },
      "WATCH-virtualmachineclusterpreferences-count": {
        "value": 2.2222222222222223
      },
      "WATCH-virtualmachineinstancepresets-count": {
        "value": 1.1111111111111112
      },
      "WATCH-virtualmachineinstancereplicasets-count": {
        "value": 1.1111111111111112
      },
      "WATCH-virtualmachinerestores-count": {
        "value": 1.1111111111111112
      },
      "avgVirtAPICPUUsage": {
        "value": 0.010202838888888892
      },
      "avgVirtAPIMemoryUsageInMB": {
        "value": 137.8826171875
      },
      "avgVirtControllerCPUUsage": {
        "value": 0.011599403703703704
      },
      "avgVirtControllerMemoryUsageInMB": {
        "value": 63.411328125000004
      },
      "maxVirtAPIMemoryUsageInMB": {
        "value": 148.62890625
      },
      "maxVirtControllerMemoryUsageInMB": {
        "value": 85.9921875
      },
      "minVirtAPIMemoryUsageInMB": {
        "value": 121.45703125
      },
      "minVirtControllerMemoryUsageInMB": {
        "value": 54.26171875
      },
      "running-phase-count": {
        "value": 101
      },
      "vmiCreationToRunningSecondsP50": {
        "value": 15.153122314095345,
        "thresholdResult": {
          "thresholdValue": 45,
          "thresholdExceeded": false
        }
      },
      "vmiCreationToRunningSecondsP95": {
        "value": 19.79093239678115,
        "thresholdResult": {
          "thresholdValue": 60,
          "thresholdExceeded": false
        }
      },
      "vmiCreationToRunningSecondsP99": {
        "value": 26.634636601111822
      },
      "vmiDeletionToFailedSecondsP50": {
        "value": 0
      },
      "vmiDeletionToFailedSecondsP95": {
        "value": 0
      },
      "vmiDeletionToFailedSecondsP99": {
        "value": 0
      },
      "vmiDeletionToSucceededSecondsP50": {
        "value": 0
      },
      "vmiDeletionToSucceededSecondsP95": {
        "value": 0
      },
      "vmiDeletionToSucceededSecondsP99": {
        "value": 0
      }
    }
  },
  "VMResult": {
    "Values": {
      "CREATE-events-count": {
        "value": 731.0986876506306
      },
      "CREATE-pods-count": {
        "value": 88.8872428288365
      },
      "GET-leases-count": {
        "value": 185.55555555555554
      },
      "GET-nodes-count": {
        "value": 28.888399198825304
      },
      "PATCH-nodes-count": {
        "value": 12.222012355052115
      },
      "PATCH-pods-count": {
        "value": 173.3301235162312
      },
      "PATCH-virtualmachineinstances-count": {
        "value": 115.55341567748746,
        "thresholdResult": {
          "thresholdValue": 177.774485657673,
          "thresholdMetric": "CREATE-pods-count",
          "thresholdRatio": 1.3,
          "thresholdExceeded": false
        }
      },
      "UPDATE-leases-count": {
        "value": 299.9972222736616
      },
      "UPDATE-virtualmachineinstances-count": {
        "value": 792.2083419294645,
        "thresholdResult": {
          "thresholdValue": 888.8724282883651,
          "thresholdMetric": "CREATE-pods-count",
          "thresholdRatio": 8.912508890111043,
          "thresholdExceeded": false
        }
      },
      "WATCH-cdiconfigs-count": {
        "value": 1.1110905353604563
      },
      "WATCH-cdis-count": {
        "value": 1.1110905353604563
      },
      "WATCH-clusterroles-count": {
        "value": 2.2222222222222223
      },
      "WATCH-configmaps-count": {
        "value": 8.888876543347049
      },
      "WATCH-controllerrevisions-count": {
        "value": 1.1110905353604563
      },
      "WATCH-customresourcedefinitions-count": {
        "value": 5.555543210013716
      },
      "WATCH-daemonsets-count": {
        "value": 2.2222222222222223
      },
      "WATCH-datasources-count": {
        "value": 2.2222016464715675
      },
      "WATCH-datavolumes-count": {
        "value": 1.1111111111111112
      },
      "WATCH-deployments-count": {
        "value": 1.1111111111111112
      },
      "WATCH-kubevirts-count": {
        "value": 4.444423868693789
      },
      "WATCH-migrationpolicies-count": {
        "value": 1.1110905353604563
      },
      "WATCH-mutatingwebhookconfigurations-count": {
        "value": 2.2222222222222223
      },
      "WATCH-namespaces-count": {
        "value": 4.444423868693789
      },
      "WATCH-poddisruptionbudgets-count": {
        "value": 2.2222016464715675
      },
      "WATCH-pods-count": {
        "value": 4.444403292943135
      },
      "WATCH-prometheusrules-count": {
        "value": 1.1111111111111112
      },
      "WATCH-resourcequotas-count": {
        "value": 1.1110905353604563
      },
      "WATCH-rolebindings-count": {
        "value": 1.1111111111111112
      },