{
  "JobDirCreationTime": "2022-10-01T05:10:18.59Z",
  "VMIResult": {
    "Values": {
      "CREATE-events-count": {
        "value": 727.6782433333333
      },
      "CREATE-pods-count": {
        "value": 104.945
      },
      "DELETE-pods-count": {
        "value": 105.30363636363637
      },
      "GET-configmaps-count": {
        "value": 1.0333333333333334
      },
      "GET-endpoints-count": {
        "value": 656.6833333333334
      },
      "GET-nodes-count": {
        "value": 13.777777777777779
      },
      "LIST-clusterrolebindings-count": {
        "value": 2.066666666666667
      },
      "LIST-clusterroles-count": {
        "value": 2.066666666666667
      },
      "LIST-configmaps-count": {
        "value": 15.930555555555557
      },
      "LIST-controllerrevisions-count": {
        "value": 1.1194444444444445
      },
      "LIST-customresourcedefinitions-count": {
        "value": 11.71111111111111
      },
      "LIST-daemonsets-count": {
        "value": 2.066666666666667
      },
      "LIST-deployments-count": {
        "value": 2.066666666666667
      },
      "LIST-ingresses-count": {
        "value": 1.1194444444444445
      },
      "LIST-jobs-count": {
        "value": 2.066666666666667
      },
      "LIST-kubevirts-count": {
        "value": 8.525
      },
      "LIST-limitranges-count": {
        "value": 2.1527777777777777
      },
      "LIST-migrationpolicies-count": {
        "value": 1.1194444444444445
      },
      "LIST-mutatingwebhookconfigurations-count": {
        "value": 2.066666666666667
      },
      "LIST-namespaces-count": {
        "value": 3.186111111111111
      },
      "LIST-nodes-count": {
        "value": 1.1194444444444445
      },
      "LIST-persistentvolumeclaims-count": {
        "value": 1.1194444444444445
      },
      "LIST-poddisruptionbudgets-count": {
        "value": 3.186111111111111
      },
      "LIST-pods-count": {
        "value": 4.305555555555555
      },
      "LIST-prometheusrules-count": {
        "value": 2.066666666666667
      },
      "LIST-rolebindings-count": {
        "value": 2.066666666666667
      },
      "LIST-roles-count": {
        "value": 2.066666666666667
      },
      "LIST-secrets-count": {
        "value": 3.186111111111111
      },
      "LIST-serviceaccounts-count": {
        "value": 2.066666666666667
      },
      "LIST-servicemonitors-count": {
        "value": 2.066666666666667
      },
      "LIST-services-count": {
        "value": 3.186111111111111
      },
      "LIST-storageclasses-count": {
        "value": 1.1194444444444445
      },
      "LIST-validatingwebhookconfigurations-count": {
        "value": 2.066666666666667
      },
      "LIST-virtualmachineclones-count": {
        "value": 1.1194444444444445
      },
      "LIST-virtualmachineexports-count": {
        "value": 1.1194444444444445
      },
      "LIST-virtualmachineinstancemigrations-count": {
        "value": 1.1194444444444445
      },
      "LIST-virtualmachineinstancepresets-count": {
        "value": 2.1527777777777777
      },
      "LIST-virtualmachineinstancereplicasets-count": {
        "value": 1.1194444444444445
      },
      "LIST-virtualmachineinstances-count": {
        "value": 13.86388888888889
      },
      "LIST-virtualmachinepools-count": {
        "value": 1.1194444444444445
      },
      "LIST-virtualmachinerestores-count": {
        "value": 3.272222222222222
      },
      "LIST-virtualmachines-count": {
        "value": 1.1194444444444445
      },
      "LIST-virtualmachinesnapshotcontents-count": {
        "value": 1.1194444444444445
      },
      "LIST-virtualmachinesnapshots-count": {
        "value": 1.1194444444444445
      },
      "PATCH-events-count": {
        "value": 69.60596666666666
      },
      "PATCH-nodes-count": {
        "value": 10.591666666666669
      },
      "PATCH-pods-count": {
        "value": 108.30333333333333
      },
      "PATCH-virtualmachineinstances-count": {
        "value": 210.60727272727274
      },
      "UPDATE-endpoints-count": {
        "value": 401.9666666666667
      },
      "UPDATE-virtualmachineinstances-count": {
        "value": 1042.598524242424
      },
      "vmiCreationToRunningSecondsP50": {
        "value": 37.63015758188506
      },
      "vmiCreationToRunningSecondsP95": {
        "value": 52.78866147536288
      },
      "vmiCreationToRunningSecondsP99": {
        "value": 58.55773229507258
      }
    }
  },
  "VMResult": null
}
