{
  "JobDirCreationTime": "2024-10-04T00:18:16.655Z",
  "VMIResult": {
    "Values": {
      "CREATE-events-count": {
        "value": 102.44477407407409
      },
      "CREATE-pods-count": {
        "value": 102.32111111111111
      },
      "CREATE-virtualmachineclusterinstancetypes-count": {
        "value": 3.3333333333333335
      },
      "GET-leases-count": {
        "value": 192.22151440853526
      },
      "GET-nodes-count": {
        "value": 44.44444444444444
      },
      "LIST-nodes-count": {
        "value": 4.444444444444445
      },
      "LIST-virtualmachineclusterinstancetypes-count": {
        "value": 4.444444444444445
      },
      "LIST-virtualmachineclusterpreferences-count": {
        "value": 4.444444444444445
      },
      "PATCH-nodes-count": {
        "value": 12.222222222222223
      },
      "PATCH-pods-count": {
        "value": 230.35562222222222
      },
      "PATCH-services-count": {
        "value": 17.77777777777778
      },
      "PATCH-virtualmachineinstances-count": {
        "value": 102.32111111111111,
        "thresholdResult": {
          "thresholdValue": 204.64222222222222,
          "thresholdMetric": "CREATE-pods-count",
          "thresholdRatio": 1,
          "thresholdExceeded": false
        }
      },
      "UPDATE-kubevirts-count": {
        "value": 1.1111111111111112
      },
      "UPDATE-leases-count": {
        "value": 300
      },
      "UPDATE-virtualmachineinstances-count": {
        "value": 521.8749555555555,
        "thresholdResult": {
          "thresholdValue": 1023.2111111111111,
          "thresholdMetric": "CREATE-pods-count",
          "thresholdRatio": 5.100364430062222,
          "thresholdExceeded": false
        }
      },
      "WATCH-clusterrolebindings-count": {
        "value": 1.111102880719402
      },
      "WATCH-clusterroles-count": {
        "value": 1.111102880719402
      },
      "WATCH-configmaps-count": {
        "value": 5.555534979622006
      },
      "WATCH-customresourcedefinitions-count": {
        "value": 4.4444279836610265
      },
      "WATCH-daemonsets-count": {
        "value": 1.1111111111111112
      },
      "WATCH-datasources-count": {
        "value": 1.1111111111111112
      },
      "WATCH-ingresses-count": {
        "value": 1.1111111111111112
      },
      "WATCH-jobs-count": {
        "value": 1.111102880719402
      },
      "WATCH-kubevirts-count": {
        "value": 3.3333251029416244
      },
      "WATCH-mutatingwebhookconfigurations-count": {
        "value": 1.111102880719402
      },
      "WATCH-namespaces-count": {
        "value": 1.1111111111111112
      },
      "WATCH-poddisruptionbudgets-count": {
        "value": 2.2222139918305133
      },
      "WATCH-pods-count": {
        "value": 1.111102880719402
      },
      "WATCH-prometheusrules-count": {
        "value": 2.2222139918305133
      },
      "WATCH-roles-count": {
        "value": 1.111102880719402
      },
      "WATCH-secrets-count": {
        "value": 1.111102880719402
      },
      "WATCH-serviceaccounts-count": {
        "value": 1.111102880719402
      },
      "WATCH-servicemonitors-count": {
        "value": 1.111102880719402
      },
      "WATCH-services-count": {
        "value": 1.1111111111111112
      },
      "WATCH-validatingwebhookconfigurations-count": {
        "value": 1.111102880719402
      },
      "WATCH-virtualmachineclones-count": {
        "value": 1.1111111111111112
      },
      "WATCH-virtualmachineclusterpreferences-count": {
        "value": 1.111102880719402
      },
      "WATCH-virtualmachineinstances-count": {
        "value": 1.1111111111111112
      },
      "WATCH-virtualmachinesnapshots-count": {
        "value": 1.1111111111111112
      },
      "avgVirtAPICPUUsage": {
        "value": 0.007941661111111113
      },
      "avgVirtAPIMemoryUsageInMB": {
        "value": 137.8416015625
      },
      "avgVirtControllerCPUUsage": {
        "value": 0.00938776851851852
      },
      "avgVirtControllerMemoryUsageInMB": {
        "value": 72.25546875
      },
      "maxVirtAPIMemoryUsageInMB": {
        "value": 168.42578125
      },
      "maxVirtControllerMemoryUsageInMB": {
        "value": 94.2734375
      },
      "minVirtAPIMemoryUsageInMB": {
        "value": 126.0859375
      },
      "minVirtControllerMemoryUsageInMB": {
        "value": 65.0078125
      },
      "running-phase-count": {
        "value": 101
      },
      "vmiCreationToRunningSecondsP50": {
        "value": 15,
        "thresholdResult": {
          "thresholdValue": 45,
          "thresholdExceeded": false
        }
      },
      "vmiCreationToRunningSecondsP95": {
        "value": 19.5,
        "thresholdResult": {
          "thresholdValue": 60,
          "thresholdExceeded": false
        }
      },
      "vmiCreationToRunningSecondsP99": {
        "value": 19.9
      },
      "vmiDeletionToFailedSecondsP50": {
        "value": 0
      },
      "vmiDeletionToFailedSecondsP95": {
        "value": 0
      },
      "vmiDeletionToFailedSecondsP99": {
        "value": 0
      },
      "vmiDeletionToSucceededSecondsP50": {
        "value": 0
      },
      "vmiDeletionToSucceededSecondsP95": {
        "value": 0
      },
      "vmiDeletionToSucceededSecondsP99": {
        "value": 0
      }
    }
  },
  "VMResult": {
    "Values": {
      "CREATE-controllerrevisions-count": {
        "value": 93.85326666666667
      },
      "CREATE-events-count": {
        "value": 729.9987160684038
      },
      "CREATE-pods-count": {
        "value": 111.11111111111111
      },
      "CREATE-virtualmachineinstances-count": {
        "value": 93.85326666666667
      },
      "GET-leases-count": {
        "value": 192.22222222222223
      },
      "GET-nodes-count": {
        "value": 22.222139918914785
      },
      "PATCH-nodes-count": {
        "value": 8.888855967565913
      },
      "PATCH-pods-count": {
        "value": 276.6666666666667
      },
      "PATCH-virtualmachineinstances-count": {
        "value": 222.22222222222223,
        "thresholdResult": {
          "thresholdValue": 222.22222222222223,
          "thresholdMetric": "CREATE-pods-count",
          "thresholdRatio": 2,
          "thresholdExceeded": false
        }
      },
      "PATCH-virtualmachines-count": {
        "value": 93.85326666666667
      },
      "UPDATE-leases-count": {
        "value": 297.77667490528876
      },
      "UPDATE-virtualmachineinstances-count": {
        "value": 875.5550781963723,
        "thresholdResult": {
          "thresholdValue": 1111.111111111111,
          "thresholdMetric": "CREATE-pods-count",
          "thresholdRatio": 7.87999570376735,
          "thresholdExceeded": false
        }
      },
      "UPDATE-virtualmachines-count": {
        "value": 1054.1504
      },
      "WATCH-clusterrolebindings-count": {
        "value": 1.111102880719402
      },
      "WATCH-clusterroles-count": {
        "value": 1.111102880719402
      },
      "WATCH-configmaps-count": {
        "value": 8.88886419783569
      },
      "WATCH-controllerrevisions-count": {
        "value": 1.1111111111111112
      },
      "WATCH-customresourcedefinitions-count": {
        "value": 5.555555555555555
      },
      "WATCH-daemonsets-count": {
        "value": 1.1111111111111112
      },
      "WATCH-datasources-count": {
        "value": 2.2222222222222223
      },
      "WATCH-datavolumes-count": {
        "value": 1.1111111111111112
      },
      "WATCH-deployments-count": {
        "value": 1.111102880719402
      },
      "WATCH-jobs-count": {
        "value": 1.1111111111111112
      },
      "WATCH-kubevirts-count": {
        "value": 5.555530864502359
      },
      "WATCH-migrationpolicies-count": {
        "value": 1.1111111111111112
      },
      "WATCH-mutatingwebhookconfigurations-count": {
        "value": 2.2222139918305133
      },
      "WATCH-namespaces-count": {
        "value": 1.1111111111111112
      },