{
  "JobDirCreationTime": "2024-10-24T05:06:16.186Z",
  "VMIResult": {
    "Values": {
      "CREATE-events-count": {
        "value": 591.322062962963
      },
      "CREATE-pods-count": {
        "value": 102.26733333333333
      },
      "DELETE-pods-count": {
        "value": 102.58416666666668
      },
      "GET-leases-count": {
        "value": 185.55555555555557
      },
      "GET-nodes-count": {
        "value": 17.77777777777778
      },
      "PATCH-nodes-count": {
        "value": 7.777777777777778
      },
      "PATCH-pods-count": {
        "value": 306.81467333333336
      },
      "PATCH-virtualmachineinstances-count": {
        "value": 205.16833333333335
      },
      "UPDATE-leases-count": {
        "value": 298.8888888888889
      },
      "UPDATE-virtualmachineinstances-count": {
        "value": 959.7081755555555
      },
      "WATCH-clusterrolebindings-count": {
        "value": 2.2222222222222223
      },
      "WATCH-clusterroles-count": {
        "value": 1.1111111111111112
      },
      "WATCH-configmaps-count": {
        "value": 8.88888888888889
      },
      "WATCH-customresourcedefinitions-count": {
        "value": 5.555555555555555
      },
      "WATCH-daemonsets-count": {
        "value": 1.1111111111111112
      },
      "WATCH-deployments-count": {
        "value": 2.2222222222222223
      },
      "WATCH-ingresses-count": {
        "value": 1.1111111111111112
      },
      "WATCH-jobs-count": {
        "value": 2.2222222222222223
      },
      "WATCH-kubevirts-count": {
        "value": 5.555555555555555
      },
      "WATCH-mutatingwebhookconfigurations-count": {
        "value": 1.1111111111111112
      },
      "WATCH-namespaces-count": {
        "value": 1.1111111111111112
      },
      "WATCH-nodes-count": {
        "value": 1.1111111111111112
      },
      "WATCH-poddisruptionbudgets-count": {
        "value": 3.3333333333333335
      },
      "WATCH-pods-count": {
        "value": 3.3333333333333335
      },
      "WATCH-prometheusrules-count": {
        "value": 1.1111111111111112
      },
      "WATCH-rolebindings-count": {
        "value": 2.2222222222222223
      },
      "WATCH-roles-count": {
        "value": 1.1111111111111112
      },
      "WATCH-routes-count": {
        "value": 1.1111111111111112
      },
      "WATCH-serviceaccounts-count": {
        "value": 2.2222222222222223
      },
      "WATCH-servicemonitors-count": {
        "value": 2.2222222222222223
      },
      "WATCH-storageclasses-count": {
        "value": 1.1111111111111112
      },
      "WATCH-validatingwebhookconfigurations-count": {
        "value": 2.2222222222222223
      },
      "WATCH-virtualmachineclusterinstancetypes-count": {
        "value": 1.1111111111111112
      },
      "WATCH-virtualmachineclusterpreferences-count": {
        "value": 1.1111111111111112
      },
      "WATCH-virtualmachineexports-count": {
        "value": 1.1111111111111112
      },
      "WATCH-virtualmachineinstancepresets-count": {
        "value": 2.2222222222222223
      },
      "WATCH-virtualmachineinstancereplicasets-count": {
        "value": 1.1111111111111112
      },
      "WATCH-virtualmachineinstances-count": {
        "value": 2.2222222222222223
      },
      "WATCH-virtualmachineinstancetypes-count": {
        "value": 1.1111111111111112
      },
      "WATCH-virtualmachinepools-count": {
        "value": 1.1111111111111112
      },
      "WATCH-virtualmachinerestores-count": {
        "value": 2.2222222222222223
      },
      "WATCH-virtualmachines-count": {
        "value": 1.1111111111111112
      },
      "WATCH-virtualmachinesnapshotcontents-count": {
        "value": 1.1111111111111112
      },
      "avgVirtAPICPUUsage": {
        "value": 0.04850579246111112
      },
      "avgVirtAPIMemoryUsageInMB": {
        "value": 166.575
      },
      "avgVirtControllerCPUUsage": {
        "value": 0.03866304979444445
      },
      "avgVirtControllerMemoryUsageInMB": {
        "value": 98.87421875
      },
      "maxVirtAPIMemoryUsageInMB": {
        "value": 187.13671875
      },
      "maxVirtControllerMemoryUsageInMB": {
        "value": 133.109375
      },
      "minVirtAPIMemoryUsageInMB": {
        "value": 153.59765625
      },
      "minVirtControllerMemoryUsageInMB": {
        "value": 78.31640625
      },
      "succeeded-phase-count": {
        "value": 14
      },
      "vmiCreationToRunningSecondsP50": {
        "value": 43.26497184874064
      },
      "vmiCreationToRunningSecondsP95": {
        "value": 49.576497184874064
      },
      "vmiCreationToRunningSecondsP99": {
        "value": 54.95077973109327
      },
      "vmiDeletionToFailedSecondsP50": {
        "value": 0
      },
      "vmiDeletionToFailedSecondsP95": {
        "value": 0
      },
      "vmiDeletionToFailedSecondsP99": {
        "value": 0
      },
      "vmiDeletionToSucceededSecondsP50": {
        "value": 0.7355039701434181
      },
      "vmiDeletionToSucceededSecondsP95": {
        "value": 4.970467838655962
      },
      "vmiDeletionToSucceededSecondsP99": {
        "value": 8.990155946218657
      }
    }
  },
  "VMResult": null
}
