{
  "JobDirCreationTime": "2025-11-11T00:23:52.649Z",
  "VMIResult": {
    "Values": {
      "CREATE-events-count": {
        "value": 163.62435555555555
      },
      "CREATE-pods-count": {
        "value": 134.15222222222224
      },
      "GET-leases-count": {
        "value": 186.66666666666669
      },
      "GET-nodes-count": {
        "value": 15.555530864471876
      },
      "LIST-nodes-count": {
        "value": 48.88888888888889
      },
      "LIST-virtualmachineclusterinstancetypes-count": {
        "value": 48.88888888888889
      },
      "LIST-virtualmachineclusterpreferences-count": {
        "value": 48.88888888888889
      },
      "PATCH-nodes-count": {
        "value": 13.333308642249655
      },
      "PATCH-pods-count": {
        "value": 189.74463333333335
      },
      "PATCH-services-count": {
        "value": 195.55555555555557
      },
      "PATCH-validatingadmissionpolicies-count": {
        "value": 48.88888888888889
      },
      "PATCH-validatingadmissionpolicybindings-count": {
        "value": 48.88888888888889
      },
      "UPDATE-configmaps-count": {
        "value": 48.88888888888889
      },
      "UPDATE-leases-count": {
        "value": 300
      },
      "UPDATE-virtualmachineinstances-count": {
        "value": 545.3859666666666,
        "thresholdResult": {
          "thresholdValue": 1341.5222222222224,
          "thresholdMetric": "CREATE-pods-count",
          "thresholdRatio": 4.065426257071154,
          "thresholdExceeded": false
        }
      },
      "WATCH-clusterrolebindings-count": {
        "value": 1.1111111111111112
      },
      "WATCH-clusterroles-count": {
        "value": 1.1111111111111112
      },
      "WATCH-configmaps-count": {
        "value": 3.3333333333333335
      },
      "WATCH-customresourcedefinitions-count": {
        "value": 4.444432098902605
      },
      "WATCH-deployments-count": {
        "value": 2.2222222222222223
      },
      "WATCH-jobs-count": {
        "value": 1.1111111111111112
      },
      "WATCH-kubevirts-count": {
        "value": 1.1111111111111112
      },
      "WATCH-leases-count": {
        "value": 1.1111111111111112
      },
      "WATCH-migrationpolicies-count": {
        "value": 1.1111111111111112
      },
      "WATCH-mutatingwebhookconfigurations-count": {
        "value": 1.1111111111111112
      },
      "WATCH-prometheusrules-count": {
        "value": 2.2222222222222223
      },
      "WATCH-rolebindings-count": {
        "value": 1.1111111111111112
      },
      "WATCH-services-count": {
        "value": 1.1111111111111112
      },
      "WATCH-validatingadmissionpolicies-count": {
        "value": 1.1111111111111112
      },
      "WATCH-validatingwebhookconfigurations-count": {
        "value": 2.2222222222222223
      },
      "WATCH-virtualmachineclusterinstancetypes-count": {
        "value": 1.1111111111111112
      },
      "WATCH-virtualmachineclusterpreferences-count": {
        "value": 1.1111111111111112
      },
      "WATCH-virtualmachineinstances-count": {
        "value": 3.3333209877914936
      },
      "WATCH-virtualmachinerestores-count": {
        "value": 1.1111111111111112
      },
      "avgVirtAPICPUUsage": {
        "value": 0.009992251851851852
      },
      "avgVirtAPIMemoryUsageInMB": {
        "value": 139.4990234375
      },
      "avgVirtControllerCPUUsage": {
        "value": 0.025907785185185182
      },
      "avgVirtControllerMemoryUsageInMB": {
        "value": 63.494140625
      },
      "avgVirtHandlerCPUUsage": {
        "value": 0.0008656106380471381
      },
      "avgVirtHandlerMemoryUsageInMB": {
        "value": 19.61094637784091
      },
      "maxVirtAPIMemoryUsageInMB": {
        "value": 167.107421875
      },
      "maxVirtControllerMemoryUsageInMB": {
        "value": 89.37109375
      },
      "maxVirtHandlerCPUUsage": {
        "value": 0.0009330114074074074
      },
      "maxVirtHandlerMemoryUsageInMB": {
        "value": 36.76015625
      },
      "minVirtAPIMemoryUsageInMB": {
        "value": 125.11328125
      },
      "minVirtControllerMemoryUsageInMB": {
        "value": 55.38671875
      },
      "minVirtHandlerCPUUsage": {
        "value": 0.000824327441077441
      },
      "minVirtHandlerMemoryUsageInMB": {
        "value": 13.3359375
      },
      "running-phase-count": {
        "value": 101
      },
      "vmiCreationToRunningSecondsP50": {
        "value": 0,
        "thresholdResult": {
          "thresholdValue": 45,
          "thresholdExceeded": false
        }
      },
      "vmiCreationToRunningSecondsP95": {
        "value": 0,
        "thresholdResult": {
          "thresholdValue": 60,
          "thresholdExceeded": false
        }
      },
      "vmiCreationToRunningSecondsP99": {
        "value": 0
      },
      "vmiDeletionToFailedSecondsP50": {
        "value": 0
      },
      "vmiDeletionToFailedSecondsP95": {
        "value": 0
      },
      "vmiDeletionToFailedSecondsP99": {
        "value": 0
      },
      "vmiDeletionToSucceededSecondsP50": {
        "value": 0
      },
      "vmiDeletionToSucceededSecondsP95": {
        "value": 0
      },
      "vmiDeletionToSucceededSecondsP99": {
        "value": 0
      }
    }
  },
  "VMResult": null
}
