{
  "JobDirCreationTime": "2026-02-24T06:22:06.21Z",
  "VMIResult": {
    "Values": {
      "CREATE-events-count": {
        "value": 103.11774193548388
      },
      "CREATE-pods-count": {
        "value": 102.09677419354838
      },
      "DELETE-jobs-count": {
        "value": 315.47903225806454
      },
      "GET-leases-count": {
        "value": 1177.175806451613
      },
      "LIST-nodes-count": {
        "value": 315.47903225806454
      },
      "LIST-virtualmachineclusterinstancetypes-count": {
        "value": 315.47903225806454
      },
      "LIST-virtualmachineclusterpreferences-count": {
        "value": 315.47903225806454
      },
      "PATCH-nodes-count": {
        "value": 88.90522273425499
      },
      "PATCH-pods-count": {
        "value": 102.09677419354838
      },
      "PATCH-services-count": {
        "value": 1261.9161290322581
      },
      "UPDATE-configmaps-count": {
        "value": 315.47903225806454
      },
      "UPDATE-leases-count": {
        "value": 1893.8951612903227
      },
      "UPDATE-virtualmachineinstances-count": {
        "value": 308.3322580645161
      },
      "WATCH-clusterrolebindings-count": {
        "value": 10.20967741935484
      },
      "WATCH-clusterroles-count": {
        "value": 10.20967741935484
      },
      "WATCH-configmaps-count": {
        "value": 62.13317972350231
      },
      "WATCH-controllerrevisions-count": {
        "value": 5.10483870967742
      },
      "WATCH-customresourcedefinitions-count": {
        "value": 43.771966205837174
      },
      "WATCH-daemonsets-count": {
        "value": 9.188709677419356
      },
      "WATCH-deployments-count": {
        "value": 8.167741935483871
      },
      "WATCH-ingresses-count": {
        "value": 5.10483870967742
      },
      "WATCH-jobs-count": {
        "value": 9.188709677419356
      },
      "WATCH-kubevirts-count": {
        "value": 38.650921658986185
      },
      "WATCH-leases-count": {
        "value": 9.188709677419356
      },
      "WATCH-migrationpolicies-count": {
        "value": 4.083870967741936
      },
      "WATCH-mutatingwebhookconfigurations-count": {
        "value": 8.167741935483871
      },
      "WATCH-namespaces-count": {
        "value": 19.398387096774194
      },
      "WATCH-nodes-count": {
        "value": 16.20583717357911
      },
      "WATCH-persistentvolumeclaims-count": {
        "value": 5.10483870967742
      },
      "WATCH-poddisruptionbudgets-count": {
        "value": 12.251612903225807
      },
      "WATCH-pods-count": {
        "value": 17.35645161290323
      },
      "WATCH-prometheusrules-count": {
        "value": 8.167741935483871
      },
      "WATCH-resourcequotas-count": {
        "value": 3.0629032258064517
      },
      "WATCH-rolebindings-count": {
        "value": 8.167741935483871
      },
      "WATCH-roles-count": {
        "value": 9.188709677419356
      },
      "WATCH-routes-count": {
        "value": 13.272580645161291
      },
      "WATCH-secrets-count": {
        "value": 12.251612903225807
      },
      "WATCH-securitycontextconstraints-count": {
        "value": 8.167741935483871
      },
      "WATCH-serviceaccounts-count": {
        "value": 8.167741935483871
      },
      "WATCH-servicemonitors-count": {
        "value": 6.125806451612903
      },
      "WATCH-services-count": {
        "value": 12.251612903225807
      },
      "WATCH-storageclasses-count": {
        "value": 4.083870967741936
      },
      "WATCH-validatingwebhookconfigurations-count": {
        "value": 8.167741935483871
      },
      "WATCH-virtualmachinebackups-count": {
        "value": 13.272580645161291
      },
      "WATCH-virtualmachinebackuptrackers-count": {
        "value": 16.20583717357911
      },
      "WATCH-virtualmachineclones-count": {
        "value": 4.083870967741936
      },
      "WATCH-virtualmachineclusterinstancetypes-count": {
        "value": 12.251612903225807
      },
      "WATCH-virtualmachineclusterpreferences-count": {
        "value": 13.272580645161291
      },
      "WATCH-virtualmachineexports-count": {
        "value": 5.10483870967742
      },
      "WATCH-virtualmachineinstancemigrations-count": {
        "value": 4.083870967741936
      },
      "WATCH-virtualmachineinstancepresets-count": {
        "value": 9.188709677419356
      },
      "WATCH-virtualmachineinstancereplicasets-count": {
        "value": 5.10483870967742
      },
      "WATCH-virtualmachineinstances-count": {
        "value": 42.47549923195085
      },
      "WATCH-virtualmachineinstancetypes-count": {
        "value": 4.083870967741936
      },
      "WATCH-virtualmachinepools-count": {
        "value": 4.083870967741936
      },
      "WATCH-virtualmachinepreferences-count": {
        "value": 4.083870967741936
      },
      "WATCH-virtualmachinerestores-count": {
        "value": 12.251612903225807
      },
      "WATCH-virtualmachines-count": {
        "value": 5.10483870967742
      },
      "WATCH-virtualmachinesnapshotcontents-count": {
        "value": 4.083870967741936
      },
      "WATCH-virtualmachinesnapshots-count": {
        "value": 4.083870967741936
      },
      "WATCH-volumesnapshotclasses-count": {
        "value": 5.10483870967742
      },
      "WATCH-volumesnapshots-count": {
        "value": 4.083870967741936
      },
      "avgVirtAPICPUUsage": {
        "value": 0.004321458186290322
      },
      "avgVirtAPIMemoryUsageInMB": {
        "value": 195.6952659970238
      },
      "avgVirtControllerCPUUsage": {
        "value": 0.008556177833333333
      },
      "avgVirtControllerMemoryUsageInMB": {
        "value": 353.4220610119047
      },
      "failed-phase-count": {
        "value": 16
      },
      "maxVirtAPIMemoryUsageInMB": {
        "value": 225.7734375
      },
      "maxVirtControllerMemoryUsageInMB": {
        "value": 449.66015625
      },
      "minVirtAPIMemoryUsageInMB": {
        "value": 185.779296875
      },
      "minVirtControllerMemoryUsageInMB": {
        "value": 305.91015625
      },
      "virtControllerWorkqueueAddRate": {
        "value": 1.6446236559139784
      },
      "virtControllerWorkqueueDepth": {
        "value": 0
      },
      "virtControllerWorkqueueP99Latency": {
        "value": 0.08047446808510635
      },
      "vmiCreationToRunningSecondsP50": {
        "value": 0
      },
      "vmiCreationToRunningSecondsP95": {
        "value": 0
      },
      "vmiCreationToRunningSecondsP99": {
        "value": 0
      },
      "vmiDeletionToFailedSecondsP50": {
        "value": 0
      },
      "vmiDeletionToFailedSecondsP95": {
        "value": 0
      },
      "vmiDeletionToFailedSecondsP99": {
        "value": 0
      },
      "vmiDeletionToSucceededSecondsP50": {
        "value": 0
      },
      "vmiDeletionToSucceededSecondsP95": {
        "value": 0
      },
      "vmiDeletionToSucceededSecondsP99": {
        "value": 0
      }
    }
  },
  "VMResult": null
}
