{
  "JobDirCreationTime": "2026-06-24T17:09:14.007Z",
  "VMIResult": {
    "Values": {
      "CREATE-events-count": {
        "value": 103.50340370370371
      },
      "CREATE-pods-count": {
        "value": 104.34916666666668
      },
      "GET-leases-count": {
        "value": 95.55555555555556
      },
      "LIST-virtualmachineclusterinstancetypes-count": {
        "value": 50
      },
      "LIST-virtualmachineclusterpreferences-count": {
        "value": 50
      },
      "PATCH-nodes-count": {
        "value": 28.888888888888893
      },
      "PATCH-pods-count": {
        "value": 208.73182500000001
      },
      "PATCH-virtualmachineinstances-count": {
        "value": 96.06365555555556,
        "thresholdResult": {
          "thresholdValue": 208.69833333333335,
          "thresholdMetric": "CREATE-pods-count",
          "thresholdRatio": 0.9205982052776868,
          "thresholdExceeded": false
        }
      },
      "UPDATE-kubevirts-count": {
        "value": 2.2222222222222223
      },
      "UPDATE-leases-count": {
        "value": 150
      },
      "UPDATE-virtualmachineinstances-count": {
        "value": 419.10934166666675,
        "thresholdResult": {
          "thresholdValue": 1043.4916666666668,
          "thresholdMetric": "CREATE-pods-count",
          "thresholdRatio": 4.016412924556178,
          "thresholdExceeded": false
        }
      },
      "WATCH-customresourcedefinitions-count": {
        "value": 1.1111111111111112
      },
      "WATCH-kubevirts-count": {
        "value": 3.3333333333333335
      },
      "WATCH-nodes-count": {
        "value": 1.1111111111111112
      },
      "WATCH-prometheusrules-count": {
        "value": 1.1111111111111112
      },
      "WATCH-secrets-count": {
        "value": 1.1111111111111112
      },
      "WATCH-servicemonitors-count": {
        "value": 2.2222222222222223
      },
      "WATCH-services-count": {
        "value": 1.1111111111111112
      },
      "WATCH-storageclasses-count": {
        "value": 1.1111111111111112
      },
      "WATCH-storageprofiles-count": {
        "value": 1.1111111111111112
      },
      "WATCH-virtualmachineclusterpreferences-count": {
        "value": 1.1111111111111112
      },
      "WATCH-virtualmachineinstances-count": {
        "value": 2.2222222222222223
      },
      "avgVirtAPICPUUsage": {
        "value": 0.010904714465595145
      },
      "avgVirtAPIMemoryUsageInMB": {
        "value": 148.35390625000002
      },
      "avgVirtControllerCPUUsage": {
        "value": 0.027686215835864017
      },
      "avgVirtControllerMemoryUsageInMB": {
        "value": 71.20078125
      },
      "avgVirtHandlerCPUUsage": {
        "value": 0.0009466489592555262
      },
      "avgVirtHandlerMemoryUsageInMB": {
        "value": 13.957959502881376
      },
      "maxVirtAPIMemoryUsageInMB": {
        "value": 176.71484375
      },
      "maxVirtControllerMemoryUsageInMB": {
        "value": 97.13671875
      },
      "maxVirtHandlerCPUUsage": {
        "value": 0.0010207567116240549
      },
      "maxVirtHandlerMemoryUsageInMB": {
        "value": 40.60441706730769
      },
      "minVirtAPIMemoryUsageInMB": {
        "value": 143.484375
      },
      "minVirtControllerMemoryUsageInMB": {
        "value": 56.72265625
      },
      "minVirtHandlerCPUUsage": {
        "value": 0.0008985266117969822
      },
      "minVirtHandlerMemoryUsageInMB": {
        "value": 3.3075810185185186
      },
      "running-phase-count": {
        "value": 92
      },
      "scheduled-phase-count": {
        "value": 9
      },
      "virtControllerWorkqueueAddRate": {
        "value": 15.563377012345677
      },
      "virtControllerWorkqueueDepth": {
        "value": 0
      },
      "virtControllerWorkqueueP99Latency": {
        "value": 0.06907381564402329
      },
      "vmiCreationToRunningSecondsP50": {
        "value": 15.473646031020074,
        "thresholdResult": {
          "thresholdValue": 45,
          "thresholdExceeded": false
        }
      },
      "vmiCreationToRunningSecondsP95": {
        "value": 24.22179679281625,
        "thresholdResult": {
          "thresholdValue": 60,
          "thresholdExceeded": false
        }
      },
      "vmiCreationToRunningSecondsP99": {
        "value": 28.844359358563246
      },
      "vmiDeletionToFailedSecondsP50": {
        "value": 0
      },
      "vmiDeletionToFailedSecondsP95": {
        "value": 0
      },
      "vmiDeletionToFailedSecondsP99": {
        "value": 0
      },
      "vmiDeletionToSucceededSecondsP50": {
        "value": 0
      },
      "vmiDeletionToSucceededSecondsP95": {
        "value": 0
      },
      "vmiDeletionToSucceededSecondsP99": {
        "value": 0
      }
    }
  },
  "VMResult": {
    "Values": {
      "CREATE-events-count": {
        "value": 765.548971583577
      },
      "CREATE-pods-count": {
        "value": 111.11111111111111
      },
      "GET-leases-count": {
        "value": 96.66666666666667
      },
      "LIST-virtualmachineclusterinstancetypes-count": {
        "value": 50
      },
      "LIST-virtualmachineclusterpreferences-count": {
        "value": 50
      },
      "PATCH-events-count": {
        "value": 4.0841666666666665
      },
      "PATCH-nodes-count": {
        "value": 16.66640330778752
      },
      "PATCH-pods-count": {
        "value": 177.77777777777777
      },
      "PATCH-virtualmachineinstances-count": {
        "value": 147.77777777777777,
        "thresholdResult": {
          "thresholdValue": 222.22222222222223,
          "thresholdMetric": "CREATE-pods-count",
          "thresholdRatio": 1.3299999999999998,
          "thresholdExceeded": false
        }
      },
      "UPDATE-leases-count": {
        "value": 148.88888888888889
      },
      "UPDATE-virtualmachineinstances-count": {
        "value": 745.5510784546101,
        "thresholdResult": {
          "thresholdValue": 1111.111111111111,
          "thresholdMetric": "CREATE-pods-count",
          "thresholdRatio": 6.709959706091491,
          "thresholdExceeded": false
        }
      },
      "WATCH-cdiconfigs-count": {
        "value": 1.1111111111111112
      },
      "WATCH-cdis-count": {
        "value": 1.1111111111111112
      },
      "WATCH-configmaps-count": {
        "value": 6.666666666666666
      },
      "WATCH-customresourcedefinitions-count": {
        "value": 7.77771193805799
      },
      "WATCH-datavolumes-count": {
        "value": 1.1111111111111112
      },
      "WATCH-ingresses-count": {
        "value": 1.1111111111111112
      },
      "WATCH-kubevirts-count": {
        "value": 7.77771193805799
      },
      "WATCH-namespaces-count": {
        "value": 2.2222222222222223
      },
      "WATCH-nodes-count": {
        "value": 4.444378604724658
      },
      "WATCH-persistentvolumeclaims-count": {
        "value": 1.1111111111111112
      },
      "WATCH-plugins-count": {
        "value": 1.1110452713913248
      },
      "WATCH-pods-count": {
        "value": 2.2222222222222223
      },
      "WATCH-prometheusrules-count": {
        "value": 2.2222222222222223
      },
      "WATCH-resourcequotas-count": {
        "value": 1.1111111111111112
      },
      "WATCH-servicemonitors-count": {
        "value": 1.1111111111111112
      },
      "WATCH-storageclasses-count": {
        "value": 1.1111111111111112
      },
      "WATCH-virtualmachinebackups-count": {
        "value": 1.1111111111111112
      },
      "WATCH-virtualmachinebackuptrackers-count": {
        "value": 2.222156382502436
      },
      "WATCH-virtualmachineclones-count": {
        "value": 1.1111111111111112
      },
      "WATCH-virtualmachineclusterpreferences-count": {
        "value": 3.3333333333333335
      },
      "WATCH-virtualmachineexports-count": {
        "value": 1.1111111111111112
      },
      "WATCH-virtualmachineinstancepresets-count": {
        "value": 1.1111111111111112
      },