{
  "JobDirCreationTime": "2025-11-17T16:23:42.663Z",
  "VMIResult": {
    "Values": {
      "CREATE-events-count": {
        "value": 152.98058979633828
      },
      "CREATE-pods-count": {
        "value": 104.71466666666667
      },
      "GET-leases-count": {
        "value": 186.66666666666669
      },
      "GET-nodes-count": {
        "value": 16.666617284682204
      },
      "LIST-nodes-count": {
        "value": 50.000000000000014
      },
      "LIST-virtualmachineclusterinstancetypes-count": {
        "value": 50.000000000000014
      },
      "LIST-virtualmachineclusterpreferences-count": {
        "value": 50.000000000000014
      },
      "PATCH-nodes-count": {
        "value": 13.33328395134887
      },
      "PATCH-pods-count": {
        "value": 209.46647999999996
      },
      "PATCH-services-count": {
        "value": 200.00000000000006
      },
      "PATCH-validatingadmissionpolicies-count": {
        "value": 50.000000000000014
      },
      "PATCH-validatingadmissionpolicybindings-count": {
        "value": 50.000000000000014
      },
      "PATCH-virtualmachineinstances-count": {
        "value": 105.0672888888889,
        "thresholdResult": {
          "thresholdValue": 209.42933333333335,
          "thresholdMetric": "CREATE-pods-count",
          "thresholdRatio": 1.0033674578112797,
          "thresholdExceeded": false
        }
      },
      "UPDATE-configmaps-count": {
        "value": 50.000000000000014
      },
      "UPDATE-leases-count": {
        "value": 298.8888888888889
      },
      "UPDATE-virtualmachineinstances-count": {
        "value": 591.8373333157379,
        "thresholdResult": {
          "thresholdValue": 1047.1466666666668,
          "thresholdMetric": "CREATE-pods-count",
          "thresholdRatio": 5.65190485875017,
          "thresholdExceeded": false
        }
      },
      "WATCH-clusterrolebindings-count": {
        "value": 1.1111111111111114
      },
      "WATCH-clusterroles-count": {
        "value": 1.1111111111111112
      },
      "WATCH-configmaps-count": {
        "value": 7.777777777777777
      },
      "WATCH-customresourcedefinitions-count": {
        "value": 3.3333333333333335
      },
      "WATCH-daemonsets-count": {
        "value": 2.2222222222222223
      },
      "WATCH-datasources-count": {
        "value": 2.2222222222222223
      },
      "WATCH-datavolumes-count": {
        "value": 1.1111111111111112
      },
      "WATCH-deployments-count": {
        "value": 1.1111111111111114
      },
      "WATCH-jobs-count": {
        "value": 1.1111111111111114
      },
      "WATCH-kubevirts-count": {
        "value": 3.3333333333333335
      },
      "WATCH-leases-count": {
        "value": 2.2222222222222223
      },
      "WATCH-mutatingwebhookconfigurations-count": {
        "value": 1.1111111111111112
      },
      "WATCH-namespaces-count": {
        "value": 3.3333333333333335
      },
      "WATCH-poddisruptionbudgets-count": {
        "value": 3.3333333333333335
      },
      "WATCH-rolebindings-count": {
        "value": 1.1111111111111114
      },
      "WATCH-roles-count": {
        "value": 1.1111111111111112
      },
      "WATCH-secrets-count": {
        "value": 2.2222222222222223
      },
      "WATCH-serviceaccounts-count": {
        "value": 1.1111111111111112
      },
      "WATCH-servicemonitors-count": {
        "value": 1.1111111111111114
      },
      "WATCH-services-count": {
        "value": 2.2222222222222223
      },
      "WATCH-validatingadmissionpolicies-count": {
        "value": 2.2222222222222223
      },
      "WATCH-validatingwebhookconfigurations-count": {
        "value": 1.1111111111111114
      },
      "WATCH-virtualmachineclusterpreferences-count": {
        "value": 1.1111111111111112
      },
      "WATCH-virtualmachineexports-count": {
        "value": 1.1111111111111112
      },
      "WATCH-virtualmachineinstancemigrations-count": {
        "value": 1.1111111111111112
      },
      "WATCH-virtualmachineinstancepresets-count": {
        "value": 1.1111111111111112
      },
      "WATCH-virtualmachineinstances-count": {
        "value": 2.2222057615607342
      },
      "WATCH-virtualmachinepools-count": {
        "value": 1.1111111111111112
      },
      "WATCH-virtualmachinepreferences-count": {
        "value": 1.1111111111111112
      },
      "WATCH-virtualmachinerestores-count": {
        "value": 1.1111111111111112
      },
      "WATCH-virtualmachinesnapshots-count": {
        "value": 1.1111111111111112
      },
      "avgVirtAPICPUUsage": {
        "value": 0.011752530508694282
      },
      "avgVirtAPIMemoryUsageInMB": {
        "value": 136.0216796875
      },
      "avgVirtControllerCPUUsage": {
        "value": 0.028315212681246642
      },
      "avgVirtControllerMemoryUsageInMB": {
        "value": 63.5625
      },
      "avgVirtHandlerCPUUsage": {
        "value": 0.0010742950605034714
      },
      "avgVirtHandlerMemoryUsageInMB": {
        "value": 14.25477660201063
      },
      "maxVirtAPIMemoryUsageInMB": {
        "value": 164.50390625
      },
      "maxVirtControllerMemoryUsageInMB": {
        "value": 86.0078125
      },
      "maxVirtHandlerCPUUsage": {
        "value": 0.0011319391737891738
      },
      "maxVirtHandlerMemoryUsageInMB": {
        "value": 41.52024906517094
      },
      "minVirtAPIMemoryUsageInMB": {
        "value": 124.654296875
      },
      "minVirtControllerMemoryUsageInMB": {
        "value": 54.88671875
      },
      "minVirtHandlerCPUUsage": {
        "value": 0.0010301777777777777
      },
      "minVirtHandlerMemoryUsageInMB": {
        "value": 4.11108508908371
      },
      "running-phase-count": {
        "value": 101
      },
      "vmiCreationToRunningSecondsP50": {
        "value": 25.9818097468585,
        "thresholdResult": {
          "thresholdValue": 45,
          "thresholdExceeded": false
        }
      },
      "vmiCreationToRunningSecondsP95": {
        "value": 37.63768686545687,
        "thresholdResult": {
          "thresholdValue": 60,
          "thresholdExceeded": false
        }
      },
      "vmiCreationToRunningSecondsP99": {
        "value": 39.52753737309138
      },
      "vmiDeletionToFailedSecondsP50": {
        "value": 0
      },
      "vmiDeletionToFailedSecondsP95": {
        "value": 0
      },
      "vmiDeletionToFailedSecondsP99": {
        "value": 0
      },
      "vmiDeletionToSucceededSecondsP50": {
        "value": 0
      },
      "vmiDeletionToSucceededSecondsP95": {
        "value": 0
      },
      "vmiDeletionToSucceededSecondsP99": {
        "value": 0
      }
    }
  },
  "VMResult": null
}
