{
  "JobDirCreationTime": "2025-06-24T05:39:43.041Z",
  "VMIResult": {
    "Values": {
      "CREATE-events-count": {
        "value": 186.78730158730158
      },
      "CREATE-pods-count": {
        "value": 100.42328042328042
      },
      "DELETE-pods-count": {
        "value": 211.23573333333331
      },
      "GET-leases-count": {
        "value": 1183.6989247311828
      },
      "GET-nodes-count": {
        "value": 81.63440860215054
      },
      "PATCH-events-count": {
        "value": 124.13826666666668
      },
      "PATCH-nodes-count": {
        "value": 60.20537634408602
      },
      "PATCH-pods-count": {
        "value": 201.85079365079363
      },
      "UPDATE-leases-count": {
        "value": 1893.9830687830686
      },
      "UPDATE-virtualmachineinstances-count": {
        "value": 449.89629629629627
      },
      "WATCH-clusterrolebindings-count": {
        "value": 8.098651647038743
      },
      "WATCH-clusterroles-count": {
        "value": 8.098651647038743
      },
      "WATCH-configmaps-count": {
        "value": 63.671599249018605
      },
      "WATCH-controllerrevisions-count": {
        "value": 4.016931216931217
      },
      "WATCH-customresourcedefinitions-count": {
        "value": 44.574978665301245
      },
      "WATCH-daemonsets-count": {
        "value": 9.102884451271548
      },
      "WATCH-deployments-count": {
        "value": 9.102884451271548
      },
      "WATCH-ingresses-count": {
        "value": 5.0211640211640205
      },
      "WATCH-jobs-count": {
        "value": 8.098651647038743
      },
      "WATCH-kubevirts-count": {
        "value": 37.49675712578938
      },
      "WATCH-migrationpolicies-count": {
        "value": 4.016931216931217
      },
      "WATCH-mutatingwebhookconfigurations-count": {
        "value": 8.098651647038743
      },
      "WATCH-namespaces-count": {
        "value": 22.174108209592077
      },
      "WATCH-nodes-count": {
        "value": 4.016931216931217
      },
      "WATCH-persistentvolumeclaims-count": {
        "value": 4.016931216931217
      },
      "WATCH-poddisruptionbudgets-count": {
        "value": 12.131780167264036
      },
      "WATCH-pods-count": {
        "value": 18.15717699266086
      },
      "WATCH-prometheusrules-count": {
        "value": 9.102884451271548
      },
      "WATCH-resourcequotas-count": {
        "value": 4.016931216931217
      },
      "WATCH-rolebindings-count": {
        "value": 9.119081754565626
      },
      "WATCH-roles-count": {
        "value": 9.102884451271548
      },
      "WATCH-routes-count": {
        "value": 12.115582863969959
      },
      "WATCH-secrets-count": {
        "value": 13.119815668202765
      },
      "WATCH-securitycontextconstraints-count": {
        "value": 9.119081754565626
      },
      "WATCH-serviceaccounts-count": {
        "value": 8.098651647038743
      },
      "WATCH-servicemonitors-count": {
        "value": 8.098651647038743
      },
      "WATCH-services-count": {
        "value": 13.119815668202763
      },
      "WATCH-storageclasses-count": {
        "value": 5.0211640211640205
      },
      "WATCH-validatingwebhookconfigurations-count": {
        "value": 8.098651647038743
      },
      "WATCH-virtualmachineclones-count": {
        "value": 4.016931216931217
      },
      "WATCH-virtualmachineclusterinstancetypes-count": {
        "value": 12.115582863969959
      },
      "WATCH-virtualmachineclusterpreferences-count": {
        "value": 13.119815668202765
      },
      "WATCH-virtualmachineexports-count": {
        "value": 5.0211640211640205
      },
      "WATCH-virtualmachineinstancemigrations-count": {
        "value": 4.016931216931217
      },
      "WATCH-virtualmachineinstancepresets-count": {
        "value": 8.033862433862433
      },
      "WATCH-virtualmachineinstancereplicasets-count": {
        "value": 4.016931216931217
      },
      "WATCH-virtualmachineinstances-count": {
        "value": 41.772845195425845
      },
      "WATCH-virtualmachineinstancetypes-count": {
        "value": 4.016931216931217
      },
      "WATCH-virtualmachinepools-count": {
        "value": 5.0211640211640205
      },
      "WATCH-virtualmachinepreferences-count": {
        "value": 4.016931216931217
      },
      "WATCH-virtualmachinerestores-count": {
        "value": 13.055026455026454
      },
      "WATCH-virtualmachines-count": {
        "value": 4.016931216931217
      },
      "WATCH-virtualmachinesnapshotcontents-count": {
        "value": 4.016931216931217
      },
      "WATCH-virtualmachinesnapshots-count": {
        "value": 4.016931216931217
      },
      "WATCH-volumesnapshotclasses-count": {
        "value": 4.016931216931217
      },
      "WATCH-volumesnapshots-count": {
        "value": 5.0211640211640205
      },
      "avgVirtAPICPUUsage": {
        "value": 0.003939492161994367
      },
      "avgVirtAPIMemoryUsageInMB": {
        "value": 174.36534869481648
      },
      "avgVirtControllerCPUUsage": {
        "value": 0.008357057813227512
      },
      "avgVirtControllerMemoryUsageInMB": {
        "value": 280.8424682617188
      },
      "failed-phase-count": {
        "value": 24
      },
      "maxVirtAPIMemoryUsageInMB": {
        "value": 204.6474609375
      },
      "maxVirtControllerMemoryUsageInMB": {
        "value": 353.20703125
      },
      "minVirtAPIMemoryUsageInMB": {
        "value": 166.947265625
      },
      "minVirtControllerMemoryUsageInMB": {
        "value": 224.76171875
      },
      "scheduling-phase-count": {
        "value": 15
      },
      "vmiCreationToRunningSecondsP50": {
        "value": 0
      },
      "vmiCreationToRunningSecondsP95": {
        "value": 0
      },
      "vmiCreationToRunningSecondsP99": {
        "value": 0
      },
      "vmiDeletionToFailedSecondsP50": {
        "value": 0.25
      },
      "vmiDeletionToFailedSecondsP95": {
        "value": 0.47500000000000003
      },
      "vmiDeletionToFailedSecondsP99": {
        "value": 0.495
      },
      "vmiDeletionToSucceededSecondsP50": {
        "value": 0
      },
      "vmiDeletionToSucceededSecondsP95": {
        "value": 0
      },
      "vmiDeletionToSucceededSecondsP99": {
        "value": 0
      }
    }
  },
  "VMResult": null
}
