{
  "JobDirCreationTime": "2026-06-07T06:07:39.954Z",
  "VMIResult": {
    "Values": {
      "CREATE-events-count": {
        "value": 15588.278835942028
      },
      "CREATE-pods-count": {
        "value": 8058.006376811594
      },
      "DELETE-pods-count": {
        "value": 7025.468088888889
      },
      "GET-leases-count": {
        "value": 2166.9142028985507
      },
      "GET-mutatingwebhookconfigurations-count": {
        "value": 591.4353623188406
      },
      "LIST-virtualmachineclusterinstancetypes-count": {
        "value": 591.4353623188406
      },
      "LIST-virtualmachineclusterpreferences-count": {
        "value": 591.4353623188406
      },
      "PATCH-nodes-count": {
        "value": 57.528695652173916
      },
      "PATCH-pods-count": {
        "value": 17433.407367017542
      },
      "PATCH-services-count": {
        "value": 2365.7414492753624
      },
      "PATCH-validatingadmissionpolicies-count": {
        "value": 591.4353623188406
      },
      "PATCH-validatingadmissionpolicybindings-count": {
        "value": 591.4353623188406
      },
      "PATCH-virtualmachineinstances-count": {
        "value": 14387.631644444446,
        "thresholdResult": {
          "thresholdValue": 16116.012753623188,
          "thresholdMetric": "CREATE-pods-count",
          "thresholdRatio": 1.785507602208844,
          "thresholdExceeded": false
        }
      },
      "UPDATE-configmaps-count": {
        "value": 591.4353623188406
      },
      "UPDATE-leases-count": {
        "value": 3471.9072463768116
      },
      "UPDATE-virtualmachineinstances-count": {
        "value": 27040.37789525064,
        "thresholdResult": {
          "thresholdValue": 80580.06376811594,
          "thresholdMetric": "CREATE-pods-count",
          "thresholdRatio": 3.3557156237880794,
          "thresholdExceeded": false
        }
      },
      "WATCH-cdiconfigs-count": {
        "value": 8.074202898550725
      },
      "WATCH-cdis-count": {
        "value": 7.064927536231885
      },
      "WATCH-clusterrolebindings-count": {
        "value": 16.14840579710145
      },
      "WATCH-clusterroles-count": {
        "value": 16.14840579710145
      },
      "WATCH-configmaps-count": {
        "value": 104.96465260089514
      },
      "WATCH-controllerrevisions-count": {
        "value": 8.074202898550725
      },
      "WATCH-customresourcedefinitions-count": {
        "value": 69.64000789868362
      },
      "WATCH-daemonsets-count": {
        "value": 16.14840579710145
      },
      "WATCH-datasources-count": {
        "value": 24.22261483907277
      },
      "WATCH-datavolumes-count": {
        "value": 8.074202898550725
      },
      "WATCH-deployments-count": {
        "value": 15.13913043478261
      },
      "WATCH-ingresses-count": {
        "value": 8.074202898550725
      },
      "WATCH-jobs-count": {
        "value": 16.14840579710145
      },
      "WATCH-kubevirts-count": {
        "value": 54.50087570863799
      },
      "WATCH-leases-count": {
        "value": 14.12985507246377
      },
      "WATCH-migrationpolicies-count": {
        "value": 7.064927536231885
      },
      "WATCH-mutatingwebhookconfigurations-count": {
        "value": 16.14840579710145
      },
      "WATCH-namespaces-count": {
        "value": 39.36174615148689
      },
      "WATCH-nodes-count": {
        "value": 16.14840579710145
      },
      "WATCH-persistentvolumeclaims-count": {
        "value": 8.074202898550725
      },
      "WATCH-poddisruptionbudgets-count": {
        "value": 23.213333333333335
      },
      "WATCH-pods-count": {
        "value": 30.278260869565223
      },
      "WATCH-prometheusrules-count": {
        "value": 15.13913043478261
      },
      "WATCH-resourcequotas-count": {
        "value": 8.074202898550725
      },
      "WATCH-rolebindings-count": {
        "value": 16.14840579710145
      },
      "WATCH-roles-count": {
        "value": 14.12985507246377
      },
      "WATCH-secrets-count": {
        "value": 24.222608695652177
      },
      "WATCH-serviceaccounts-count": {
        "value": 17.157681159420292
      },
      "WATCH-servicemonitors-count": {
        "value": 16.14840579710145
      },
      "WATCH-services-count": {
        "value": 23.213333333333335
      },
      "WATCH-storageclasses-count": {
        "value": 7.064927536231885
      },
      "WATCH-storageprofiles-count": {
        "value": 8.074202898550725
      },
      "WATCH-validatingadmissionpolicies-count": {
        "value": 16.14840579710145
      },
      "WATCH-validatingadmissionpolicybindings-count": {
        "value": 16.14840579710145
      },
      "WATCH-validatingwebhookconfigurations-count": {
        "value": 15.13913043478261
      },
      "WATCH-virtualmachinebackups-count": {
        "value": 25.231891956654632
      },
      "WATCH-virtualmachinebackuptrackers-count": {
        "value": 15.13913043478261
      },
      "WATCH-virtualmachineclones-count": {
        "value": 8.074202898550725
      },
      "WATCH-virtualmachineclusterinstancetypes-count": {
        "value": 25.231884057971016
      },
      "WATCH-virtualmachineclusterpreferences-count": {
        "value": 22.204057971014493
      },
      "WATCH-virtualmachineexports-count": {
        "value": 7.064927536231885
      },
      "WATCH-virtualmachineinstancemigrations-count": {
        "value": 7.064927536231885
      },
      "WATCH-virtualmachineinstancepresets-count": {
        "value": 15.139137455834714
      },
      "WATCH-virtualmachineinstancereplicasets-count": {
        "value": 8.074202898550725
      },
      "WATCH-virtualmachineinstances-count": {
        "value": 29.268985507246377
      },
      "WATCH-virtualmachineinstancetypes-count": {
        "value": 7.064927536231885
      },
      "WATCH-virtualmachinepools-count": {
        "value": 7.064927536231885
      },
      "WATCH-virtualmachinepreferences-count": {
        "value": 8.074202898550725
      },
      "WATCH-virtualmachinerestores-count": {
        "value": 21.194788752116246
      },
      "WATCH-virtualmachines-count": {
        "value": 8.074202898550725
      },
      "WATCH-virtualmachinesnapshotcontents-count": {
        "value": 7.064927536231885
      },
      "WATCH-virtualmachinesnapshots-count": {
        "value": 7.064927536231885
      },
      "avgVirtAPICPUUsage": {
        "value": 0.029130690900848494
      },
      "avgVirtAPIMemoryUsageInMB": {
        "value": 171.69595231681035
      },
      "avgVirtControllerCPUUsage": {
        "value": 0.255440552660389
      },
      "avgVirtControllerMemoryUsageInMB": {
        "value": 1250.8681977370686
      },
      "maxVirtAPIMemoryUsageInMB": {
        "value": 179.876953125
      },
      "maxVirtControllerMemoryUsageInMB": {
        "value": 1986.33203125
      },
      "minVirtAPIMemoryUsageInMB": {
        "value": 126.6640625
      },
      "minVirtControllerMemoryUsageInMB": {
        "value": 454.96875
      },
      "virtControllerWorkqueueAddRate": {
        "value": 231.87525575273247
      },
      "virtControllerWorkqueueDepth": {
        "value": 0.012437222652315427
      },
      "virtControllerWorkqueueP99Latency": {
        "value": 0.7401581810013973
      },
      "vmiCreationToRunningSecondsP50": {
        "value": 0.4602503983329854,
        "thresholdResult": {
          "thresholdValue": 45,
          "thresholdExceeded": false
        }
      },
      "vmiCreationToRunningSecondsP95": {
        "value": 0.9724165404124945,
        "thresholdResult": {
          "thresholdValue": 60,
          "thresholdExceeded": false
        }
      },
      "vmiCreationToRunningSecondsP99": {
        "value": 1.619000336922832
      },
      "vmiDeletionToFailedSecondsP50": {
        "value": 0
      },
      "vmiDeletionToFailedSecondsP95": {
        "value": 0
      },
      "vmiDeletionToFailedSecondsP99": {
        "value": 0
      },