{
  "JobDirCreationTime": "2024-11-11T05:05:15.059Z",
  "VMIResult": {
    "Values": {
      "CREATE-events-count": {
        "value": 723.4246944444445
      },
      "CREATE-pods-count": {
        "value": 101.434
      },
      "DELETE-pods-count": {
        "value": 101.5425
      },
      "GET-leases-count": {
        "value": 185.55555555555554
      },
      "GET-nodes-count": {
        "value": 21.111111111111114
      },
      "PATCH-events-count": {
        "value": 82.54763333333332
      },
      "PATCH-nodes-count": {
        "value": 8.88888888888889
      },
      "PATCH-pods-count": {
        "value": 303.29766
      },
      "PATCH-virtualmachineinstances-count": {
        "value": 203.085
      },
      "UPDATE-leases-count": {
        "value": 298.8888888888889
      },
      "UPDATE-virtualmachineinstances-count": {
        "value": 932.7749566666665
      },
      "WATCH-clusterrolebindings-count": {
        "value": 2.2222222222222223
      },
      "WATCH-clusterroles-count": {
        "value": 1.1111111111111112
      },
      "WATCH-configmaps-count": {
        "value": 8.88888888888889
      },
      "WATCH-controllerrevisions-count": {
        "value": 1.1111111111111112
      },
      "WATCH-customresourcedefinitions-count": {
        "value": 7.777777777777777
      },
      "WATCH-daemonsets-count": {
        "value": 1.1111111111111112
      },
      "WATCH-deployments-count": {
        "value": 1.1111111111111112
      },
      "WATCH-jobs-count": {
        "value": 2.2222222222222223
      },
      "WATCH-kubevirts-count": {
        "value": 5.555555555555555
      },
      "WATCH-migrationpolicies-count": {
        "value": 1.1111111111111112
      },
      "WATCH-mutatingwebhookconfigurations-count": {
        "value": 1.1111111111111112
      },
      "WATCH-namespaces-count": {
        "value": 2.2222222222222223
      },
      "WATCH-nodes-count": {
        "value": 1.1111111111111112
      },
      "WATCH-poddisruptionbudgets-count": {
        "value": 3.3333333333333335
      },
      "WATCH-pods-count": {
        "value": 2.2222222222222223
      },
      "WATCH-prometheusrules-count": {
        "value": 1.1111111111111112
      },
      "WATCH-resourcequotas-count": {
        "value": 1.1111111111111112
      },
      "WATCH-rolebindings-count": {
        "value": 1.1111111111111112
      },
      "WATCH-roles-count": {
        "value": 1.1111111111111112
      },
      "WATCH-routes-count": {
        "value": 1.1111111111111112
      },
      "WATCH-secrets-count": {
        "value": 2.2222222222222223
      },
      "WATCH-serviceaccounts-count": {
        "value": 1.1111111111111112
      },
      "WATCH-servicemonitors-count": {
        "value": 1.1111111111111112
      },
      "WATCH-services-count": {
        "value": 2.2222222222222223
      },
      "WATCH-validatingwebhookconfigurations-count": {
        "value": 2.2222222222222223
      },
      "WATCH-virtualmachineclones-count": {
        "value": 1.1111111111111112
      },
      "WATCH-virtualmachineclusterinstancetypes-count": {
        "value": 2.2222222222222223
      },
      "WATCH-virtualmachineclusterpreferences-count": {
        "value": 3.3333333333333335
      },
      "WATCH-virtualmachineinstancepresets-count": {
        "value": 1.1111111111111112
      },
      "WATCH-virtualmachineinstancereplicasets-count": {
        "value": 1.1111111111111112
      },
      "WATCH-virtualmachineinstances-count": {
        "value": 2.2222222222222223
      },
      "WATCH-virtualmachinepools-count": {
        "value": 1.1111111111111112
      },
      "WATCH-virtualmachinepreferences-count": {
        "value": 1.1111111111111112
      },
      "WATCH-virtualmachinerestores-count": {
        "value": 2.2222222222222223
      },
      "WATCH-virtualmachines-count": {
        "value": 1.1111111111111112
      },
      "avgVirtAPICPUUsage": {
        "value": 0.02453786032962963
      },
      "avgVirtAPIMemoryUsageInMB": {
        "value": 191.95185546875
      },
      "avgVirtControllerCPUUsage": {
        "value": 0.03797508000740741
      },
      "avgVirtControllerMemoryUsageInMB": {
        "value": 107.43398437500001
      },
      "maxVirtAPIMemoryUsageInMB": {
        "value": 209.380859375
      },
      "maxVirtControllerMemoryUsageInMB": {
        "value": 134.17578125
      },
      "minVirtAPIMemoryUsageInMB": {
        "value": 179.5654296875
      },
      "minVirtControllerMemoryUsageInMB": {
        "value": 84.23046875
      },
      "succeeded-phase-count": {
        "value": 1
      },
      "vmiCreationToRunningSecondsP50": {
        "value": 42.69272274832113
      },
      "vmiCreationToRunningSecondsP95": {
        "value": 49.68465689021673
      },
      "vmiCreationToRunningSecondsP99": {
        "value": 56.633513190939176
      },
      "vmiDeletionToFailedSecondsP50": {
        "value": 0
      },
      "vmiDeletionToFailedSecondsP95": {
        "value": 0
      },
      "vmiDeletionToFailedSecondsP99": {
        "value": 0
      },
      "vmiDeletionToSucceededSecondsP50": {
        "value": 0.854682533303341
      },
      "vmiDeletionToSucceededSecondsP95": {
        "value": 8.734459308252728
      },
      "vmiDeletionToSucceededSecondsP99": {
        "value": 9.996891861650546
      }
    }
  },
  "VMResult": null
}
