{
  "JobDirCreationTime": "2024-09-14T08:16:00.592Z",
  "VMIResult": {
    "Values": {
      "CREATE-events-count": {
        "value": 144.6060733333333
      },
      "CREATE-pods-count": {
        "value": 121.07845555555556
      },
      "GET-leases-count": {
        "value": 118.38184
      },
      "GET-nodes-count": {
        "value": 29.357350000000004
      },
      "LIST-nodes-count": {
        "value": 8.734977777777779
      },
      "LIST-virtualmachineclusterinstancetypes-count": {
        "value": 4.367488888888889
      },
      "LIST-virtualmachineclusterpreferences-count": {
        "value": 4.367488888888889
      },
      "PATCH-nodes-count": {
        "value": 4.892891666666666
      },
      "PATCH-pods-count": {
        "value": 200.06755555555554
      },
      "PATCH-services-count": {
        "value": 34.939911111111115
      },
      "PATCH-virtualmachineinstances-count": {
        "value": 37.635850000000005,
        "thresholdResult": {
          "thresholdValue": 242.15691111111113,
          "thresholdMetric": "CREATE-pods-count",
          "thresholdRatio": 0.310838537106473,
          "thresholdExceeded": true
        }
      },
      "UPDATE-kubevirts-count": {
        "value": 1.0918722222222224
      },
      "UPDATE-leases-count": {
        "value": 189.97500000000002
      },
      "UPDATE-virtualmachineinstances-count": {
        "value": 723.4878111111112,
        "thresholdResult": {
          "thresholdValue": 1210.7845555555557,
          "thresholdMetric": "CREATE-pods-count",
          "thresholdRatio": 5.975363724218852,
          "thresholdExceeded": false
        }
      },
      "avgVirtAPICPUUsage": {
        "value": 0.00927129884638889
      },
      "avgVirtAPIMemoryUsageInMB": {
        "value": 142.967041015625
      },
      "avgVirtControllerCPUUsage": {
        "value": 0.009951883806898147
      },
      "avgVirtControllerMemoryUsageInMB": {
        "value": 69.17354910714286
      },
      "maxVirtAPIMemoryUsageInMB": {
        "value": 165.19921875
      },
      "maxVirtControllerMemoryUsageInMB": {
        "value": 93.28515625
      },
      "minVirtAPIMemoryUsageInMB": {
        "value": 137.40234375
      },
      "minVirtControllerMemoryUsageInMB": {
        "value": 51.9453125
      },
      "none-none-count": {
        "value": 2.4630333333333336
      },
      "running-phase-count": {
        "value": 101
      },
      "vmiCreationToRunningSecondsP50": {
        "value": 15,
        "thresholdResult": {
          "thresholdValue": 45,
          "thresholdExceeded": false
        }
      },
      "vmiCreationToRunningSecondsP95": {
        "value": 19.5,
        "thresholdResult": {
          "thresholdValue": 60,
          "thresholdExceeded": false
        }
      },
      "vmiCreationToRunningSecondsP99": {
        "value": 19.9
      },
      "vmiDeletionToFailedSecondsP50": {
        "value": 0
      },
      "vmiDeletionToFailedSecondsP95": {
        "value": 0
      },
      "vmiDeletionToFailedSecondsP99": {
        "value": 0
      },
      "vmiDeletionToSucceededSecondsP50": {
        "value": 0
      },
      "vmiDeletionToSucceededSecondsP95": {
        "value": 0
      },
      "vmiDeletionToSucceededSecondsP99": {
        "value": 0
      }
    }
  },
  "VMResult": {
    "Values": {
      "CREATE-events-count": {
        "value": 755.5555555555555
      },
      "CREATE-pods-count": {
        "value": 102.22222222222223
      },
      "GET-leases-count": {
        "value": 183.33333333333334
      },
      "GET-nodes-count": {
        "value": 28.88888888888889
      },
      "LIST-cdiconfigs-count": {
        "value": 1.1111111111111112
      },
      "LIST-cdis-count": {
        "value": 1.1111111111111112
      },
      "LIST-clusterrolebindings-count": {
        "value": 1.1111111111111112
      },
      "LIST-clusterroles-count": {
        "value": 1.1111111111111112
      },
      "LIST-configmaps-count": {
        "value": 13.333333333333332
      },
      "LIST-controllerrevisions-count": {
        "value": 1.1111111111111112
      },
      "LIST-customresourcedefinitions-count": {
        "value": 8.888888888888888
      },
      "LIST-daemonsets-count": {
        "value": 1.1111111111111112
      },
      "LIST-datasources-count": {
        "value": 3.3333333333333335
      },
      "LIST-datavolumes-count": {
        "value": 3.3333333333333335
      },
      "LIST-deployments-count": {
        "value": 1.1111111111111112
      },
      "LIST-ingresses-count": {
        "value": 1.1111111111111112
      },
      "LIST-jobs-count": {
        "value": 2.2222222222222223
      },
      "LIST-kubevirts-count": {
        "value": 8.888888888888888
      },
      "LIST-migrationpolicies-count": {
        "value": 1.1111111111111112
      },
      "LIST-mutatingwebhookconfigurations-count": {
        "value": 1.1111111111111112
      },
      "LIST-namespaces-count": {
        "value": 3.3333333333333335
      },
      "LIST-nodes-count": {
        "value": 1.1111111111111112
      },
      "LIST-persistentvolumeclaims-count": {
        "value": 1.1111111111111112
      },
      "LIST-poddisruptionbudgets-count": {
        "value": 2.2222222222222223
      },
      "LIST-pods-count": {
        "value": 2.2222222222222223
      },
      "LIST-prometheusrules-count": {
        "value": 1.1111111111111112
      },
      "LIST-resourcequotas-count": {
        "value": 1.1111111111111112
      },
      "LIST-rolebindings-count": {
        "value": 2.2222222222222223
      },
      "LIST-roles-count": {
        "value": 2.2222222222222223
      },
      "LIST-secrets-count": {
        "value": 2.2222222222222223
      },
      "LIST-servicemonitors-count": {
        "value": 2.2222222222222223
      },
      "LIST-services-count": {
        "value": 2.2222222222222223
      },
      "LIST-storageclasses-count": {
        "value": 1.1111111111111112
      },
      "LIST-storageprofiles-count": {
        "value": 1.1111111111111112
      },
      "LIST-validatingwebhookconfigurations-count": {
        "value": 2.2222222222222223
      },
      "LIST-virtualmachineclones-count": {
        "value": 1.1111111111111112
      },
      "LIST-virtualmachineclusterinstancetypes-count": {
        "value": 2.2222222222222223
      },
      "LIST-virtualmachineclusterpreferences-count": {
        "value": 3.3333333333333335
      },
      "LIST-virtualmachineexports-count": {
        "value": 1.1111111111111112
      },
      "LIST-virtualmachineinstancemigrations-count": {
        "value": 1.1111111111111112
      },
      "LIST-virtualmachineinstancepresets-count": {
        "value": 2.2222222222222223
      },
      "LIST-virtualmachineinstancereplicasets-count": {
        "value": 1.1111111111111112
      },
      "LIST-virtualmachineinstances-count": {
        "value": 10
      },
      "LIST-virtualmachineinstancetypes-count": {
        "value": 1.1111111111111112
      },
      "LIST-virtualmachinepools-count": {
        "value": 1.1111111111111112
      },
      "LIST-virtualmachinepreferences-count": {
        "value": 1.1111111111111112
      },
      "LIST-virtualmachinerestores-count": {
        "value": 2.2222222222222223
      },
      "LIST-virtualmachines-count": {
        "value": 1.1111111111111112
      },
      "LIST-virtualmachinesnapshotcontents-count": {
        "value": 1.1111111111111112
      },
      "LIST-virtualmachinesnapshots-count": {
        "value": 1.1111111111111112
      },
      "PATCH-events-count": {
        "value": 1.3027833333333334
      },
      "PATCH-nodes-count": {
        "value": 13.333333333333334
      },
      "PATCH-pods-count": {
        "value": 223.33333333333331
      },
      "PATCH-virtualmachineinstances-count": {
        "value": 145.55555555555557,
        "thresholdResult": {
          "thresholdValue": 204.44444444444446,
          "thresholdMetric": "CREATE-pods-count",
          "thresholdRatio": 1.423913043478261,