{
  "JobDirCreationTime": "2025-08-10T16:19:09.891Z",
  "VMIResult": {
    "Values": {
      "CREATE-events-count": {
        "value": 226.49185150684144
      },
      "CREATE-pods-count": {
        "value": 114.01583333333333
      },
      "CREATE-virtualmachineclusterpreferences-count": {
        "value": 37.76195555555556
      },
      "GET-leases-count": {
        "value": 140.96968253968254
      },
      "GET-nodes-count": {
        "value": 32.404328834205224
      },
      "LIST-nodes-count": {
        "value": 38.093157142857144
      },
      "LIST-virtualmachineclusterinstancetypes-count": {
        "value": 34.57019523809524
      },
      "LIST-virtualmachineclusterpreferences-count": {
        "value": 34.57019523809524
      },
      "PATCH-nodes-count": {
        "value": 9.25837966691578
      },
      "PATCH-pods-count": {
        "value": 375.95225
      },
      "PATCH-services-count": {
        "value": 152.37262857142858
      },
      "PATCH-validatingadmissionpolicies-count": {
        "value": 38.093157142857144
      },
      "PATCH-validatingadmissionpolicybindings-count": {
        "value": 38.093157142857144
      },
      "PATCH-virtualmachineinstances-count": {
        "value": 96.0571,
        "thresholdResult": {
          "thresholdValue": 228.03166666666667,
          "thresholdMetric": "CREATE-pods-count",
          "thresholdRatio": 0.8424891279719923,
          "thresholdExceeded": false
        }
      },
      "UPDATE-configmaps-count": {
        "value": 38.093157142857144
      },
      "UPDATE-kubevirts-count": {
        "value": 1.1543380952380953
      },
      "UPDATE-leases-count": {
        "value": 241.51500000000001
      },
      "UPDATE-virtualmachineinstances-count": {
        "value": 654.7974604479103,
        "thresholdResult": {
          "thresholdValue": 1140.1583333333333,
          "thresholdMetric": "CREATE-pods-count",
          "thresholdRatio": 5.743039727943432,
          "thresholdExceeded": false
        }
      },
      "avgVirtAPICPUUsage": {
        "value": 0.011137261111111112
      },
      "avgVirtAPIMemoryUsageInMB": {
        "value": 136.67890625
      },
      "avgVirtControllerCPUUsage": {
        "value": 0.026083986795277774
      },
      "avgVirtControllerMemoryUsageInMB": {
        "value": 62.69574652777778
      },
      "avgVirtHandlerCPUUsage": {
        "value": 0.0008703487444217576
      },
      "avgVirtHandlerMemoryUsageInMB": {
        "value": 16.439757701427624
      },
      "maxVirtAPIMemoryUsageInMB": {
        "value": 160.9609375
      },
      "maxVirtControllerMemoryUsageInMB": {
        "value": 84.21875
      },
      "maxVirtHandlerCPUUsage": {
        "value": 0.000904350102931624
      },
      "maxVirtHandlerMemoryUsageInMB": {
        "value": 33.4413247053872
      },
      "minVirtAPIMemoryUsageInMB": {
        "value": 124.474609375
      },
      "minVirtControllerMemoryUsageInMB": {
        "value": 48.1640625
      },
      "minVirtHandlerCPUUsage": {
        "value": 0.0008512153168749999
      },
      "minVirtHandlerMemoryUsageInMB": {
        "value": 7.813236177884615
      },
      "running-phase-count": {
        "value": 101
      },
      "vmiCreationToRunningSecondsP50": {
        "value": 24.03571926145731,
        "thresholdResult": {
          "thresholdValue": 45,
          "thresholdExceeded": false
        }
      },
      "vmiCreationToRunningSecondsP95": {
        "value": 35.907394029483335,
        "thresholdResult": {
          "thresholdValue": 60,
          "thresholdExceeded": false
        }
      },
      "vmiCreationToRunningSecondsP99": {
        "value": 39.181478805896674
      },
      "vmiDeletionToFailedSecondsP50": {
        "value": 0
      },
      "vmiDeletionToFailedSecondsP95": {
        "value": 0
      },
      "vmiDeletionToFailedSecondsP99": {
        "value": 0
      },
      "vmiDeletionToSucceededSecondsP50": {
        "value": 0
      },
      "vmiDeletionToSucceededSecondsP95": {
        "value": 0
      },
      "vmiDeletionToSucceededSecondsP99": {
        "value": 0
      }
    }
  },
  "VMResult": null
}
