{
  "JobDirCreationTime": "2026-02-23T05:13:08.22Z",
  "VMIResult": {
    "Values": {
      "CREATE-events-count": {
        "value": 16003.868911206897
      },
      "CREATE-pods-count": {
        "value": 8001.434374137931
      },
      "DELETE-pods-count": {
        "value": 6589.4590714285705
      },
      "GET-leases-count": {
        "value": 2173.574181253331
      },
      "LIST-virtualmachineclusterinstancetypes-count": {
        "value": 583.9908758699346
      },
      "LIST-virtualmachineclusterpreferences-count": {
        "value": 583.9908758699346
      },
      "PATCH-nodes-count": {
        "value": 55.474090108543
      },
      "PATCH-pods-count": {
        "value": 17966.976062683654
      },
      "PATCH-services-count": {
        "value": 2335.9635034797384
      },
      "PATCH-validatingadmissionpolicies-count": {
        "value": 583.9908758699346
      },
      "PATCH-validatingadmissionpolicybindings-count": {
        "value": 583.9908758699346
      },
      "PATCH-virtualmachineinstances-count": {
        "value": 15305.345699999998,
        "thresholdResult": {
          "thresholdValue": 16002.868748275861,
          "thresholdMetric": "CREATE-pods-count",
          "thresholdRatio": 1.9128252491165356,
          "thresholdExceeded": false
        }
      },
      "UPDATE-configmaps-count": {
        "value": 583.9908758699346
      },
      "UPDATE-leases-count": {
        "value": 3498.903663831562
      },
      "UPDATE-virtualmachineinstances-count": {
        "value": 26762.53400857654,
        "thresholdResult": {
          "thresholdValue": 80014.3437413793,
          "thresholdMetric": "CREATE-pods-count",
          "thresholdRatio": 3.344717054116927,
          "thresholdExceeded": false
        }
      },
      "WATCH-cdiconfigs-count": {
        "value": 7.060344827586206
      },
      "WATCH-cdis-count": {
        "value": 8.068965517241379
      },
      "WATCH-clusterrolebindings-count": {
        "value": 15.129303388828825
      },
      "WATCH-clusterroles-count": {
        "value": 18.155163718794654
      },
      "WATCH-configmaps-count": {
        "value": 103.88789393582003
      },
      "WATCH-controllerrevisions-count": {
        "value": 7.060344827586206
      },
      "WATCH-customresourcedefinitions-count": {
        "value": 72.62063951407198
      },
      "WATCH-daemonsets-count": {
        "value": 17.146544768139172
      },
      "WATCH-datasources-count": {
        "value": 22.189651114746685
      },
      "WATCH-datavolumes-count": {
        "value": 7.060344827586206
      },
      "WATCH-deployments-count": {
        "value": 15.129303388828825
      },
      "WATCH-ingresses-count": {
        "value": 8.068965517241379
      },
      "WATCH-jobs-count": {
        "value": 16.137924947983844
      },
      "WATCH-kubevirts-count": {
        "value": 55.47409677475863
      },
      "WATCH-leases-count": {
        "value": 17.146543898639326
      },
      "WATCH-migrationpolicies-count": {
        "value": 8.068965517241379
      },
      "WATCH-mutatingwebhookconfigurations-count": {
        "value": 17.146543898639326
      },
      "WATCH-namespaces-count": {
        "value": 39.33619530321913
      },
      "WATCH-nodes-count": {
        "value": 15.12930425832867
      },
      "WATCH-persistentvolumeclaims-count": {
        "value": 7.060344827586206
      },
      "WATCH-poddisruptionbudgets-count": {
        "value": 23.198268906070204
      },
      "WATCH-pods-count": {
        "value": 33.284474933122084
      },
      "WATCH-prometheusrules-count": {
        "value": 16.137924078483998
      },
      "WATCH-resourcequotas-count": {
        "value": 8.068965517241379
      },
      "WATCH-rolebindings-count": {
        "value": 14.120682699173653
      },
      "WATCH-roles-count": {
        "value": 16.137924078483998
      },
      "WATCH-secrets-count": {
        "value": 24.206888726225532
      },
      "WATCH-serviceaccounts-count": {
        "value": 16.137924078483998
      },
      "WATCH-servicemonitors-count": {
        "value": 16.137924078483998
      },
      "WATCH-services-count": {
        "value": 24.20688959572538
      },
      "WATCH-storageclasses-count": {
        "value": 8.068965517241379
      },
      "WATCH-storageprofiles-count": {
        "value": 8.068965517241379
      },
      "WATCH-validatingadmissionpolicies-count": {
        "value": 17.146543898639326
      },
      "WATCH-validatingadmissionpolicybindings-count": {
        "value": 17.146544768139172
      },
      "WATCH-validatingwebhookconfigurations-count": {
        "value": 15.12930425832867
      },
      "WATCH-virtualmachinebackups-count": {
        "value": 22.189651114746685
      },
      "WATCH-virtualmachinebackuptrackers-count": {
        "value": 16.137924078483998
      },
      "WATCH-virtualmachineclones-count": {
        "value": 7.060344827586206
      },
      "WATCH-virtualmachineclusterinstancetypes-count": {
        "value": 23.19826977557005
      },
      "WATCH-virtualmachineclusterpreferences-count": {
        "value": 26.224130105535878
      },
      "WATCH-virtualmachineexports-count": {
        "value": 8.068965517241379
      },
      "WATCH-virtualmachineinstancemigrations-count": {
        "value": 8.068965517241379
      },
      "WATCH-virtualmachineinstancepresets-count": {
        "value": 16.13792639714892
      },
      "WATCH-virtualmachineinstancereplicasets-count": {
        "value": 7.060344827586206
      },
      "WATCH-virtualmachineinstances-count": {
        "value": 33.284461890624414
      },
      "WATCH-virtualmachineinstancetypes-count": {
        "value": 7.060344827586206
      },
      "WATCH-virtualmachinepools-count": {
        "value": 8.068965517241379
      },
      "WATCH-virtualmachinepreferences-count": {
        "value": 8.068965517241379
      },
      "WATCH-virtualmachinerestores-count": {
        "value": 23.198271224735127
      },
      "WATCH-virtualmachines-count": {
        "value": 8.068965517241379
      },
      "WATCH-virtualmachinesnapshotcontents-count": {
        "value": 9.077586206896552
      },
      "WATCH-virtualmachinesnapshots-count": {
        "value": 7.060344827586206
      },
      "avgVirtAPICPUUsage": {
        "value": 0.02878020316091954
      },
      "avgVirtAPIMemoryUsageInMB": {
        "value": 165.95816639957263
      },
      "avgVirtControllerCPUUsage": {
        "value": 0.2733021431034483
      },
      "avgVirtControllerMemoryUsageInMB": {
        "value": 1401.8544337606834
      },
      "maxVirtAPIMemoryUsageInMB": {
        "value": 176.08984375
      },
      "maxVirtControllerMemoryUsageInMB": {
        "value": 2280.42578125
      },
      "minVirtAPIMemoryUsageInMB": {
        "value": 123.265625
      },
      "minVirtControllerMemoryUsageInMB": {
        "value": 504.078125
      },
      "virtControllerWorkqueueAddRate": {
        "value": 231.86619022546418
      },
      "virtControllerWorkqueueDepth": {
        "value": 0.018234608507711955
      },
      "virtControllerWorkqueueP99Latency": {
        "value": 0.4716316027938273
      },
      "vmiCreationToRunningSecondsP50": {
        "value": 0.6155907540260048,
        "thresholdResult": {
          "thresholdValue": 45,
          "thresholdExceeded": false
        }
      },
      "vmiCreationToRunningSecondsP95": {
        "value": 1.482470899651669,
        "thresholdResult": {
          "thresholdValue": 60,
          "thresholdExceeded": false
        }
      },
      "vmiCreationToRunningSecondsP99": {
        "value": 1.8964941799303345
      },
      "vmiDeletionToFailedSecondsP50": {
        "value": 0
      },
      "vmiDeletionToFailedSecondsP95": {
        "value": 0
      },
      "vmiDeletionToFailedSecondsP99": {
        "value": 0
      },
      "vmiDeletionToSucceededSecondsP50": {
        "value": 0
      },
      "vmiDeletionToSucceededSecondsP95": {
        "value": 0
      },