{
  "JobDirCreationTime": "2026-05-04T06:08:18.412Z",
  "VMIResult": {
    "Values": {
      "CREATE-events-count": {
        "value": 15374.397961739129
      },
      "CREATE-pods-count": {
        "value": 8064.151304347826
      },
      "DELETE-pods-count": {
        "value": 6758.382866666668
      },
      "GET-leases-count": {
        "value": 2166.9936231884058
      },
      "GET-mutatingwebhookconfigurations-count": {
        "value": 579.144881655141
      },
      "LIST-virtualmachineclusterinstancetypes-count": {
        "value": 580.1556057068952
      },
      "LIST-virtualmachineclusterpreferences-count": {
        "value": 580.1556057068952
      },
      "PATCH-nodes-count": {
        "value": 54.579130434782606
      },
      "PATCH-pods-count": {
        "value": 18069.614722654464
      },
      "PATCH-services-count": {
        "value": 2316.579526620564
      },
      "PATCH-validatingadmissionpolicies-count": {
        "value": 579.144881655141
      },
      "PATCH-validatingadmissionpolicybindings-count": {
        "value": 579.144881655141
      },
      "PATCH-virtualmachineinstances-count": {
        "value": 14845.231200000002,
        "thresholdResult": {
          "thresholdValue": 16128.302608695652,
          "thresholdMetric": "CREATE-pods-count",
          "thresholdRatio": 1.8408919475501562,
          "thresholdExceeded": false
        }
      },
      "UPDATE-configmaps-count": {
        "value": 579.144881655141
      },
      "UPDATE-leases-count": {
        "value": 3477.9024698805256
      },
      "UPDATE-virtualmachineinstances-count": {
        "value": 27164.79383249213,
        "thresholdResult": {
          "thresholdValue": 80641.51304347826,
          "thresholdMetric": "CREATE-pods-count",
          "thresholdRatio": 3.3685868242385406,
          "thresholdExceeded": false
        }
      },
      "WATCH-cdiconfigs-count": {
        "value": 7.075072463768116
      },
      "WATCH-cdis-count": {
        "value": 7.075072463768116
      },
      "WATCH-clusterrolebindings-count": {
        "value": 16.17158951548266
      },
      "WATCH-clusterroles-count": {
        "value": 16.17158951548266
      },
      "WATCH-configmaps-count": {
        "value": 112.19042072036102
      },
      "WATCH-controllerrevisions-count": {
        "value": 8.085797101449275
      },
      "WATCH-customresourcedefinitions-count": {
        "value": 70.75071526284937
      },
      "WATCH-daemonsets-count": {
        "value": 17.182314153163816
      },
      "WATCH-datasources-count": {
        "value": 24.257391304347827
      },
      "WATCH-datavolumes-count": {
        "value": 7.075072463768116
      },
      "WATCH-deployments-count": {
        "value": 17.182314153163816
      },
      "WATCH-ingresses-count": {
        "value": 7.075072463768116
      },
      "WATCH-jobs-count": {
        "value": 16.171590101409645
      },
      "WATCH-kubevirts-count": {
        "value": 52.55767705793138
      },
      "WATCH-leases-count": {
        "value": 16.17158892955567
      },
      "WATCH-migrationpolicies-count": {
        "value": 8.085797101449275
      },
      "WATCH-mutatingwebhookconfigurations-count": {
        "value": 16.17158892955567
      },
      "WATCH-namespaces-count": {
        "value": 40.42898081983048
      },
      "WATCH-nodes-count": {
        "value": 16.17159420289855
      },
      "WATCH-persistentvolumeclaims-count": {
        "value": 7.075072463768116
      },
      "WATCH-poddisruptionbudgets-count": {
        "value": 23.246661979250774
      },
      "WATCH-pods-count": {
        "value": 37.39680632086002
      },
      "WATCH-prometheusrules-count": {
        "value": 17.182314153163816
      },
      "WATCH-resourcequotas-count": {
        "value": 8.085797101449275
      },
      "WATCH-rolebindings-count": {
        "value": 16.17158951548266
      },
      "WATCH-roles-count": {
        "value": 16.17158951548266
      },
      "WATCH-secrets-count": {
        "value": 23.246661979250774
      },
      "WATCH-serviceaccounts-count": {
        "value": 17.182313567236832
      },
      "WATCH-servicemonitors-count": {
        "value": 16.17158951548266
      },
      "WATCH-services-count": {
        "value": 24.25738661693193
      },
      "WATCH-storageclasses-count": {
        "value": 7.075072463768116
      },
      "WATCH-storageprofiles-count": {
        "value": 9.096521739130434
      },
      "WATCH-validatingadmissionpolicies-count": {
        "value": 14.15014024012034
      },
      "WATCH-validatingadmissionpolicybindings-count": {
        "value": 17.182313567236832
      },
      "WATCH-validatingwebhookconfigurations-count": {
        "value": 16.17158951548266
      },
      "WATCH-virtualmachinebackups-count": {
        "value": 23.246666666666666
      },
      "WATCH-virtualmachinebackuptrackers-count": {
        "value": 15.160869565217391
      },
      "WATCH-virtualmachineclones-count": {
        "value": 7.075072463768116
      },
      "WATCH-virtualmachineclusterinstancetypes-count": {
        "value": 24.25738661693193
      },
      "WATCH-virtualmachineclusterpreferences-count": {
        "value": 24.25738661693193
      },
      "WATCH-virtualmachineexports-count": {
        "value": 9.096521739130434
      },
      "WATCH-virtualmachineinstancemigrations-count": {
        "value": 8.085797101449275
      },
      "WATCH-virtualmachineinstancepresets-count": {
        "value": 14.150144927536232
      },
      "WATCH-virtualmachineinstancereplicasets-count": {
        "value": 8.085797101449275
      },
      "WATCH-virtualmachineinstances-count": {
        "value": 34.36463768115942
      },
      "WATCH-virtualmachineinstancetypes-count": {
        "value": 8.085797101449275
      },
      "WATCH-virtualmachinepools-count": {
        "value": 8.085797101449275
      },
      "WATCH-virtualmachinepreferences-count": {
        "value": 7.075072463768116
      },
      "WATCH-virtualmachinerestores-count": {
        "value": 23.246666666666666
      },
      "WATCH-virtualmachines-count": {
        "value": 7.075072463768116
      },
      "WATCH-virtualmachinesnapshotcontents-count": {
        "value": 8.085797101449275
      },
      "WATCH-virtualmachinesnapshots-count": {
        "value": 7.075072463768116
      },
      "avgVirtAPICPUUsage": {
        "value": 0.029151927826086957
      },
      "avgVirtAPIMemoryUsageInMB": {
        "value": 177.73289331896558
      },
      "avgVirtControllerCPUUsage": {
        "value": 0.268846735942029
      },
      "avgVirtControllerMemoryUsageInMB": {
        "value": 1393.883923760776
      },
      "maxVirtAPIMemoryUsageInMB": {
        "value": 181.357421875
      },
      "maxVirtControllerMemoryUsageInMB": {
        "value": 2215.125
      },
      "minVirtAPIMemoryUsageInMB": {
        "value": 161.798828125
      },
      "minVirtControllerMemoryUsageInMB": {
        "value": 492.671875
      },
      "virtControllerWorkqueueAddRate": {
        "value": 232.4053269285919
      },
      "virtControllerWorkqueueDepth": {
        "value": 0.0482702275532724
      },
      "virtControllerWorkqueueP99Latency": {
        "value": 0.6119476247488831
      },
      "vmiCreationToRunningSecondsP50": {
        "value": 0.615566130158826,
        "thresholdResult": {
          "thresholdValue": 45,
          "thresholdExceeded": false
        }
      },
      "vmiCreationToRunningSecondsP95": {
        "value": 1.4020115218332425,
        "thresholdResult": {
          "thresholdValue": 60,
          "thresholdExceeded": false
        }
      },
      "vmiCreationToRunningSecondsP99": {
        "value": 1.880402304366648
      },
      "vmiDeletionToFailedSecondsP50": {
        "value": 0
      },
      "vmiDeletionToFailedSecondsP95": {
        "value": 0
      },
      "vmiDeletionToFailedSecondsP99": {
        "value": 0
      },