{
  "JobDirCreationTime": "2025-12-19T16:22:01.041Z",
  "VMIResult": {
    "Values": {
      "CREATE-events-count": {
        "value": 183.8012308123194
      },
      "CREATE-pods-count": {
        "value": 117.53583333333333
      },
      "GET-leases-count": {
        "value": 182.22051443491787
      },
      "LIST-nodes-count": {
        "value": 48.88888888888889
      },
      "LIST-virtualmachineclusterinstancetypes-count": {
        "value": 50
      },
      "LIST-virtualmachineclusterpreferences-count": {
        "value": 50
      },
      "PATCH-nodes-count": {
        "value": 15.555399181770902
      },
      "PATCH-pods-count": {
        "value": 237.40238333333332
      },
      "PATCH-services-count": {
        "value": 195.55555555555557
      },
      "PATCH-validatingadmissionpolicies-count": {
        "value": 48.88888888888889
      },
      "PATCH-validatingadmissionpolicybindings-count": {
        "value": 48.88888888888889
      },
      "PATCH-virtualmachineinstances-count": {
        "value": 63.24436666666667,
        "thresholdResult": {
          "thresholdValue": 235.07166666666666,
          "thresholdMetric": "CREATE-pods-count",
          "thresholdRatio": 0.5380858319803181,
          "thresholdExceeded": false
        }
      },
      "UPDATE-configmaps-count": {
        "value": 48.88888888888889
      },
      "UPDATE-leases-count": {
        "value": 300
      },
      "UPDATE-virtualmachineinstances-count": {
        "value": 588.8687800975539,
        "thresholdResult": {
          "thresholdValue": 1175.3583333333333,
          "thresholdMetric": "CREATE-pods-count",
          "thresholdRatio": 5.010121282992171,
          "thresholdExceeded": false
        }
      },
      "WATCH-clusterrolebindings-count": {
        "value": 2.2222016464715675
      },
      "WATCH-clusterroles-count": {
        "value": 1.1111111111111112
      },
      "WATCH-configmaps-count": {
        "value": 6.666646090916011
      },
      "WATCH-customresourcedefinitions-count": {
        "value": 6.666576134034376
      },
      "WATCH-daemonsets-count": {
        "value": 1.1110905353604563
      },
      "WATCH-datasources-count": {
        "value": 1.1111111111111112
      },
      "WATCH-deployments-count": {
        "value": 1.1110905353604563
      },
      "WATCH-kubevirts-count": {
        "value": 3.3332716068434056
      },
      "WATCH-migrationpolicies-count": {
        "value": 1.1111111111111112
      },
      "WATCH-namespaces-count": {
        "value": 1.1111111111111112
      },
      "WATCH-nodes-count": {
        "value": 2.2221810714829493
      },
      "WATCH-poddisruptionbudgets-count": {
        "value": 1.1111111111111112
      },
      "WATCH-prometheusrules-count": {
        "value": 1.1110905353604563
      },
      "WATCH-roles-count": {
        "value": 1.1110905353604563
      },
      "WATCH-serviceaccounts-count": {
        "value": 1.1110905353604563
      },
      "WATCH-services-count": {
        "value": 2.2222016464715675
      },
      "WATCH-validatingadmissionpolicybindings-count": {
        "value": 1.1111111111111112
      },
      "WATCH-virtualmachineclusterinstancetypes-count": {
        "value": 1.1111111111111112
      },
      "WATCH-virtualmachineclusterpreferences-count": {
        "value": 1.1110905353604563
      },
      "WATCH-virtualmachineexports-count": {
        "value": 1.1111111111111112
      },
      "WATCH-virtualmachineinstancemigrations-count": {
        "value": 1.1111111111111112
      },
      "WATCH-virtualmachinepreferences-count": {
        "value": 1.1111111111111112
      },
      "WATCH-virtualmachines-count": {
        "value": 1.1111111111111112
      },
      "WATCH-virtualmachinesnapshotcontents-count": {
        "value": 1.1111111111111112
      },
      "WATCH-virtualmachinesnapshots-count": {
        "value": 1.1111111111111112
      },
      "avgVirtAPICPUUsage": {
        "value": 0.009093662962962965
      },
      "avgVirtAPIMemoryUsageInMB": {
        "value": 139.38515625
      },
      "avgVirtControllerCPUUsage": {
        "value": 0.02409591111111111
      },
      "avgVirtControllerMemoryUsageInMB": {
        "value": 67.2953125
      },
      "avgVirtHandlerCPUUsage": {
        "value": 0.0008621651747766273
      },
      "avgVirtHandlerMemoryUsageInMB": {
        "value": 21.516386673222613
      },
      "maxVirtAPIMemoryUsageInMB": {
        "value": 167.63671875
      },
      "maxVirtControllerMemoryUsageInMB": {
        "value": 90.62890625
      },
      "maxVirtHandlerCPUUsage": {
        "value": 0.000957724358974359
      },
      "maxVirtHandlerMemoryUsageInMB": {
        "value": 45.409865785256414
      },
      "minVirtAPIMemoryUsageInMB": {
        "value": 127.80859375
      },
      "minVirtControllerMemoryUsageInMB": {
        "value": 59.4375
      },
      "minVirtHandlerCPUUsage": {
        "value": 0.0007926227272727273
      },
      "minVirtHandlerMemoryUsageInMB": {
        "value": 5.847205528846154
      },
      "running-phase-count": {
        "value": 101
      },
      "vmiCreationToRunningSecondsP50": {
        "value": 24.821113826649,
        "thresholdResult": {
          "thresholdValue": 45,
          "thresholdExceeded": false
        }
      },
      "vmiCreationToRunningSecondsP95": {
        "value": 37.062178965753596,
        "thresholdResult": {
          "thresholdValue": 60,
          "thresholdExceeded": false
        }
      },
      "vmiCreationToRunningSecondsP99": {
        "value": 39.41243579315072
      },
      "vmiDeletionToFailedSecondsP50": {
        "value": 0
      },
      "vmiDeletionToFailedSecondsP95": {
        "value": 0
      },
      "vmiDeletionToFailedSecondsP99": {
        "value": 0
      },
      "vmiDeletionToSucceededSecondsP50": {
        "value": 0
      },
      "vmiDeletionToSucceededSecondsP95": {
        "value": 0
      },
      "vmiDeletionToSucceededSecondsP99": {
        "value": 0
      }
    }
  },
  "VMResult": null
}
