{
  "JobDirCreationTime": "2025-09-26T16:32:35.075Z",
  "VMIResult": {
    "Values": {
      "CREATE-deployments-count": {
        "value": 1.0740831402809954
      },
      "CREATE-events-count": {
        "value": 142.47477941211483
      },
      "CREATE-poddisruptionbudgets-count": {
        "value": 1.0740831402809954
      },
      "CREATE-pods-count": {
        "value": 106.67716883181815
      },
      "CREATE-virtualmachineclusterinstancetypes-count": {
        "value": 14.284106649481865
      },
      "GET-leases-count": {
        "value": 153.77792380952383
      },
      "GET-nodes-count": {
        "value": 29.451258899770817
      },
      "LIST-nodes-count": {
        "value": 41.88924247095882
      },
      "LIST-virtualmachineclusterinstancetypes-count": {
        "value": 31.347494208429858
      },
      "LIST-virtualmachineclusterpreferences-count": {
        "value": 31.347494208429858
      },
      "PATCH-nodes-count": {
        "value": 9.068652966590273
      },
      "PATCH-pods-count": {
        "value": 213.3543376636363
      },
      "PATCH-services-count": {
        "value": 167.55696988383528
      },
      "PATCH-validatingadmissionpolicies-count": {
        "value": 41.88924247095882
      },
      "PATCH-validatingadmissionpolicybindings-count": {
        "value": 41.88924247095882
      },
      "PATCH-virtualmachineinstances-count": {
        "value": 93.50969369049075,
        "thresholdResult": {
          "thresholdValue": 213.3543376636363,
          "thresholdMetric": "CREATE-pods-count",
          "thresholdRatio": 0.8765670734842375,
          "thresholdExceeded": false
        }
      },
      "UPDATE-configmaps-count": {
        "value": 41.88924247095882
      },
      "UPDATE-kubevirts-count": {
        "value": 2.1481662805619908
      },
      "UPDATE-leases-count": {
        "value": 244.79636328750433
      },
      "UPDATE-virtualmachineinstances-count": {
        "value": 560.1893607444254,
        "thresholdResult": {
          "thresholdValue": 1066.7716883181815,
          "thresholdMetric": "CREATE-pods-count",
          "thresholdRatio": 5.251258229655416,
          "thresholdExceeded": false
        }
      },
      "avgVirtAPICPUUsage": {
        "value": 0.010749575917388891
      },
      "avgVirtAPIMemoryUsageInMB": {
        "value": 138.11501736111111
      },
      "avgVirtControllerCPUUsage": {
        "value": 0.027552190756095236
      },
      "avgVirtControllerMemoryUsageInMB": {
        "value": 63.3603515625
      },
      "avgVirtHandlerCPUUsage": {
        "value": 0.0008886417395269047
      },
      "avgVirtHandlerMemoryUsageInMB": {
        "value": 29.035658094618054
      },
      "maxVirtAPIMemoryUsageInMB": {
        "value": 148.29296875
      },
      "maxVirtControllerMemoryUsageInMB": {
        "value": 82.01171875
      },
      "maxVirtHandlerCPUUsage": {
        "value": 0.0009320900339288586
      },
      "maxVirtHandlerMemoryUsageInMB": {
        "value": 56.28038194444444
      },
      "minVirtAPIMemoryUsageInMB": {
        "value": 128.30078125
      },
      "minVirtControllerMemoryUsageInMB": {
        "value": 51.59765625
      },
      "minVirtHandlerCPUUsage": {
        "value": 0.0008557532157777777
      },
      "minVirtHandlerMemoryUsageInMB": {
        "value": 11.28857421875
      },
      "none-none-count": {
        "value": 2.2285084424169987
      },
      "running-phase-count": {
        "value": 87
      },
      "scheduled-phase-count": {
        "value": 14
      },
      "vmiCreationToRunningSecondsP50": {
        "value": 22.269233495672573,
        "thresholdResult": {
          "thresholdValue": 45,
          "thresholdExceeded": false
        }
      },
      "vmiCreationToRunningSecondsP95": {
        "value": 29.390769339826903,
        "thresholdResult": {
          "thresholdValue": 60,
          "thresholdExceeded": false
        }
      },
      "vmiCreationToRunningSecondsP99": {
        "value": 31.30703676926267
      },
      "vmiDeletionToFailedSecondsP50": {
        "value": 0
      },
      "vmiDeletionToFailedSecondsP95": {
        "value": 0
      },
      "vmiDeletionToFailedSecondsP99": {
        "value": 0
      },
      "vmiDeletionToSucceededSecondsP50": {
        "value": 0
      },
      "vmiDeletionToSucceededSecondsP95": {
        "value": 0
      },
      "vmiDeletionToSucceededSecondsP99": {
        "value": 0
      }
    }
  },
  "VMResult": null
}
