{
  "JobDirCreationTime": "2026-06-21T22:08:21.679Z",
  "VMIResult": {
    "Values": {
      "CREATE-events-count": {
        "value": 16038.675273043478
      },
      "CREATE-pods-count": {
        "value": 8018.83652173913
      },
      "DELETE-pods-count": {
        "value": 7398.501036749505
      },
      "GET-leases-count": {
        "value": 1080.2347826086957
      },
      "LIST-virtualmachineclusterinstancetypes-count": {
        "value": 578.4808695652174
      },
      "LIST-virtualmachineclusterpreferences-count": {
        "value": 578.4808695652174
      },
      "PATCH-nodes-count": {
        "value": 54.04655172413793
      },
      "PATCH-pods-count": {
        "value": 17371.659800335623
      },
      "PATCH-virtualmachineinstances-count": {
        "value": 15953.814276938652,
        "thresholdResult": {
          "thresholdValue": 16037.67304347826,
          "thresholdMetric": "CREATE-pods-count",
          "thresholdRatio": 1.989542277572031,
          "thresholdExceeded": false
        }
      },
      "UPDATE-leases-count": {
        "value": 1736.4521739130435
      },
      "UPDATE-virtualmachineinstances-count": {
        "value": 26828.757610055516,
        "thresholdResult": {
          "thresholdValue": 80188.3652173913,
          "thresholdMetric": "CREATE-pods-count",
          "thresholdRatio": 3.345716992399401,
          "thresholdExceeded": false
        }
      },
      "WATCH-cdiconfigs-count": {
        "value": 7.06695652173913
      },
      "WATCH-cdis-count": {
        "value": 9.08608695652174
      },
      "WATCH-configmaps-count": {
        "value": 63.39373313343329
      },
      "WATCH-controllerrevisions-count": {
        "value": 8.076521739130435
      },
      "WATCH-customresourcedefinitions-count": {
        "value": 71.53988005997002
      },
      "WATCH-datasources-count": {
        "value": 23.150374812593704
      },
      "WATCH-datavolumes-count": {
        "value": 7.06695652173913
      },
      "WATCH-ingresses-count": {
        "value": 7.06695652173913
      },
      "WATCH-kubevirts-count": {
        "value": 55.38683658170915
      },
      "WATCH-migrationpolicies-count": {
        "value": 7.06695652173913
      },
      "WATCH-namespaces-count": {
        "value": 23.150374812593704
      },
      "WATCH-nodes-count": {
        "value": 15.073853073463269
      },
      "WATCH-persistentvolumeclaims-count": {
        "value": 7.06695652173913
      },
      "WATCH-plugins-count": {
        "value": 7.00603448275862
      },
      "WATCH-poddisruptionbudgets-count": {
        "value": 8.076521739130435
      },
      "WATCH-pods-count": {
        "value": 17.162608695652175
      },
      "WATCH-prometheusrules-count": {
        "value": 15.143478260869564
      },
      "WATCH-resourcequotas-count": {
        "value": 7.06695652173913
      },
      "WATCH-secrets-count": {
        "value": 6.057391304347826
      },
      "WATCH-servicemonitors-count": {
        "value": 14.13391304347826
      },
      "WATCH-services-count": {
        "value": 6.057391304347826
      },
      "WATCH-storageclasses-count": {
        "value": 8.076521739130435
      },
      "WATCH-storageprofiles-count": {
        "value": 7.06695652173913
      },
      "WATCH-virtualmachinebackups-count": {
        "value": 24.168643178410797
      },
      "WATCH-virtualmachinebackuptrackers-count": {
        "value": 16.083418290854574
      },
      "WATCH-virtualmachineclones-count": {
        "value": 8.076521739130435
      },
      "WATCH-virtualmachineclusterinstancetypes-count": {
        "value": 23.22
      },
      "WATCH-virtualmachineclusterpreferences-count": {
        "value": 24.229565217391304
      },
      "WATCH-virtualmachineexports-count": {
        "value": 8.076521739130435
      },
      "WATCH-virtualmachineinstancemigrations-count": {
        "value": 8.076521739130435
      },
      "WATCH-virtualmachineinstancepresets-count": {
        "value": 15.082556221889055
      },
      "WATCH-virtualmachineinstancereplicasets-count": {
        "value": 7.06695652173913
      },
      "WATCH-virtualmachineinstances-count": {
        "value": 30.086784107946027
      },
      "WATCH-virtualmachineinstancetypes-count": {
        "value": 7.06695652173913
      },
      "WATCH-virtualmachinepools-count": {
        "value": 7.06695652173913
      },
      "WATCH-virtualmachinepreferences-count": {
        "value": 6.057391304347826
      },
      "WATCH-virtualmachinerestores-count": {
        "value": 23.150374812593704
      },
      "WATCH-virtualmachines-count": {
        "value": 7.06695652173913
      },
      "WATCH-virtualmachinesnapshotcontents-count": {
        "value": 7.06695652173913
      },
      "WATCH-virtualmachinesnapshots-count": {
        "value": 7.06695652173913
      },
      "avgVirtAPICPUUsage": {
        "value": 0.029147420144927536
      },
      "avgVirtAPIMemoryUsageInMB": {
        "value": 178.37217133620692
      },
      "avgVirtControllerCPUUsage": {
        "value": 0.2534495428985507
      },
      "avgVirtControllerMemoryUsageInMB": {
        "value": 1268.7173693426723
      },
      "maxVirtAPIMemoryUsageInMB": {
        "value": 180.353515625
      },
      "maxVirtControllerMemoryUsageInMB": {
        "value": 2015
      },
      "minVirtAPIMemoryUsageInMB": {
        "value": 138.69140625
      },
      "minVirtControllerMemoryUsageInMB": {
        "value": 454.890625
      },
      "virtControllerWorkqueueAddRate": {
        "value": 231.62527043003908
      },
      "virtControllerWorkqueueDepth": {
        "value": 0.053521303224356824
      },
      "virtControllerWorkqueueP99Latency": {
        "value": 0.6949236408572043
      },
      "vmiCreationToRunningSecondsP50": {
        "value": 0.6105792149957929,
        "thresholdResult": {
          "thresholdValue": 45,
          "thresholdExceeded": false
        }
      },
      "vmiCreationToRunningSecondsP95": {
        "value": 1.2646141750556352,
        "thresholdResult": {
          "thresholdValue": 60,
          "thresholdExceeded": false
        }
      },
      "vmiCreationToRunningSecondsP99": {
        "value": 1.8529228350111278
      },
      "vmiDeletionToFailedSecondsP50": {
        "value": 0
      },
      "vmiDeletionToFailedSecondsP95": {
        "value": 0
      },
      "vmiDeletionToFailedSecondsP99": {
        "value": 0
      },
      "vmiDeletionToSucceededSecondsP50": {
        "value": 0
      },
      "vmiDeletionToSucceededSecondsP95": {
        "value": 0
      },
      "vmiDeletionToSucceededSecondsP99": {
        "value": 0
      }
    }
  },
  "VMResult": {
    "Values": {
      "CREATE-controllerrevisions-count": {
        "value": 8015.022830563326
      },
      "CREATE-events-count": {
        "value": 32106.14677871148
      },
      "CREATE-pods-count": {
        "value": 8085.154061624649
      },
      "CREATE-virtualmachineinstances-count": {
        "value": 8015.022830563326
      },
      "DELETE-pods-count": {
        "value": 7970.951260504201
      },
      "DELETE-virtualmachineinstances-count": {
        "value": 5339.9799617139215
      },
      "GET-leases-count": {
        "value": 1125.857072348979
      },
      "LIST-configmaps-count": {
        "value": 1.0106442577030812
      },
      "LIST-virtualmachineclusterinstancetypes-count": {
        "value": 599.3120448179271
      },
      "LIST-virtualmachineclusterpreferences-count": {
        "value": 599.3120448179271
      },
      "PATCH-nodes-count": {
        "value": 58.61736694677871
      },
      "PATCH-pods-count": {
        "value": 17518.50756302521
      },
      "PATCH-virtualmachineinstances-count": {
        "value": 16263.537284033613,
        "thresholdResult": {
          "thresholdValue": 16170.308123249299,
          "thresholdMetric": "CREATE-pods-count",
          "thresholdRatio": 2.0115309071507763,
          "thresholdExceeded": false
        }
      },