{
  "JobDirCreationTime": "2022-02-27T05:01:41.989Z",
  "VMIResult": {
    "Values": {
      "CREATE-events-count": {
        "value": 524.3729555555556
      },
      "CREATE-pods-count": {
        "value": 111.33185185185187
      },
      "DELETE-pods-count": {
        "value": 111.33185185185187
      },
      "GET-endpoints-count": {
        "value": 531.9837037037037
      },
      "GET-nodes-count": {
        "value": 13.522962962962964
      },
      "LIST-clusterrolebindings-count": {
        "value": 2.294074074074074
      },
      "LIST-clusterroles-count": {
        "value": 2.294074074074074
      },
      "LIST-configmaps-count": {
        "value": 10.021481481481482
      },
      "LIST-customresourcedefinitions-count": {
        "value": 11.22888888888889
      },
      "LIST-daemonsets-count": {
        "value": 1.0866666666666667
      },
      "LIST-deployments-count": {
        "value": 2.294074074074074
      },
      "LIST-jobs-count": {
        "value": 2.294074074074074
      },
      "LIST-kubevirts-count": {
        "value": 6.761481481481482
      },
      "LIST-limitranges-count": {
        "value": 2.1733333333333333
      },
      "LIST-migrationpolicies-count": {
        "value": 1.2074074074074075
      },
      "LIST-mutatingwebhookconfigurations-count": {
        "value": 2.294074074074074
      },
      "LIST-namespaces-count": {
        "value": 2.294074074074074
      },
      "LIST-nodes-count": {
        "value": 1.2074074074074075
      },
      "LIST-persistentvolumeclaims-count": {
        "value": 1.2074074074074075
      },
      "LIST-poddisruptionbudgets-count": {
        "value": 3.5014814814814814
      },
      "LIST-pods-count": {
        "value": 4.708888888888889
      },
      "LIST-prometheusrules-count": {
        "value": 2.294074074074074
      },
      "LIST-rolebindings-count": {
        "value": 2.294074074074074
      },
      "LIST-roles-count": {
        "value": 2.294074074074074
      },
      "LIST-secrets-count": {
        "value": 2.294074074074074
      },
      "LIST-serviceaccounts-count": {
        "value": 2.294074074074074
      },
      "LIST-servicemonitors-count": {
        "value": 2.294074074074074
      },
      "LIST-services-count": {
        "value": 2.294074074074074
      },
      "LIST-storageclasses-count": {
        "value": 1.2074074074074075
      },
      "LIST-validatingwebhookconfigurations-count": {
        "value": 2.294074074074074
      },
      "LIST-virtualmachineflavors-count": {
        "value": 3.380740740740741
      },
      "LIST-virtualmachineinstancemigrations-count": {
        "value": 1.2074074074074075
      },
      "LIST-virtualmachineinstancepresets-count": {
        "value": 2.1733333333333333
      },
      "LIST-virtualmachineinstancereplicasets-count": {
        "value": 1.2074074074074075
      },
      "LIST-virtualmachineinstances-count": {
        "value": 12.436296296296295
      },
      "LIST-virtualmachinepools-count": {
        "value": 1.2074074074074075
      },
      "LIST-virtualmachinerestores-count": {
        "value": 3.380740740740741
      },
      "LIST-virtualmachines-count": {
        "value": 1.2074074074074075
      },
      "LIST-virtualmachinesnapshotcontents-count": {
        "value": 1.2074074074074075
      },
      "LIST-virtualmachinesnapshots-count": {
        "value": 1.2074074074074075
      },
      "PATCH-nodes-count": {
        "value": 10.142222222222223
      },
      "PATCH-pods-count": {
        "value": 117.3688888888889
      },
      "PATCH-services-count": {
        "value": 26.08
      },
      "PATCH-virtualmachineinstances-count": {
        "value": 159.77454814814814
      },
      "UPDATE-endpoints-count": {
        "value": 324.7925925925926
      },
      "UPDATE-virtualmachineinstances-count": {
        "value": 1165.6163373148147
      },
      "vmiCreationToRunningSecondsP50": {
        "value": 38.828110976207874
      },
      "vmiCreationToRunningSecondsP95": {
        "value": 54.39409130106552
      },
      "vmiCreationToRunningSecondsP99": {
        "value": 58.87881826021311
      }
    }
  },
  "VMResult": null
}
