{
  "JobDirCreationTime": "2025-12-19T08:22:23.675Z",
  "VMIResult": {
    "Values": {
      "CREATE-events-count": {
        "value": 186.63685555555557
      },
      "CREATE-pods-count": {
        "value": 118.96249999999999
      },
      "GET-leases-count": {
        "value": 184.44307820954094
      },
      "LIST-nodes-count": {
        "value": 49.999259270233026
      },
      "LIST-virtualmachineclusterinstancetypes-count": {
        "value": 49.999259270233026
      },
      "LIST-virtualmachineclusterpreferences-count": {
        "value": 49.999259270233026
      },
      "PATCH-nodes-count": {
        "value": 17.777728395610417
      },
      "PATCH-pods-count": {
        "value": 237.92499999999998
      },
      "PATCH-services-count": {
        "value": 199.9970370809321
      },
      "PATCH-validatingadmissionpolicies-count": {
        "value": 49.999259270233026
      },
      "PATCH-validatingadmissionpolicybindings-count": {
        "value": 49.999259270233026
      },
      "PATCH-virtualmachineinstances-count": {
        "value": 44.3825,
        "thresholdResult": {
          "thresholdValue": 237.92499999999998,
          "thresholdMetric": "CREATE-pods-count",
          "thresholdRatio": 0.3730797520226963,
          "thresholdExceeded": true
        }
      },
      "UPDATE-configmaps-count": {
        "value": 49.999259270233026
      },
      "UPDATE-leases-count": {
        "value": 298.8866831602495
      },
      "UPDATE-virtualmachineinstances-count": {
        "value": 672.5681999999999,
        "thresholdResult": {
          "thresholdValue": 1189.625,
          "thresholdMetric": "CREATE-pods-count",
          "thresholdRatio": 5.653615214878638,
          "thresholdExceeded": false
        }
      },
      "WATCH-cdis-count": {
        "value": 1.1111111111111112
      },
      "WATCH-clusterrolebindings-count": {
        "value": 2.2222057615607342
      },
      "WATCH-clusterroles-count": {
        "value": 1.1111111111111112
      },
      "WATCH-configmaps-count": {
        "value": 6.666650206005178
      },
      "WATCH-controllerrevisions-count": {
        "value": 1.1111111111111112
      },
      "WATCH-customresourcedefinitions-count": {
        "value": 4.444415638241116
      },
      "WATCH-daemonsets-count": {
        "value": 1.1110946504496229
      },
      "WATCH-datasources-count": {
        "value": 1.1111111111111112
      },
      "WATCH-deployments-count": {
        "value": 1.1111111111111112
      },
      "WATCH-kubevirts-count": {
        "value": 2.2222222222222223
      },
      "WATCH-leases-count": {
        "value": 2.2222057615607342
      },
      "WATCH-mutatingwebhookconfigurations-count": {
        "value": 2.2222057615607342
      },
      "WATCH-nodes-count": {
        "value": 2.2222222222222223
      },
      "WATCH-poddisruptionbudgets-count": {
        "value": 1.1110946504496229
      },
      "WATCH-pods-count": {
        "value": 1.1111111111111112
      },
      "WATCH-roles-count": {
        "value": 1.1111111111111112
      },
      "WATCH-secrets-count": {
        "value": 1.1111111111111112
      },
      "WATCH-serviceaccounts-count": {
        "value": 1.1110946504496229
      },
      "WATCH-servicemonitors-count": {
        "value": 1.1110946504496229
      },
      "WATCH-services-count": {
        "value": 2.2222057615607342
      },
      "WATCH-validatingadmissionpolicies-count": {
        "value": 1.1111111111111112
      },
      "WATCH-validatingwebhookconfigurations-count": {
        "value": 1.1110946504496229
      },
      "WATCH-virtualmachinebackups-count": {
        "value": 2.2222222222222223
      },
      "WATCH-virtualmachineclusterinstancetypes-count": {
        "value": 2.2222057615607342
      },
      "WATCH-virtualmachineclusterpreferences-count": {
        "value": 2.2222057615607342
      },
      "WATCH-virtualmachineinstances-count": {
        "value": 3.333308642249654
      },
      "WATCH-virtualmachinerestores-count": {
        "value": 1.1111111111111112
      },
      "WATCH-virtualmachinesnapshotcontents-count": {
        "value": 1.1111111111111112
      },
      "WATCH-virtualmachinesnapshots-count": {
        "value": 1.1111111111111112
      },
      "avgVirtAPICPUUsage": {
        "value": 0.009242224074074074
      },
      "avgVirtAPIMemoryUsageInMB": {
        "value": 142.1123046875
      },
      "avgVirtControllerCPUUsage": {
        "value": 0.025732422222222225
      },
      "avgVirtControllerMemoryUsageInMB": {
        "value": 60.957812499999996
      },
      "avgVirtHandlerCPUUsage": {
        "value": 0.0009046040826898991
      },
      "avgVirtHandlerMemoryUsageInMB": {
        "value": 13.435071377489008
      },
      "maxVirtAPIMemoryUsageInMB": {
        "value": 165.11328125
      },
      "maxVirtControllerMemoryUsageInMB": {
        "value": 86.47265625
      },
      "maxVirtHandlerCPUUsage": {
        "value": 0.0009822364444444446
      },
      "maxVirtHandlerMemoryUsageInMB": {
        "value": 35.39444110576923
      },
      "minVirtAPIMemoryUsageInMB": {
        "value": 129.939453125
      },
      "minVirtControllerMemoryUsageInMB": {
        "value": 52.4765625
      },
      "minVirtHandlerCPUUsage": {
        "value": 0.0007992455716586152
      },
      "minVirtHandlerMemoryUsageInMB": {
        "value": 5.562644675925926
      },
      "running-phase-count": {
        "value": 101
      },
      "vmiCreationToRunningSecondsP50": {
        "value": 24.33474519295415,
        "thresholdResult": {
          "thresholdValue": 45,
          "thresholdExceeded": false
        }
      },
      "vmiCreationToRunningSecondsP95": {
        "value": 36.171366230278615,
        "thresholdResult": {
          "thresholdValue": 60,
          "thresholdExceeded": false
        }
      },
      "vmiCreationToRunningSecondsP99": {
        "value": 39.23427324605573
      },
      "vmiDeletionToFailedSecondsP50": {
        "value": 0
      },
      "vmiDeletionToFailedSecondsP95": {
        "value": 0
      },
      "vmiDeletionToFailedSecondsP99": {
        "value": 0
      },
      "vmiDeletionToSucceededSecondsP50": {
        "value": 0
      },
      "vmiDeletionToSucceededSecondsP95": {
        "value": 0
      },
      "vmiDeletionToSucceededSecondsP99": {
        "value": 0
      }
    }
  },
  "VMResult": null
}
