{
  "JobDirCreationTime": "2026-06-18T08:49:19.36Z",
  "VMIResult": {
    "Values": {
      "CREATE-events-count": {
        "value": 155.2989753224964
      },
      "CREATE-pods-count": {
        "value": 132.00896636778774
      },
      "GET-leases-count": {
        "value": 93.33333333333334
      },
      "LIST-virtualmachineclusterinstancetypes-count": {
        "value": 48.88888888888889
      },
      "LIST-virtualmachineclusterpreferences-count": {
        "value": 48.88888888888889
      },
      "PATCH-nodes-count": {
        "value": 25.555555555555557
      },
      "PATCH-pods-count": {
        "value": 207.68407719742675
      },
      "PATCH-virtualmachineinstances-count": {
        "value": 11.255887205639718,
        "thresholdResult": {
          "thresholdValue": 264.01793273557547,
          "thresholdMetric": "CREATE-pods-count",
          "thresholdRatio": 0.08526608089847397,
          "thresholdExceeded": true
        }
      },
      "UPDATE-kubevirts-count": {
        "value": 2.2222222222222223
      },
      "UPDATE-leases-count": {
        "value": 149.99833335185164
      },
      "UPDATE-virtualmachineinstances-count": {
        "value": 535.1779543774467,
        "thresholdResult": {
          "thresholdValue": 1320.0896636778773,
          "thresholdMetric": "CREATE-pods-count",
          "thresholdRatio": 4.054103059078558,
          "thresholdExceeded": false
        }
      },
      "WATCH-configmaps-count": {
        "value": 2.222185186419712
      },
      "WATCH-customresourcedefinitions-count": {
        "value": 3.3333333333333335
      },
      "WATCH-datasources-count": {
        "value": 1.1110740753086008
      },
      "WATCH-kubevirts-count": {
        "value": 3.3332962975308233
      },
      "WATCH-plugins-count": {
        "value": 1.1111111111111112
      },
      "WATCH-servicemonitors-count": {
        "value": 1.1111111111111112
      },
      "WATCH-virtualmachinebackuptrackers-count": {
        "value": 1.1111111111111112
      },
      "WATCH-virtualmachineclusterpreferences-count": {
        "value": 1.1111111111111112
      },
      "WATCH-virtualmachineinstancereplicasets-count": {
        "value": 1.1110987655692715
      },
      "WATCH-virtualmachineinstances-count": {
        "value": 2.2222222222222223
      },
      "WATCH-virtualmachines-count": {
        "value": 1.1110987655692715
      },
      "avgVirtAPICPUUsage": {
        "value": 0.012578279629629631
      },
      "avgVirtAPIMemoryUsageInMB": {
        "value": 149.7072265625
      },
      "avgVirtControllerCPUUsage": {
        "value": 0.029505303703703703
      },
      "avgVirtControllerMemoryUsageInMB": {
        "value": 71.472265625
      },
      "avgVirtHandlerCPUUsage": {
        "value": 0.0009027553180187439
      },
      "avgVirtHandlerMemoryUsageInMB": {
        "value": 16.796974221254008
      },
      "maxVirtAPIMemoryUsageInMB": {
        "value": 181.30078125
      },
      "maxVirtControllerMemoryUsageInMB": {
        "value": 95.609375
      },
      "maxVirtHandlerCPUUsage": {
        "value": 0.0009650789173789175
      },
      "maxVirtHandlerMemoryUsageInMB": {
        "value": 40.20774739583334
      },
      "minVirtAPIMemoryUsageInMB": {
        "value": 138.17578125
      },
      "minVirtControllerMemoryUsageInMB": {
        "value": 65.546875
      },
      "minVirtHandlerCPUUsage": {
        "value": 0.0008346279461279461
      },
      "minVirtHandlerMemoryUsageInMB": {
        "value": 5.826904296875
      },
      "running-phase-count": {
        "value": 101
      },
      "virtControllerWorkqueueAddRate": {
        "value": 16.862738074074073
      },
      "virtControllerWorkqueueDepth": {
        "value": 0
      },
      "virtControllerWorkqueueP99Latency": {
        "value": 0.06532466511457537
      },
      "vmiCreationToRunningSecondsP50": {
        "value": 15.487524862524863,
        "thresholdResult": {
          "thresholdValue": 45,
          "thresholdExceeded": false
        }
      },
      "vmiCreationToRunningSecondsP95": {
        "value": 24.372056397180128,
        "thresholdResult": {
          "thresholdValue": 60,
          "thresholdExceeded": false
        }
      },
      "vmiCreationToRunningSecondsP99": {
        "value": 28.874411279436032
      },
      "vmiDeletionToFailedSecondsP50": {
        "value": 0
      },
      "vmiDeletionToFailedSecondsP95": {
        "value": 0
      },
      "vmiDeletionToFailedSecondsP99": {
        "value": 0
      },
      "vmiDeletionToSucceededSecondsP50": {
        "value": 0
      },
      "vmiDeletionToSucceededSecondsP95": {
        "value": 0
      },
      "vmiDeletionToSucceededSecondsP99": {
        "value": 0
      }
    }
  },
  "VMResult": {
    "Values": {
      "CREATE-controllerrevisions-count": {
        "value": 66.97246666666666
      },
      "CREATE-events-count": {
        "value": 828.8888888888889
      },
      "CREATE-pods-count": {
        "value": 111.11111111111111
      },
      "CREATE-virtualmachineinstances-count": {
        "value": 66.97246666666666
      },
      "GET-leases-count": {
        "value": 93.33333333333334
      },
      "LIST-configmaps-count": {
        "value": 1.1111111111111112
      },
      "LIST-virtualmachineclusterinstancetypes-count": {
        "value": 48.88888888888889
      },
      "LIST-virtualmachineclusterpreferences-count": {
        "value": 48.88888888888889
      },
      "PATCH-nodes-count": {
        "value": 18.88888888888889
      },
      "PATCH-pods-count": {
        "value": 222.22222222222223
      },
      "PATCH-virtualmachineinstances-count": {
        "value": 223.33333333333334,
        "thresholdResult": {
          "thresholdValue": 222.22222222222223,
          "thresholdMetric": "CREATE-pods-count",
          "thresholdRatio": 2.0100000000000002,
          "thresholdExceeded": false
        }
      },
      "PATCH-virtualmachines-count": {
        "value": 66.97246666666666
      },
      "UPDATE-leases-count": {
        "value": 150
      },
      "UPDATE-virtualmachineinstances-count": {
        "value": 928.8888888888889,
        "thresholdResult": {
          "thresholdValue": 1111.111111111111,
          "thresholdMetric": "CREATE-pods-count",
          "thresholdRatio": 8.36,
          "thresholdExceeded": false
        }
      },
      "UPDATE-virtualmachines-count": {
        "value": 990.4875333333333
      },
      "WATCH-cdis-count": {
        "value": 1.1111111111111112
      },
      "WATCH-configmaps-count": {
        "value": 8.888806586434942
      },
      "WATCH-customresourcedefinitions-count": {
        "value": 7.777769548574886
      },
      "WATCH-datasources-count": {
        "value": 1.1110864203017712
      },
      "WATCH-ingresses-count": {
        "value": 1.1111111111111112
      },
      "WATCH-kubevirts-count": {
        "value": 6.666609055022061
      },
      "WATCH-namespaces-count": {
        "value": 1.1110864203017712
      },
      "WATCH-nodes-count": {
        "value": 3.3333333333333335
      },
      "WATCH-persistentvolumeclaims-count": {
        "value": 1.1111111111111112
      },
      "WATCH-prometheusrules-count": {
        "value": 2.2222345680384104
      },
      "WATCH-resourcequotas-count": {
        "value": 1.1111111111111112
      },
      "WATCH-servicemonitors-count": {
        "value": 2.2222345680384104
      },
      "WATCH-storageprofiles-count": {
        "value": 1.1111111111111112
      },
      "WATCH-virtualmachinebackups-count": {
        "value": 2.2221893013869547
      },
      "WATCH-virtualmachinebackuptrackers-count": {
        "value": 1.1111111111111112
      },
      "WATCH-virtualmachineclusterinstancetypes-count": {
        "value": 2.2222345680384104
      },
      "WATCH-virtualmachineclusterpreferences-count": {
        "value": 1.1111111111111112
      },
      "WATCH-virtualmachineexports-count": {
        "value": 1.1111111111111112
      },