{
  "JobDirCreationTime": "2026-03-18T08:15:21.534Z",
  "VMIResult": {
    "Values": {
      "CREATE-events-count": {
        "value": 160.99287777777778
      },
      "CREATE-pods-count": {
        "value": 104.43166666666666
      },
      "GET-leases-count": {
        "value": 137.94398333333334
      },
      "GET-mutatingwebhookconfigurations-count": {
        "value": 36.601333333333336
      },
      "LIST-nodes-count": {
        "value": 36.601333333333336
      },
      "LIST-virtualmachineclusterinstancetypes-count": {
        "value": 30.554488888888887
      },
      "LIST-virtualmachineclusterpreferences-count": {
        "value": 30.554488888888887
      },
      "PATCH-nodes-count": {
        "value": 14.28504776037066
      },
      "PATCH-pods-count": {
        "value": 208.86333333333332
      },
      "PATCH-services-count": {
        "value": 146.40533333333335
      },
      "PATCH-validatingadmissionpolicies-count": {
        "value": 36.601333333333336
      },
      "PATCH-validatingadmissionpolicybindings-count": {
        "value": 36.601333333333336
      },
      "PATCH-virtualmachineinstances-count": {
        "value": 105.57555555555555,
        "thresholdResult": {
          "thresholdValue": 208.86333333333332,
          "thresholdMetric": "CREATE-pods-count",
          "thresholdRatio": 1.0109534677114753,
          "thresholdExceeded": false
        }
      },
      "UPDATE-configmaps-count": {
        "value": 36.601333333333336
      },
      "UPDATE-kubevirts-count": {
        "value": 1.2200444444444445
      },
      "UPDATE-leases-count": {
        "value": 209.363
      },
      "UPDATE-virtualmachineinstances-count": {
        "value": 519.0610222222222,
        "thresholdResult": {
          "thresholdValue": 1044.3166666666666,
          "thresholdMetric": "CREATE-pods-count",
          "thresholdRatio": 4.970341265154779,
          "thresholdExceeded": false
        }
      },
      "avgVirtAPICPUUsage": {
        "value": 0.010819400570436509
      },
      "avgVirtAPIMemoryUsageInMB": {
        "value": 129.86566840277777
      },
      "avgVirtControllerCPUUsage": {
        "value": 0.028580995089285716
      },
      "avgVirtControllerMemoryUsageInMB": {
        "value": 58.84619140625
      },
      "avgVirtHandlerCPUUsage": {
        "value": 0.0009365187068836872
      },
      "avgVirtHandlerMemoryUsageInMB": {
        "value": 27.386016845703125
      },
      "maxVirtAPIMemoryUsageInMB": {
        "value": 171.7734375
      },
      "maxVirtControllerMemoryUsageInMB": {
        "value": 89.03515625
      },
      "maxVirtHandlerCPUUsage": {
        "value": 0.0009678619036323729
      },
      "maxVirtHandlerMemoryUsageInMB": {
        "value": 38.9005126953125
      },
      "minVirtAPIMemoryUsageInMB": {
        "value": 0
      },
      "minVirtControllerMemoryUsageInMB": {
        "value": 0.0703125
      },
      "minVirtHandlerCPUUsage": {
        "value": 0.0009081775780952382
      },
      "minVirtHandlerMemoryUsageInMB": {
        "value": 19.3388671875
      },
      "none-none-count": {
        "value": 1.211338888888889
      },
      "running-phase-count": {
        "value": 101
      },
      "virtControllerWorkqueueAddRate": {
        "value": 15.630174793650793
      },
      "virtControllerWorkqueueDepth": {
        "value": 0
      },
      "virtControllerWorkqueueP99Latency": {
        "value": 0.06630758065159978
      },
      "vmiCreationToRunningSecondsP50": {
        "value": 21.580839991479653,
        "thresholdResult": {
          "thresholdValue": 45,
          "thresholdExceeded": false
        }
      },
      "vmiCreationToRunningSecondsP95": {
        "value": 29.158083999147962,
        "thresholdResult": {
          "thresholdValue": 60,
          "thresholdExceeded": false
        }
      },
      "vmiCreationToRunningSecondsP99": {
        "value": 29.831616799829593
      },
      "vmiDeletionToFailedSecondsP50": {
        "value": 0
      },
      "vmiDeletionToFailedSecondsP95": {
        "value": 0
      },
      "vmiDeletionToFailedSecondsP99": {
        "value": 0
      },
      "vmiDeletionToSucceededSecondsP50": {
        "value": 0
      },
      "vmiDeletionToSucceededSecondsP95": {
        "value": 0
      },
      "vmiDeletionToSucceededSecondsP99": {
        "value": 0
      }
    }
  },
  "VMResult": {
    "Values": {
      "CREATE-events-count": {
        "value": 715.5510125475905
      },
      "CREATE-pods-count": {
        "value": 82.22222222222223
      },
      "GET-leases-count": {
        "value": 187.77777777777777
      },
      "GET-mutatingwebhookconfigurations-count": {
        "value": 50
      },
      "LIST-configmaps-count": {
        "value": 1.1111111111111112
      },
      "LIST-nodes-count": {
        "value": 50
      },
      "LIST-virtualmachineclusterinstancetypes-count": {
        "value": 50
      },
      "LIST-virtualmachineclusterpreferences-count": {
        "value": 50
      },
      "PATCH-nodes-count": {
        "value": 22.222024700136785
      },
      "PATCH-pods-count": {
        "value": 117.77777777777779
      },
      "PATCH-services-count": {
        "value": 200
      },
      "PATCH-validatingadmissionpolicies-count": {
        "value": 50
      },
      "PATCH-validatingadmissionpolicybindings-count": {
        "value": 50
      },
      "PATCH-virtualmachineinstances-count": {
        "value": 165.55555555555557,
        "thresholdResult": {
          "thresholdValue": 164.44444444444446,
          "thresholdMetric": "CREATE-pods-count",
          "thresholdRatio": 2.0135135135135136,
          "thresholdExceeded": false
        }
      },
      "UPDATE-configmaps-count": {
        "value": 50
      },
      "UPDATE-leases-count": {
        "value": 300
      },
      "UPDATE-virtualmachineinstances-count": {
        "value": 671.1075063330519,
        "thresholdResult": {
          "thresholdValue": 822.2222222222223,
          "thresholdMetric": "CREATE-pods-count",
          "thresholdRatio": 8.162118320266847,
          "thresholdExceeded": false
        }
      },
      "WATCH-cdiconfigs-count": {
        "value": 1.1111111111111112
      },
      "WATCH-cdis-count": {
        "value": 1.1111111111111112
      },
      "WATCH-clusterrolebindings-count": {
        "value": 2.2222222222222223
      },
      "WATCH-clusterroles-count": {
        "value": 2.2222222222222223
      },
      "WATCH-configmaps-count": {
        "value": 15.555481483950516
      },
      "WATCH-controllerrevisions-count": {
        "value": 1.1111111111111112
      },
      "WATCH-customresourcedefinitions-count": {
        "value": 12.222160496159022
      },
      "WATCH-daemonsets-count": {
        "value": 2.2222222222222223
      },
      "WATCH-datasources-count": {
        "value": 2.222209876680383
      },
      "WATCH-datavolumes-count": {
        "value": 1.1111111111111112
      },
      "WATCH-deployments-count": {
        "value": 1.1111111111111112
      },
      "WATCH-ingresses-count": {
        "value": 1.1111111111111112
      },
      "WATCH-jobs-count": {
        "value": 2.2222222222222223
      },
      "WATCH-kubevirts-count": {
        "value": 8.888876543347049
      },
      "WATCH-leases-count": {
        "value": 2.2222222222222223
      },
      "WATCH-migrationpolicies-count": {
        "value": 1.1111111111111112
      },
      "WATCH-mutatingwebhookconfigurations-count": {
        "value": 2.2222222222222223
      },
      "WATCH-namespaces-count": {
        "value": 4.444432098902605
      },
      "WATCH-nodes-count": {
        "value": 5.555506175034196
      },
      "WATCH-persistentvolumeclaims-count": {
        "value": 1.1111111111111112
      },
      "WATCH-poddisruptionbudgets-count": {
        "value": 1.1111111111111112
      },
      "WATCH-pods-count": {
        "value": 4.444444444444445
      },