{
  "JobDirCreationTime": "2025-03-16T08:18:58.631Z",
  "VMIResult": {
    "Values": {
      "CREATE-events-count": {
        "value": 135.46726993087884
      },
      "CREATE-pods-count": {
        "value": 125.78111111111112
      },
      "GET-leases-count": {
        "value": 188.8878642089162
      },
      "GET-nodes-count": {
        "value": 29.999942387258038
      },
      "LIST-nodes-count": {
        "value": 1.1111111111111112
      },
      "LIST-virtualmachineclusterinstancetypes-count": {
        "value": 1.1111111111111112
      },
      "LIST-virtualmachineclusterpreferences-count": {
        "value": 1.1111111111111112
      },
      "PATCH-nodes-count": {
        "value": 13.333308642158206
      },
      "PATCH-pods-count": {
        "value": 402.29955555555557
      },
      "PATCH-services-count": {
        "value": 4.444444444444445
      },
      "PATCH-validatingadmissionpolicies-count": {
        "value": 1.1111111111111112
      },
      "PATCH-validatingadmissionpolicybindings-count": {
        "value": 1.1111111111111112
      },
      "PATCH-virtualmachineinstances-count": {
        "value": 43.52321666666667,
        "thresholdResult": {
          "thresholdValue": 251.56222222222223,
          "thresholdMetric": "CREATE-pods-count",
          "thresholdRatio": 0.3460234711094229,
          "thresholdExceeded": true
        }
      },
      "UPDATE-leases-count": {
        "value": 298.8888888888889
      },
      "UPDATE-virtualmachineinstances-count": {
        "value": 677.4930256894213,
        "thresholdResult": {
          "thresholdValue": 1257.8111111111111,
          "thresholdMetric": "CREATE-pods-count",
          "thresholdRatio": 5.386285903381352,
          "thresholdExceeded": false
        }
      },
      "WATCH-cdiconfigs-count": {
        "value": 1.1111111111111112
      },
      "WATCH-clusterrolebindings-count": {
        "value": 1.1110987655692715
      },
      "WATCH-clusterroles-count": {
        "value": 1.1111111111111112
      },
      "WATCH-configmaps-count": {
        "value": 2.2222222222222223
      },
      "WATCH-customresourcedefinitions-count": {
        "value": 3.333320987791494
      },
      "WATCH-daemonsets-count": {
        "value": 1.1110987655692715
      },
      "WATCH-datasources-count": {
        "value": 2.2222222222222223
      },
      "WATCH-jobs-count": {
        "value": 1.1110987655692715
      },
      "WATCH-kubevirts-count": {
        "value": 4.444432098902605
      },
      "WATCH-migrationpolicies-count": {
        "value": 1.1111111111111112
      },
      "WATCH-namespaces-count": {
        "value": 2.2222222222222223
      },
      "WATCH-persistentvolumeclaims-count": {
        "value": 1.1111111111111112
      },
      "WATCH-pods-count": {
        "value": 2.222209876680383
      },
      "WATCH-prometheusrules-count": {
        "value": 1.1110987655692715
      },
      "WATCH-rolebindings-count": {
        "value": 1.1111111111111112
      },
      "WATCH-serviceaccounts-count": {
        "value": 1.1111111111111112
      },
      "WATCH-servicemonitors-count": {
        "value": 1.1110987655692715
      },
      "WATCH-validatingadmissionpolicies-count": {
        "value": 2.222209876680383
      },
      "WATCH-validatingadmissionpolicybindings-count": {
        "value": 1.1110987655692715
      },
      "WATCH-virtualmachineclusterpreferences-count": {
        "value": 1.1110987655692715
      },
      "WATCH-virtualmachineinstances-count": {
        "value": 3.3333333333333335
      },
      "avgVirtAPICPUUsage": {
        "value": 0.0076816740740740744
      },
      "avgVirtAPIMemoryUsageInMB": {
        "value": 134.563671875
      },
      "avgVirtControllerCPUUsage": {
        "value": 0.021083988888888888
      },
      "avgVirtControllerMemoryUsageInMB": {
        "value": 63.450390625000004
      },
      "avgVirtHandlerCPUUsage": {
        "value": 0.000683247773089061
      },
      "avgVirtHandlerMemoryUsageInMB": {
        "value": 10.019356644241899
      },
      "maxVirtAPIMemoryUsageInMB": {
        "value": 158.005859375
      },
      "maxVirtControllerMemoryUsageInMB": {
        "value": 82.04296875
      },
      "maxVirtHandlerCPUUsage": {
        "value": 0.0007152064565537748
      },
      "maxVirtHandlerMemoryUsageInMB": {
        "value": 27.485300925925923
      },
      "minVirtAPIMemoryUsageInMB": {
        "value": 121.7109375
      },
      "minVirtControllerMemoryUsageInMB": {
        "value": 58.26171875
      },
      "minVirtHandlerCPUUsage": {
        "value": 0.0006555566358024692
      },
      "minVirtHandlerMemoryUsageInMB": {
        "value": 3.8075
      },
      "running-phase-count": {
        "value": 101
      },
      "vmiCreationToRunningSecondsP50": {
        "value": 18.34974040084233,
        "thresholdResult": {
          "thresholdValue": 45,
          "thresholdExceeded": false
        }
      },
      "vmiCreationToRunningSecondsP95": {
        "value": 28.75367350873777,
        "thresholdResult": {
          "thresholdValue": 60,
          "thresholdExceeded": false
        }
      },
      "vmiCreationToRunningSecondsP99": {
        "value": 29.750734701747554
      },
      "vmiDeletionToFailedSecondsP50": {
        "value": 0
      },
      "vmiDeletionToFailedSecondsP95": {
        "value": 0
      },
      "vmiDeletionToFailedSecondsP99": {
        "value": 0
      },
      "vmiDeletionToSucceededSecondsP50": {
        "value": 0
      },
      "vmiDeletionToSucceededSecondsP95": {
        "value": 0
      },
      "vmiDeletionToSucceededSecondsP99": {
        "value": 0
      }
    }
  },
  "VMResult": {
    "Values": {
      "CREATE-events-count": {
        "value": 804.4437037091906
      },
      "CREATE-pods-count": {
        "value": 111.11111111111111
      },
      "GET-leases-count": {
        "value": 183.33400823545196
      },
      "GET-nodes-count": {
        "value": 31.111053498369152
      },
      "PATCH-nodes-count": {
        "value": 13.333308642158206
      },
      "PATCH-pods-count": {
        "value": 360
      },
      "PATCH-virtualmachineinstances-count": {
        "value": 152.22222222222223,
        "thresholdResult": {
          "thresholdValue": 222.22222222222223,
          "thresholdMetric": "CREATE-pods-count",
          "thresholdRatio": 1.37,
          "thresholdExceeded": false
        }
      },
      "UPDATE-leases-count": {
        "value": 298.8888888888889
      },
      "UPDATE-virtualmachineinstances-count": {
        "value": 871.1107736650509,
        "thresholdResult": {
          "thresholdValue": 1111.111111111111,
          "thresholdMetric": "CREATE-pods-count",
          "thresholdRatio": 7.839996962985459,
          "thresholdExceeded": false
        }
      },
      "WATCH-cdis-count": {
        "value": 1.1111111111111112
      },
      "WATCH-clusterroles-count": {
        "value": 2.222230452735864
      },
      "WATCH-configmaps-count": {
        "value": 6.6666584362749575
      },
      "WATCH-customresourcedefinitions-count": {
        "value": 5.555609056073893
      },
      "WATCH-daemonsets-count": {
        "value": 1.111119341624753
      },
      "WATCH-datasources-count": {
        "value": 1.1111111111111112
      },
      "WATCH-ingresses-count": {
        "value": 1.1111111111111112
      },
      "WATCH-kubevirts-count": {
        "value": 4.444452674958086
      },
      "WATCH-migrationpolicies-count": {
        "value": 1.1111111111111112
      },
      "WATCH-namespaces-count": {
        "value": 2.2222222222222223
      },
      "WATCH-nodes-count": {
        "value": 1.1111111111111112
      },
      "WATCH-poddisruptionbudgets-count": {
        "value": 1.1111111111111112
      },
      "WATCH-pods-count": {
        "value": 4.444452674958086
      },
      "WATCH-prometheusrules-count": {
        "value": 2.222230452735864
      },