{
  "JobDirCreationTime": "2026-01-01T06:17:18.842Z",
  "VMIResult": {
    "Values": {
      "CREATE-events-count": {
        "value": 103.11774193548388
      },
      "CREATE-pods-count": {
        "value": 102.09677419354838
      },
      "DELETE-jobs-count": {
        "value": 315.47903225806454
      },
      "GET-leases-count": {
        "value": 1172.0709677419354
      },
      "LIST-nodes-count": {
        "value": 315.47903225806454
      },
      "LIST-virtualmachineclusterinstancetypes-count": {
        "value": 315.47903225806454
      },
      "LIST-virtualmachineclusterpreferences-count": {
        "value": 315.47903225806454
      },
      "PATCH-nodes-count": {
        "value": 89.84516129032258
      },
      "PATCH-pods-count": {
        "value": 102.09677419354838
      },
      "PATCH-services-count": {
        "value": 1261.9161290322581
      },
      "UPDATE-configmaps-count": {
        "value": 315.47903225806454
      },
      "UPDATE-leases-count": {
        "value": 1894.9161290322581
      },
      "UPDATE-virtualmachineinstances-count": {
        "value": 308.3322580645161
      },
      "WATCH-clusterrolebindings-count": {
        "value": 8.167741935483871
      },
      "WATCH-clusterroles-count": {
        "value": 8.167741935483871
      },
      "WATCH-configmaps-count": {
        "value": 65.17987711213519
      },
      "WATCH-controllerrevisions-count": {
        "value": 4.083870967741936
      },
      "WATCH-customresourcedefinitions-count": {
        "value": 48.92542242703534
      },
      "WATCH-daemonsets-count": {
        "value": 9.188709677419356
      },
      "WATCH-deployments-count": {
        "value": 8.167741935483871
      },
      "WATCH-ingresses-count": {
        "value": 3.0629032258064517
      },
      "WATCH-jobs-count": {
        "value": 7.146774193548387
      },
      "WATCH-kubevirts-count": {
        "value": 36.69001536098311
      },
      "WATCH-leases-count": {
        "value": 9.188709677419356
      },
      "WATCH-migrationpolicies-count": {
        "value": 4.083870967741936
      },
      "WATCH-mutatingwebhookconfigurations-count": {
        "value": 8.167741935483871
      },
      "WATCH-namespaces-count": {
        "value": 19.333563748079875
      },
      "WATCH-nodes-count": {
        "value": 17.35645161290323
      },
      "WATCH-persistentvolumeclaims-count": {
        "value": 4.083870967741936
      },
      "WATCH-poddisruptionbudgets-count": {
        "value": 13.272580645161291
      },
      "WATCH-pods-count": {
        "value": 18.37741935483871
      },
      "WATCH-prometheusrules-count": {
        "value": 9.188709677419356
      },
      "WATCH-resourcequotas-count": {
        "value": 4.083870967741936
      },
      "WATCH-rolebindings-count": {
        "value": 10.20967741935484
      },
      "WATCH-roles-count": {
        "value": 9.188709677419356
      },
      "WATCH-routes-count": {
        "value": 12.251612903225807
      },
      "WATCH-secrets-count": {
        "value": 12.251612903225807
      },
      "WATCH-securitycontextconstraints-count": {
        "value": 9.188709677419356
      },
      "WATCH-serviceaccounts-count": {
        "value": 9.188709677419356
      },
      "WATCH-servicemonitors-count": {
        "value": 8.167741935483871
      },
      "WATCH-services-count": {
        "value": 12.251612903225807
      },
      "WATCH-storageclasses-count": {
        "value": 4.083870967741936
      },
      "WATCH-validatingwebhookconfigurations-count": {
        "value": 8.167741935483871
      },
      "WATCH-virtualmachinebackups-count": {
        "value": 13.207757296466974
      },
      "WATCH-virtualmachinebackuptrackers-count": {
        "value": 4.083870967741936
      },
      "WATCH-virtualmachineclones-count": {
        "value": 4.083870967741936
      },
      "WATCH-virtualmachineclusterinstancetypes-count": {
        "value": 12.251612903225807
      },
      "WATCH-virtualmachineclusterpreferences-count": {
        "value": 11.230645161290322
      },
      "WATCH-virtualmachineexports-count": {
        "value": 4.083870967741936
      },
      "WATCH-virtualmachineinstancemigrations-count": {
        "value": 4.083870967741936
      },
      "WATCH-virtualmachineinstancepresets-count": {
        "value": 8.102918586789555
      },
      "WATCH-virtualmachineinstancereplicasets-count": {
        "value": 4.083870967741936
      },
      "WATCH-virtualmachineinstances-count": {
        "value": 42.88064516129032
      },
      "WATCH-virtualmachineinstancetypes-count": {
        "value": 4.083870967741936
      },
      "WATCH-virtualmachinepools-count": {
        "value": 4.083870967741936
      },
      "WATCH-virtualmachinepreferences-count": {
        "value": 4.083870967741936
      },
      "WATCH-virtualmachinerestores-count": {
        "value": 12.17058371735791
      },
      "WATCH-virtualmachines-count": {
        "value": 5.10483870967742
      },
      "WATCH-virtualmachinesnapshotcontents-count": {
        "value": 4.083870967741936
      },
      "WATCH-virtualmachinesnapshots-count": {
        "value": 4.083870967741936
      },
      "WATCH-volumesnapshotclasses-count": {
        "value": 4.083870967741936
      },
      "WATCH-volumesnapshots-count": {
        "value": 5.10483870967742
      },
      "avgVirtAPICPUUsage": {
        "value": 0.004159442445487711
      },
      "avgVirtAPIMemoryUsageInMB": {
        "value": 187.28594365195625
      },
      "avgVirtControllerCPUUsage": {
        "value": 0.008664013585714286
      },
      "avgVirtControllerMemoryUsageInMB": {
        "value": 365.2048339843751
      },
      "failed-phase-count": {
        "value": 27
      },
      "maxVirtAPIMemoryUsageInMB": {
        "value": 217.654296875
      },
      "maxVirtControllerMemoryUsageInMB": {
        "value": 459.48828125
      },
      "minVirtAPIMemoryUsageInMB": {
        "value": 176.455078125
      },
      "minVirtControllerMemoryUsageInMB": {
        "value": 312.34375
      },
      "vmiCreationToRunningSecondsP50": {
        "value": 0
      },
      "vmiCreationToRunningSecondsP95": {
        "value": 0
      },
      "vmiCreationToRunningSecondsP99": {
        "value": 0
      },
      "vmiDeletionToFailedSecondsP50": {
        "value": 0
      },
      "vmiDeletionToFailedSecondsP95": {
        "value": 0
      },
      "vmiDeletionToFailedSecondsP99": {
        "value": 0
      },
      "vmiDeletionToSucceededSecondsP50": {
        "value": 0
      },
      "vmiDeletionToSucceededSecondsP95": {
        "value": 0
      },
      "vmiDeletionToSucceededSecondsP99": {
        "value": 0
      }
    }
  },
  "VMResult": null
}
