{
  "JobDirCreationTime": "2026-05-03T06:08:48.394Z",
  "VMIResult": {
    "Values": {
      "CREATE-events-count": {
        "value": 15685.661217391305
      },
      "CREATE-pods-count": {
        "value": 8043.903188405798
      },
      "DELETE-pods-count": {
        "value": 5792.546466666668
      },
      "GET-leases-count": {
        "value": 2175.0784816350947
      },
      "GET-mutatingwebhookconfigurations-count": {
        "value": 580.1559420289855
      },
      "LIST-virtualmachineclusterinstancetypes-count": {
        "value": 580.1559420289855
      },
      "LIST-virtualmachineclusterpreferences-count": {
        "value": 580.1559420289855
      },
      "PATCH-nodes-count": {
        "value": 56.60057971014493
      },
      "PATCH-pods-count": {
        "value": 18132.709149565217
      },
      "PATCH-services-count": {
        "value": 2320.623768115942
      },
      "PATCH-validatingadmissionpolicies-count": {
        "value": 580.1559420289855
      },
      "PATCH-validatingadmissionpolicybindings-count": {
        "value": 580.1559420289855
      },
      "PATCH-virtualmachineinstances-count": {
        "value": 12946.677773333337,
        "thresholdResult": {
          "thresholdValue": 16087.806376811595,
          "thresholdMetric": "CREATE-pods-count",
          "thresholdRatio": 1.609501938312016,
          "thresholdExceeded": false
        }
      },
      "UPDATE-configmaps-count": {
        "value": 580.1559420289855
      },
      "UPDATE-leases-count": {
        "value": 3476.892753623188
      },
      "UPDATE-virtualmachineinstances-count": {
        "value": 27134.796063609698,
        "thresholdResult": {
          "thresholdValue": 80439.03188405797,
          "thresholdMetric": "CREATE-pods-count",
          "thresholdRatio": 3.3733369768448793,
          "thresholdExceeded": false
        }
      },
      "WATCH-cdiconfigs-count": {
        "value": 7.075072463768116
      },
      "WATCH-cdis-count": {
        "value": 8.085797101449275
      },
      "WATCH-clusterrolebindings-count": {
        "value": 15.160869565217391
      },
      "WATCH-clusterroles-count": {
        "value": 15.160869565217391
      },
      "WATCH-configmaps-count": {
        "value": 112.04231134432783
      },
      "WATCH-controllerrevisions-count": {
        "value": 7.075072463768116
      },
      "WATCH-customresourcedefinitions-count": {
        "value": 66.63811390840843
      },
      "WATCH-daemonsets-count": {
        "value": 17.18231884057971
      },
      "WATCH-datasources-count": {
        "value": 23.17696151924038
      },
      "WATCH-datavolumes-count": {
        "value": 8.085797101449275
      },
      "WATCH-deployments-count": {
        "value": 15.160869565217391
      },
      "WATCH-ingresses-count": {
        "value": 8.085797101449275
      },
      "WATCH-jobs-count": {
        "value": 16.17159420289855
      },
      "WATCH-kubevirts-count": {
        "value": 49.45579682560918
      },
      "WATCH-leases-count": {
        "value": 16.17159420289855
      },
      "WATCH-migrationpolicies-count": {
        "value": 7.075072463768116
      },
      "WATCH-mutatingwebhookconfigurations-count": {
        "value": 15.160869565217391
      },
      "WATCH-namespaces-count": {
        "value": 39.34855572213893
      },
      "WATCH-nodes-count": {
        "value": 14.150144927536232
      },
      "WATCH-persistentvolumeclaims-count": {
        "value": 7.075072463768116
      },
      "WATCH-poddisruptionbudgets-count": {
        "value": 23.246666666666666
      },
      "WATCH-pods-count": {
        "value": 32.3431884057971
      },
      "WATCH-prometheusrules-count": {
        "value": 15.160869565217391
      },
      "WATCH-resourcequotas-count": {
        "value": 7.075072463768116
      },
      "WATCH-rolebindings-count": {
        "value": 13.139420289855073
      },
      "WATCH-roles-count": {
        "value": 15.160869565217391
      },
      "WATCH-secrets-count": {
        "value": 24.257391304347827
      },
      "WATCH-serviceaccounts-count": {
        "value": 16.17159420289855
      },
      "WATCH-servicemonitors-count": {
        "value": 15.160869565217391
      },
      "WATCH-services-count": {
        "value": 21.225217391304348
      },
      "WATCH-storageclasses-count": {
        "value": 7.075072463768116
      },
      "WATCH-storageprofiles-count": {
        "value": 8.085797101449275
      },
      "WATCH-validatingadmissionpolicies-count": {
        "value": 14.150144927536232
      },
      "WATCH-validatingadmissionpolicybindings-count": {
        "value": 15.160869565217391
      },
      "WATCH-validatingwebhookconfigurations-count": {
        "value": 17.18231884057971
      },
      "WATCH-virtualmachinebackups-count": {
        "value": 24.196399300349825
      },
      "WATCH-virtualmachinebackuptrackers-count": {
        "value": 15.160869565217391
      },
      "WATCH-virtualmachineclones-count": {
        "value": 6.064347826086957
      },
      "WATCH-virtualmachineclusterinstancetypes-count": {
        "value": 23.246666666666666
      },
      "WATCH-virtualmachineclusterpreferences-count": {
        "value": 22.235942028985505
      },
      "WATCH-virtualmachineexports-count": {
        "value": 8.085797101449275
      },
      "WATCH-virtualmachineinstancemigrations-count": {
        "value": 8.085797101449275
      },
      "WATCH-virtualmachineinstancepresets-count": {
        "value": 16.110602198900548
      },
      "WATCH-virtualmachineinstancereplicasets-count": {
        "value": 7.075072463768116
      },
      "WATCH-virtualmachineinstances-count": {
        "value": 31.33246376811594
      },
      "WATCH-virtualmachineinstancetypes-count": {
        "value": 7.075072463768116
      },
      "WATCH-virtualmachinepools-count": {
        "value": 8.085797101449275
      },
      "WATCH-virtualmachinepreferences-count": {
        "value": 7.075072463768116
      },
      "WATCH-virtualmachinerestores-count": {
        "value": 23.17696151924038
      },
      "WATCH-virtualmachines-count": {
        "value": 8.085797101449275
      },
      "WATCH-virtualmachinesnapshotcontents-count": {
        "value": 7.075072463768116
      },
      "WATCH-virtualmachinesnapshots-count": {
        "value": 7.075072463768116
      },
      "avgVirtAPICPUUsage": {
        "value": 0.028816447557471262
      },
      "avgVirtAPIMemoryUsageInMB": {
        "value": 163.67718349358972
      },
      "avgVirtControllerCPUUsage": {
        "value": 0.2639963635057471
      },
      "avgVirtControllerMemoryUsageInMB": {
        "value": 1395.6263688568374
      },
      "maxVirtAPIMemoryUsageInMB": {
        "value": 179.029296875
      },
      "maxVirtControllerMemoryUsageInMB": {
        "value": 2309.8671875
      },
      "minVirtAPIMemoryUsageInMB": {
        "value": 137.35546875
      },
      "minVirtControllerMemoryUsageInMB": {
        "value": 454.66015625
      },
      "running-phase-count": {
        "value": 640
      },
      "virtControllerWorkqueueAddRate": {
        "value": 232.51807399242736
      },
      "virtControllerWorkqueueDepth": {
        "value": 0.12109332302589743
      },
      "virtControllerWorkqueueP99Latency": {
        "value": 0.6034974977137187
      },
      "vmiCreationToRunningSecondsP50": {
        "value": 0.6613169158946949,
        "thresholdResult": {
          "thresholdValue": 45,
          "thresholdExceeded": false
        }
      },
      "vmiCreationToRunningSecondsP95": {
        "value": 1.7717913672073955,
        "thresholdResult": {
          "thresholdValue": 60,
          "thresholdExceeded": false
        }
      },
      "vmiCreationToRunningSecondsP99": {
        "value": 1.9543582734414793
      },
      "vmiDeletionToFailedSecondsP50": {
        "value": 0
      },
      "vmiDeletionToFailedSecondsP95": {
        "value": 0
      },