{
  "JobDirCreationTime": "2025-10-15T18:03:26.122Z",
  "VMIResult": {
    "Values": {
      "CREATE-events-count": {
        "value": 123.16217373432664
      },
      "CREATE-pods-count": {
        "value": 105.81571294050983
      },
      "GET-leases-count": {
        "value": 128.24014444444444
      },
      "GET-nodes-count": {
        "value": 25.889944444444446
      },
      "LIST-nodes-count": {
        "value": 33.40275555555556
      },
      "LIST-virtualmachineclusterinstancetypes-count": {
        "value": 30.9598
      },
      "LIST-virtualmachineclusterpreferences-count": {
        "value": 30.9598
      },
      "PATCH-nodes-count": {
        "value": 7.149388888888888
      },
      "PATCH-pods-count": {
        "value": 213.72774013982985
      },
      "PATCH-services-count": {
        "value": 133.61102222222223
      },
      "PATCH-validatingadmissionpolicies-count": {
        "value": 33.40275555555556
      },
      "PATCH-validatingadmissionpolicybindings-count": {
        "value": 33.40275555555556
      },
      "PATCH-virtualmachineinstances-count": {
        "value": 107.42089708120841,
        "thresholdResult": {
          "thresholdValue": 211.63142588101965,
          "thresholdMetric": "CREATE-pods-count",
          "thresholdRatio": 1.0151696198616649,
          "thresholdExceeded": false
        }
      },
      "UPDATE-configmaps-count": {
        "value": 33.40275555555556
      },
      "UPDATE-kubevirts-count": {
        "value": 1.1929555555555555
      },
      "UPDATE-leases-count": {
        "value": 207.7554518424693
      },
      "UPDATE-virtualmachineinstances-count": {
        "value": 642.8164073175948,
        "thresholdResult": {
          "thresholdValue": 1058.1571294050982,
          "thresholdMetric": "CREATE-pods-count",
          "thresholdRatio": 6.074867233366274,
          "thresholdExceeded": false
        }
      },
      "WATCH-configmaps-count": {
        "value": 2.307777777777778
      },
      "WATCH-customresourcedefinitions-count": {
        "value": 1.1148222222222222
      },
      "WATCH-jobs-count": {
        "value": 1.1148222222222222
      },
      "WATCH-kubevirts-count": {
        "value": 1.1148222222222222
      },
      "WATCH-leases-count": {
        "value": 1.1929555555555555
      },
      "WATCH-namespaces-count": {
        "value": 1.1929555555555555
      },
      "WATCH-poddisruptionbudgets-count": {
        "value": 1.1929555555555555
      },
      "WATCH-pods-count": {
        "value": 1.1929555555555555
      },
      "WATCH-secrets-count": {
        "value": 1.1929555555555555
      },
      "WATCH-validatingadmissionpolicies-count": {
        "value": 1.1929555555555555
      },
      "avgVirtAPICPUUsage": {
        "value": 0.009664470808791665
      },
      "avgVirtAPIMemoryUsageInMB": {
        "value": 141.94466145833331
      },
      "avgVirtControllerCPUUsage": {
        "value": 0.026492089306000003
      },
      "avgVirtControllerMemoryUsageInMB": {
        "value": 54.59765625
      },
      "avgVirtHandlerCPUUsage": {
        "value": 0.0008887827184569237
      },
      "avgVirtHandlerMemoryUsageInMB": {
        "value": 14.136776394540066
      },
      "maxVirtAPIMemoryUsageInMB": {
        "value": 159.25390625
      },
      "maxVirtControllerMemoryUsageInMB": {
        "value": 84.859375
      },
      "maxVirtHandlerCPUUsage": {
        "value": 0.0009425126547345086
      },
      "maxVirtHandlerMemoryUsageInMB": {
        "value": 26.273407451923077
      },
      "minVirtAPIMemoryUsageInMB": {
        "value": 134.20703125
      },
      "minVirtControllerMemoryUsageInMB": {
        "value": 0
      },
      "minVirtHandlerCPUUsage": {
        "value": 0.0008381715912660257
      },
      "minVirtHandlerMemoryUsageInMB": {
        "value": 7.211009837962963
      },
      "running-phase-count": {
        "value": 101
      },
      "vmiCreationToRunningSecondsP50": {
        "value": 20.28298845098932,
        "thresholdResult": {
          "thresholdValue": 45,
          "thresholdExceeded": false
        }
      },
      "vmiCreationToRunningSecondsP95": {
        "value": 29.02829884509893,
        "thresholdResult": {
          "thresholdValue": 60,
          "thresholdExceeded": false
        }
      },
      "vmiCreationToRunningSecondsP99": {
        "value": 29.805659769019787
      },
      "vmiDeletionToFailedSecondsP50": {
        "value": 0
      },
      "vmiDeletionToFailedSecondsP95": {
        "value": 0
      },
      "vmiDeletionToFailedSecondsP99": {
        "value": 0
      },
      "vmiDeletionToSucceededSecondsP50": {
        "value": 0
      },
      "vmiDeletionToSucceededSecondsP95": {
        "value": 0
      },
      "vmiDeletionToSucceededSecondsP99": {
        "value": 0
      }
    }
  },
  "VMResult": null
}
