{
  "JobDirCreationTime": "2025-08-16T00:19:47.395Z",
  "VMIResult": {
    "Values": {
      "CREATE-events-count": {
        "value": 157.8426611111111
      },
      "CREATE-pods-count": {
        "value": 112.37083333333334
      },
      "GET-leases-count": {
        "value": 124.80291010016279
      },
      "GET-nodes-count": {
        "value": 26.17669571745544
      },
      "LIST-nodes-count": {
        "value": 31.895174096518073
      },
      "LIST-virtualmachineclusterinstancetypes-count": {
        "value": 31.895174096518073
      },
      "LIST-virtualmachineclusterpreferences-count": {
        "value": 31.895174096518073
      },
      "PATCH-nodes-count": {
        "value": 9.544759649893004
      },
      "PATCH-pods-count": {
        "value": 377.31970833333327
      },
      "PATCH-services-count": {
        "value": 127.58069638607229
      },
      "PATCH-validatingadmissionpolicies-count": {
        "value": 31.895174096518073
      },
      "PATCH-validatingadmissionpolicybindings-count": {
        "value": 31.895174096518073
      },
      "PATCH-virtualmachineinstances-count": {
        "value": 67.79344444444445,
        "thresholdResult": {
          "thresholdValue": 224.74166666666667,
          "thresholdMetric": "CREATE-pods-count",
          "thresholdRatio": 0.6033010740727007,
          "thresholdExceeded": false
        }
      },
      "UPDATE-configmaps-count": {
        "value": 31.895174096518073
      },
      "UPDATE-leases-count": {
        "value": 195.16867100491325
      },
      "UPDATE-virtualmachineinstances-count": {
        "value": 627.2667082422283,
        "thresholdResult": {
          "thresholdValue": 1123.7083333333335,
          "thresholdMetric": "CREATE-pods-count",
          "thresholdRatio": 5.58211316615873,
          "thresholdExceeded": false
        }
      },
      "avgVirtAPICPUUsage": {
        "value": 0.010249948005611112
      },
      "avgVirtAPIMemoryUsageInMB": {
        "value": 126.2421875
      },
      "avgVirtControllerCPUUsage": {
        "value": 0.024401061565873013
      },
      "avgVirtControllerMemoryUsageInMB": {
        "value": 56.494791666666664
      },
      "avgVirtHandlerCPUUsage": {
        "value": 0.0008578603976104825
      },
      "avgVirtHandlerMemoryUsageInMB": {
        "value": 18.66629513968381
      },
      "maxVirtAPIMemoryUsageInMB": {
        "value": 161.001953125
      },
      "maxVirtControllerMemoryUsageInMB": {
        "value": 84.20703125
      },
      "maxVirtHandlerCPUUsage": {
        "value": 0.0008976932394291299
      },
      "maxVirtHandlerMemoryUsageInMB": {
        "value": 37.63577835648148
      },
      "minVirtAPIMemoryUsageInMB": {
        "value": 0
      },
      "minVirtControllerMemoryUsageInMB": {
        "value": 0
      },
      "minVirtHandlerCPUUsage": {
        "value": 0.0008248836042418746
      },
      "minVirtHandlerMemoryUsageInMB": {
        "value": 3.1043113425925926
      },
      "running-phase-count": {
        "value": 101
      },
      "vmiCreationToRunningSecondsP50": {
        "value": 21.41508689985694,
        "thresholdResult": {
          "thresholdValue": 45,
          "thresholdExceeded": false
        }
      },
      "vmiCreationToRunningSecondsP95": {
        "value": 29.14150868998569,
        "thresholdResult": {
          "thresholdValue": 60,
          "thresholdExceeded": false
        }
      },
      "vmiCreationToRunningSecondsP99": {
        "value": 29.828301737997137
      },
      "vmiDeletionToFailedSecondsP50": {
        "value": 0
      },
      "vmiDeletionToFailedSecondsP95": {
        "value": 0
      },
      "vmiDeletionToFailedSecondsP99": {
        "value": 0
      },
      "vmiDeletionToSucceededSecondsP50": {
        "value": 0
      },
      "vmiDeletionToSucceededSecondsP95": {
        "value": 0
      },
      "vmiDeletionToSucceededSecondsP99": {
        "value": 0
      }
    }
  },
  "VMResult": null
}
