{
  "JobDirCreationTime": "2024-02-23T00:16:13.853Z",
  "VMIResult": {
    "Values": {
      "CREATE-events-count": {
        "value": 270.3878779543106
      },
      "CREATE-pods-count": {
        "value": 123.74555555555557
      },
      "GET-endpoints-count": {
        "value": 255.1840978063414
      },
      "GET-leases-count": {
        "value": 403.5060622793495
      },
      "GET-nodes-count": {
        "value": 12.917266866208918
      },
      "LIST-configmaps-count": {
        "value": 1.1429266666666666
      },
      "LIST-daemonsets-count": {
        "value": 1.1429266666666666
      },
      "LIST-namespaces-count": {
        "value": 1.1429266666666666
      },
      "LIST-pods-count": {
        "value": 1.1429266666666666
      },
      "LIST-prometheusrules-count": {
        "value": 1.1429266666666666
      },
      "LIST-rolebindings-count": {
        "value": 1.1429266666666666
      },
      "LIST-roles-count": {
        "value": 1.1429266666666666
      },
      "PATCH-nodes-count": {
        "value": 5.875798955402972
      },
      "PATCH-pods-count": {
        "value": 309.2326444444445
      },
      "PATCH-virtualmachineinstances-count": {
        "value": 105.33372222222224,
        "thresholdResult": {
          "thresholdValue": 247.49111111111114,
          "thresholdMetric": "CREATE-pods-count",
          "thresholdRatio": 0.8512121647466576,
          "thresholdExceeded": false
        }
      },
      "UPDATE-endpoints-count": {
        "value": 148.32196447300808
      },
      "UPDATE-leases-count": {
        "value": 148.32196447300808
      },
      "UPDATE-virtualmachineinstances-count": {
        "value": 855.7656121764182,
        "thresholdResult": {
          "thresholdValue": 1237.4555555555557,
          "thresholdMetric": "CREATE-pods-count",
          "thresholdRatio": 6.91552604321391,
          "thresholdExceeded": false
        }
      },
      "running-phase-count": {
        "value": 101
      },
      "vmiCreationToRunningSecondsP50": {
        "value": 18.443885776380366,
        "thresholdResult": {
          "thresholdValue": 45,
          "thresholdExceeded": false
        }
      },
      "vmiCreationToRunningSecondsP95": {
        "value": 28.774075807872006,
        "thresholdResult": {
          "thresholdValue": 60,
          "thresholdExceeded": false
        }
      },
      "vmiCreationToRunningSecondsP99": {
        "value": 29.754815161574403
      },
      "vmiDeletionToFailedSecondsP50": {
        "value": 0
      },
      "vmiDeletionToFailedSecondsP95": {
        "value": 0
      },
      "vmiDeletionToFailedSecondsP99": {
        "value": 0
      },
      "vmiDeletionToSucceededSecondsP50": {
        "value": 0
      },
      "vmiDeletionToSucceededSecondsP95": {
        "value": 0
      },
      "vmiDeletionToSucceededSecondsP99": {
        "value": 0
      }
    }
  },
  "VMResult": {
    "Values": {
      "CREATE-controllerrevisions-count": {
        "value": 137.61343333333332
      },
      "CREATE-events-count": {
        "value": 832.2213582380704
      },
      "CREATE-pods-count": {
        "value": 111.11111111111111
      },
      "CREATE-virtualmachineinstances-count": {
        "value": 137.61343333333332
      },
      "GET-endpoints-count": {
        "value": 477.77751030880955
      },
      "GET-leases-count": {
        "value": 772.2230494115685
      },
      "GET-nodes-count": {
        "value": 31.111024707254735
      },
      "LIST-cdiconfigs-count": {
        "value": 1.1111111111111112
      },
      "LIST-cdis-count": {
        "value": 1.1111111111111112
      },
      "LIST-clusterrolebindings-count": {
        "value": 1.111119341624753
      },
      "LIST-clusterroles-count": {
        "value": 1.1110987655692715
      },
      "LIST-configmaps-count": {
        "value": 15.555555558146589
      },
      "LIST-controllerrevisions-count": {
        "value": 1.1111111111111112
      },
      "LIST-customresourcedefinitions-count": {
        "value": 13.333308644657786
      },
      "LIST-daemonsets-count": {
        "value": 1.1110987655692715
      },
      "LIST-datasources-count": {
        "value": 2.2222222222222223
      },
      "LIST-datavolumes-count": {
        "value": 1.1111111111111112
      },
      "LIST-deployments-count": {
        "value": 1.111119341624753
      },
      "LIST-ingresses-count": {
        "value": 1.1111111111111112
      },
      "LIST-jobs-count": {
        "value": 2.222218107194024
      },
      "LIST-kubevirts-count": {
        "value": 11.111090537463761
      },
      "LIST-migrationpolicies-count": {
        "value": 1.1111111111111112
      },
      "LIST-mutatingwebhookconfigurations-count": {
        "value": 1.111119341624753
      },
      "LIST-namespaces-count": {
        "value": 5.555551440527357
      },
      "LIST-nodes-count": {
        "value": 1.1111111111111112
      },
      "LIST-persistentvolumeclaims-count": {
        "value": 1.1111111111111112
      },
      "LIST-poddisruptionbudgets-count": {
        "value": 1.1111111111111112
      },
      "LIST-pods-count": {
        "value": 3.333341563846975
      },
      "LIST-resourcequotas-count": {
        "value": 1.1111111111111112
      },
      "LIST-rolebindings-count": {
        "value": 1.111119341624753
      },
      "LIST-roles-count": {
        "value": 1.111119341624753
      },
      "LIST-secrets-count": {
        "value": 3.3333292183051357
      },
      "LIST-serviceaccounts-count": {
        "value": 1.111119341624753
      },
      "LIST-servicemonitors-count": {
        "value": 2.222218107194024
      },
      "LIST-services-count": {
        "value": 2.222209876680383
      },
      "LIST-storageclasses-count": {
        "value": 1.1111111111111112
      },
      "LIST-virtualmachineclusterinstancetypes-count": {
        "value": 1.1111111111111112
      },
      "LIST-virtualmachineclusterpreferences-count": {
        "value": 1.1111111111111112
      },
      "LIST-virtualmachineexports-count": {
        "value": 1.1111111111111112
      },
      "LIST-virtualmachineinstancemigrations-count": {
        "value": 1.1111111111111112
      },
      "LIST-virtualmachineinstancepresets-count": {
        "value": 2.2222222222222223
      },
      "LIST-virtualmachineinstancereplicasets-count": {
        "value": 1.1111111111111112
      },
      "LIST-virtualmachineinstances-count": {
        "value": 8.888835394741562
      },
      "LIST-virtualmachineinstancetypes-count": {
        "value": 1.1111111111111112
      },
      "LIST-virtualmachinepools-count": {
        "value": 1.1111111111111112
      },
      "LIST-virtualmachinepreferences-count": {
        "value": 1.1111111111111112
      },
      "LIST-virtualmachinerestores-count": {
        "value": 3.3333333333333335
      },
      "LIST-virtualmachines-count": {
        "value": 1.1111111111111112
      },
      "LIST-virtualmachinesnapshotcontents-count": {
        "value": 1.1111111111111112
      },
      "LIST-virtualmachinesnapshots-count": {
        "value": 1.1111111111111112
      },
      "PATCH-events-count": {
        "value": 12.862400000000001
      },
      "PATCH-nodes-count": {
        "value": 13.333296303109172
      },
      "PATCH-pods-count": {
        "value": 300
      },
      "PATCH-virtualmachineinstances-count": {
        "value": 190,
        "thresholdResult": {
          "thresholdValue": 222.22222222222223,
          "thresholdMetric": "CREATE-pods-count",
          "thresholdRatio": 1.71,
          "thresholdExceeded": false
        }
      },
      "PATCH-virtualmachines-count": {
        "value": 137.61343333333332
      },
      "UPDATE-endpoints-count": {
        "value": 294.44553910275886
      },
      "UPDATE-leases-count": {
        "value": 294.44553910275886
      },
      "UPDATE-virtualmachineinstances-count": {
        "value": 1018.8886421114142,