{
  "JobDirCreationTime": "2023-08-23T00:18:05.865Z",
  "VMIResult": {
    "Values": {
      "CREATE-deployments-count": {
        "value": 1.244313983655828
      },
      "CREATE-events-count": {
        "value": 153.37332322723847
      },
      "CREATE-poddisruptionbudgets-count": {
        "value": 1.244313983655828
      },
      "CREATE-pods-count": {
        "value": 112.78490083884228
      },
      "GET-endpoints-count": {
        "value": 353.42578888225546
      },
      "GET-leases-count": {
        "value": 566.6584739549871
      },
      "GET-nodes-count": {
        "value": 26.750064237724956
      },
      "LIST-nodes-count": {
        "value": 11.198825852902452
      },
      "PATCH-nodes-count": {
        "value": 8.061559190352764
      },
      "PATCH-pods-count": {
        "value": 234.3947447364035
      },
      "PATCH-services-count": {
        "value": 44.79530341160981
      },
      "PATCH-virtualmachineinstances-count": {
        "value": 100.48856174656964,
        "thresholdResult": {
          "thresholdValue": 225.56980167768455,
          "thresholdMetric": "CREATE-pods-count",
          "thresholdRatio": 0.8909753078575402,
          "thresholdExceeded": false
        }
      },
      "UPDATE-endpoints-count": {
        "value": 213.2326850727316
      },
      "UPDATE-kubevirts-count": {
        "value": 2.488627967311656
      },
      "UPDATE-leases-count": {
        "value": 213.2326850727316
      },
      "UPDATE-virtualmachineinstances-count": {
        "value": 649.3284661523031,
        "thresholdResult": {
          "thresholdValue": 1127.8490083884228,
          "thresholdMetric": "CREATE-pods-count",
          "thresholdRatio": 5.757228683297997,
          "thresholdExceeded": false
        }
      },
      "none-none-count": {
        "value": 1.1422594742738628
      },
      "running-phase-count": {
        "value": 101
      },
      "vmiCreationToRunningSecondsP50": {
        "value": 17.26191066903879,
        "thresholdResult": {
          "thresholdValue": 45,
          "thresholdExceeded": false
        }
      },
      "vmiCreationToRunningSecondsP95": {
        "value": 28.394739728575402,
        "thresholdResult": {
          "thresholdValue": 60,
          "thresholdExceeded": false
        }
      },
      "vmiCreationToRunningSecondsP99": {
        "value": 29.67894794571508
      },
      "vmiDeletionToFailedSecondsP50": {
        "value": 0
      },
      "vmiDeletionToFailedSecondsP95": {
        "value": 0
      },
      "vmiDeletionToFailedSecondsP99": {
        "value": 0
      },
      "vmiDeletionToSucceededSecondsP50": {
        "value": 0
      },
      "vmiDeletionToSucceededSecondsP95": {
        "value": 0
      },
      "vmiDeletionToSucceededSecondsP99": {
        "value": 0
      }
    }
  },
  "VMResult": {
    "Values": {
      "CREATE-controllerrevisions-count": {
        "value": 125.69143085691431
      },
      "CREATE-events-count": {
        "value": 817.7840663052154
      },
      "CREATE-pods-count": {
        "value": 111.11111111111111
      },
      "CREATE-virtualmachineinstances-count": {
        "value": 125.69143085691431
      },
      "GET-endpoints-count": {
        "value": 490
      },
      "GET-leases-count": {
        "value": 787.7777777777778
      },
      "GET-nodes-count": {
        "value": 18.889230475919327
      },
      "LIST-cdiconfigs-count": {
        "value": 1.1111111111111112
      },
      "LIST-cdis-count": {
        "value": 1.1111111111111112
      },
      "LIST-clusterrolebindings-count": {
        "value": 2.2222222222222223
      },
      "LIST-clusterroles-count": {
        "value": 2.2222222222222223
      },
      "LIST-configmaps-count": {
        "value": 14.444514408245901
      },
      "LIST-controllerrevisions-count": {
        "value": 1.1111111111111112
      },
      "LIST-customresourcedefinitions-count": {
        "value": 13.33340329713479
      },
      "LIST-daemonsets-count": {
        "value": 2.2222222222222223
      },
      "LIST-datasources-count": {
        "value": 3.3333333333333335
      },
      "LIST-datavolumes-count": {
        "value": 1.1111111111111112
      },
      "LIST-ingresses-count": {
        "value": 1.1111111111111112
      },
      "LIST-jobs-count": {
        "value": 2.2222222222222223
      },
      "LIST-kubevirts-count": {
        "value": 10.000069963801456
      },
      "LIST-migrationpolicies-count": {
        "value": 1.1111111111111112
      },
      "LIST-mutatingwebhookconfigurations-count": {
        "value": 1.1111111111111112
      },
      "LIST-namespaces-count": {
        "value": 3.3333333333333335
      },
      "LIST-persistentvolumeclaims-count": {
        "value": 1.1111111111111112
      },
      "LIST-poddisruptionbudgets-count": {
        "value": 2.2222222222222223
      },
      "LIST-pods-count": {
        "value": 4.444444444444445
      },
      "LIST-prometheusrules-count": {
        "value": 1.1111111111111112
      },
      "LIST-resourcequotas-count": {
        "value": 1.1111111111111112
      },
      "LIST-rolebindings-count": {
        "value": 2.2222222222222223
      },
      "LIST-roles-count": {
        "value": 1.1111111111111112
      },
      "LIST-secrets-count": {
        "value": 2.2222222222222223
      },
      "LIST-serviceaccounts-count": {
        "value": 2.2222222222222223
      },
      "LIST-servicemonitors-count": {
        "value": 2.2222222222222223
      },
      "LIST-services-count": {
        "value": 2.2222222222222223
      },
      "LIST-storageclasses-count": {
        "value": 1.1111111111111112
      },
      "LIST-validatingwebhookconfigurations-count": {
        "value": 2.2222222222222223
      },
      "LIST-virtualmachineclones-count": {
        "value": 1.1111111111111112
      },
      "LIST-virtualmachineclusterinstancetypes-count": {
        "value": 1.1111111111111112
      },
      "LIST-virtualmachineclusterpreferences-count": {
        "value": 1.1111111111111112
      },
      "LIST-virtualmachineexports-count": {
        "value": 1.1111111111111112
      },
      "LIST-virtualmachineinstancemigrations-count": {
        "value": 1.1111111111111112
      },
      "LIST-virtualmachineinstancepresets-count": {
        "value": 1.1111111111111112
      },
      "LIST-virtualmachineinstancereplicasets-count": {
        "value": 1.1111111111111112
      },
      "LIST-virtualmachineinstances-count": {
        "value": 10.000139927602914
      },
      "LIST-virtualmachineinstancetypes-count": {
        "value": 1.1111111111111112
      },
      "LIST-virtualmachinepools-count": {
        "value": 1.1111111111111112
      },
      "LIST-virtualmachinepreferences-count": {
        "value": 1.1111111111111112
      },
      "LIST-virtualmachinerestores-count": {
        "value": 3.3333333333333335
      },
      "LIST-virtualmachines-count": {
        "value": 1.1111111111111112
      },
      "LIST-virtualmachinesnapshotcontents-count": {
        "value": 1.1111111111111112
      },
      "LIST-virtualmachinesnapshots-count": {
        "value": 1.1111111111111112
      },
      "PATCH-nodes-count": {
        "value": 14.444716067673422
      },
      "PATCH-pods-count": {
        "value": 228.88888888888889
      },
      "PATCH-virtualmachineinstances-count": {
        "value": 204.44444444444446,
        "thresholdResult": {
          "thresholdValue": 222.22222222222223,
          "thresholdMetric": "CREATE-pods-count",
          "thresholdRatio": 1.84,
          "thresholdExceeded": false
        }
      },
      "PATCH-virtualmachines-count": {
        "value": 125.69143085691431
      },
      "UPDATE-endpoints-count": {
        "value": 297.77777777777777
      },
      "UPDATE-leases-count": {
        "value": 297.77777777777777
      },
      "UPDATE-virtualmachineinstances-count": {
        "value": 1000.0044941523663,