{
  "JobDirCreationTime": "2024-11-22T05:05:15.799Z",
  "VMIResult": {
    "Values": {
      "CREATE-events-count": {
        "value": 656.7358888888889
      },
      "CREATE-pods-count": {
        "value": 120.12749999999998
      },
      "DELETE-pods-count": {
        "value": 86.34226666666667
      },
      "GET-leases-count": {
        "value": 187.77777777777777
      },
      "GET-nodes-count": {
        "value": 21.111111111111114
      },
      "LIST-nodes-count": {
        "value": 1.1111111111111112
      },
      "LIST-virtualmachineclusterinstancetypes-count": {
        "value": 1.1111111111111112
      },
      "LIST-virtualmachineclusterpreferences-count": {
        "value": 1.1111111111111112
      },
      "PATCH-events-count": {
        "value": 13.743
      },
      "PATCH-nodes-count": {
        "value": 8.88888888888889
      },
      "PATCH-pods-count": {
        "value": 362.76505
      },
      "PATCH-services-count": {
        "value": 4.444444444444445
      },
      "PATCH-virtualmachineinstances-count": {
        "value": 212.84560000000002
      },
      "UPDATE-leases-count": {
        "value": 298.8888888888889
      },
      "UPDATE-virtualmachineinstances-count": {
        "value": 1017.4872833333333
      },
      "WATCH-clusterroles-count": {
        "value": 2.2222222222222223
      },
      "WATCH-configmaps-count": {
        "value": 10
      },
      "WATCH-customresourcedefinitions-count": {
        "value": 4.444444444444445
      },
      "WATCH-daemonsets-count": {
        "value": 2.2222222222222223
      },
      "WATCH-jobs-count": {
        "value": 1.1111111111111112
      },
      "WATCH-kubevirts-count": {
        "value": 4.444444444444445
      },
      "WATCH-migrationpolicies-count": {
        "value": 1.1111111111111112
      },
      "WATCH-namespaces-count": {
        "value": 2.2222222222222223
      },
      "WATCH-poddisruptionbudgets-count": {
        "value": 1.1111111111111112
      },
      "WATCH-pods-count": {
        "value": 2.2222222222222223
      },
      "WATCH-prometheusrules-count": {
        "value": 2.2222222222222223
      },
      "WATCH-resourcequotas-count": {
        "value": 1.1111111111111112
      },
      "WATCH-rolebindings-count": {
        "value": 2.2222222222222223
      },
      "WATCH-roles-count": {
        "value": 1.1111111111111112
      },
      "WATCH-routes-count": {
        "value": 2.2222222222222223
      },
      "WATCH-secrets-count": {
        "value": 2.2222222222222223
      },
      "WATCH-securitycontextconstraints-count": {
        "value": 1.1111111111111112
      },
      "WATCH-serviceaccounts-count": {
        "value": 2.2222222222222223
      },
      "WATCH-servicemonitors-count": {
        "value": 1.1111111111111112
      },
      "WATCH-services-count": {
        "value": 1.1111111111111112
      },
      "WATCH-validatingwebhookconfigurations-count": {
        "value": 1.1111111111111112
      },
      "WATCH-virtualmachineclones-count": {
        "value": 1.1111111111111112
      },
      "WATCH-virtualmachineclusterpreferences-count": {
        "value": 1.1111111111111112
      },
      "WATCH-virtualmachineexports-count": {
        "value": 1.1111111111111112
      },
      "WATCH-virtualmachineinstancepresets-count": {
        "value": 1.1111111111111112
      },
      "WATCH-virtualmachineinstancereplicasets-count": {
        "value": 1.1111111111111112
      },
      "WATCH-virtualmachineinstances-count": {
        "value": 2.2222222222222223
      },
      "WATCH-virtualmachinepools-count": {
        "value": 1.1111111111111112
      },
      "WATCH-virtualmachinepreferences-count": {
        "value": 1.1111111111111112
      },
      "WATCH-virtualmachinerestores-count": {
        "value": 1.1111111111111112
      },
      "WATCH-volumesnapshots-count": {
        "value": 1.1111111111111112
      },
      "avgVirtAPICPUUsage": {
        "value": 0.024927188299074074
      },
      "avgVirtAPIMemoryUsageInMB": {
        "value": 179.08974609375002
      },
      "avgVirtControllerCPUUsage": {
        "value": 0.03492315412592593
      },
      "avgVirtControllerMemoryUsageInMB": {
        "value": 101.98515624999999
      },
      "maxVirtAPIMemoryUsageInMB": {
        "value": 195.9375
      },
      "maxVirtControllerMemoryUsageInMB": {
        "value": 127.2890625
      },
      "minVirtAPIMemoryUsageInMB": {
        "value": 168.423828125
      },
      "minVirtControllerMemoryUsageInMB": {
        "value": 84.6328125
      },
      "vmiCreationToRunningSecondsP50": {
        "value": 42.1938071301709
      },
      "vmiCreationToRunningSecondsP95": {
        "value": 49.509703293662255
      },
      "vmiCreationToRunningSecondsP99": {
        "value": 54.960160420705996
      },
      "vmiDeletionToFailedSecondsP50": {
        "value": 0
      },
      "vmiDeletionToFailedSecondsP95": {
        "value": 0
      },
      "vmiDeletionToFailedSecondsP99": {
        "value": 0
      },
      "vmiDeletionToSucceededSecondsP50": {
        "value": 0.665927320534768
      },
      "vmiDeletionToSucceededSecondsP95": {
        "value": 0.9870472775080223
      },
      "vmiDeletionToSucceededSecondsP99": {
        "value": 1.6860160420705936
      }
    }
  },
  "VMResult": null
}
