{
  "JobDirCreationTime": "2026-02-02T00:23:16.276Z",
  "VMIResult": {
    "Values": {
      "CREATE-events-count": {
        "value": 153.9381695607603
      },
      "CREATE-pods-count": {
        "value": 101.99416666666667
      },
      "GET-leases-count": {
        "value": 97.79743333333333
      },
      "LIST-nodes-count": {
        "value": 24.22252312307308
      },
      "LIST-virtualmachineclusterinstancetypes-count": {
        "value": 24.22252312307308
      },
      "LIST-virtualmachineclusterpreferences-count": {
        "value": 24.22252312307308
      },
      "PATCH-nodes-count": {
        "value": 6.020864243397954
      },
      "PATCH-pods-count": {
        "value": 203.99827499999998
      },
      "PATCH-services-count": {
        "value": 96.89009249229233
      },
      "PATCH-validatingadmissionpolicies-count": {
        "value": 24.22252312307308
      },
      "PATCH-validatingadmissionpolicybindings-count": {
        "value": 24.22252312307308
      },
      "PATCH-virtualmachineinstances-count": {
        "value": 99.28578888888889,
        "thresholdResult": {
          "thresholdValue": 203.98833333333334,
          "thresholdMetric": "CREATE-pods-count",
          "thresholdRatio": 0.9734457580635058,
          "thresholdExceeded": false
        }
      },
      "UPDATE-configmaps-count": {
        "value": 24.22252312307308
      },
      "UPDATE-leases-count": {
        "value": 155.76406936921927
      },
      "UPDATE-virtualmachineinstances-count": {
        "value": 502.043583578878,
        "thresholdResult": {
          "thresholdValue": 1019.9416666666667,
          "thresholdMetric": "CREATE-pods-count",
          "thresholdRatio": 4.922277420233621,
          "thresholdExceeded": false
        }
      },
      "avgVirtAPICPUUsage": {
        "value": 0.007583405679
      },
      "avgVirtAPIMemoryUsageInMB": {
        "value": 143.751953125
      },
      "avgVirtControllerCPUUsage": {
        "value": 0.026288686194814816
      },
      "avgVirtControllerMemoryUsageInMB": {
        "value": 55.1337890625
      },
      "avgVirtHandlerCPUUsage": {
        "value": 0.0008861350894885662
      },
      "avgVirtHandlerMemoryUsageInMB": {
        "value": 71.08723958333334
      },
      "maxVirtAPIMemoryUsageInMB": {
        "value": 162.080078125
      },
      "maxVirtControllerMemoryUsageInMB": {
        "value": 86.8125
      },
      "maxVirtHandlerCPUUsage": {
        "value": 0.0009378703641965811
      },
      "maxVirtHandlerMemoryUsageInMB": {
        "value": 71.08723958333334
      },
      "minVirtAPIMemoryUsageInMB": {
        "value": 133.8046875
      },
      "minVirtControllerMemoryUsageInMB": {
        "value": 0
      },
      "minVirtHandlerCPUUsage": {
        "value": 0.0007744742861919192
      },
      "minVirtHandlerMemoryUsageInMB": {
        "value": 71.08723958333334
      },
      "running-phase-count": {
        "value": 98
      },
      "scheduled-phase-count": {
        "value": 3
      },
      "virtControllerWorkqueueAddRate": {
        "value": 15.336237981481482
      },
      "virtControllerWorkqueueDepth": {
        "value": 0
      },
      "virtControllerWorkqueueP99Latency": {
        "value": 0.06512408663890634
      },
      "vmiCreationToRunningSecondsP50": {
        "value": 15.902826376839588,
        "thresholdResult": {
          "thresholdValue": 45,
          "thresholdExceeded": false
        }
      },
      "vmiCreationToRunningSecondsP95": {
        "value": 26.730918298209854,
        "thresholdResult": {
          "thresholdValue": 60,
          "thresholdExceeded": false
        }
      },
      "vmiCreationToRunningSecondsP99": {
        "value": 29.346183659641977
      },
      "vmiDeletionToFailedSecondsP50": {
        "value": 0
      },
      "vmiDeletionToFailedSecondsP95": {
        "value": 0
      },
      "vmiDeletionToFailedSecondsP99": {
        "value": 0
      },
      "vmiDeletionToSucceededSecondsP50": {
        "value": 0
      },
      "vmiDeletionToSucceededSecondsP95": {
        "value": 0
      },
      "vmiDeletionToSucceededSecondsP99": {
        "value": 0
      }
    }
  },
  "VMResult": {
    "Values": {
      "CREATE-controllerrevisions-count": {
        "value": 79.11973333333334
      },
      "CREATE-events-count": {
        "value": 774.4444444444445
      },
      "CREATE-pods-count": {
        "value": 111.11111111111111
      },
      "CREATE-virtualmachineinstances-count": {
        "value": 79.11973333333334
      },
      "DELETE-pods-count": {
        "value": 41.08455555555555
      },
      "GET-leases-count": {
        "value": 193.33333333333334
      },
      "LIST-configmaps-count": {
        "value": 1.1111111111111112
      },
      "LIST-nodes-count": {
        "value": 49.999074091220535
      },
      "LIST-virtualmachineclusterinstancetypes-count": {
        "value": 49.999074091220535
      },
      "LIST-virtualmachineclusterpreferences-count": {
        "value": 49.999074091220535
      },
      "PATCH-events-count": {
        "value": 41.08455555555555
      },
      "PATCH-nodes-count": {
        "value": 22.22222222222222
      },
      "PATCH-pods-count": {
        "value": 222.22222222222223
      },
      "PATCH-services-count": {
        "value": 199.99629636488214
      },
      "PATCH-validatingadmissionpolicies-count": {
        "value": 49.999074091220535
      },
      "PATCH-validatingadmissionpolicybindings-count": {
        "value": 49.999074091220535
      },
      "PATCH-virtualmachineinstances-count": {
        "value": 221.11111111111111,
        "thresholdResult": {
          "thresholdValue": 222.22222222222223,
          "thresholdMetric": "CREATE-pods-count",
          "thresholdRatio": 1.99,
          "thresholdExceeded": false
        }
      },
      "PATCH-virtualmachines-count": {
        "value": 79.11973333333334
      },
      "UPDATE-configmaps-count": {
        "value": 49.999074091220535
      },
      "UPDATE-leases-count": {
        "value": 297.77502062719003
      },
      "UPDATE-virtualmachineinstances-count": {
        "value": 832.2222222222223,
        "thresholdResult": {
          "thresholdValue": 1111.111111111111,
          "thresholdMetric": "CREATE-pods-count",
          "thresholdRatio": 7.49,
          "thresholdExceeded": false
        }
      },
      "UPDATE-virtualmachines-count": {
        "value": 982.9058000000001
      },
      "WATCH-cdiconfigs-count": {
        "value": 1.1111111111111112
      },
      "WATCH-cdis-count": {
        "value": 1.1111111111111112
      },
      "WATCH-clusterrolebindings-count": {
        "value": 1.1111111111111112
      },
      "WATCH-clusterroles-count": {
        "value": 2.2222016464715675
      },
      "WATCH-configmaps-count": {
        "value": 15.55549382830359
      },
      "WATCH-controllerrevisions-count": {
        "value": 1.1111111111111112
      },
      "WATCH-customresourcedefinitions-count": {
        "value": 11.111069959609802
      },
      "WATCH-daemonsets-count": {
        "value": 1.1110905353604563
      },
      "WATCH-datasources-count": {
        "value": 3.3333333333333335
      },
      "WATCH-datavolumes-count": {
        "value": 1.1111111111111112
      },
      "WATCH-deployments-count": {
        "value": 2.2222016464715675
      },
      "WATCH-jobs-count": {
        "value": 2.2222016464715675
      },
      "WATCH-kubevirts-count": {
        "value": 11.111090535360454
      },
      "WATCH-leases-count": {
        "value": 2.2222016464715675
      },
      "WATCH-mutatingwebhookconfigurations-count": {
        "value": 1.1111111111111112
      },
      "WATCH-namespaces-count": {
        "value": 3.3333333333333335
      },
      "WATCH-nodes-count": {
        "value": 4.444444444444445
      },
      "WATCH-persistentvolumeclaims-count": {
        "value": 1.1111111111111112
      },