{
  "JobDirCreationTime": "2025-09-17T05:36:53.391Z",
  "VMIResult": {
    "Values": {
      "CREATE-events-count": {
        "value": 114.34838709677419
      },
      "CREATE-pods-count": {
        "value": 101.94677419354838
      },
      "DELETE-jobs-count": {
        "value": 315.4952380952381
      },
      "DELETE-pods-count": {
        "value": 11.196016393442623
      },
      "GET-leases-count": {
        "value": 1191.647619047619
      },
      "GET-nodes-count": {
        "value": 80.65645161290323
      },
      "LIST-nodes-count": {
        "value": 315.4952380952381
      },
      "LIST-virtualmachineclusterinstancetypes-count": {
        "value": 315.4952380952381
      },
      "LIST-virtualmachineclusterpreferences-count": {
        "value": 315.4952380952381
      },
      "PATCH-nodes-count": {
        "value": 61.25806451612904
      },
      "PATCH-pods-count": {
        "value": 101.94677419354838
      },
      "PATCH-services-count": {
        "value": 1261.9809523809524
      },
      "UPDATE-configmaps-count": {
        "value": 315.4952380952381
      },
      "UPDATE-leases-count": {
        "value": 1894.9485407066054
      },
      "UPDATE-virtualmachineinstances-count": {
        "value": 318.9634032258064
      },
      "WATCH-clusterrolebindings-count": {
        "value": 9.042857142857143
      },
      "WATCH-clusterroles-count": {
        "value": 7.033333333333333
      },
      "WATCH-configmaps-count": {
        "value": 56.68801843317972
      },
      "WATCH-controllerrevisions-count": {
        "value": 5.10483870967742
      },
      "WATCH-customresourcedefinitions-count": {
        "value": 42.507910906298
      },
      "WATCH-daemonsets-count": {
        "value": 9.042857142857143
      },
      "WATCH-deployments-count": {
        "value": 9.042857142857143
      },
      "WATCH-ingresses-count": {
        "value": 4.083870967741936
      },
      "WATCH-jobs-count": {
        "value": 7.033333333333333
      },
      "WATCH-kubevirts-count": {
        "value": 35.47457757296467
      },
      "WATCH-leases-count": {
        "value": 9.042857142857143
      },
      "WATCH-migrationpolicies-count": {
        "value": 4.083870967741936
      },
      "WATCH-mutatingwebhookconfigurations-count": {
        "value": 8.038095238095238
      },
      "WATCH-namespaces-count": {
        "value": 19.220122887864825
      },
      "WATCH-nodes-count": {
        "value": 5.10483870967742
      },
      "WATCH-persistentvolumeclaims-count": {
        "value": 4.083870967741936
      },
      "WATCH-poddisruptionbudgets-count": {
        "value": 13.142933947772658
      },
      "WATCH-pods-count": {
        "value": 18.231566820276498
      },
      "WATCH-prometheusrules-count": {
        "value": 8.038095238095238
      },
      "WATCH-resourcequotas-count": {
        "value": 4.083870967741936
      },
      "WATCH-rolebindings-count": {
        "value": 8.038095238095238
      },
      "WATCH-roles-count": {
        "value": 9.042857142857143
      },
      "WATCH-routes-count": {
        "value": 12.105760368663594
      },
      "WATCH-secrets-count": {
        "value": 11.117204301075269
      },
      "WATCH-securitycontextconstraints-count": {
        "value": 7.033333333333333
      },
      "WATCH-serviceaccounts-count": {
        "value": 8.038095238095238
      },
      "WATCH-servicemonitors-count": {
        "value": 9.042857142857143
      },
      "WATCH-services-count": {
        "value": 12.121966205837174
      },
      "WATCH-storageclasses-count": {
        "value": 3.0629032258064517
      },
      "WATCH-validatingwebhookconfigurations-count": {
        "value": 8.038095238095238
      },
      "WATCH-virtualmachineclones-count": {
        "value": 5.10483870967742
      },
      "WATCH-virtualmachineclusterinstancetypes-count": {
        "value": 12.105760368663594
      },
      "WATCH-virtualmachineclusterpreferences-count": {
        "value": 13.126728110599078
      },
      "WATCH-virtualmachineexports-count": {
        "value": 4.083870967741936
      },
      "WATCH-virtualmachineinstancemigrations-count": {
        "value": 3.0629032258064517
      },
      "WATCH-virtualmachineinstancepresets-count": {
        "value": 8.086712749615975
      },
      "WATCH-virtualmachineinstancereplicasets-count": {
        "value": 4.083870967741936
      },
      "WATCH-virtualmachineinstances-count": {
        "value": 43.90161290322581
      },
      "WATCH-virtualmachineinstancetypes-count": {
        "value": 5.10483870967742
      },
      "WATCH-virtualmachinepools-count": {
        "value": 4.083870967741936
      },
      "WATCH-virtualmachinepreferences-count": {
        "value": 4.083870967741936
      },
      "WATCH-virtualmachinerestores-count": {
        "value": 11.165821812596006
      },
      "WATCH-virtualmachines-count": {
        "value": 4.083870967741936
      },
      "WATCH-virtualmachinesnapshotcontents-count": {
        "value": 4.083870967741936
      },
      "WATCH-virtualmachinesnapshots-count": {
        "value": 4.083870967741936
      },
      "WATCH-volumesnapshotclasses-count": {
        "value": 4.083870967741936
      },
      "WATCH-volumesnapshots-count": {
        "value": 3.0629032258064517
      },
      "avgVirtAPICPUUsage": {
        "value": 0.004301841207179126
      },
      "avgVirtAPIMemoryUsageInMB": {
        "value": 180.34156145368303
      },
      "avgVirtControllerCPUUsage": {
        "value": 0.008763647744444445
      },
      "avgVirtControllerMemoryUsageInMB": {
        "value": 333.7284226190477
      },
      "failed-phase-count": {
        "value": 16
      },
      "maxVirtAPIMemoryUsageInMB": {
        "value": 215.1259765625
      },
      "maxVirtControllerMemoryUsageInMB": {
        "value": 421.3125
      },
      "minVirtAPIMemoryUsageInMB": {
        "value": 170.689453125
      },
      "minVirtControllerMemoryUsageInMB": {
        "value": 280.6875
      },
      "vmiCreationToRunningSecondsP50": {
        "value": 0
      },
      "vmiCreationToRunningSecondsP95": {
        "value": 0
      },
      "vmiCreationToRunningSecondsP99": {
        "value": 0
      },
      "vmiDeletionToFailedSecondsP50": {
        "value": 0.25
      },
      "vmiDeletionToFailedSecondsP95": {
        "value": 0.475
      },
      "vmiDeletionToFailedSecondsP99": {
        "value": 0.495
      },
      "vmiDeletionToSucceededSecondsP50": {
        "value": 0
      },
      "vmiDeletionToSucceededSecondsP95": {
        "value": 0
      },
      "vmiDeletionToSucceededSecondsP99": {
        "value": 0
      }
    }
  },
  "VMResult": null
}
