{
  "JobDirCreationTime": "2025-06-05T05:48:35.219Z",
  "VMIResult": {
    "Values": {
      "CREATE-events-count": {
        "value": 131.70483870967743
      },
      "CREATE-pods-count": {
        "value": 101.855
      },
      "DELETE-pods-count": {
        "value": 36.60792786885246
      },
      "GET-leases-count": {
        "value": 1185.0356374807989
      },
      "GET-nodes-count": {
        "value": 136.11282642089094
      },
      "PATCH-events-count": {
        "value": 8.135095081967213
      },
      "PATCH-nodes-count": {
        "value": 56.88248847926267
      },
      "PATCH-pods-count": {
        "value": 204.71855
      },
      "UPDATE-leases-count": {
        "value": 1893.8951612903227
      },
      "UPDATE-virtualmachineinstances-count": {
        "value": 339.8557
      },
      "WATCH-clusterrolebindings-count": {
        "value": 8.167741935483871
      },
      "WATCH-clusterroles-count": {
        "value": 8.167741935483871
      },
      "WATCH-configmaps-count": {
        "value": 63.23517665130568
      },
      "WATCH-controllerrevisions-count": {
        "value": 5.10483870967742
      },
      "WATCH-customresourcedefinitions-count": {
        "value": 43.755760368663594
      },
      "WATCH-daemonsets-count": {
        "value": 8.167741935483871
      },
      "WATCH-deployments-count": {
        "value": 8.167741935483871
      },
      "WATCH-ingresses-count": {
        "value": 4.083870967741936
      },
      "WATCH-jobs-count": {
        "value": 10.20967741935484
      },
      "WATCH-kubevirts-count": {
        "value": 37.64615975422428
      },
      "WATCH-migrationpolicies-count": {
        "value": 4.083870967741936
      },
      "WATCH-mutatingwebhookconfigurations-count": {
        "value": 9.188709677419356
      },
      "WATCH-namespaces-count": {
        "value": 21.440322580645162
      },
      "WATCH-nodes-count": {
        "value": 5.10483870967742
      },
      "WATCH-persistentvolumeclaims-count": {
        "value": 4.083870967741936
      },
      "WATCH-poddisruptionbudgets-count": {
        "value": 12.251612903225807
      },
      "WATCH-pods-count": {
        "value": 17.35645161290323
      },
      "WATCH-prometheusrules-count": {
        "value": 9.188709677419356
      },
      "WATCH-resourcequotas-count": {
        "value": 5.10483870967742
      },
      "WATCH-rolebindings-count": {
        "value": 8.167741935483871
      },
      "WATCH-roles-count": {
        "value": 8.167741935483871
      },
      "WATCH-routes-count": {
        "value": 12.251612903225807
      },
      "WATCH-secrets-count": {
        "value": 11.230645161290322
      },
      "WATCH-securitycontextconstraints-count": {
        "value": 10.20967741935484
      },
      "WATCH-serviceaccounts-count": {
        "value": 8.167741935483871
      },
      "WATCH-servicemonitors-count": {
        "value": 8.167741935483871
      },
      "WATCH-services-count": {
        "value": 12.251612903225807
      },
      "WATCH-storageclasses-count": {
        "value": 4.083870967741936
      },
      "WATCH-validatingwebhookconfigurations-count": {
        "value": 8.167741935483871
      },
      "WATCH-virtualmachineclones-count": {
        "value": 3.0629032258064517
      },
      "WATCH-virtualmachineclusterinstancetypes-count": {
        "value": 11.230645161290322
      },
      "WATCH-virtualmachineclusterpreferences-count": {
        "value": 12.251612903225807
      },
      "WATCH-virtualmachineexports-count": {
        "value": 5.10483870967742
      },
      "WATCH-virtualmachineinstancemigrations-count": {
        "value": 4.083870967741936
      },
      "WATCH-virtualmachineinstancepresets-count": {
        "value": 9.188709677419356
      },
      "WATCH-virtualmachineinstancereplicasets-count": {
        "value": 4.083870967741936
      },
      "WATCH-virtualmachineinstances-count": {
        "value": 27.43648233486943
      },
      "WATCH-virtualmachineinstancetypes-count": {
        "value": 4.083870967741936
      },
      "WATCH-virtualmachinepools-count": {
        "value": 4.083870967741936
      },
      "WATCH-virtualmachinepreferences-count": {
        "value": 4.083870967741936
      },
      "WATCH-virtualmachinerestores-count": {
        "value": 12.251612903225807
      },
      "WATCH-virtualmachines-count": {
        "value": 4.083870967741936
      },
      "WATCH-virtualmachinesnapshotcontents-count": {
        "value": 4.083870967741936
      },
      "WATCH-virtualmachinesnapshots-count": {
        "value": 4.083870967741936
      },
      "WATCH-volumesnapshotclasses-count": {
        "value": 4.083870967741936
      },
      "WATCH-volumesnapshots-count": {
        "value": 3.0629032258064517
      },
      "avgVirtAPICPUUsage": {
        "value": 0.004232459966935484
      },
      "avgVirtAPIMemoryUsageInMB": {
        "value": 179.88141741071433
      },
      "avgVirtControllerCPUUsage": {
        "value": 0.007051035849462366
      },
      "avgVirtControllerMemoryUsageInMB": {
        "value": 250.72011408730162
      },
      "failed-phase-count": {
        "value": 2
      },
      "maxVirtAPIMemoryUsageInMB": {
        "value": 212.609375
      },
      "maxVirtControllerMemoryUsageInMB": {
        "value": 286.875
      },
      "minVirtAPIMemoryUsageInMB": {
        "value": 167.931640625
      },
      "minVirtControllerMemoryUsageInMB": {
        "value": 202.546875
      },
      "vmiCreationToRunningSecondsP50": {
        "value": 0
      },
      "vmiCreationToRunningSecondsP95": {
        "value": 0
      },
      "vmiCreationToRunningSecondsP99": {
        "value": 0
      },
      "vmiDeletionToFailedSecondsP50": {
        "value": 0.29411764705882354
      },
      "vmiDeletionToFailedSecondsP95": {
        "value": 0.8333333333333331
      },
      "vmiDeletionToFailedSecondsP99": {
        "value": 0.9666666666666663
      },
      "vmiDeletionToSucceededSecondsP50": {
        "value": 0
      },
      "vmiDeletionToSucceededSecondsP95": {
        "value": 0
      },
      "vmiDeletionToSucceededSecondsP99": {
        "value": 0
      }
    }
  },
  "VMResult": null
}
