{
  "JobDirCreationTime": "2025-01-28T05:09:18.767Z",
  "VMIResult": {
    "Values": {
      "CREATE-events-count": {
        "value": 785.277212962963
      },
      "CREATE-pods-count": {
        "value": 118.30533333333332
      },
      "DELETE-pods-count": {
        "value": 122.63166666666667
      },
      "GET-leases-count": {
        "value": 183.33333333333334
      },
      "GET-nodes-count": {
        "value": 17.77777777777778
      },
      "PATCH-events-count": {
        "value": 54.59108333333333
      },
      "PATCH-nodes-count": {
        "value": 6.666666666666667
      },
      "PATCH-pods-count": {
        "value": 358.43516
      },
      "PATCH-virtualmachineinstances-count": {
        "value": 245.26333333333335
      },
      "UPDATE-leases-count": {
        "value": 298.8888888888889
      },
      "UPDATE-virtualmachineinstances-count": {
        "value": 985.3814533333332
      },
      "WATCH-clusterrolebindings-count": {
        "value": 1.1111111111111112
      },
      "WATCH-clusterroles-count": {
        "value": 2.2222222222222223
      },
      "WATCH-configmaps-count": {
        "value": 13.333333333333334
      },
      "WATCH-customresourcedefinitions-count": {
        "value": 11.11111111111111
      },
      "WATCH-daemonsets-count": {
        "value": 2.2222222222222223
      },
      "WATCH-deployments-count": {
        "value": 2.2222222222222223
      },
      "WATCH-jobs-count": {
        "value": 2.2222222222222223
      },
      "WATCH-kubevirts-count": {
        "value": 8.888888888888888
      },
      "WATCH-mutatingwebhookconfigurations-count": {
        "value": 2.2222222222222223
      },
      "WATCH-namespaces-count": {
        "value": 3.3333333333333335
      },
      "WATCH-poddisruptionbudgets-count": {
        "value": 2.2222222222222223
      },
      "WATCH-pods-count": {
        "value": 2.2222222222222223
      },
      "WATCH-prometheusrules-count": {
        "value": 2.2222222222222223
      },
      "WATCH-resourcequotas-count": {
        "value": 1.1111111111111112
      },
      "WATCH-rolebindings-count": {
        "value": 2.2222222222222223
      },
      "WATCH-roles-count": {
        "value": 1.1111111111111112
      },
      "WATCH-routes-count": {
        "value": 3.3333333333333335
      },
      "WATCH-secrets-count": {
        "value": 2.2222222222222223
      },
      "WATCH-securitycontextconstraints-count": {
        "value": 2.2222222222222223
      },
      "WATCH-serviceaccounts-count": {
        "value": 1.1111111111111112
      },
      "WATCH-servicemonitors-count": {
        "value": 2.2222222222222223
      },
      "WATCH-services-count": {
        "value": 2.2222222222222223
      },
      "WATCH-storageclasses-count": {
        "value": 1.1111111111111112
      },
      "WATCH-validatingwebhookconfigurations-count": {
        "value": 2.2222222222222223
      },
      "WATCH-virtualmachineclones-count": {
        "value": 1.1111111111111112
      },
      "WATCH-virtualmachineclusterinstancetypes-count": {
        "value": 2.2222222222222223
      },
      "WATCH-virtualmachineclusterpreferences-count": {
        "value": 2.2222222222222223
      },
      "WATCH-virtualmachineexports-count": {
        "value": 1.1111111111111112
      },
      "WATCH-virtualmachineinstancemigrations-count": {
        "value": 1.1111111111111112
      },
      "WATCH-virtualmachineinstancepresets-count": {
        "value": 2.2222222222222223
      },
      "WATCH-virtualmachineinstances-count": {
        "value": 5.555555555555555
      },
      "WATCH-virtualmachinepreferences-count": {
        "value": 1.1111111111111112
      },
      "WATCH-virtualmachinerestores-count": {
        "value": 3.3333333333333335
      },
      "WATCH-virtualmachines-count": {
        "value": 1.1111111111111112
      },
      "WATCH-virtualmachinesnapshotcontents-count": {
        "value": 1.1111111111111112
      },
      "WATCH-virtualmachinesnapshots-count": {
        "value": 1.1111111111111112
      },
      "WATCH-volumesnapshots-count": {
        "value": 1.1111111111111112
      },
      "avgVirtAPICPUUsage": {
        "value": 0.02556388585925926
      },
      "avgVirtAPIMemoryUsageInMB": {
        "value": 166.761328125
      },
      "avgVirtControllerCPUUsage": {
        "value": 0.03530249579259259
      },
      "avgVirtControllerMemoryUsageInMB": {
        "value": 102.658984375
      },
      "avgVirtHandlerMemoryUsageInMB": {
        "value": 30.691445761872192
      },
      "maxVirtAPIMemoryUsageInMB": {
        "value": 187.595703125
      },
      "maxVirtControllerMemoryUsageInMB": {
        "value": 129.95703125
      },
      "maxVirtHandlerMemoryUsageInMB": {
        "value": 49.14518229166666
      },
      "minVirtAPIMemoryUsageInMB": {
        "value": 150.61328125
      },
      "minVirtControllerMemoryUsageInMB": {
        "value": 83.609375
      },
      "minVirtHandlerMemoryUsageInMB": {
        "value": 20.016749937526306
      },
      "vmiCreationToRunningSecondsP50": {
        "value": 45.25627787755116
      },
      "vmiCreationToRunningSecondsP95": {
        "value": 57.59947251622939
      },
      "vmiCreationToRunningSecondsP99": {
        "value": 59.51989450324588
      },
      "vmiDeletionToFailedSecondsP50": {
        "value": 0
      },
      "vmiDeletionToFailedSecondsP95": {
        "value": 0
      },
      "vmiDeletionToFailedSecondsP99": {
        "value": 0
      },
      "vmiDeletionToSucceededSecondsP50": {
        "value": 0.6617705325492985
      },
      "vmiDeletionToSucceededSecondsP95": {
        "value": 1.5088922840817331
      },
      "vmiDeletionToSucceededSecondsP99": {
        "value": 7.754446142040873
      }
    }
  },
  "VMResult": null
}
