{
  "JobDirCreationTime": "2026-06-06T22:07:23.581Z",
  "VMIResult": {
    "Values": {
      "CREATE-events-count": {
        "value": 15463.145982608698
      },
      "CREATE-pods-count": {
        "value": 8064.179130434783
      },
      "DELETE-pods-count": {
        "value": 6044.21424
      },
      "GET-leases-count": {
        "value": 2182.0533333333333
      },
      "GET-mutatingwebhookconfigurations-count": {
        "value": 579.3240579710146
      },
      "LIST-virtualmachineclusterinstancetypes-count": {
        "value": 579.3240579710146
      },
      "LIST-virtualmachineclusterpreferences-count": {
        "value": 579.3240579710146
      },
      "PATCH-nodes-count": {
        "value": 54.50086956521739
      },
      "PATCH-pods-count": {
        "value": 17475.07068778761
      },
      "PATCH-services-count": {
        "value": 2317.296231884058
      },
      "PATCH-validatingadmissionpolicies-count": {
        "value": 579.3240579710146
      },
      "PATCH-validatingadmissionpolicybindings-count": {
        "value": 579.3240579710146
      },
      "PATCH-virtualmachineinstances-count": {
        "value": 12835.624600000001,
        "thresholdResult": {
          "thresholdValue": 16128.358260869565,
          "thresholdMetric": "CREATE-pods-count",
          "thresholdRatio": 1.5916839634126487,
          "thresholdExceeded": false
        }
      },
      "UPDATE-configmaps-count": {
        "value": 579.3240579710146
      },
      "UPDATE-leases-count": {
        "value": 3473.9257971014495
      },
      "UPDATE-virtualmachineinstances-count": {
        "value": 26929.015679853375,
        "thresholdResult": {
          "thresholdValue": 80641.79130434783,
          "thresholdMetric": "CREATE-pods-count",
          "thresholdRatio": 3.3393374879560107,
          "thresholdExceeded": false
        }
      },
      "WATCH-cdiconfigs-count": {
        "value": 7.064927536231885
      },
      "WATCH-cdis-count": {
        "value": 8.074202898550725
      },
      "WATCH-clusterrolebindings-count": {
        "value": 17.157681159420292
      },
      "WATCH-clusterroles-count": {
        "value": 15.13913043478261
      },
      "WATCH-configmaps-count": {
        "value": 112.02956521739131
      },
      "WATCH-controllerrevisions-count": {
        "value": 8.074202898550725
      },
      "WATCH-customresourcedefinitions-count": {
        "value": 68.63072463768117
      },
      "WATCH-daemonsets-count": {
        "value": 16.14840579710145
      },
      "WATCH-datasources-count": {
        "value": 23.213333333333335
      },
      "WATCH-datavolumes-count": {
        "value": 7.064927536231885
      },
      "WATCH-deployments-count": {
        "value": 15.13913043478261
      },
      "WATCH-ingresses-count": {
        "value": 8.074202898550725
      },
      "WATCH-jobs-count": {
        "value": 17.157681159420292
      },
      "WATCH-kubevirts-count": {
        "value": 55.51014492753623
      },
      "WATCH-leases-count": {
        "value": 16.14840579710145
      },
      "WATCH-migrationpolicies-count": {
        "value": 7.064927536231885
      },
      "WATCH-mutatingwebhookconfigurations-count": {
        "value": 16.14840579710145
      },
      "WATCH-namespaces-count": {
        "value": 40.37101449275362
      },
      "WATCH-nodes-count": {
        "value": 16.14840579710145
      },
      "WATCH-persistentvolumeclaims-count": {
        "value": 8.074202898550725
      },
      "WATCH-poddisruptionbudgets-count": {
        "value": 21.194782608695654
      },
      "WATCH-pods-count": {
        "value": 28.25971014492754
      },
      "WATCH-prometheusrules-count": {
        "value": 15.13913043478261
      },
      "WATCH-resourcequotas-count": {
        "value": 7.064927536231885
      },
      "WATCH-rolebindings-count": {
        "value": 16.14840579710145
      },
      "WATCH-roles-count": {
        "value": 13.120579710144929
      },
      "WATCH-secrets-count": {
        "value": 23.213333333333335
      },
      "WATCH-serviceaccounts-count": {
        "value": 14.12985507246377
      },
      "WATCH-servicemonitors-count": {
        "value": 16.14840579710145
      },
      "WATCH-services-count": {
        "value": 23.213333333333335
      },
      "WATCH-storageclasses-count": {
        "value": 8.074202898550725
      },
      "WATCH-storageprofiles-count": {
        "value": 7.064927536231885
      },
      "WATCH-validatingadmissionpolicies-count": {
        "value": 15.13913043478261
      },
      "WATCH-validatingadmissionpolicybindings-count": {
        "value": 15.13913043478261
      },
      "WATCH-validatingwebhookconfigurations-count": {
        "value": 15.13913043478261
      },
      "WATCH-virtualmachinebackups-count": {
        "value": 20.185507246376815
      },
      "WATCH-virtualmachinebackuptrackers-count": {
        "value": 16.14840579710145
      },
      "WATCH-virtualmachineclones-count": {
        "value": 8.074202898550725
      },
      "WATCH-virtualmachineclusterinstancetypes-count": {
        "value": 24.222608695652177
      },
      "WATCH-virtualmachineclusterpreferences-count": {
        "value": 23.213333333333335
      },
      "WATCH-virtualmachineexports-count": {
        "value": 7.064927536231885
      },
      "WATCH-virtualmachineinstancemigrations-count": {
        "value": 8.074202898550725
      },
      "WATCH-virtualmachineinstancepresets-count": {
        "value": 15.13913043478261
      },
      "WATCH-virtualmachineinstancereplicasets-count": {
        "value": 8.074202898550725
      },
      "WATCH-virtualmachineinstances-count": {
        "value": 30.278260869565216
      },
      "WATCH-virtualmachineinstancetypes-count": {
        "value": 8.074202898550725
      },
      "WATCH-virtualmachinepools-count": {
        "value": 8.074202898550725
      },
      "WATCH-virtualmachinepreferences-count": {
        "value": 7.064927536231885
      },
      "WATCH-virtualmachinerestores-count": {
        "value": 22.204057971014493
      },
      "WATCH-virtualmachines-count": {
        "value": 9.083478260869565
      },
      "WATCH-virtualmachinesnapshotcontents-count": {
        "value": 8.074202898550725
      },
      "WATCH-virtualmachinesnapshots-count": {
        "value": 7.064927536231885
      },
      "avgVirtAPICPUUsage": {
        "value": 0.029162280434782605
      },
      "avgVirtAPIMemoryUsageInMB": {
        "value": 173.3370319234914
      },
      "avgVirtControllerCPUUsage": {
        "value": 0.26276989304347825
      },
      "avgVirtControllerMemoryUsageInMB": {
        "value": 1255.765523976293
      },
      "maxVirtAPIMemoryUsageInMB": {
        "value": 179.89453125
      },
      "maxVirtControllerMemoryUsageInMB": {
        "value": 2015.87890625
      },
      "minVirtAPIMemoryUsageInMB": {
        "value": 145.15625
      },
      "minVirtControllerMemoryUsageInMB": {
        "value": 460.18359375
      },
      "virtControllerWorkqueueAddRate": {
        "value": 231.73333333333332
      },
      "virtControllerWorkqueueDepth": {
        "value": 0.07033861748620233
      },
      "virtControllerWorkqueueP99Latency": {
        "value": 0.7603526322370935
      },
      "vmiCreationToRunningSecondsP50": {
        "value": 0.5240341262243478,
        "thresholdResult": {
          "thresholdValue": 45,
          "thresholdExceeded": false
        }
      },
      "vmiCreationToRunningSecondsP95": {
        "value": 0.9758973885260491,
        "thresholdResult": {
          "thresholdValue": 60,
          "thresholdExceeded": false
        }
      },
      "vmiCreationToRunningSecondsP99": {
        "value": 1.6153369151688088
      },
      "vmiDeletionToFailedSecondsP50": {
        "value": 0
      },
      "vmiDeletionToFailedSecondsP95": {
        "value": 0
      },
      "vmiDeletionToFailedSecondsP99": {
        "value": 0
      },