{
  "JobDirCreationTime": "2025-10-31T00:29:54.198Z",
  "VMIResult": {
    "Values": {
      "CREATE-events-count": {
        "value": 138.80733333333333
      },
      "CREATE-pods-count": {
        "value": 124.06083333333333
      },
      "GET-leases-count": {
        "value": 191.10580276404397
      },
      "GET-nodes-count": {
        "value": 17.77777777777778
      },
      "LIST-nodes-count": {
        "value": 48.88888888888889
      },
      "LIST-virtualmachineclusterinstancetypes-count": {
        "value": 48.88888888888889
      },
      "LIST-virtualmachineclusterpreferences-count": {
        "value": 48.88888888888889
      },
      "PATCH-nodes-count": {
        "value": 15.555555555555557
      },
      "PATCH-pods-count": {
        "value": 192.9749
      },
      "PATCH-services-count": {
        "value": 200
      },
      "PATCH-validatingadmissionpolicies-count": {
        "value": 48.88888888888889
      },
      "PATCH-validatingadmissionpolicybindings-count": {
        "value": 50
      },
      "UPDATE-configmaps-count": {
        "value": 48.88888888888889
      },
      "UPDATE-leases-count": {
        "value": 300
      },
      "UPDATE-virtualmachineinstances-count": {
        "value": 477.05585833333333,
        "thresholdResult": {
          "thresholdValue": 1240.6083333333333,
          "thresholdMetric": "CREATE-pods-count",
          "thresholdRatio": 3.845338174148435,
          "thresholdExceeded": false
        }
      },
      "WATCH-clusterrolebindings-count": {
        "value": 1.1111111111111112
      },
      "WATCH-clusterroles-count": {
        "value": 1.1111111111111112
      },
      "WATCH-configmaps-count": {
        "value": 1.1111111111111112
      },
      "WATCH-customresourcedefinitions-count": {
        "value": 1.1111111111111112
      },
      "WATCH-daemonsets-count": {
        "value": 1.1111111111111112
      },
      "WATCH-datasources-count": {
        "value": 1.1111111111111112
      },
      "WATCH-ingresses-count": {
        "value": 1.1111111111111112
      },
      "WATCH-kubevirts-count": {
        "value": 1.1111111111111112
      },
      "WATCH-leases-count": {
        "value": 1.1111111111111112
      },
      "WATCH-migrationpolicies-count": {
        "value": 1.1111111111111112
      },
      "WATCH-mutatingwebhookconfigurations-count": {
        "value": 2.2222222222222223
      },
      "WATCH-poddisruptionbudgets-count": {
        "value": 3.3333333333333335
      },
      "WATCH-prometheusrules-count": {
        "value": 1.1111111111111112
      },
      "WATCH-secrets-count": {
        "value": 1.1111111111111112
      },
      "WATCH-servicemonitors-count": {
        "value": 1.1111111111111112
      },
      "WATCH-services-count": {
        "value": 1.1111111111111112
      },
      "WATCH-validatingadmissionpolicies-count": {
        "value": 1.1111111111111112
      },
      "WATCH-validatingadmissionpolicybindings-count": {
        "value": 1.1111111111111112
      },
      "WATCH-virtualmachineclones-count": {
        "value": 1.1111111111111112
      },
      "WATCH-virtualmachineinstancereplicasets-count": {
        "value": 1.1111111111111112
      },
      "WATCH-virtualmachineinstances-count": {
        "value": 2.2222222222222223
      },
      "avgVirtAPICPUUsage": {
        "value": 0.010815135185185187
      },
      "avgVirtAPIMemoryUsageInMB": {
        "value": 136.16660156249998
      },
      "avgVirtControllerCPUUsage": {
        "value": 0.030693251851851858
      },
      "avgVirtControllerMemoryUsageInMB": {
        "value": 62.407812500000006
      },
      "avgVirtHandlerCPUUsage": {
        "value": 0.0010344969347114983
      },
      "avgVirtHandlerMemoryUsageInMB": {
        "value": 10.18783736590793
      },
      "maxVirtAPIMemoryUsageInMB": {
        "value": 162.537109375
      },
      "maxVirtControllerMemoryUsageInMB": {
        "value": 86.140625
      },
      "maxVirtHandlerCPUUsage": {
        "value": 0.0011105584045584048
      },
      "maxVirtHandlerMemoryUsageInMB": {
        "value": 26.163631876361656
      },
      "minVirtAPIMemoryUsageInMB": {
        "value": 122.515625
      },
      "minVirtControllerMemoryUsageInMB": {
        "value": 54.01171875
      },
      "minVirtHandlerCPUUsage": {
        "value": 0.0009444723027375201
      },
      "minVirtHandlerMemoryUsageInMB": {
        "value": 4.424427083333333
      },
      "running-phase-count": {
        "value": 101
      },
      "vmiCreationToRunningSecondsP50": {
        "value": 0,
        "thresholdResult": {
          "thresholdValue": 45,
          "thresholdExceeded": false
        }
      },
      "vmiCreationToRunningSecondsP95": {
        "value": 0,
        "thresholdResult": {
          "thresholdValue": 60,
          "thresholdExceeded": false
        }
      },
      "vmiCreationToRunningSecondsP99": {
        "value": 0
      },
      "vmiDeletionToFailedSecondsP50": {
        "value": 0
      },
      "vmiDeletionToFailedSecondsP95": {
        "value": 0
      },
      "vmiDeletionToFailedSecondsP99": {
        "value": 0
      },
      "vmiDeletionToSucceededSecondsP50": {
        "value": 0
      },
      "vmiDeletionToSucceededSecondsP95": {
        "value": 0
      },
      "vmiDeletionToSucceededSecondsP99": {
        "value": 0
      }
    }
  },
  "VMResult": null
}
