{
  "JobDirCreationTime": "2026-05-13T00:52:41.785Z",
  "VMIResult": {
    "Values": {
      "CREATE-deployments-count": {
        "value": 2.156766666666667
      },
      "CREATE-events-count": {
        "value": 123.49867762303207
      },
      "CREATE-poddisruptionbudgets-count": {
        "value": 2.156766666666667
      },
      "CREATE-pods-count": {
        "value": 104.32827786203562
      },
      "GET-leases-count": {
        "value": 142.44752
      },
      "GET-mutatingwebhookconfigurations-count": {
        "value": 44.21371666666667
      },
      "LIST-nodes-count": {
        "value": 43.65121666666668
      },
      "LIST-virtualmachineclusterinstancetypes-count": {
        "value": 29.444733333333332
      },
      "LIST-virtualmachineclusterpreferences-count": {
        "value": 29.444733333333332
      },
      "PATCH-nodes-count": {
        "value": 16.938157434137914
      },
      "PATCH-pods-count": {
        "value": 209.72312128131196
      },
      "PATCH-services-count": {
        "value": 170.60486666666665
      },
      "PATCH-validatingadmissionpolicies-count": {
        "value": 42.65121666666666
      },
      "PATCH-validatingadmissionpolicybindings-count": {
        "value": 42.65121666666666
      },
      "PATCH-virtualmachineinstances-count": {
        "value": 105.43767916268527,
        "thresholdResult": {
          "thresholdValue": 208.65655572407124,
          "thresholdMetric": "CREATE-pods-count",
          "thresholdRatio": 1.010633754561891,
          "thresholdExceeded": false
        }
      },
      "UPDATE-configmaps-count": {
        "value": 43.65121666666668
      },
      "UPDATE-kubevirts-count": {
        "value": 2.156766666666667
      },
      "UPDATE-leases-count": {
        "value": 227.82459447802432
      },
      "UPDATE-virtualmachineinstances-count": {
        "value": 457.2997791139333,
        "thresholdResult": {
          "thresholdValue": 1043.282778620356,
          "thresholdMetric": "CREATE-pods-count",
          "thresholdRatio": 4.383277367222235,
          "thresholdExceeded": false
        }
      },
      "avgVirtAPICPUUsage": {
        "value": 0.01006174860154762
      },
      "avgVirtAPIMemoryUsageInMB": {
        "value": 153.383544921875
      },
      "avgVirtControllerCPUUsage": {
        "value": 0.027103315112314813
      },
      "avgVirtControllerMemoryUsageInMB": {
        "value": 63.06082589285714
      },
      "avgVirtHandlerCPUUsage": {
        "value": 0.0009349753188321157
      },
      "avgVirtHandlerMemoryUsageInMB": {
        "value": 26.367847842261906
      },
      "maxVirtAPIMemoryUsageInMB": {
        "value": 172.029296875
      },
      "maxVirtControllerMemoryUsageInMB": {
        "value": 89.16796875
      },
      "maxVirtHandlerCPUUsage": {
        "value": 0.0009707480275946504
      },
      "maxVirtHandlerMemoryUsageInMB": {
        "value": 34.298177083333336
      },
      "minVirtAPIMemoryUsageInMB": {
        "value": 140.4296875
      },
      "minVirtControllerMemoryUsageInMB": {
        "value": 51.03515625
      },
      "minVirtHandlerCPUUsage": {
        "value": 0.0008856377535042735
      },
      "minVirtHandlerMemoryUsageInMB": {
        "value": 20.629464285714285
      },
      "none-none-count": {
        "value": 1.1055219756817518
      },
      "running-phase-count": {
        "value": 101
      },
      "virtControllerWorkqueueAddRate": {
        "value": 15.530316380952382
      },
      "virtControllerWorkqueueDepth": {
        "value": 0
      },
      "virtControllerWorkqueueP99Latency": {
        "value": 0.06756117366531583
      },
      "vmiCreationToRunningSecondsP50": {
        "value": 16.91892516952442,
        "thresholdResult": {
          "thresholdValue": 45,
          "thresholdExceeded": false
        }
      },
      "vmiCreationToRunningSecondsP95": {
        "value": 28.197187342318518,
        "thresholdResult": {
          "thresholdValue": 60,
          "thresholdExceeded": false
        }
      },
      "vmiCreationToRunningSecondsP99": {
        "value": 29.6394374684637
      },
      "vmiDeletionToFailedSecondsP50": {
        "value": 0
      },
      "vmiDeletionToFailedSecondsP95": {
        "value": 0
      },
      "vmiDeletionToFailedSecondsP99": {
        "value": 0
      },
      "vmiDeletionToSucceededSecondsP50": {
        "value": 0
      },
      "vmiDeletionToSucceededSecondsP95": {
        "value": 0
      },
      "vmiDeletionToSucceededSecondsP99": {
        "value": 0
      }
    }
  },
  "VMResult": {
    "Values": {
      "CREATE-controllerrevisions-count": {
        "value": 114.542
      },
      "CREATE-events-count": {
        "value": 847.7777777777778
      },
      "CREATE-pods-count": {
        "value": 111.11111111111111
      },
      "CREATE-virtualmachineinstances-count": {
        "value": 114.542
      },
      "DELETE-pods-count": {
        "value": 115.9679888888889
      },
      "GET-leases-count": {
        "value": 183.33333333333331
      },
      "GET-mutatingwebhookconfigurations-count": {
        "value": 50
      },
      "LIST-configmaps-count": {
        "value": 1.1111111111111112
      },
      "LIST-nodes-count": {
        "value": 50
      },
      "LIST-virtualmachineclusterinstancetypes-count": {
        "value": 50
      },
      "LIST-virtualmachineclusterpreferences-count": {
        "value": 50
      },
      "PATCH-events-count": {
        "value": 117.271
      },
      "PATCH-nodes-count": {
        "value": 23.333333333333336
      },
      "PATCH-pods-count": {
        "value": 222.22222222222223
      },
      "PATCH-services-count": {
        "value": 200
      },
      "PATCH-validatingadmissionpolicies-count": {
        "value": 50
      },
      "PATCH-validatingadmissionpolicybindings-count": {
        "value": 50
      },
      "PATCH-virtualmachineinstances-count": {
        "value": 217.7777777777778,
        "thresholdResult": {
          "thresholdValue": 222.22222222222223,
          "thresholdMetric": "CREATE-pods-count",
          "thresholdRatio": 1.9600000000000002,
          "thresholdExceeded": false
        }
      },
      "PATCH-virtualmachines-count": {
        "value": 114.542
      },
      "UPDATE-configmaps-count": {
        "value": 50
      },
      "UPDATE-leases-count": {
        "value": 298.8888888888889
      },
      "UPDATE-virtualmachineinstances-count": {
        "value": 952.2222222222223,
        "thresholdResult": {
          "thresholdValue": 1111.111111111111,
          "thresholdMetric": "CREATE-pods-count",
          "thresholdRatio": 8.57,
          "thresholdExceeded": false
        }
      },
      "UPDATE-virtualmachines-count": {
        "value": 1263.9136666666668
      },
      "WATCH-cdiconfigs-count": {
        "value": 1.1111111111111112
      },
      "WATCH-cdis-count": {
        "value": 1.1111111111111112
      },
      "WATCH-clusterrolebindings-count": {
        "value": 2.2222222222222223
      },
      "WATCH-configmaps-count": {
        "value": 13.333333333333334
      },
      "WATCH-controllerrevisions-count": {
        "value": 1.1111111111111112
      },
      "WATCH-customresourcedefinitions-count": {
        "value": 4.444444444444445
      },
      "WATCH-daemonsets-count": {
        "value": 1.1111111111111112
      },
      "WATCH-datasources-count": {
        "value": 3.3333333333333335
      },
      "WATCH-datavolumes-count": {
        "value": 1.1111111111111112
      },
      "WATCH-ingresses-count": {
        "value": 1.1111111111111112
      },
      "WATCH-kubevirts-count": {
        "value": 8.888888888888888
      },
      "WATCH-leases-count": {
        "value": 2.2222222222222223
      },
      "WATCH-migrationpolicies-count": {
        "value": 1.1111111111111112
      },
      "WATCH-namespaces-count": {
        "value": 2.2222222222222223
      },
      "WATCH-nodes-count": {
        "value": 2.2222222222222223
      },