{
  "JobDirCreationTime": "2025-05-17T00:19:11.902Z",
  "VMIResult": {
    "Values": {
      "CREATE-events-count": {
        "value": 193.37440220568277
      },
      "CREATE-pods-count": {
        "value": 108.24065231702542
      },
      "CREATE-virtualmachineclusterinstancetypes-count": {
        "value": 1.1450500000000001
      },
      "GET-leases-count": {
        "value": 152.72896629179854
      },
      "GET-nodes-count": {
        "value": 38.18998253968254
      },
      "LIST-nodes-count": {
        "value": 6.74597142857143
      },
      "LIST-virtualmachineclusterinstancetypes-count": {
        "value": 5.621642857142858
      },
      "LIST-virtualmachineclusterpreferences-count": {
        "value": 5.621642857142858
      },
      "PATCH-nodes-count": {
        "value": 9.266401587301587
      },
      "PATCH-pods-count": {
        "value": 359.03896569252436
      },
      "PATCH-services-count": {
        "value": 26.98388571428572
      },
      "PATCH-validatingadmissionpolicies-count": {
        "value": 6.74597142857143
      },
      "PATCH-validatingadmissionpolicybindings-count": {
        "value": 6.74597142857143
      },
      "PATCH-virtualmachineinstances-count": {
        "value": 110.65412264035643,
        "thresholdResult": {
          "thresholdValue": 216.48130463405084,
          "thresholdMetric": "CREATE-pods-count",
          "thresholdRatio": 1.0222972632894174,
          "thresholdExceeded": false
        }
      },
      "UPDATE-kubevirts-count": {
        "value": 1.1243285714285716
      },
      "UPDATE-leases-count": {
        "value": 233.78613376577613
      },
      "UPDATE-virtualmachineinstances-count": {
        "value": 682.683017601435,
        "thresholdResult": {
          "thresholdValue": 1082.4065231702543,
          "thresholdMetric": "CREATE-pods-count",
          "thresholdRatio": 6.307085212327885,
          "thresholdExceeded": false
        }
      },
      "avgVirtAPICPUUsage": {
        "value": 0.010468930201999998
      },
      "avgVirtAPIMemoryUsageInMB": {
        "value": 126.6935546875
      },
      "avgVirtControllerCPUUsage": {
        "value": 0.026322887225904763
      },
      "avgVirtControllerMemoryUsageInMB": {
        "value": 57.28559027777778
      },
      "avgVirtHandlerCPUUsage": {
        "value": 0.0007571278564009139
      },
      "avgVirtHandlerMemoryUsageInMB": {
        "value": 12.79449013071945
      },
      "maxVirtAPIMemoryUsageInMB": {
        "value": 158.916015625
      },
      "maxVirtControllerMemoryUsageInMB": {
        "value": 84.58203125
      },
      "maxVirtHandlerCPUUsage": {
        "value": 0.0007714175863227391
      },
      "maxVirtHandlerMemoryUsageInMB": {
        "value": 33.43915387426901
      },
      "minVirtAPIMemoryUsageInMB": {
        "value": 0
      },
      "minVirtControllerMemoryUsageInMB": {
        "value": 0
      },
      "minVirtHandlerCPUUsage": {
        "value": 0.0007385962111469979
      },
      "minVirtHandlerMemoryUsageInMB": {
        "value": 3.8019444444444446
      },
      "none-none-count": {
        "value": 2.271518456539056
      },
      "running-phase-count": {
        "value": 101
      },
      "vmiCreationToRunningSecondsP50": {
        "value": 25.527129988756855,
        "thresholdResult": {
          "thresholdValue": 45,
          "thresholdExceeded": false
        }
      },
      "vmiCreationToRunningSecondsP95": {
        "value": 37.98176083167835,
        "thresholdResult": {
          "thresholdValue": 60,
          "thresholdExceeded": false
        }
      },
      "vmiCreationToRunningSecondsP99": {
        "value": 39.59635216633567
      },
      "vmiDeletionToFailedSecondsP50": {
        "value": 0
      },
      "vmiDeletionToFailedSecondsP95": {
        "value": 0
      },
      "vmiDeletionToFailedSecondsP99": {
        "value": 0
      },
      "vmiDeletionToSucceededSecondsP50": {
        "value": 0
      },
      "vmiDeletionToSucceededSecondsP95": {
        "value": 0
      },
      "vmiDeletionToSucceededSecondsP99": {
        "value": 0
      }
    }
  },
  "VMResult": {
    "Values": {
      "CREATE-events-count": {
        "value": 868.8829430041737
      },
      "CREATE-pods-count": {
        "value": 111.1082305273567
      },
      "GET-leases-count": {
        "value": 184.44444444444446
      },
      "GET-nodes-count": {
        "value": 26.66704118053811
      },
      "PATCH-nodes-count": {
        "value": 11.111271617056017
      },
      "PATCH-pods-count": {
        "value": 329.99144466624944
      },
      "PATCH-virtualmachineinstances-count": {
        "value": 121.10797127481881,
        "thresholdResult": {
          "thresholdValue": 222.2164610547134,
          "thresholdMetric": "CREATE-pods-count",
          "thresholdRatio": 1.09,
          "thresholdExceeded": false
        }
      },
      "UPDATE-leases-count": {
        "value": 299.9961112119315
      },
      "UPDATE-virtualmachineinstances-count": {
        "value": 882.2102186250117,
        "thresholdResult": {
          "thresholdValue": 1111.082305273567,
          "thresholdMetric": "CREATE-pods-count",
          "thresholdRatio": 7.9400978166761185,
          "thresholdExceeded": false
        }
      },
      "WATCH-cdiconfigs-count": {
        "value": 1.111082305273567
      },
      "WATCH-cdis-count": {
        "value": 1.111082305273567
      },
      "WATCH-clusterrolebindings-count": {
        "value": 1.1111111111111112
      },
      "WATCH-clusterroles-count": {
        "value": 2.2222222222222223
      },
      "WATCH-configmaps-count": {
        "value": 10.000024696144092
      },
      "WATCH-customresourcedefinitions-count": {
        "value": 11.111135807255202
      },
      "WATCH-datasources-count": {
        "value": 3.3333045274957893
      },
      "WATCH-datavolumes-count": {
        "value": 1.111082305273567
      },
      "WATCH-deployments-count": {
        "value": 1.1111111111111112
      },
      "WATCH-jobs-count": {
        "value": 2.2222222222222223
      },
      "WATCH-kubevirts-count": {
        "value": 8.88891358503298
      },
      "WATCH-migrationpolicies-count": {
        "value": 1.111082305273567
      },
      "WATCH-mutatingwebhookconfigurations-count": {
        "value": 1.1111111111111112
      },
      "WATCH-namespaces-count": {
        "value": 4.4444156386069
      },
      "WATCH-nodes-count": {
        "value": 1.111082305273567
      },
      "WATCH-poddisruptionbudgets-count": {
        "value": 2.222193416384678
      },
      "WATCH-pods-count": {
        "value": 3.333275721658245
      },
      "WATCH-prometheusrules-count": {
        "value": 2.2222222222222223
      },
      "WATCH-resourcequotas-count": {
        "value": 1.111082305273567
      },
      "WATCH-rolebindings-count": {
        "value": 1.1111111111111112
      },
      "WATCH-roles-count": {
        "value": 1.1111111111111112
      },
      "WATCH-secrets-count": {
        "value": 1.111082305273567
      },
      "WATCH-serviceaccounts-count": {
        "value": 1.1111111111111112
      },
      "WATCH-servicemonitors-count": {
        "value": 1.1111111111111112
      },
      "WATCH-services-count": {
        "value": 3.3333045274957893
      },
      "WATCH-storageclasses-count": {
        "value": 1.111082305273567
      },
      "WATCH-storageprofiles-count": {
        "value": 1.111082305273567
      },
      "WATCH-validatingadmissionpolicies-count": {
        "value": 1.1111111111111112
      },
      "WATCH-validatingadmissionpolicybindings-count": {
        "value": 1.1111111111111112
      },
      "WATCH-validatingwebhookconfigurations-count": {
        "value": 1.1111111111111112
      },
      "WATCH-virtualmachineclones-count": {
        "value": 1.111082305273567
      },
      "WATCH-virtualmachineclusterinstancetypes-count": {
        "value": 3.3333045274957893
      },