{
  "JobDirCreationTime": "2025-12-18T00:24:27.466Z",
  "VMIResult": {
    "Values": {
      "CREATE-events-count": {
        "value": 158.72223518518518
      },
      "CREATE-pods-count": {
        "value": 108.32583333333335
      },
      "GET-leases-count": {
        "value": 187.77674075226327
      },
      "LIST-nodes-count": {
        "value": 48.88888888888889
      },
      "LIST-virtualmachineclusterinstancetypes-count": {
        "value": 48.88888888888889
      },
      "LIST-virtualmachineclusterpreferences-count": {
        "value": 48.88888888888889
      },
      "PATCH-nodes-count": {
        "value": 16.666666666666668
      },
      "PATCH-pods-count": {
        "value": 218.79818333333336
      },
      "PATCH-services-count": {
        "value": 195.55555555555557
      },
      "PATCH-validatingadmissionpolicies-count": {
        "value": 48.88888888888889
      },
      "PATCH-validatingadmissionpolicybindings-count": {
        "value": 48.88888888888889
      },
      "PATCH-virtualmachineinstances-count": {
        "value": 109.6701,
        "thresholdResult": {
          "thresholdValue": 216.6516666666667,
          "thresholdMetric": "CREATE-pods-count",
          "thresholdRatio": 1.0124094745020809,
          "thresholdExceeded": false
        }
      },
      "UPDATE-configmaps-count": {
        "value": 48.88888888888889
      },
      "UPDATE-leases-count": {
        "value": 298.8888888888889
      },
      "UPDATE-virtualmachineinstances-count": {
        "value": 632.2033583333334,
        "thresholdResult": {
          "thresholdValue": 1083.2583333333334,
          "thresholdMetric": "CREATE-pods-count",
          "thresholdRatio": 5.8361273472778885,
          "thresholdExceeded": false
        }
      },
      "WATCH-cdiconfigs-count": {
        "value": 1.1111111111111112
      },
      "WATCH-clusterrolebindings-count": {
        "value": 2.2222222222222223
      },
      "WATCH-clusterroles-count": {
        "value": 1.1111111111111112
      },
      "WATCH-configmaps-count": {
        "value": 6.666666666666667
      },
      "WATCH-customresourcedefinitions-count": {
        "value": 1.1111111111111112
      },
      "WATCH-daemonsets-count": {
        "value": 2.2222222222222223
      },
      "WATCH-deployments-count": {
        "value": 2.2222222222222223
      },
      "WATCH-jobs-count": {
        "value": 1.1111111111111112
      },
      "WATCH-kubevirts-count": {
        "value": 5.555543210013717
      },
      "WATCH-leases-count": {
        "value": 1.1111111111111112
      },
      "WATCH-mutatingwebhookconfigurations-count": {
        "value": 2.2222222222222223
      },
      "WATCH-namespaces-count": {
        "value": 1.1111111111111112
      },
      "WATCH-nodes-count": {
        "value": 2.2222222222222223
      },
      "WATCH-poddisruptionbudgets-count": {
        "value": 2.2222222222222223
      },
      "WATCH-prometheusrules-count": {
        "value": 1.1111111111111112
      },
      "WATCH-resourcequotas-count": {
        "value": 1.1111111111111112
      },
      "WATCH-rolebindings-count": {
        "value": 1.1111111111111112
      },
      "WATCH-roles-count": {
        "value": 1.1111111111111112
      },
      "WATCH-secrets-count": {
        "value": 2.2222222222222223
      },
      "WATCH-servicemonitors-count": {
        "value": 1.1111111111111112
      },
      "WATCH-services-count": {
        "value": 1.1111111111111112
      },
      "WATCH-validatingadmissionpolicies-count": {
        "value": 1.1111111111111112
      },
      "WATCH-validatingadmissionpolicybindings-count": {
        "value": 1.1111111111111112
      },
      "WATCH-validatingwebhookconfigurations-count": {
        "value": 1.1111111111111112
      },
      "WATCH-virtualmachinebackups-count": {
        "value": 2.2222222222222223
      },
      "WATCH-virtualmachineclusterinstancetypes-count": {
        "value": 2.2222222222222223
      },
      "WATCH-virtualmachineclusterpreferences-count": {
        "value": 3.3333333333333335
      },
      "WATCH-virtualmachineexports-count": {
        "value": 1.1111111111111112
      },
      "WATCH-virtualmachineinstancereplicasets-count": {
        "value": 1.1111111111111112
      },
      "WATCH-virtualmachineinstances-count": {
        "value": 3.3333333333333335
      },
      "WATCH-virtualmachineinstancetypes-count": {
        "value": 1.1111111111111112
      },
      "WATCH-virtualmachinepreferences-count": {
        "value": 1.1111111111111112
      },
      "WATCH-virtualmachinerestores-count": {
        "value": 1.1111111111111112
      },
      "WATCH-virtualmachines-count": {
        "value": 1.1111111111111112
      },
      "WATCH-virtualmachinesnapshotcontents-count": {
        "value": 1.1111111111111112
      },
      "avgVirtAPICPUUsage": {
        "value": 0.012542162918851657
      },
      "avgVirtAPIMemoryUsageInMB": {
        "value": 140.90683593749998
      },
      "avgVirtControllerCPUUsage": {
        "value": 0.027554687731460907
      },
      "avgVirtControllerMemoryUsageInMB": {
        "value": 67.173046875
      },
      "avgVirtHandlerCPUUsage": {
        "value": 0.0011408812976057801
      },
      "avgVirtHandlerMemoryUsageInMB": {
        "value": 20.979633525654034
      },
      "maxVirtAPIMemoryUsageInMB": {
        "value": 165.767578125
      },
      "maxVirtControllerMemoryUsageInMB": {
        "value": 90.1328125
      },
      "maxVirtHandlerCPUUsage": {
        "value": 0.0011694310674068029
      },
      "maxVirtHandlerMemoryUsageInMB": {
        "value": 47.29052734375
      },
      "minVirtAPIMemoryUsageInMB": {
        "value": 126.416015625
      },
      "minVirtControllerMemoryUsageInMB": {
        "value": 61.4140625
      },
      "minVirtHandlerCPUUsage": {
        "value": 0.0011245135327635329
      },
      "minVirtHandlerMemoryUsageInMB": {
        "value": 11.032645089285714
      },
      "running-phase-count": {
        "value": 100
      },
      "scheduled-phase-count": {
        "value": 1
      },
      "vmiCreationToRunningSecondsP50": {
        "value": 24.700647891835825,
        "thresholdResult": {
          "thresholdValue": 45,
          "thresholdExceeded": false
        }
      },
      "vmiCreationToRunningSecondsP95": {
        "value": 29.990054523899833,
        "thresholdResult": {
          "thresholdValue": 60,
          "thresholdExceeded": false
        }
      },
      "vmiCreationToRunningSecondsP99": {
        "value": 37.96557267233348
      },
      "vmiDeletionToFailedSecondsP50": {
        "value": 0
      },
      "vmiDeletionToFailedSecondsP95": {
        "value": 0
      },
      "vmiDeletionToFailedSecondsP99": {
        "value": 0
      },
      "vmiDeletionToSucceededSecondsP50": {
        "value": 0
      },
      "vmiDeletionToSucceededSecondsP95": {
        "value": 0
      },
      "vmiDeletionToSucceededSecondsP99": {
        "value": 0
      }
    }
  },
  "VMResult": null
}
