{
  "JobDirCreationTime": "2024-11-04T08:19:07.793Z",
  "VMIResult": {
    "Values": {
      "CREATE-events-count": {
        "value": 144.19266666666664
      },
      "CREATE-pods-count": {
        "value": 110.30583333333333
      },
      "GET-leases-count": {
        "value": 121.37231666666668
      },
      "GET-nodes-count": {
        "value": 30.966715555555552
      },
      "LIST-nodes-count": {
        "value": 9.182666666666668
      },
      "LIST-virtualmachineclusterinstancetypes-count": {
        "value": 5.739166666666668
      },
      "LIST-virtualmachineclusterpreferences-count": {
        "value": 5.8870000000000005
      },
      "PATCH-nodes-count": {
        "value": 5.898804444444444
      },
      "PATCH-pods-count": {
        "value": 315.84083333333336
      },
      "PATCH-services-count": {
        "value": 36.73066666666667
      },
      "PATCH-virtualmachineinstances-count": {
        "value": 32.845416666666665,
        "thresholdResult": {
          "thresholdValue": 220.61166666666665,
          "thresholdMetric": "CREATE-pods-count",
          "thresholdRatio": 0.29776681499165203,
          "thresholdExceeded": true
        }
      },
      "UPDATE-kubevirts-count": {
        "value": 1.1478333333333335
      },
      "UPDATE-leases-count": {
        "value": 196.1946666666667
      },
      "UPDATE-virtualmachineinstances-count": {
        "value": 499.40388888888884,
        "thresholdResult": {
          "thresholdValue": 1103.0583333333332,
          "thresholdMetric": "CREATE-pods-count",
          "thresholdRatio": 4.527447677039342,
          "thresholdExceeded": false
        }
      },
      "avgVirtAPICPUUsage": {
        "value": 0.008119910452158728
      },
      "avgVirtAPIMemoryUsageInMB": {
        "value": 136.5419921875
      },
      "avgVirtControllerCPUUsage": {
        "value": 0.010504550408675924
      },
      "avgVirtControllerMemoryUsageInMB": {
        "value": 60.760044642857146
      },
      "maxVirtAPIMemoryUsageInMB": {
        "value": 155.12890625
      },
      "maxVirtControllerMemoryUsageInMB": {
        "value": 84.08984375
      },
      "minVirtAPIMemoryUsageInMB": {
        "value": 119.98046875
      },
      "minVirtControllerMemoryUsageInMB": {
        "value": 52.26953125
      },
      "none-none-count": {
        "value": 1.159461111111111
      },
      "running-phase-count": {
        "value": 101
      },
      "vmiCreationToRunningSecondsP50": {
        "value": 15,
        "thresholdResult": {
          "thresholdValue": 45,
          "thresholdExceeded": false
        }
      },
      "vmiCreationToRunningSecondsP95": {
        "value": 19.5,
        "thresholdResult": {
          "thresholdValue": 60,
          "thresholdExceeded": false
        }
      },
      "vmiCreationToRunningSecondsP99": {
        "value": 19.9
      },
      "vmiDeletionToFailedSecondsP50": {
        "value": 0
      },
      "vmiDeletionToFailedSecondsP95": {
        "value": 0
      },
      "vmiDeletionToFailedSecondsP99": {
        "value": 0
      },
      "vmiDeletionToSucceededSecondsP50": {
        "value": 0
      },
      "vmiDeletionToSucceededSecondsP95": {
        "value": 0
      },
      "vmiDeletionToSucceededSecondsP99": {
        "value": 0
      }
    }
  },
  "VMResult": {
    "Values": {
      "CREATE-events-count": {
        "value": 712.2222222222222
      },
      "CREATE-pods-count": {
        "value": 91.11111111111111
      },
      "GET-leases-count": {
        "value": 184.44444444444446
      },
      "GET-nodes-count": {
        "value": 30.000000000000004
      },
      "PATCH-events-count": {
        "value": 3.9960999999999993
      },
      "PATCH-nodes-count": {
        "value": 13.333333333333334
      },
      "PATCH-pods-count": {
        "value": 257.77777777777777
      },
      "PATCH-virtualmachineinstances-count": {
        "value": 131.11111111111111,
        "thresholdResult": {
          "thresholdValue": 182.22222222222223,
          "thresholdMetric": "CREATE-pods-count",
          "thresholdRatio": 1.4390243902439024,
          "thresholdExceeded": false
        }
      },
      "UPDATE-leases-count": {
        "value": 298.8888888888889
      },
      "UPDATE-virtualmachineinstances-count": {
        "value": 727.7777777777777,
        "thresholdResult": {
          "thresholdValue": 911.1111111111111,
          "thresholdMetric": "CREATE-pods-count",
          "thresholdRatio": 7.987804878048779,
          "thresholdExceeded": false
        }
      },
      "WATCH-cdiconfigs-count": {
        "value": 1.1111111111111112
      },
      "WATCH-cdis-count": {
        "value": 1.1111111111111112
      },
      "WATCH-clusterrolebindings-count": {
        "value": 1.1111111111111112
      },
      "WATCH-clusterroles-count": {
        "value": 2.2222222222222223
      },
      "WATCH-configmaps-count": {
        "value": 11.11111111111111
      },
      "WATCH-controllerrevisions-count": {
        "value": 1.1111111111111112
      },
      "WATCH-customresourcedefinitions-count": {
        "value": 11.111111111111109
      },
      "WATCH-daemonsets-count": {
        "value": 1.1111111111111112
      },
      "WATCH-datasources-count": {
        "value": 2.2222222222222223
      },
      "WATCH-datavolumes-count": {
        "value": 1.1111111111111112
      },
      "WATCH-ingresses-count": {
        "value": 1.1111111111111112
      },
      "WATCH-jobs-count": {
        "value": 1.1111111111111112
      },
      "WATCH-kubevirts-count": {
        "value": 11.111111111111109
      },
      "WATCH-migrationpolicies-count": {
        "value": 1.1111111111111112
      },
      "WATCH-mutatingwebhookconfigurations-count": {
        "value": 2.2222222222222223
      },
      "WATCH-namespaces-count": {
        "value": 3.3333333333333335
      },
      "WATCH-nodes-count": {
        "value": 1.1111111111111112
      },
      "WATCH-poddisruptionbudgets-count": {
        "value": 2.2222222222222223
      },
      "WATCH-pods-count": {
        "value": 4.444444444444445
      },
      "WATCH-prometheusrules-count": {
        "value": 2.2222222222222223
      },
      "WATCH-resourcequotas-count": {
        "value": 1.1111111111111112
      },
      "WATCH-rolebindings-count": {
        "value": 1.1111111111111112
      },
      "WATCH-roles-count": {
        "value": 1.1111111111111112
      },
      "WATCH-secrets-count": {
        "value": 3.3333333333333335
      },
      "WATCH-serviceaccounts-count": {
        "value": 2.2222222222222223
      },
      "WATCH-servicemonitors-count": {
        "value": 1.1111111111111112
      },
      "WATCH-services-count": {
        "value": 3.3333333333333335
      },
      "WATCH-storageclasses-count": {
        "value": 1.1111111111111112
      },
      "WATCH-storageprofiles-count": {
        "value": 1.1111111111111112
      },
      "WATCH-validatingwebhookconfigurations-count": {
        "value": 1.1111111111111112
      },
      "WATCH-virtualmachineclones-count": {
        "value": 1.1111111111111112
      },
      "WATCH-virtualmachineclusterinstancetypes-count": {
        "value": 3.3333333333333335
      },
      "WATCH-virtualmachineclusterpreferences-count": {
        "value": 2.2222222222222223
      },
      "WATCH-virtualmachineexports-count": {
        "value": 1.1111111111111112
      },
      "WATCH-virtualmachineinstancemigrations-count": {
        "value": 1.1111111111111112
      },
      "WATCH-virtualmachineinstancepresets-count": {
        "value": 1.1111111111111112
      },
      "WATCH-virtualmachineinstancereplicasets-count": {
        "value": 1.1111111111111112
      },
      "WATCH-virtualmachineinstances-count": {
        "value": 8.88888888888889
      },
      "WATCH-virtualmachineinstancetypes-count": {
        "value": 1.1111111111111112
      },
      "WATCH-virtualmachinepools-count": {
        "value": 1.1111111111111112
      },