{
  "JobDirCreationTime": "2026-06-19T00:48:01.35Z",
  "VMIResult": {
    "Values": {
      "CREATE-events-count": {
        "value": 163.6513452751759
      },
      "CREATE-pods-count": {
        "value": 129.49016143906314
      },
      "GET-leases-count": {
        "value": 96.66666666666667
      },
      "LIST-virtualmachineclusterinstancetypes-count": {
        "value": 48.88888888888889
      },
      "LIST-virtualmachineclusterpreferences-count": {
        "value": 48.88888888888889
      },
      "PATCH-nodes-count": {
        "value": 21.111111111111114
      },
      "PATCH-pods-count": {
        "value": 211.43896314567294
      },
      "PATCH-virtualmachineinstances-count": {
        "value": 38.11097778444411,
        "thresholdResult": {
          "thresholdValue": 258.9803228781263,
          "thresholdMetric": "CREATE-pods-count",
          "thresholdRatio": 0.2943156249162511,
          "thresholdExceeded": true
        }
      },
      "UPDATE-kubevirts-count": {
        "value": 2.2222222222222223
      },
      "UPDATE-leases-count": {
        "value": 148.88723458628237
      },
      "UPDATE-virtualmachineinstances-count": {
        "value": 561.5227193571326,
        "thresholdResult": {
          "thresholdValue": 1294.9016143906315,
          "thresholdMetric": "CREATE-pods-count",
          "thresholdRatio": 4.336412227128004,
          "thresholdExceeded": false
        }
      },
      "WATCH-configmaps-count": {
        "value": 2.222197531138543
      },
      "WATCH-customresourcedefinitions-count": {
        "value": 1.111102880719402
      },
      "WATCH-kubevirts-count": {
        "value": 2.222209876680383
      },
      "WATCH-pods-count": {
        "value": 1.1110987655692715
      },
      "WATCH-prometheusrules-count": {
        "value": 2.2222222222222223
      },
      "WATCH-servicemonitors-count": {
        "value": 2.2222222222222223
      },
      "WATCH-virtualmachineinstances-count": {
        "value": 1.1111111111111112
      },
      "WATCH-virtualmachinesnapshots-count": {
        "value": 1.1110987655692715
      },
      "avgVirtAPICPUUsage": {
        "value": 0.01025111851851852
      },
      "avgVirtAPIMemoryUsageInMB": {
        "value": 147.166796875
      },
      "avgVirtControllerCPUUsage": {
        "value": 0.02769864074074074
      },
      "avgVirtControllerMemoryUsageInMB": {
        "value": 67.66953125
      },
      "avgVirtHandlerCPUUsage": {
        "value": 0.0015556620114760991
      },
      "avgVirtHandlerMemoryUsageInMB": {
        "value": 17.608449898514092
      },
      "maxVirtAPIMemoryUsageInMB": {
        "value": 176.07421875
      },
      "maxVirtControllerMemoryUsageInMB": {
        "value": 97.37890625
      },
      "maxVirtHandlerCPUUsage": {
        "value": 0.001734111851851852
      },
      "maxVirtHandlerMemoryUsageInMB": {
        "value": 42.959228515625
      },
      "minVirtAPIMemoryUsageInMB": {
        "value": 138.953125
      },
      "minVirtControllerMemoryUsageInMB": {
        "value": 60.25
      },
      "minVirtHandlerCPUUsage": {
        "value": 0.001425027668845316
      },
      "minVirtHandlerMemoryUsageInMB": {
        "value": 8.135416666666666
      },
      "running-phase-count": {
        "value": 28
      },
      "scheduled-phase-count": {
        "value": 36
      },
      "scheduling-phase-count": {
        "value": 37
      },
      "virtControllerWorkqueueAddRate": {
        "value": 16.490629008383735
      },
      "virtControllerWorkqueueDepth": {
        "value": 0
      },
      "virtControllerWorkqueueP99Latency": {
        "value": 0.06666920750379345
      },
      "vmiCreationToRunningSecondsP50": {
        "value": 16.021869852043444,
        "thresholdResult": {
          "thresholdValue": 45,
          "thresholdExceeded": false
        }
      },
      "vmiCreationToRunningSecondsP95": {
        "value": 27.05350449472531,
        "thresholdResult": {
          "thresholdValue": 60,
          "thresholdExceeded": false
        }
      },
      "vmiCreationToRunningSecondsP99": {
        "value": 29.41070089894506
      },
      "vmiDeletionToFailedSecondsP50": {
        "value": 0
      },
      "vmiDeletionToFailedSecondsP95": {
        "value": 0
      },
      "vmiDeletionToFailedSecondsP99": {
        "value": 0
      },
      "vmiDeletionToSucceededSecondsP50": {
        "value": 0
      },
      "vmiDeletionToSucceededSecondsP95": {
        "value": 0
      },
      "vmiDeletionToSucceededSecondsP99": {
        "value": 0
      }
    }
  },
  "VMResult": {
    "Values": {
      "CREATE-controllerrevisions-count": {
        "value": 40.01319604118764
      },
      "CREATE-events-count": {
        "value": 846.6555188901111
      },
      "CREATE-pods-count": {
        "value": 111.10740753086009
      },
      "CREATE-virtualmachineinstances-count": {
        "value": 40.01319604118764
      },
      "GET-leases-count": {
        "value": 93.33333333333334
      },
      "LIST-configmaps-count": {
        "value": 1.1110740753086008
      },
      "LIST-virtualmachineclusterinstancetypes-count": {
        "value": 50
      },
      "LIST-virtualmachineclusterpreferences-count": {
        "value": 50
      },
      "PATCH-nodes-count": {
        "value": 20
      },
      "PATCH-pods-count": {
        "value": 222.21481506172017
      },
      "PATCH-virtualmachineinstances-count": {
        "value": 223.32588913702875,
        "thresholdResult": {
          "thresholdValue": 222.21481506172017,
          "thresholdMetric": "CREATE-pods-count",
          "thresholdRatio": 2.01,
          "thresholdExceeded": false
        }
      },
      "PATCH-virtualmachines-count": {
        "value": 40.01319604118764
      },
      "UPDATE-leases-count": {
        "value": 148.88392609135252
      },
      "UPDATE-virtualmachineinstances-count": {
        "value": 954.4266672592395,
        "thresholdResult": {
          "thresholdValue": 1111.0740753086009,
          "thresholdMetric": "CREATE-pods-count",
          "thresholdRatio": 8.590126333333332,
          "thresholdExceeded": false
        }
      },
      "UPDATE-virtualmachines-count": {
        "value": 793.5950548168881
      },
      "WATCH-configmaps-count": {
        "value": 9.99985185678996
      },
      "WATCH-customresourcedefinitions-count": {
        "value": 4.4444074086419345
      },
      "WATCH-ingresses-count": {
        "value": 1.1110740753086008
      },
      "WATCH-kubevirts-count": {
        "value": 3.3333333333333335
      },
      "WATCH-migrationpolicies-count": {
        "value": 1.1110740753086008
      },
      "WATCH-namespaces-count": {
        "value": 1.1110740753086008
      },
      "WATCH-nodes-count": {
        "value": 1.1110740753086008
      },
      "WATCH-persistentvolumeclaims-count": {
        "value": 1.1110740753086008
      },
      "WATCH-plugins-count": {
        "value": 3.3333333333333335
      },
      "WATCH-pods-count": {
        "value": 1.1110740753086008
      },
      "WATCH-prometheusrules-count": {
        "value": 1.1111111111111112
      },
      "WATCH-secrets-count": {
        "value": 1.1110740753086008
      },
      "WATCH-servicemonitors-count": {
        "value": 1.1111111111111112
      },
      "WATCH-services-count": {
        "value": 1.1110740753086008
      },
      "WATCH-virtualmachinebackups-count": {
        "value": 1.1111111111111112
      },
      "WATCH-virtualmachineclusterinstancetypes-count": {
        "value": 3.3332962975308233
      },
      "WATCH-virtualmachineclusterpreferences-count": {
        "value": 1.1110740753086008
      },
      "WATCH-virtualmachineinstancemigrations-count": {
        "value": 1.1110740753086008
      },
      "WATCH-virtualmachineinstancereplicasets-count": {
        "value": 1.1110740753086008
      },
      "WATCH-virtualmachineinstances-count": {
        "value": 6.666666666666666
      },