{
  "JobDirCreationTime": "2025-10-25T06:16:47.16Z",
  "VMIResult": {
    "Values": {
      "CREATE-events-count": {
        "value": 103.11774193548388
      },
      "CREATE-pods-count": {
        "value": 102.09677419354838
      },
      "DELETE-jobs-count": {
        "value": 363.7238095238095
      },
      "GET-leases-count": {
        "value": 1183.3016129032258
      },
      "GET-nodes-count": {
        "value": 81.23986175115206
      },
      "LIST-nodes-count": {
        "value": 363.7238095238095
      },
      "LIST-virtualmachineclusterinstancetypes-count": {
        "value": 363.7238095238095
      },
      "LIST-virtualmachineclusterpreferences-count": {
        "value": 363.7238095238095
      },
      "PATCH-nodes-count": {
        "value": 60.933947772657454
      },
      "PATCH-pods-count": {
        "value": 102.09677419354838
      },
      "PATCH-services-count": {
        "value": 1454.895238095238
      },
      "UPDATE-configmaps-count": {
        "value": 363.7238095238095
      },
      "UPDATE-leases-count": {
        "value": 1893.9437788018433
      },
      "UPDATE-virtualmachineinstances-count": {
        "value": 308.3322580645161
      },
      "WATCH-clusterrolebindings-count": {
        "value": 8.102918586789555
      },
      "WATCH-clusterroles-count": {
        "value": 8.119124423963134
      },
      "WATCH-configmaps-count": {
        "value": 66.07119815668203
      },
      "WATCH-controllerrevisions-count": {
        "value": 4.083870967741936
      },
      "WATCH-customresourcedefinitions-count": {
        "value": 44.744316436251935
      },
      "WATCH-daemonsets-count": {
        "value": 8.102918586789555
      },
      "WATCH-deployments-count": {
        "value": 9.123886328725039
      },
      "WATCH-ingresses-count": {
        "value": 3.0629032258064517
      },
      "WATCH-jobs-count": {
        "value": 8.119124423963134
      },
      "WATCH-kubevirts-count": {
        "value": 36.64139784946237
      },
      "WATCH-leases-count": {
        "value": 7.09815668202765
      },
      "WATCH-migrationpolicies-count": {
        "value": 4.083870967741936
      },
      "WATCH-mutatingwebhookconfigurations-count": {
        "value": 9.123886328725039
      },
      "WATCH-namespaces-count": {
        "value": 22.39646697388633
      },
      "WATCH-nodes-count": {
        "value": 4.083870967741936
      },
      "WATCH-persistentvolumeclaims-count": {
        "value": 4.083870967741936
      },
      "WATCH-poddisruptionbudgets-count": {
        "value": 12.17058371735791
      },
      "WATCH-pods-count": {
        "value": 18.312596006144396
      },
      "WATCH-prometheusrules-count": {
        "value": 8.102918586789555
      },
      "WATCH-resourcequotas-count": {
        "value": 4.083870967741936
      },
      "WATCH-rolebindings-count": {
        "value": 9.10768049155146
      },
      "WATCH-roles-count": {
        "value": 8.102918586789555
      },
      "WATCH-routes-count": {
        "value": 13.207757296466974
      },
      "WATCH-secrets-count": {
        "value": 11.182027649769585
      },
      "WATCH-securitycontextconstraints-count": {
        "value": 9.10768049155146
      },
      "WATCH-serviceaccounts-count": {
        "value": 8.102918586789555
      },
      "WATCH-servicemonitors-count": {
        "value": 8.102918586789555
      },
      "WATCH-services-count": {
        "value": 9.140092165898617
      },
      "WATCH-storageclasses-count": {
        "value": 4.083870967741936
      },
      "WATCH-validatingwebhookconfigurations-count": {
        "value": 8.102918586789555
      },
      "WATCH-virtualmachineclones-count": {
        "value": 4.083870967741936
      },
      "WATCH-virtualmachineclusterinstancetypes-count": {
        "value": 11.165821812596006
      },
      "WATCH-virtualmachineclusterpreferences-count": {
        "value": 12.18678955453149
      },
      "WATCH-virtualmachineexports-count": {
        "value": 4.083870967741936
      },
      "WATCH-virtualmachineinstancemigrations-count": {
        "value": 4.083870967741936
      },
      "WATCH-virtualmachineinstancepresets-count": {
        "value": 7.146774193548387
      },
      "WATCH-virtualmachineinstancereplicasets-count": {
        "value": 4.083870967741936
      },
      "WATCH-virtualmachineinstances-count": {
        "value": 40.628033794162825
      },
      "WATCH-virtualmachineinstancetypes-count": {
        "value": 5.10483870967742
      },
      "WATCH-virtualmachinepools-count": {
        "value": 4.083870967741936
      },
      "WATCH-virtualmachinepreferences-count": {
        "value": 4.083870967741936
      },
      "WATCH-virtualmachinerestores-count": {
        "value": 13.272580645161291
      },
      "WATCH-virtualmachines-count": {
        "value": 4.083870967741936
      },
      "WATCH-virtualmachinesnapshotcontents-count": {
        "value": 4.083870967741936
      },
      "WATCH-virtualmachinesnapshots-count": {
        "value": 4.083870967741936
      },
      "WATCH-volumesnapshotclasses-count": {
        "value": 3.0629032258064517
      },
      "WATCH-volumesnapshots-count": {
        "value": 4.083870967741936
      },
      "avgVirtAPICPUUsage": {
        "value": 0.004028720661478067
      },
      "avgVirtAPIMemoryUsageInMB": {
        "value": 170.54656909760976
      },
      "avgVirtControllerCPUUsage": {
        "value": 0.009581401722751326
      },
      "avgVirtControllerMemoryUsageInMB": {
        "value": 336.9846230158729
      },
      "maxVirtAPIMemoryUsageInMB": {
        "value": 197.517578125
      },
      "maxVirtControllerMemoryUsageInMB": {
        "value": 426.3828125
      },
      "minVirtAPIMemoryUsageInMB": {
        "value": 153.162109375
      },
      "minVirtControllerMemoryUsageInMB": {
        "value": 280.97265625
      },
      "scheduling-phase-count": {
        "value": 100
      },
      "vmiCreationToRunningSecondsP50": {
        "value": 0
      },
      "vmiCreationToRunningSecondsP95": {
        "value": 0
      },
      "vmiCreationToRunningSecondsP99": {
        "value": 0
      },
      "vmiDeletionToFailedSecondsP50": {
        "value": 0
      },
      "vmiDeletionToFailedSecondsP95": {
        "value": 0
      },
      "vmiDeletionToFailedSecondsP99": {
        "value": 0
      },
      "vmiDeletionToSucceededSecondsP50": {
        "value": 0
      },
      "vmiDeletionToSucceededSecondsP95": {
        "value": 0
      },
      "vmiDeletionToSucceededSecondsP99": {
        "value": 0
      }
    }
  },
  "VMResult": null
}
