{
  "JobDirCreationTime": "2024-03-20T05:09:22.445Z",
  "VMIResult": {
    "Values": {
      "CREATE-events-count": {
        "value": 657.4490703703705
      },
      "CREATE-pods-count": {
        "value": 103.93866666666666
      },
      "DELETE-pods-count": {
        "value": 104.67333333333333
      },
      "DELETE-virtualmachineclusterinstancetypes-count": {
        "value": 1.1111111111111112
      },
      "DELETE-virtualmachineclusterpreferences-count": {
        "value": 1.1111111111111112
      },
      "GET-endpoints-count": {
        "value": 488.8888888888889
      },
      "GET-leases-count": {
        "value": 786.6666666666666
      },
      "GET-nodes-count": {
        "value": 22.22222222222222
      },
      "LIST-clusterrolebindings-count": {
        "value": 1.1111111111111112
      },
      "LIST-clusterroles-count": {
        "value": 2.2222222222222223
      },
      "LIST-configmaps-count": {
        "value": 4.444444444444445
      },
      "LIST-controllerrevisions-count": {
        "value": 1.1111111111111112
      },
      "LIST-customresourcedefinitions-count": {
        "value": 2.2222222222222223
      },
      "LIST-daemonsets-count": {
        "value": 1.1111111111111112
      },
      "LIST-deployments-count": {
        "value": 1.1111111111111112
      },
      "LIST-ingresses-count": {
        "value": 1.1111111111111112
      },
      "LIST-jobs-count": {
        "value": 1.1111111111111112
      },
      "LIST-kubevirts-count": {
        "value": 3.3333333333333335
      },
      "LIST-mutatingwebhookconfigurations-count": {
        "value": 1.1111111111111112
      },
      "LIST-namespaces-count": {
        "value": 3.3333333333333335
      },
      "LIST-nodes-count": {
        "value": 1.1111111111111112
      },
      "LIST-persistentvolumeclaims-count": {
        "value": 1.1111111111111112
      },
      "LIST-poddisruptionbudgets-count": {
        "value": 2.2222222222222223
      },
      "LIST-pods-count": {
        "value": 1.1111111111111112
      },
      "LIST-prometheusrules-count": {
        "value": 1.1111111111111112
      },
      "LIST-resourcequotas-count": {
        "value": 1.1111111111111112
      },
      "LIST-roles-count": {
        "value": 1.1111111111111112
      },
      "LIST-securitycontextconstraints-count": {
        "value": 1.1111111111111112
      },
      "LIST-services-count": {
        "value": 1.1111111111111112
      },
      "LIST-virtualmachineclusterinstancetypes-count": {
        "value": 1.1111111111111112
      },
      "LIST-virtualmachineclusterpreferences-count": {
        "value": 1.1111111111111112
      },
      "LIST-virtualmachineinstances-count": {
        "value": 2.2222222222222223
      },
      "PATCH-events-count": {
        "value": 28.049599999999998
      },
      "PATCH-nodes-count": {
        "value": 10
      },
      "PATCH-pods-count": {
        "value": 207.90671999999998
      },
      "PATCH-services-count": {
        "value": 4.444444444444445
      },
      "PATCH-virtualmachineinstances-count": {
        "value": 209.34666666666666
      },
      "UPDATE-endpoints-count": {
        "value": 297.77777777777777
      },
      "UPDATE-leases-count": {
        "value": 297.77777777777777
      },
      "UPDATE-virtualmachineinstances-count": {
        "value": 1120.6576622222221
      },
      "vmiCreationToRunningSecondsP50": {
        "value": 43.68301609757143
      },
      "vmiCreationToRunningSecondsP95": {
        "value": 49.99330160975714
      },
      "vmiCreationToRunningSecondsP99": {
        "value": 57.980708636100566
      },
      "vmiDeletionToFailedSecondsP50": {
        "value": 0
      },
      "vmiDeletionToFailedSecondsP95": {
        "value": 0
      },
      "vmiDeletionToFailedSecondsP99": {
        "value": 0
      },
      "vmiDeletionToSucceededSecondsP50": {
        "value": 0.8860621293751554
      },
      "vmiDeletionToSucceededSecondsP95": {
        "value": 9.672428621953568
      },
      "vmiDeletionToSucceededSecondsP99": {
        "value": 17.475885795125706
      }
    }
  },
  "VMResult": null
}
