{
  "JobDirCreationTime": "2025-12-02T06:27:59.27Z",
  "VMIResult": {
    "Values": {
      "CREATE-events-count": {
        "value": 103.11774193548388
      },
      "CREATE-pods-count": {
        "value": 102.09677419354838
      },
      "DELETE-jobs-count": {
        "value": 316.5
      },
      "GET-leases-count": {
        "value": 1196.574193548387
      },
      "LIST-nodes-count": {
        "value": 316.5
      },
      "LIST-virtualmachineclusterinstancetypes-count": {
        "value": 316.5
      },
      "LIST-virtualmachineclusterpreferences-count": {
        "value": 316.5
      },
      "PATCH-nodes-count": {
        "value": 89.39139784946236
      },
      "PATCH-pods-count": {
        "value": 102.09677419354838
      },
      "PATCH-services-count": {
        "value": 1266
      },
      "UPDATE-configmaps-count": {
        "value": 316.5
      },
      "UPDATE-leases-count": {
        "value": 1892.9228110599079
      },
      "UPDATE-virtualmachineinstances-count": {
        "value": 308.3322580645161
      },
      "WATCH-clusterrolebindings-count": {
        "value": 7.09815668202765
      },
      "WATCH-clusterroles-count": {
        "value": 8.119124423963134
      },
      "WATCH-configmaps-count": {
        "value": 58.82718894009217
      },
      "WATCH-controllerrevisions-count": {
        "value": 4.083870967741936
      },
      "WATCH-customresourcedefinitions-count": {
        "value": 41.61658986175115
      },
      "WATCH-daemonsets-count": {
        "value": 8.102918586789555
      },
      "WATCH-deployments-count": {
        "value": 9.123886328725039
      },
      "WATCH-ingresses-count": {
        "value": 4.083870967741936
      },
      "WATCH-jobs-count": {
        "value": 8.102918586789555
      },
      "WATCH-kubevirts-count": {
        "value": 39.60706605222735
      },
      "WATCH-leases-count": {
        "value": 10.128648233486944
      },
      "WATCH-migrationpolicies-count": {
        "value": 4.083870967741936
      },
      "WATCH-mutatingwebhookconfigurations-count": {
        "value": 8.102918586789555
      },
      "WATCH-namespaces-count": {
        "value": 22.315437788018436
      },
      "WATCH-nodes-count": {
        "value": 16.254454685099844
      },
      "WATCH-persistentvolumeclaims-count": {
        "value": 4.083870967741936
      },
      "WATCH-poddisruptionbudgets-count": {
        "value": 12.18678955453149
      },
      "WATCH-pods-count": {
        "value": 17.29162826420891
      },
      "WATCH-prometheusrules-count": {
        "value": 9.10768049155146
      },
      "WATCH-resourcequotas-count": {
        "value": 4.083870967741936
      },
      "WATCH-rolebindings-count": {
        "value": 8.102918586789555
      },
      "WATCH-roles-count": {
        "value": 8.102918586789555
      },
      "WATCH-routes-count": {
        "value": 13.207757296466974
      },
      "WATCH-secrets-count": {
        "value": 14.21251920122888
      },
      "WATCH-securitycontextconstraints-count": {
        "value": 7.09815668202765
      },
      "WATCH-serviceaccounts-count": {
        "value": 7.08195084485407
      },
      "WATCH-servicemonitors-count": {
        "value": 8.102918586789555
      },
      "WATCH-services-count": {
        "value": 14.228725038402459
      },
      "WATCH-storageclasses-count": {
        "value": 4.083870967741936
      },
      "WATCH-validatingwebhookconfigurations-count": {
        "value": 9.10768049155146
      },
      "WATCH-virtualmachineclones-count": {
        "value": 5.10483870967742
      },
      "WATCH-virtualmachineclusterinstancetypes-count": {
        "value": 13.207757296466974
      },
      "WATCH-virtualmachineclusterpreferences-count": {
        "value": 12.18678955453149
      },
      "WATCH-virtualmachineexports-count": {
        "value": 3.0629032258064517
      },
      "WATCH-virtualmachineinstancemigrations-count": {
        "value": 3.0629032258064517
      },
      "WATCH-virtualmachineinstancepresets-count": {
        "value": 10.128648233486944
      },
      "WATCH-virtualmachineinstancereplicasets-count": {
        "value": 5.10483870967742
      },
      "WATCH-virtualmachineinstances-count": {
        "value": 44.6794930875576
      },
      "WATCH-virtualmachineinstancetypes-count": {
        "value": 4.083870967741936
      },
      "WATCH-virtualmachinepools-count": {
        "value": 3.0629032258064517
      },
      "WATCH-virtualmachinepreferences-count": {
        "value": 5.10483870967742
      },
      "WATCH-virtualmachinerestores-count": {
        "value": 11.182027649769585
      },
      "WATCH-virtualmachines-count": {
        "value": 4.083870967741936
      },
      "WATCH-virtualmachinesnapshotcontents-count": {
        "value": 4.083870967741936
      },
      "WATCH-virtualmachinesnapshots-count": {
        "value": 4.083870967741936
      },
      "WATCH-volumesnapshotclasses-count": {
        "value": 5.10483870967742
      },
      "WATCH-volumesnapshots-count": {
        "value": 4.083870967741936
      },
      "avgVirtAPICPUUsage": {
        "value": 0.004151643313844085
      },
      "avgVirtAPIMemoryUsageInMB": {
        "value": 182.0224144345238
      },
      "avgVirtControllerCPUUsage": {
        "value": 0.008161920005913977
      },
      "avgVirtControllerMemoryUsageInMB": {
        "value": 342.9070560515873
      },
      "failed-phase-count": {
        "value": 29
      },
      "maxVirtAPIMemoryUsageInMB": {
        "value": 212.998046875
      },
      "maxVirtControllerMemoryUsageInMB": {
        "value": 408
      },
      "minVirtAPIMemoryUsageInMB": {
        "value": 171.525390625
      },
      "minVirtControllerMemoryUsageInMB": {
        "value": 295.984375
      },
      "vmiCreationToRunningSecondsP50": {
        "value": 0
      },
      "vmiCreationToRunningSecondsP95": {
        "value": 0
      },
      "vmiCreationToRunningSecondsP99": {
        "value": 0
      },
      "vmiDeletionToFailedSecondsP50": {
        "value": 0
      },
      "vmiDeletionToFailedSecondsP95": {
        "value": 0
      },
      "vmiDeletionToFailedSecondsP99": {
        "value": 0
      },
      "vmiDeletionToSucceededSecondsP50": {
        "value": 0
      },
      "vmiDeletionToSucceededSecondsP95": {
        "value": 0
      },
      "vmiDeletionToSucceededSecondsP99": {
        "value": 0
      }
    }
  },
  "VMResult": null
}
