{
  "JobDirCreationTime": "2024-08-23T05:12:16.907Z",
  "VMIResult": {
    "Values": {
      "CREATE-events-count": {
        "value": 747.7780712962963
      },
      "CREATE-pods-count": {
        "value": 109.93533333333332
      },
      "DELETE-pods-count": {
        "value": 112.16916666666667
      },
      "GET-leases-count": {
        "value": 184.44444444444446
      },
      "GET-nodes-count": {
        "value": 24.444444444444446
      },
      "LIST-clusterrolebindings-count": {
        "value": 2.2222222222222223
      },
      "LIST-clusterroles-count": {
        "value": 1.1111111111111112
      },
      "LIST-configmaps-count": {
        "value": 4.444444444444445
      },
      "LIST-customresourcedefinitions-count": {
        "value": 5.555555555555555
      },
      "LIST-deployments-count": {
        "value": 2.2222222222222223
      },
      "LIST-ingresses-count": {
        "value": 1.1111111111111112
      },
      "LIST-jobs-count": {
        "value": 2.2222222222222223
      },
      "LIST-kubevirts-count": {
        "value": 5.555555555555555
      },
      "LIST-mutatingwebhookconfigurations-count": {
        "value": 1.1111111111111112
      },
      "LIST-namespaces-count": {
        "value": 2.2222222222222223
      },
      "LIST-nodes-count": {
        "value": 2.2222222222222223
      },
      "LIST-persistentvolumeclaims-count": {
        "value": 1.1111111111111112
      },
      "LIST-poddisruptionbudgets-count": {
        "value": 1.1111111111111112
      },
      "LIST-pods-count": {
        "value": 1.1111111111111112
      },
      "LIST-prometheusrules-count": {
        "value": 1.1111111111111112
      },
      "LIST-resourcequotas-count": {
        "value": 1.1111111111111112
      },
      "LIST-rolebindings-count": {
        "value": 1.1111111111111112
      },
      "LIST-routes-count": {
        "value": 1.1111111111111112
      },
      "LIST-secrets-count": {
        "value": 1.1111111111111112
      },
      "LIST-serviceaccounts-count": {
        "value": 1.1111111111111112
      },
      "LIST-servicemonitors-count": {
        "value": 2.2222222222222223
      },
      "LIST-services-count": {
        "value": 1.1111111111111112
      },
      "LIST-virtualmachineclusterinstancetypes-count": {
        "value": 2.2222222222222223
      },
      "LIST-virtualmachineclusterpreferences-count": {
        "value": 2.2222222222222223
      },
      "LIST-virtualmachineexports-count": {
        "value": 1.1111111111111112
      },
      "LIST-virtualmachineinstances-count": {
        "value": 3.3333333333333335
      },
      "LIST-virtualmachinepools-count": {
        "value": 1.1111111111111112
      },
      "LIST-virtualmachinerestores-count": {
        "value": 2.2222222222222223
      },
      "LIST-virtualmachinesnapshots-count": {
        "value": 1.1111111111111112
      },
      "LIST-volumesnapshotclasses-count": {
        "value": 1.1111111111111112
      },
      "PATCH-nodes-count": {
        "value": 11.11111111111111
      },
      "PATCH-pods-count": {
        "value": 219.96002
      },
      "PATCH-services-count": {
        "value": 4.444444444444445
      },
      "PATCH-virtualmachineinstances-count": {
        "value": 224.33833333333334
      },
      "UPDATE-leases-count": {
        "value": 298.8888888888889
      },
      "UPDATE-virtualmachineinstances-count": {
        "value": 1231.7133283333333
      },
      "avgVirtAPICPUUsage": {
        "value": 0.0495597457962963
      },
      "avgVirtAPIMemoryUsageInMB": {
        "value": 178.224609375
      },
      "avgVirtControllerCPUUsage": {
        "value": 0.03752840576481482
      },
      "avgVirtControllerMemoryUsageInMB": {
        "value": 112.93125
      },
      "maxVirtAPIMemoryUsageInMB": {
        "value": 198.15234375
      },
      "maxVirtControllerMemoryUsageInMB": {
        "value": 140.15625
      },
      "minVirtAPIMemoryUsageInMB": {
        "value": 155.88671875
      },
      "minVirtControllerMemoryUsageInMB": {
        "value": 91.921875
      },
      "vmiCreationToRunningSecondsP50": {
        "value": 43.17608943693118
      },
      "vmiCreationToRunningSecondsP95": {
        "value": 49.57113007045368
      },
      "vmiCreationToRunningSecondsP99": {
        "value": 54.95502350022114
      },
      "vmiDeletionToFailedSecondsP50": {
        "value": 0
      },
      "vmiDeletionToFailedSecondsP95": {
        "value": 0
      },
      "vmiDeletionToFailedSecondsP99": {
        "value": 0
      },
      "vmiDeletionToSucceededSecondsP50": {
        "value": 0.7545852916850946
      },
      "vmiDeletionToSucceededSecondsP95": {
        "value": 8.863901944567314
      },
      "vmiDeletionToSucceededSecondsP99": {
        "value": 16.636682333480778
      }
    }
  },
  "VMResult": null
}
