{
  "JobDirCreationTime": "2022-09-02T05:06:05.72Z",
  "VMIResult": {
    "Values": {
      "CREATE-events-count": {
        "value": 764.6360392592592
      },
      "CREATE-pods-count": {
        "value": 111.4247619047619
      },
      "DELETE-pods-count": {
        "value": 111.4247619047619
      },
      "GET-endpoints-count": {
        "value": 487.77777777777777
      },
      "GET-nodes-count": {
        "value": 11.11111111111111
      },
      "LIST-clusterrolebindings-count": {
        "value": 2.2222222222222223
      },
      "LIST-configmaps-count": {
        "value": 6.666666666666667
      },
      "LIST-controllerrevisions-count": {
        "value": 1.1111111111111112
      },
      "LIST-customresourcedefinitions-count": {
        "value": 7.777753086968437
      },
      "LIST-daemonsets-count": {
        "value": 2.2222222222222223
      },
      "LIST-deployments-count": {
        "value": 2.2222222222222223
      },
      "LIST-jobs-count": {
        "value": 1.1111111111111112
      },
      "LIST-kubevirts-count": {
        "value": 5.555530864746215
      },
      "LIST-mutatingwebhookconfigurations-count": {
        "value": 1.1111111111111112
      },
      "LIST-namespaces-count": {
        "value": 2.2222222222222223
      },
      "LIST-persistentvolumeclaims-count": {
        "value": 1.1111111111111112
      },
      "LIST-poddisruptionbudgets-count": {
        "value": 1.1111111111111112
      },
      "LIST-pods-count": {
        "value": 1.1111111111111112
      },
      "LIST-prometheusrules-count": {
        "value": 2.2222222222222223
      },
      "LIST-rolebindings-count": {
        "value": 1.1111111111111112
      },
      "LIST-roles-count": {
        "value": 2.2222222222222223
      },
      "LIST-secrets-count": {
        "value": 3.3333333333333335
      },
      "LIST-serviceaccounts-count": {
        "value": 2.2222222222222223
      },
      "LIST-services-count": {
        "value": 1.1111111111111112
      },
      "LIST-validatingwebhookconfigurations-count": {
        "value": 2.2222222222222223
      },
      "LIST-virtualmachineclones-count": {
        "value": 1.1111111111111112
      },
      "LIST-virtualmachineexports-count": {
        "value": 1.1111111111111112
      },
      "LIST-virtualmachineinstancepresets-count": {
        "value": 1.1111111111111112
      },
      "LIST-virtualmachineinstances-count": {
        "value": 6.666666666666667
      },
      "LIST-virtualmachinepools-count": {
        "value": 1.1111111111111112
      },
      "LIST-virtualmachinesnapshots-count": {
        "value": 1.1111111111111112
      },
      "PATCH-events-count": {
        "value": 116.86403888888889
      },
      "PATCH-nodes-count": {
        "value": 8.88888888888889
      },
      "PATCH-pods-count": {
        "value": 112.60043809523809
      },
      "PATCH-virtualmachineinstances-count": {
        "value": 222.8495238095238
      },
      "UPDATE-endpoints-count": {
        "value": 300
      },
      "UPDATE-virtualmachineinstances-count": {
        "value": 1150.794559206349
      },
      "vmiCreationToRunningSecondsP50": {
        "value": 36.71883000202365
      },
      "vmiCreationToRunningSecondsP95": {
        "value": 55.79560025069141
      },
      "vmiCreationToRunningSecondsP99": {
        "value": 59.159120050138284
      }
    }
  },
  "VMResult": null
}
