{
  "JobDirCreationTime": "2024-11-28T05:05:37.935Z",
  "VMIResult": {
    "Values": {
      "CREATE-events-count": {
        "value": 533.483248148148
      },
      "CREATE-pods-count": {
        "value": 111.54666666666667
      },
      "DELETE-pods-count": {
        "value": 92.2497777777778
      },
      "GET-leases-count": {
        "value": 180
      },
      "GET-nodes-count": {
        "value": 23.333333333333336
      },
      "PATCH-nodes-count": {
        "value": 10
      },
      "PATCH-pods-count": {
        "value": 334.64
      },
      "PATCH-virtualmachineinstances-count": {
        "value": 207.31200000000004
      },
      "UPDATE-leases-count": {
        "value": 298.8888888888889
      },
      "UPDATE-virtualmachineinstances-count": {
        "value": 955.1165444444445
      },
      "WATCH-clusterrolebindings-count": {
        "value": 1.1111111111111112
      },
      "WATCH-clusterroles-count": {
        "value": 1.1111111111111112
      },
      "WATCH-configmaps-count": {
        "value": 8.88888888888889
      },
      "WATCH-customresourcedefinitions-count": {
        "value": 5.555555555555555
      },
      "WATCH-daemonsets-count": {
        "value": 2.2222222222222223
      },
      "WATCH-deployments-count": {
        "value": 2.2222222222222223
      },
      "WATCH-ingresses-count": {
        "value": 1.1111111111111112
      },
      "WATCH-kubevirts-count": {
        "value": 5.555555555555555
      },
      "WATCH-mutatingwebhookconfigurations-count": {
        "value": 1.1111111111111112
      },
      "WATCH-namespaces-count": {
        "value": 2.2222222222222223
      },
      "WATCH-poddisruptionbudgets-count": {
        "value": 3.3333333333333335
      },
      "WATCH-pods-count": {
        "value": 2.2222222222222223
      },
      "WATCH-prometheusrules-count": {
        "value": 2.2222222222222223
      },
      "WATCH-rolebindings-count": {
        "value": 2.2222222222222223
      },
      "WATCH-roles-count": {
        "value": 1.1111111111111112
      },
      "WATCH-routes-count": {
        "value": 2.2222222222222223
      },
      "WATCH-secrets-count": {
        "value": 2.2222222222222223
      },
      "WATCH-securitycontextconstraints-count": {
        "value": 1.1111111111111112
      },
      "WATCH-servicemonitors-count": {
        "value": 1.1111111111111112
      },
      "WATCH-services-count": {
        "value": 3.3333333333333335
      },
      "WATCH-storageclasses-count": {
        "value": 1.1111111111111112
      },
      "WATCH-validatingwebhookconfigurations-count": {
        "value": 2.2222222222222223
      },
      "WATCH-virtualmachineclusterinstancetypes-count": {
        "value": 3.3333333333333335
      },
      "WATCH-virtualmachineclusterpreferences-count": {
        "value": 1.1111111111111112
      },
      "WATCH-virtualmachineexports-count": {
        "value": 1.1111111111111112
      },
      "WATCH-virtualmachineinstancemigrations-count": {
        "value": 1.1111111111111112
      },
      "WATCH-virtualmachineinstancepresets-count": {
        "value": 2.2222222222222223
      },
      "WATCH-virtualmachineinstances-count": {
        "value": 1.1111111111111112
      },
      "WATCH-virtualmachineinstancetypes-count": {
        "value": 1.1111111111111112
      },
      "WATCH-virtualmachinepools-count": {
        "value": 1.1111111111111112
      },
      "WATCH-virtualmachinepreferences-count": {
        "value": 1.1111111111111112
      },
      "WATCH-virtualmachinerestores-count": {
        "value": 3.3333333333333335
      },
      "WATCH-virtualmachines-count": {
        "value": 1.1111111111111112
      },
      "avgVirtAPICPUUsage": {
        "value": 0.02485775099259259
      },
      "avgVirtAPIMemoryUsageInMB": {
        "value": 172.92685546874998
      },
      "avgVirtControllerCPUUsage": {
        "value": 0.03450704617037037
      },
      "avgVirtControllerMemoryUsageInMB": {
        "value": 97.34453125
      },
      "maxVirtAPIMemoryUsageInMB": {
        "value": 194.548828125
      },
      "maxVirtControllerMemoryUsageInMB": {
        "value": 120.53125
      },
      "minVirtAPIMemoryUsageInMB": {
        "value": 157.365234375
      },
      "minVirtControllerMemoryUsageInMB": {
        "value": 84.83984375
      },
      "vmiCreationToRunningSecondsP50": {
        "value": 42.93737753829711
      },
      "vmiCreationToRunningSecondsP95": {
        "value": 49.42230918240114
      },
      "vmiCreationToRunningSecondsP99": {
        "value": 49.99874755076595
      },
      "vmiDeletionToFailedSecondsP50": {
        "value": 0
      },
      "vmiDeletionToFailedSecondsP95": {
        "value": 0
      },
      "vmiDeletionToFailedSecondsP99": {
        "value": 0
      },
      "vmiDeletionToSucceededSecondsP50": {
        "value": 0.692180356400665
      },
      "vmiDeletionToSucceededSecondsP95": {
        "value": 0.9767180356400664
      },
      "vmiDeletionToSucceededSecondsP99": {
        "value": 1.241232855361597
      }
    }
  },
  "VMResult": null
}
