{
  "JobDirCreationTime": "2022-09-12T05:06:55.58Z",
  "VMIResult": {
    "Values": {
      "CREATE-events-count": {
        "value": 813.2978277777778
      },
      "CREATE-pods-count": {
        "value": 120.12333333333333
      },
      "DELETE-pods-count": {
        "value": 120.12333333333333
      },
      "GET-endpoints-count": {
        "value": 487.7777777777778
      },
      "GET-nodes-count": {
        "value": 10
      },
      "LIST-clusterrolebindings-count": {
        "value": 2.2222222222222223
      },
      "LIST-configmaps-count": {
        "value": 4.444444444444445
      },
      "LIST-customresourcedefinitions-count": {
        "value": 8.88888888888889
      },
      "LIST-jobs-count": {
        "value": 2.2222222222222223
      },
      "LIST-kubevirts-count": {
        "value": 5.555555555555555
      },
      "LIST-mutatingwebhookconfigurations-count": {
        "value": 2.2222222222222223
      },
      "LIST-poddisruptionbudgets-count": {
        "value": 1.1111111111111112
      },
      "LIST-pods-count": {
        "value": 2.2222222222222223
      },
      "LIST-prometheusrules-count": {
        "value": 1.1111111111111112
      },
      "LIST-rolebindings-count": {
        "value": 1.1111111111111112
      },
      "LIST-roles-count": {
        "value": 1.1111111111111112
      },
      "LIST-secrets-count": {
        "value": 1.1111111111111112
      },
      "LIST-serviceaccounts-count": {
        "value": 1.1111111111111112
      },
      "LIST-servicemonitors-count": {
        "value": 2.2222222222222223
      },
      "LIST-services-count": {
        "value": 2.2222222222222223
      },
      "LIST-validatingwebhookconfigurations-count": {
        "value": 1.1111111111111112
      },
      "LIST-virtualmachineinstances-count": {
        "value": 5.555555555555555
      },
      "LIST-virtualmachinerestores-count": {
        "value": 2.2222222222222223
      },
      "PATCH-events-count": {
        "value": 110.16384666666667
      },
      "PATCH-nodes-count": {
        "value": 10
      },
      "PATCH-pods-count": {
        "value": 120.12333333333333
      },
      "PATCH-virtualmachineinstances-count": {
        "value": 240.24666666666667
      },
      "UPDATE-endpoints-count": {
        "value": 298.8888888888889
      },
      "UPDATE-virtualmachineinstances-count": {
        "value": 1188.7733822222222
      },
      "vmiCreationToRunningSecondsP50": {
        "value": 36.95006067050447
      },
      "vmiCreationToRunningSecondsP95": {
        "value": 53.69753336877745
      },
      "vmiCreationToRunningSecondsP99": {
        "value": 58.7395066737555
      }
    }
  },
  "VMResult": null
}
