{
  "JobDirCreationTime": "2026-05-12T00:47:41.636Z",
  "VMIResult": {
    "Values": {
      "CREATE-events-count": {
        "value": 138.85161666666664
      },
      "CREATE-pods-count": {
        "value": 109.13250000000001
      },
      "GET-leases-count": {
        "value": 129.9616888888889
      },
      "GET-mutatingwebhookconfigurations-count": {
        "value": 36.41909718171364
      },
      "LIST-nodes-count": {
        "value": 36.41909718171364
      },
      "LIST-virtualmachineclusterinstancetypes-count": {
        "value": 31.561335088859632
      },
      "LIST-virtualmachineclusterpreferences-count": {
        "value": 31.561335088859632
      },
      "PATCH-nodes-count": {
        "value": 16.701943333333332
      },
      "PATCH-pods-count": {
        "value": 219.42765000000003
      },
      "PATCH-services-count": {
        "value": 145.67638872685455
      },
      "PATCH-validatingadmissionpolicies-count": {
        "value": 36.41909718171364
      },
      "PATCH-validatingadmissionpolicybindings-count": {
        "value": 36.41909718171364
      },
      "PATCH-virtualmachineinstances-count": {
        "value": 110.7349,
        "thresholdResult": {
          "thresholdValue": 218.26500000000001,
          "thresholdMetric": "CREATE-pods-count",
          "thresholdRatio": 1.0146830687467068,
          "thresholdExceeded": false
        }
      },
      "UPDATE-configmaps-count": {
        "value": 36.41909718171364
      },
      "UPDATE-kubevirts-count": {
        "value": 1.1748095865068915
      },
      "UPDATE-leases-count": {
        "value": 208.11236278562023
      },
      "UPDATE-virtualmachineinstances-count": {
        "value": 489.4042138888889,
        "thresholdResult": {
          "thresholdValue": 1091.325,
          "thresholdMetric": "CREATE-pods-count",
          "thresholdRatio": 4.48449558004159,
          "thresholdExceeded": false
        }
      },
      "avgVirtAPICPUUsage": {
        "value": 0.010983270009714287
      },
      "avgVirtAPIMemoryUsageInMB": {
        "value": 149.076904296875
      },
      "avgVirtControllerCPUUsage": {
        "value": 0.02886268670833333
      },
      "avgVirtControllerMemoryUsageInMB": {
        "value": 65.51060267857143
      },
      "avgVirtHandlerCPUUsage": {
        "value": 0.0009264596099378478
      },
      "avgVirtHandlerMemoryUsageInMB": {
        "value": 76.57942708333334
      },
      "maxVirtAPIMemoryUsageInMB": {
        "value": 169.66796875
      },
      "maxVirtControllerMemoryUsageInMB": {
        "value": 90.14453125
      },
      "maxVirtHandlerCPUUsage": {
        "value": 0.0009854974626172838
      },
      "maxVirtHandlerMemoryUsageInMB": {
        "value": 100.50651041666667
      },
      "minVirtAPIMemoryUsageInMB": {
        "value": 138.35546875
      },
      "minVirtControllerMemoryUsageInMB": {
        "value": 47.16015625
      },
      "minVirtHandlerCPUUsage": {
        "value": 0.0008692313331792929
      },
      "minVirtHandlerMemoryUsageInMB": {
        "value": 52.65234375
      },
      "none-none-count": {
        "value": 2.324538888888889
      },
      "running-phase-count": {
        "value": 100
      },
      "scheduled-phase-count": {
        "value": 1
      },
      "virtControllerWorkqueueAddRate": {
        "value": 16.005683
      },
      "virtControllerWorkqueueDepth": {
        "value": 0.003488238095238096
      },
      "virtControllerWorkqueueP99Latency": {
        "value": 0.06686883933489145
      },
      "vmiCreationToRunningSecondsP50": {
        "value": 17.568346533327137,
        "thresholdResult": {
          "thresholdValue": 45,
          "thresholdExceeded": false
        }
      },
      "vmiCreationToRunningSecondsP95": {
        "value": 28.52661110268426,
        "thresholdResult": {
          "thresholdValue": 60,
          "thresholdExceeded": false
        }
      },
      "vmiCreationToRunningSecondsP99": {
        "value": 29.70532222053685
      },
      "vmiDeletionToFailedSecondsP50": {
        "value": 0
      },
      "vmiDeletionToFailedSecondsP95": {
        "value": 0
      },
      "vmiDeletionToFailedSecondsP99": {
        "value": 0
      },
      "vmiDeletionToSucceededSecondsP50": {
        "value": 0
      },
      "vmiDeletionToSucceededSecondsP95": {
        "value": 0
      },
      "vmiDeletionToSucceededSecondsP99": {
        "value": 0
      }
    }
  },
  "VMResult": {
    "Values": {
      "CREATE-controllerrevisions-count": {
        "value": 152.43626666666668
      },
      "CREATE-events-count": {
        "value": 798.8888888888889
      },
      "CREATE-pods-count": {
        "value": 111.11111111111111
      },
      "CREATE-virtualmachineinstances-count": {
        "value": 152.43626666666668
      },
      "GET-leases-count": {
        "value": 191.11111111111111
      },
      "GET-mutatingwebhookconfigurations-count": {
        "value": 48.88888888888889
      },
      "LIST-configmaps-count": {
        "value": 1.1111111111111112
      },
      "LIST-nodes-count": {
        "value": 48.88888888888889
      },
      "LIST-virtualmachineclusterinstancetypes-count": {
        "value": 48.88888888888889
      },
      "LIST-virtualmachineclusterpreferences-count": {
        "value": 48.88888888888889
      },
      "PATCH-nodes-count": {
        "value": 24.444444444444446
      },
      "PATCH-pods-count": {
        "value": 224.44444444444446
      },
      "PATCH-services-count": {
        "value": 195.55555555555557
      },
      "PATCH-validatingadmissionpolicies-count": {
        "value": 48.88888888888889
      },
      "PATCH-validatingadmissionpolicybindings-count": {
        "value": 48.88888888888889
      },
      "PATCH-virtualmachineinstances-count": {
        "value": 181.11111111111111,
        "thresholdResult": {
          "thresholdValue": 222.22222222222223,
          "thresholdMetric": "CREATE-pods-count",
          "thresholdRatio": 1.63,
          "thresholdExceeded": false
        }
      },
      "PATCH-virtualmachines-count": {
        "value": 152.43626666666668
      },
      "UPDATE-configmaps-count": {
        "value": 48.88888888888889
      },
      "UPDATE-leases-count": {
        "value": 298.8888888888889
      },
      "UPDATE-virtualmachineinstances-count": {
        "value": 866.6666666666665,
        "thresholdResult": {
          "thresholdValue": 1111.111111111111,
          "thresholdMetric": "CREATE-pods-count",
          "thresholdRatio": 7.799999999999998,
          "thresholdExceeded": false
        }
      },
      "UPDATE-virtualmachines-count": {
        "value": 1379.652
      },
      "WATCH-cdiconfigs-count": {
        "value": 1.1111111111111112
      },
      "WATCH-cdis-count": {
        "value": 1.1111111111111112
      },
      "WATCH-clusterrolebindings-count": {
        "value": 1.1111111111111112
      },
      "WATCH-clusterroles-count": {
        "value": 1.1111111111111112
      },
      "WATCH-configmaps-count": {
        "value": 8.888909465401623
      },
      "WATCH-controllerrevisions-count": {
        "value": 1.1111111111111112
      },
      "WATCH-customresourcedefinitions-count": {
        "value": 10.000020576512732
      },
      "WATCH-daemonsets-count": {
        "value": 2.2222222222222223
      },
      "WATCH-datasources-count": {
        "value": 1.1111316876238448
      },
      "WATCH-datavolumes-count": {
        "value": 1.1111111111111112
      },
      "WATCH-deployments-count": {
        "value": 2.2222222222222223
      },
      "WATCH-ingresses-count": {
        "value": 1.1111111111111112
      },
      "WATCH-jobs-count": {
        "value": 2.2222222222222223
      },
      "WATCH-kubevirts-count": {
        "value": 11.111131687623843
      },
      "WATCH-leases-count": {
        "value": 1.1111111111111112
      },
      "WATCH-migrationpolicies-count": {
        "value": 1.1111111111111112
      },