{
  "JobDirCreationTime": "2023-03-18T05:08:38.059Z",
  "VMIResult": {
    "Values": {
      "CREATE-events-count": {
        "value": 416.74912222222224
      },
      "CREATE-pods-count": {
        "value": 119.87416666666665
      },
      "GET-endpoints-count": {
        "value": 484.44444444444446
      },
      "GET-nodes-count": {
        "value": 20
      },
      "LIST-clusterrolebindings-count": {
        "value": 1.1111111111111112
      },
      "LIST-customresourcedefinitions-count": {
        "value": 3.3333333333333335
      },
      "LIST-deployments-count": {
        "value": 1.1111111111111112
      },
      "LIST-kubevirts-count": {
        "value": 1.1111111111111112
      },
      "LIST-nodes-count": {
        "value": 3.3333333333333335
      },
      "LIST-pods-count": {
        "value": 1.1111111111111112
      },
      "LIST-rolebindings-count": {
        "value": 1.1111111111111112
      },
      "LIST-secrets-count": {
        "value": 1.1111111111111112
      },
      "LIST-serviceaccounts-count": {
        "value": 2.2222222222222223
      },
      "LIST-services-count": {
        "value": 1.1111111111111112
      },
      "PATCH-nodes-count": {
        "value": 6.666666666666667
      },
      "PATCH-pods-count": {
        "value": 239.93707499999996
      },
      "PATCH-services-count": {
        "value": 13.333333333333334
      },
      "PATCH-virtualmachineinstances-count": {
        "value": 127.16555555555556
      },
      "UPDATE-endpoints-count": {
        "value": 298.8888888888889
      },
      "UPDATE-kubevirts-count": {
        "value": 1.1111111111111112
      },
      "UPDATE-virtualmachineinstances-count": {
        "value": 1037.6456055555557
      },
      "vmiCreationToRunningSecondsP50": {
        "value": 44.1039648152006
      },
      "vmiCreationToRunningSecondsP95": {
        "value": 49.99481206593565
      },
      "vmiCreationToRunningSecondsP99": {
        "value": 57.98402116308178
      },
      "vmiDeletionToFailedSecondsP50": {
        "value": 0
      },
      "vmiDeletionToFailedSecondsP95": {
        "value": 0
      },
      "vmiDeletionToFailedSecondsP99": {
        "value": 0
      },
      "vmiDeletionToSucceededSecondsP50": {
        "value": 0
      },
      "vmiDeletionToSucceededSecondsP95": {
        "value": 0
      },
      "vmiDeletionToSucceededSecondsP99": {
        "value": 0
      }
    }
  },
  "VMResult": null
}
