{
  "JobDirCreationTime": "2025-04-24T00:22:23.56Z",
  "VMIResult": {
    "Values": {
      "CREATE-events-count": {
        "value": 157.62018666666665
      },
      "CREATE-pods-count": {
        "value": 127.78111111111113
      },
      "GET-leases-count": {
        "value": 121.39254879162107
      },
      "GET-nodes-count": {
        "value": 33.90996222222222
      },
      "LIST-nodes-count": {
        "value": 5.545638888888888
      },
      "LIST-virtualmachineclusterinstancetypes-count": {
        "value": 5.545638888888888
      },
      "LIST-virtualmachineclusterpreferences-count": {
        "value": 5.545638888888888
      },
      "PATCH-nodes-count": {
        "value": 7.269741111111111
      },
      "PATCH-pods-count": {
        "value": 408.69955555555555
      },
      "PATCH-services-count": {
        "value": 22.182555555555552
      },
      "PATCH-validatingadmissionpolicies-count": {
        "value": 5.545638888888888
      },
      "PATCH-validatingadmissionpolicybindings-count": {
        "value": 5.545638888888888
      },
      "PATCH-virtualmachineinstances-count": {
        "value": 38.84635,
        "thresholdResult": {
          "thresholdValue": 255.56222222222226,
          "thresholdMetric": "CREATE-pods-count",
          "thresholdRatio": 0.30400698242654534,
          "thresholdExceeded": true
        }
      },
      "UPDATE-kubevirts-count": {
        "value": 1.1091277777777777
      },
      "UPDATE-leases-count": {
        "value": 193.26387222222223
      },
      "UPDATE-virtualmachineinstances-count": {
        "value": 661.9130673957013,
        "thresholdResult": {
          "thresholdValue": 1277.8111111111114,
          "thresholdMetric": "CREATE-pods-count",
          "thresholdRatio": 5.180054091250933,
          "thresholdExceeded": false
        }
      },
      "WATCH-clusterroles-count": {
        "value": 1.1281666666666665
      },
      "WATCH-prometheusrules-count": {
        "value": 1.1281666666666665
      },
      "WATCH-serviceaccounts-count": {
        "value": 1.1091277777777777
      },
      "WATCH-servicemonitors-count": {
        "value": 1.1091277777777777
      },
      "WATCH-validatingwebhookconfigurations-count": {
        "value": 1.1091277777777777
      },
      "avgVirtAPICPUUsage": {
        "value": 0.009549419197214287
      },
      "avgVirtAPIMemoryUsageInMB": {
        "value": 126.14995659722223
      },
      "avgVirtControllerCPUUsage": {
        "value": 0.025191163325952382
      },
      "avgVirtControllerMemoryUsageInMB": {
        "value": 63.3134765625
      },
      "avgVirtHandlerCPUUsage": {
        "value": 0.0007819313898548987
      },
      "avgVirtHandlerMemoryUsageInMB": {
        "value": 11.905971235795453
      },
      "maxVirtAPIMemoryUsageInMB": {
        "value": 161.126953125
      },
      "maxVirtControllerMemoryUsageInMB": {
        "value": 88.09765625
      },
      "maxVirtHandlerCPUUsage": {
        "value": 0.0008241969992361112
      },
      "maxVirtHandlerMemoryUsageInMB": {
        "value": 33.5594140625
      },
      "minVirtAPIMemoryUsageInMB": {
        "value": 0
      },
      "minVirtControllerMemoryUsageInMB": {
        "value": 52.0390625
      },
      "minVirtHandlerCPUUsage": {
        "value": 0.0007347751534713625
      },
      "minVirtHandlerMemoryUsageInMB": {
        "value": 3.8771484375
      },
      "running-phase-count": {
        "value": 28
      },
      "scheduled-phase-count": {
        "value": 64
      },
      "scheduling-phase-count": {
        "value": 9
      },
      "vmiCreationToRunningSecondsP50": {
        "value": 18.290770520073302,
        "thresholdResult": {
          "thresholdValue": 45,
          "thresholdExceeded": false
        }
      },
      "vmiCreationToRunningSecondsP95": {
        "value": 28.740299502882287,
        "thresholdResult": {
          "thresholdValue": 60,
          "thresholdExceeded": false
        }
      },
      "vmiCreationToRunningSecondsP99": {
        "value": 29.748059900576457
      },
      "vmiDeletionToFailedSecondsP50": {
        "value": 0
      },
      "vmiDeletionToFailedSecondsP95": {
        "value": 0
      },
      "vmiDeletionToFailedSecondsP99": {
        "value": 0
      },
      "vmiDeletionToSucceededSecondsP50": {
        "value": 0
      },
      "vmiDeletionToSucceededSecondsP95": {
        "value": 0
      },
      "vmiDeletionToSucceededSecondsP99": {
        "value": 0
      }
    }
  },
  "VMResult": {
    "Values": {
      "CREATE-events-count": {
        "value": 861.1111111111111
      },
      "CREATE-pods-count": {
        "value": 111.11111111111111
      },
      "GET-leases-count": {
        "value": 184.4430946702024
      },
      "GET-nodes-count": {
        "value": 26.666666666666668
      },
      "PATCH-nodes-count": {
        "value": 11.11111111111111
      },
      "PATCH-pods-count": {
        "value": 373.33333333333337
      },
      "PATCH-virtualmachineinstances-count": {
        "value": 150,
        "thresholdResult": {
          "thresholdValue": 222.22222222222223,
          "thresholdMetric": "CREATE-pods-count",
          "thresholdRatio": 1.3499999999999999,
          "thresholdExceeded": false
        }
      },
      "UPDATE-leases-count": {
        "value": 298.8888888888889
      },
      "UPDATE-virtualmachineinstances-count": {
        "value": 872.2222222222222,
        "thresholdResult": {
          "thresholdValue": 1111.111111111111,
          "thresholdMetric": "CREATE-pods-count",
          "thresholdRatio": 7.85,
          "thresholdExceeded": false
        }
      },
      "WATCH-cdiconfigs-count": {
        "value": 1.1111111111111112
      },
      "WATCH-cdis-count": {
        "value": 1.1111111111111112
      },
      "WATCH-clusterrolebindings-count": {
        "value": 2.2222222222222223
      },
      "WATCH-clusterroles-count": {
        "value": 1.1111111111111112
      },
      "WATCH-configmaps-count": {
        "value": 13.333333333333332
      },
      "WATCH-customresourcedefinitions-count": {
        "value": 11.11109465044962
      },
      "WATCH-daemonsets-count": {
        "value": 1.1111111111111112
      },
      "WATCH-datasources-count": {
        "value": 2.2222222222222223
      },
      "WATCH-datavolumes-count": {
        "value": 1.1111111111111112
      },
      "WATCH-deployments-count": {
        "value": 2.2222222222222223
      },
      "WATCH-ingresses-count": {
        "value": 1.1111111111111112
      },
      "WATCH-jobs-count": {
        "value": 1.1111111111111112
      },
      "WATCH-kubevirts-count": {
        "value": 7.777777777777777
      },
      "WATCH-migrationpolicies-count": {
        "value": 1.1111111111111112
      },
      "WATCH-mutatingwebhookconfigurations-count": {
        "value": 1.1111111111111112
      },
      "WATCH-namespaces-count": {
        "value": 4.444444444444445
      },
      "WATCH-nodes-count": {
        "value": 1.1111111111111112
      },
      "WATCH-persistentvolumeclaims-count": {
        "value": 1.1111111111111112
      },
      "WATCH-poddisruptionbudgets-count": {
        "value": 2.2222222222222223
      },
      "WATCH-pods-count": {
        "value": 4.444444444444445
      },
      "WATCH-prometheusrules-count": {
        "value": 1.1111111111111112
      },
      "WATCH-resourcequotas-count": {
        "value": 1.1111111111111112
      },
      "WATCH-rolebindings-count": {
        "value": 2.2222222222222223
      },
      "WATCH-roles-count": {
        "value": 1.1111111111111112
      },
      "WATCH-secrets-count": {
        "value": 2.2222222222222223
      },
      "WATCH-serviceaccounts-count": {
        "value": 1.1111111111111112
      },
      "WATCH-services-count": {
        "value": 3.3333333333333335
      },
      "WATCH-storageclasses-count": {
        "value": 1.1111111111111112
      },
      "WATCH-storageprofiles-count": {
        "value": 1.1111111111111112
      },