{
  "JobDirCreationTime": "2026-04-26T06:16:19.812Z",
  "VMIResult": {
    "Values": {
      "CREATE-events-count": {
        "value": 152.1241935483871
      },
      "CREATE-pods-count": {
        "value": 101.56311827956988
      },
      "DELETE-jobs-count": {
        "value": 315.47903225806454
      },
      "DELETE-pods-count": {
        "value": 121.6704262295082
      },
      "GET-leases-count": {
        "value": 1173.091935483871
      },
      "GET-mutatingwebhookconfigurations-count": {
        "value": 316.5
      },
      "LIST-nodes-count": {
        "value": 316.5
      },
      "LIST-virtualmachineclusterinstancetypes-count": {
        "value": 316.5
      },
      "LIST-virtualmachineclusterpreferences-count": {
        "value": 316.5
      },
      "PATCH-events-count": {
        "value": 73.00225573770491
      },
      "PATCH-nodes-count": {
        "value": 89.37519201228879
      },
      "PATCH-pods-count": {
        "value": 101.56311827956988
      },
      "PATCH-services-count": {
        "value": 1262.9370967741936
      },
      "UPDATE-configmaps-count": {
        "value": 316.5
      },
      "UPDATE-leases-count": {
        "value": 1894.9161290322581
      },
      "UPDATE-virtualmachineinstances-count": {
        "value": 391.1736365591397
      },
      "WATCH-clusterrolebindings-count": {
        "value": 9.188709677419356
      },
      "WATCH-clusterroles-count": {
        "value": 10.20967741935484
      },
      "WATCH-configmaps-count": {
        "value": 68.32380952380953
      },
      "WATCH-controllerrevisions-count": {
        "value": 4.083870967741936
      },
      "WATCH-customresourcedefinitions-count": {
        "value": 46.89969278033794
      },
      "WATCH-daemonsets-count": {
        "value": 8.167741935483871
      },
      "WATCH-deployments-count": {
        "value": 8.167741935483871
      },
      "WATCH-ingresses-count": {
        "value": 5.10483870967742
      },
      "WATCH-jobs-count": {
        "value": 9.188709677419356
      },
      "WATCH-kubevirts-count": {
        "value": 36.69001536098311
      },
      "WATCH-leases-count": {
        "value": 8.167741935483871
      },
      "WATCH-migrationpolicies-count": {
        "value": 4.083870967741936
      },
      "WATCH-mutatingwebhookconfigurations-count": {
        "value": 9.188709677419356
      },
      "WATCH-namespaces-count": {
        "value": 22.461290322580645
      },
      "WATCH-nodes-count": {
        "value": 15.249692780337941
      },
      "WATCH-persistentvolumeclaims-count": {
        "value": 5.10483870967742
      },
      "WATCH-poddisruptionbudgets-count": {
        "value": 13.272580645161291
      },
      "WATCH-pods-count": {
        "value": 17.35645161290323
      },
      "WATCH-prometheusrules-count": {
        "value": 9.188709677419356
      },
      "WATCH-resourcequotas-count": {
        "value": 4.083870967741936
      },
      "WATCH-rolebindings-count": {
        "value": 9.188709677419356
      },
      "WATCH-roles-count": {
        "value": 9.188709677419356
      },
      "WATCH-routes-count": {
        "value": 14.293548387096775
      },
      "WATCH-secrets-count": {
        "value": 12.251612903225807
      },
      "WATCH-securitycontextconstraints-count": {
        "value": 8.167741935483871
      },
      "WATCH-serviceaccounts-count": {
        "value": 8.167741935483871
      },
      "WATCH-servicemonitors-count": {
        "value": 8.167741935483871
      },
      "WATCH-services-count": {
        "value": 12.251612903225807
      },
      "WATCH-storageclasses-count": {
        "value": 3.0629032258064517
      },
      "WATCH-validatingwebhookconfigurations-count": {
        "value": 8.167741935483871
      },
      "WATCH-virtualmachinebackups-count": {
        "value": 14.293548387096775
      },
      "WATCH-virtualmachinebackuptrackers-count": {
        "value": 17.29162826420891
      },
      "WATCH-virtualmachineclones-count": {
        "value": 4.083870967741936
      },
      "WATCH-virtualmachineclusterinstancetypes-count": {
        "value": 10.209677419354838
      },
      "WATCH-virtualmachineclusterpreferences-count": {
        "value": 12.251612903225807
      },
      "WATCH-virtualmachineexports-count": {
        "value": 4.083870967741936
      },
      "WATCH-virtualmachineinstancemigrations-count": {
        "value": 5.10483870967742
      },
      "WATCH-virtualmachineinstancepresets-count": {
        "value": 9.188709677419356
      },
      "WATCH-virtualmachineinstancereplicasets-count": {
        "value": 5.10483870967742
      },
      "WATCH-virtualmachineinstances-count": {
        "value": 42.65376344086021
      },
      "WATCH-virtualmachineinstancetypes-count": {
        "value": 5.10483870967742
      },
      "WATCH-virtualmachinepools-count": {
        "value": 5.10483870967742
      },
      "WATCH-virtualmachinepreferences-count": {
        "value": 4.083870967741936
      },
      "WATCH-virtualmachinerestores-count": {
        "value": 13.272580645161291
      },
      "WATCH-virtualmachines-count": {
        "value": 4.083870967741936
      },
      "WATCH-virtualmachinesnapshotcontents-count": {
        "value": 4.083870967741936
      },
      "WATCH-virtualmachinesnapshots-count": {
        "value": 5.10483870967742
      },
      "WATCH-volumesnapshotclasses-count": {
        "value": 4.083870967741936
      },
      "WATCH-volumesnapshots-count": {
        "value": 4.083870967741936
      },
      "avgVirtAPICPUUsage": {
        "value": 0.003716224222215821
      },
      "avgVirtAPIMemoryUsageInMB": {
        "value": 193.4134947761657
      },
      "avgVirtControllerCPUUsage": {
        "value": 0.008707322165591396
      },
      "avgVirtControllerMemoryUsageInMB": {
        "value": 377.26165674603175
      },
      "failed-phase-count": {
        "value": 12
      },
      "maxVirtAPIMemoryUsageInMB": {
        "value": 232.435546875
      },
      "maxVirtControllerMemoryUsageInMB": {
        "value": 467.8828125
      },
      "minVirtAPIMemoryUsageInMB": {
        "value": 182.44140625
      },
      "minVirtControllerMemoryUsageInMB": {
        "value": 321.28125
      },
      "scheduling-phase-count": {
        "value": 52
      },
      "virtControllerWorkqueueAddRate": {
        "value": 1.7123486186844232
      },
      "virtControllerWorkqueueDepth": {
        "value": 0
      },
      "virtControllerWorkqueueP99Latency": {
        "value": 0.07992896814689876
      },
      "vmiCreationToRunningSecondsP50": {
        "value": 0
      },
      "vmiCreationToRunningSecondsP95": {
        "value": 0
      },
      "vmiCreationToRunningSecondsP99": {
        "value": 0
      },
      "vmiDeletionToFailedSecondsP50": {
        "value": 0.25
      },
      "vmiDeletionToFailedSecondsP95": {
        "value": 0.47500000000000003
      },
      "vmiDeletionToFailedSecondsP99": {
        "value": 0.495
      },
      "vmiDeletionToSucceededSecondsP50": {
        "value": 0
      },
      "vmiDeletionToSucceededSecondsP95": {
        "value": 0
      },
      "vmiDeletionToSucceededSecondsP99": {
        "value": 0
      }
    }
  },
  "VMResult": null
}
