{
  "JobDirCreationTime": "2025-10-21T06:19:29.831Z",
  "VMIResult": {
    "Values": {
      "CREATE-events-count": {
        "value": 103.11774193548388
      },
      "CREATE-pods-count": {
        "value": 102.09677419354838
      },
      "DELETE-jobs-count": {
        "value": 315.4952380952381
      },
      "GET-leases-count": {
        "value": 1185.3435483870967
      },
      "GET-nodes-count": {
        "value": 77.59354838709677
      },
      "LIST-nodes-count": {
        "value": 316.5
      },
      "LIST-virtualmachineclusterinstancetypes-count": {
        "value": 316.5
      },
      "LIST-virtualmachineclusterpreferences-count": {
        "value": 316.5
      },
      "PATCH-nodes-count": {
        "value": 58.19516129032258
      },
      "PATCH-pods-count": {
        "value": 102.09677419354838
      },
      "PATCH-services-count": {
        "value": 1261.9809523809524
      },
      "UPDATE-configmaps-count": {
        "value": 316.5
      },
      "UPDATE-leases-count": {
        "value": 1894.9485407066054
      },
      "UPDATE-virtualmachineinstances-count": {
        "value": 308.3322580645161
      },
      "WATCH-clusterrolebindings-count": {
        "value": 8.102918586789555
      },
      "WATCH-clusterroles-count": {
        "value": 9.123886328725039
      },
      "WATCH-configmaps-count": {
        "value": 63.80238095238095
      },
      "WATCH-controllerrevisions-count": {
        "value": 4.083870967741936
      },
      "WATCH-customresourcedefinitions-count": {
        "value": 46.70522273425499
      },
      "WATCH-daemonsets-count": {
        "value": 10.128648233486944
      },
      "WATCH-deployments-count": {
        "value": 8.102918586789555
      },
      "WATCH-ingresses-count": {
        "value": 4.083870967741936
      },
      "WATCH-jobs-count": {
        "value": 8.102918586789555
      },
      "WATCH-kubevirts-count": {
        "value": 35.52319508448541
      },
      "WATCH-leases-count": {
        "value": 9.10768049155146
      },
      "WATCH-migrationpolicies-count": {
        "value": 4.083870967741936
      },
      "WATCH-mutatingwebhookconfigurations-count": {
        "value": 8.102918586789555
      },
      "WATCH-namespaces-count": {
        "value": 22.234408602150538
      },
      "WATCH-nodes-count": {
        "value": 4.083870967741936
      },
      "WATCH-persistentvolumeclaims-count": {
        "value": 4.083870967741936
      },
      "WATCH-poddisruptionbudgets-count": {
        "value": 13.207757296466974
      },
      "WATCH-pods-count": {
        "value": 17.27542242703533
      },
      "WATCH-prometheusrules-count": {
        "value": 9.10768049155146
      },
      "WATCH-resourcequotas-count": {
        "value": 6.125806451612903
      },
      "WATCH-rolebindings-count": {
        "value": 7.08195084485407
      },
      "WATCH-roles-count": {
        "value": 8.102918586789555
      },
      "WATCH-routes-count": {
        "value": 11.182027649769585
      },
      "WATCH-secrets-count": {
        "value": 11.165821812596006
      },
      "WATCH-securitycontextconstraints-count": {
        "value": 10.128648233486944
      },
      "WATCH-serviceaccounts-count": {
        "value": 10.128648233486944
      },
      "WATCH-servicemonitors-count": {
        "value": 7.08195084485407
      },
      "WATCH-services-count": {
        "value": 13.207757296466974
      },
      "WATCH-storageclasses-count": {
        "value": 5.10483870967742
      },
      "WATCH-validatingwebhookconfigurations-count": {
        "value": 8.102918586789555
      },
      "WATCH-virtualmachineclones-count": {
        "value": 4.083870967741936
      },
      "WATCH-virtualmachineclusterinstancetypes-count": {
        "value": 12.18678955453149
      },
      "WATCH-virtualmachineclusterpreferences-count": {
        "value": 11.165821812596006
      },
      "WATCH-virtualmachineexports-count": {
        "value": 4.083870967741936
      },
      "WATCH-virtualmachineinstancemigrations-count": {
        "value": 5.10483870967742
      },
      "WATCH-virtualmachineinstancepresets-count": {
        "value": 8.038095238095238
      },
      "WATCH-virtualmachineinstancereplicasets-count": {
        "value": 3.0629032258064517
      },
      "WATCH-virtualmachineinstances-count": {
        "value": 38.79677419354839
      },
      "WATCH-virtualmachineinstancetypes-count": {
        "value": 4.083870967741936
      },
      "WATCH-virtualmachinepools-count": {
        "value": 5.10483870967742
      },
      "WATCH-virtualmachinepreferences-count": {
        "value": 4.083870967741936
      },
      "WATCH-virtualmachinerestores-count": {
        "value": 14.147695852534563
      },
      "WATCH-virtualmachines-count": {
        "value": 5.10483870967742
      },
      "WATCH-virtualmachinesnapshotcontents-count": {
        "value": 4.083870967741936
      },
      "WATCH-virtualmachinesnapshots-count": {
        "value": 5.10483870967742
      },
      "WATCH-volumesnapshotclasses-count": {
        "value": 4.083870967741936
      },
      "WATCH-volumesnapshots-count": {
        "value": 4.083870967741936
      },
      "avgVirtAPICPUUsage": {
        "value": 0.003948130906413211
      },
      "avgVirtAPIMemoryUsageInMB": {
        "value": 170.9166746593657
      },
      "avgVirtControllerCPUUsage": {
        "value": 0.00906826110215054
      },
      "avgVirtControllerMemoryUsageInMB": {
        "value": 335.83990575396837
      },
      "failed-phase-count": {
        "value": 24
      },
      "maxVirtAPIMemoryUsageInMB": {
        "value": 201.82421875
      },
      "maxVirtControllerMemoryUsageInMB": {
        "value": 425.30078125
      },
      "minVirtAPIMemoryUsageInMB": {
        "value": 157.90234375
      },
      "minVirtControllerMemoryUsageInMB": {
        "value": 285.16796875
      },
      "vmiCreationToRunningSecondsP50": {
        "value": 0
      },
      "vmiCreationToRunningSecondsP95": {
        "value": 0
      },
      "vmiCreationToRunningSecondsP99": {
        "value": 0
      },
      "vmiDeletionToFailedSecondsP50": {
        "value": 0
      },
      "vmiDeletionToFailedSecondsP95": {
        "value": 0
      },
      "vmiDeletionToFailedSecondsP99": {
        "value": 0
      },
      "vmiDeletionToSucceededSecondsP50": {
        "value": 0
      },
      "vmiDeletionToSucceededSecondsP95": {
        "value": 0
      },
      "vmiDeletionToSucceededSecondsP99": {
        "value": 0
      }
    }
  },
  "VMResult": null
}
