{
  "JobDirCreationTime": "2026-05-07T00:49:50.984Z",
  "VMIResult": {
    "Values": {
      "CREATE-events-count": {
        "value": 168.55554999133392
      },
      "CREATE-pods-count": {
        "value": 128.23666666666668
      },
      "GET-leases-count": {
        "value": 125.77684444444444
      },
      "GET-mutatingwebhookconfigurations-count": {
        "value": 30.142333333333333
      },
      "LIST-nodes-count": {
        "value": 30.142333333333333
      },
      "LIST-virtualmachineclusterinstancetypes-count": {
        "value": 30.142333333333333
      },
      "LIST-virtualmachineclusterpreferences-count": {
        "value": 30.142333333333333
      },
      "PATCH-nodes-count": {
        "value": 9.137576614446186
      },
      "PATCH-pods-count": {
        "value": 210.66813333333334
      },
      "PATCH-services-count": {
        "value": 120.56933333333333
      },
      "PATCH-validatingadmissionpolicies-count": {
        "value": 30.142333333333333
      },
      "PATCH-validatingadmissionpolicybindings-count": {
        "value": 30.142333333333333
      },
      "PATCH-virtualmachineinstances-count": {
        "value": 19.31115,
        "thresholdResult": {
          "thresholdValue": 256.47333333333336,
          "thresholdMetric": "CREATE-pods-count",
          "thresholdRatio": 0.15058992487847989,
          "thresholdExceeded": true
        }
      },
      "UPDATE-configmaps-count": {
        "value": 30.142333333333333
      },
      "UPDATE-leases-count": {
        "value": 182.71438666666666
      },
      "UPDATE-virtualmachineinstances-count": {
        "value": 554.2103963968573,
        "thresholdResult": {
          "thresholdValue": 1282.3666666666668,
          "thresholdMetric": "CREATE-pods-count",
          "thresholdRatio": 4.321777934523594,
          "thresholdExceeded": false
        }
      },
      "avgVirtAPICPUUsage": {
        "value": 0.01177158152526389
      },
      "avgVirtAPIMemoryUsageInMB": {
        "value": 152.59309895833331
      },
      "avgVirtControllerCPUUsage": {
        "value": 0.029995061552603175
      },
      "avgVirtControllerMemoryUsageInMB": {
        "value": 65.04638671875
      },
      "avgVirtHandlerCPUUsage": {
        "value": 0.0010950882947319742
      },
      "avgVirtHandlerMemoryUsageInMB": {
        "value": 22.228448699586743
      },
      "maxVirtAPIMemoryUsageInMB": {
        "value": 171.9375
      },
      "maxVirtControllerMemoryUsageInMB": {
        "value": 89.0546875
      },
      "maxVirtHandlerCPUUsage": {
        "value": 0.0012379379840117845
      },
      "maxVirtHandlerMemoryUsageInMB": {
        "value": 59.61065995065789
      },
      "minVirtAPIMemoryUsageInMB": {
        "value": 142.193359375
      },
      "minVirtControllerMemoryUsageInMB": {
        "value": 52.7734375
      },
      "minVirtHandlerCPUUsage": {
        "value": 0.0010184415743542856
      },
      "minVirtHandlerMemoryUsageInMB": {
        "value": 8.404641544117647
      },
      "running-phase-count": {
        "value": 100
      },
      "scheduled-phase-count": {
        "value": 1
      },
      "virtControllerWorkqueueAddRate": {
        "value": 17.27789911111111
      },
      "virtControllerWorkqueueDepth": {
        "value": 0
      },
      "virtControllerWorkqueueP99Latency": {
        "value": 0.06887906442092646
      },
      "vmiCreationToRunningSecondsP50": {
        "value": 15.71247914522026,
        "thresholdResult": {
          "thresholdValue": 45,
          "thresholdExceeded": false
        }
      },
      "vmiCreationToRunningSecondsP95": {
        "value": 25.991125365884038,
        "thresholdResult": {
          "thresholdValue": 60,
          "thresholdExceeded": false
        }
      },
      "vmiCreationToRunningSecondsP99": {
        "value": 29.198225073176815
      },
      "vmiDeletionToFailedSecondsP50": {
        "value": 0
      },
      "vmiDeletionToFailedSecondsP95": {
        "value": 0
      },
      "vmiDeletionToFailedSecondsP99": {
        "value": 0
      },
      "vmiDeletionToSucceededSecondsP50": {
        "value": 0
      },
      "vmiDeletionToSucceededSecondsP95": {
        "value": 0
      },
      "vmiDeletionToSucceededSecondsP99": {
        "value": 0
      }
    }
  },
  "VMResult": {
    "Values": {
      "CREATE-controllerrevisions-count": {
        "value": 38.351733333333335
      },
      "CREATE-events-count": {
        "value": 882.2123503001843
      },
      "CREATE-pods-count": {
        "value": 111.11111111111111
      },
      "CREATE-virtualmachineinstances-count": {
        "value": 38.351733333333335
      },
      "DELETE-pods-count": {
        "value": 2.444977777777778
      },
      "GET-leases-count": {
        "value": 184.44444444444446
      },
      "GET-mutatingwebhookconfigurations-count": {
        "value": 50
      },
      "LIST-configmaps-count": {
        "value": 1.1111111111111112
      },
      "LIST-nodes-count": {
        "value": 50
      },
      "LIST-virtualmachineclusterinstancetypes-count": {
        "value": 50
      },
      "LIST-virtualmachineclusterpreferences-count": {
        "value": 50
      },
      "PATCH-events-count": {
        "value": 2.444977777777778
      },
      "PATCH-nodes-count": {
        "value": 18.888576147842386
      },
      "PATCH-pods-count": {
        "value": 223.33333333333334
      },
      "PATCH-services-count": {
        "value": 200
      },
      "PATCH-validatingadmissionpolicies-count": {
        "value": 50
      },
      "PATCH-validatingadmissionpolicybindings-count": {
        "value": 50
      },
      "PATCH-virtualmachineinstances-count": {
        "value": 223.33333333333334,
        "thresholdResult": {
          "thresholdValue": 222.22222222222223,
          "thresholdMetric": "CREATE-pods-count",
          "thresholdRatio": 2.0100000000000002,
          "thresholdExceeded": false
        }
      },
      "PATCH-virtualmachines-count": {
        "value": 38.351733333333335
      },
      "UPDATE-configmaps-count": {
        "value": 50
      },
      "UPDATE-leases-count": {
        "value": 297.77777777777777
      },
      "UPDATE-virtualmachineinstances-count": {
        "value": 1017.7691033257479,
        "thresholdResult": {
          "thresholdValue": 1111.111111111111,
          "thresholdMetric": "CREATE-pods-count",
          "thresholdRatio": 9.15992192993173,
          "thresholdExceeded": false
        }
      },
      "UPDATE-virtualmachines-count": {
        "value": 788.7117333333333
      },
      "WATCH-cdiconfigs-count": {
        "value": 1.1111111111111112
      },
      "WATCH-cdis-count": {
        "value": 1.1111111111111112
      },
      "WATCH-clusterrolebindings-count": {
        "value": 1.1111111111111112
      },
      "WATCH-clusterroles-count": {
        "value": 1.1111111111111112
      },
      "WATCH-configmaps-count": {
        "value": 14.44436625918282
      },
      "WATCH-customresourcedefinitions-count": {
        "value": 9.99998765445816
      },
      "WATCH-daemonsets-count": {
        "value": 1.1111111111111112
      },
      "WATCH-datasources-count": {
        "value": 2.2222222222222223
      },
      "WATCH-datavolumes-count": {
        "value": 1.1111111111111112
      },
      "WATCH-deployments-count": {
        "value": 1.1111111111111112
      },
      "WATCH-ingresses-count": {
        "value": 1.1111111111111112
      },
      "WATCH-jobs-count": {
        "value": 2.2222222222222223
      },
      "WATCH-kubevirts-count": {
        "value": 8.888823049169103
      },
      "WATCH-leases-count": {
        "value": 1.1111111111111112
      },
      "WATCH-migrationpolicies-count": {
        "value": 1.1111111111111112
      },
      "WATCH-mutatingwebhookconfigurations-count": {
        "value": 1.1111111111111112
      },
      "WATCH-namespaces-count": {
        "value": 5.555555555555555
      },