{
  "JobDirCreationTime": "2023-10-15T05:07:01.796Z",
  "VMIResult": {
    "Values": {
      "CREATE-events-count": {
        "value": 576.9281935185186
      },
      "CREATE-pods-count": {
        "value": 101.46133333333334
      },
      "DELETE-pods-count": {
        "value": 101.57666666666667
      },
      "GET-endpoints-count": {
        "value": 484.44444444444446
      },
      "GET-leases-count": {
        "value": 782.2222222222222
      },
      "GET-nodes-count": {
        "value": 13.333333333333334
      },
      "LIST-clusterrolebindings-count": {
        "value": 1.1111111111111112
      },
      "LIST-clusterroles-count": {
        "value": 1.1111111111111112
      },
      "LIST-configmaps-count": {
        "value": 2.2222222222222223
      },
      "LIST-customresourcedefinitions-count": {
        "value": 7.777777777777777
      },
      "LIST-daemonsets-count": {
        "value": 2.2222222222222223
      },
      "LIST-deployments-count": {
        "value": 1.1111111111111112
      },
      "LIST-jobs-count": {
        "value": 2.2222222222222223
      },
      "LIST-kubevirts-count": {
        "value": 4.444444444444445
      },
      "LIST-migrationpolicies-count": {
        "value": 1.1111111111111112
      },
      "LIST-mutatingwebhookconfigurations-count": {
        "value": 2.2222222222222223
      },
      "LIST-namespaces-count": {
        "value": 3.3333333333333335
      },
      "LIST-nodes-count": {
        "value": 2.2222222222222223
      },
      "LIST-persistentvolumeclaims-count": {
        "value": 1.1111111111111112
      },
      "LIST-poddisruptionbudgets-count": {
        "value": 1.1111111111111112
      },
      "LIST-pods-count": {
        "value": 1.1111111111111112
      },
      "LIST-rolebindings-count": {
        "value": 1.1111111111111112
      },
      "LIST-roles-count": {
        "value": 1.1111111111111112
      },
      "LIST-routes-count": {
        "value": 2.2222222222222223
      },
      "LIST-secrets-count": {
        "value": 2.2222222222222223
      },
      "LIST-securitycontextconstraints-count": {
        "value": 1.1111111111111112
      },
      "LIST-serviceaccounts-count": {
        "value": 1.1111111111111112
      },
      "LIST-servicemonitors-count": {
        "value": 1.1111111111111112
      },
      "LIST-services-count": {
        "value": 2.2222222222222223
      },
      "LIST-validatingwebhookconfigurations-count": {
        "value": 1.1111111111111112
      },
      "LIST-virtualmachineinstancepresets-count": {
        "value": 2.2222222222222223
      },
      "LIST-virtualmachineinstances-count": {
        "value": 4.444444444444445
      },
      "LIST-virtualmachineinstancetypes-count": {
        "value": 1.1111111111111112
      },
      "LIST-virtualmachines-count": {
        "value": 1.1111111111111112
      },
      "LIST-virtualmachinesnapshots-count": {
        "value": 1.1111111111111112
      },
      "LIST-volumesnapshotclasses-count": {
        "value": 1.1111111111111112
      },
      "PATCH-events-count": {
        "value": 12.356375
      },
      "PATCH-nodes-count": {
        "value": 6.666666666666667
      },
      "PATCH-pods-count": {
        "value": 202.92727999999997
      },
      "PATCH-services-count": {
        "value": 4.444444444444445
      },
      "PATCH-virtualmachineinstances-count": {
        "value": 203.15333333333334
      },
      "UPDATE-endpoints-count": {
        "value": 297.77777777777777
      },
      "UPDATE-leases-count": {
        "value": 297.77777777777777
      },
      "UPDATE-virtualmachineinstances-count": {
        "value": 1082.178585
      },
      "vmiCreationToRunningSecondsP50": {
        "value": 52.460772508165874
      },
      "vmiCreationToRunningSecondsP95": {
        "value": 59.674648679388014
      },
      "vmiCreationToRunningSecondsP99": {
        "value": 79.90057336028896
      },
      "vmiDeletionToFailedSecondsP50": {
        "value": 0
      },
      "vmiDeletionToFailedSecondsP95": {
        "value": 0
      },
      "vmiDeletionToFailedSecondsP99": {
        "value": 0
      },
      "vmiDeletionToSucceededSecondsP50": {
        "value": 0.7113068827265593
      },
      "vmiDeletionToSucceededSecondsP95": {
        "value": 0.9818457053637627
      },
      "vmiDeletionToSucceededSecondsP99": {
        "value": 1.4950286680144507
      }
    }
  },
  "VMResult": null
}
