{
  "JobDirCreationTime": "2024-02-25T05:06:42.93Z",
  "VMIResult": {
    "Values": {
      "CREATE-events-count": {
        "value": 790.0532111111111
      },
      "CREATE-pods-count": {
        "value": 125.67333333333333
      },
      "DELETE-pods-count": {
        "value": 125.92391111111112
      },
      "GET-endpoints-count": {
        "value": 482.2222222222223
      },
      "GET-leases-count": {
        "value": 780
      },
      "GET-nodes-count": {
        "value": 21.111111111111114
      },
      "LIST-clusterrolebindings-count": {
        "value": 1.1111111111111112
      },
      "LIST-clusterroles-count": {
        "value": 1.1111111111111112
      },
      "LIST-configmaps-count": {
        "value": 3.3333333333333335
      },
      "LIST-controllerrevisions-count": {
        "value": 1.1111111111111112
      },
      "LIST-customresourcedefinitions-count": {
        "value": 2.2222222222222223
      },
      "LIST-daemonsets-count": {
        "value": 1.1111111111111112
      },
      "LIST-kubevirts-count": {
        "value": 1.1111111111111112
      },
      "LIST-mutatingwebhookconfigurations-count": {
        "value": 1.1111111111111112
      },
      "LIST-namespaces-count": {
        "value": 1.1111111111111112
      },
      "LIST-nodes-count": {
        "value": 1.1111111111111112
      },
      "LIST-poddisruptionbudgets-count": {
        "value": 1.1111111111111112
      },
      "LIST-prometheusrules-count": {
        "value": 1.1111111111111112
      },
      "LIST-roles-count": {
        "value": 1.1111111111111112
      },
      "LIST-routes-count": {
        "value": 1.1111111111111112
      },
      "LIST-secrets-count": {
        "value": 3.3333333333333335
      },
      "LIST-securitycontextconstraints-count": {
        "value": 2.2222222222222223
      },
      "LIST-storageclasses-count": {
        "value": 1.1111111111111112
      },
      "LIST-validatingwebhookconfigurations-count": {
        "value": 1.1111111111111112
      },
      "LIST-virtualmachineinstancepresets-count": {
        "value": 2.2222222222222223
      },
      "LIST-virtualmachineinstances-count": {
        "value": 2.2222222222222223
      },
      "LIST-virtualmachineinstancetypes-count": {
        "value": 1.1111111111111112
      },
      "LIST-virtualmachinepreferences-count": {
        "value": 1.1111111111111112
      },
      "LIST-virtualmachinerestores-count": {
        "value": 1.1111111111111112
      },
      "LIST-virtualmachinesnapshotcontents-count": {
        "value": 1.1111111111111112
      },
      "LIST-volumesnapshots-count": {
        "value": 1.1111111111111112
      },
      "PATCH-events-count": {
        "value": 75.74020833333333
      },
      "PATCH-nodes-count": {
        "value": 8.88888888888889
      },
      "PATCH-pods-count": {
        "value": 251.34666666666666
      },
      "PATCH-virtualmachineinstances-count": {
        "value": 244.11300000000003
      },
      "UPDATE-endpoints-count": {
        "value": 297.77777777777777
      },
      "UPDATE-leases-count": {
        "value": 297.77777777777777
      },
      "UPDATE-virtualmachineinstances-count": {
        "value": 1109.2609416666667
      },
      "vmiCreationToRunningSecondsP50": {
        "value": 42.985355351841214
      },
      "vmiCreationToRunningSecondsP95": {
        "value": 49.559405100401506
      },
      "vmiCreationToRunningSecondsP99": {
        "value": 54.95989519277041
      },
      "vmiDeletionToFailedSecondsP50": {
        "value": 0
      },
      "vmiDeletionToFailedSecondsP95": {
        "value": 0
      },
      "vmiDeletionToFailedSecondsP99": {
        "value": 0
      },
      "vmiDeletionToSucceededSecondsP50": {
        "value": 0.8066002735812391
      },
      "vmiDeletionToSucceededSecondsP95": {
        "value": 8.901697927515606
      },
      "vmiDeletionToSucceededSecondsP99": {
        "value": 16.462377098521856
      }
    }
  },
  "VMResult": null
}
