{
  "JobDirCreationTime": "2025-08-27T05:39:35.436Z",
  "VMIResult": {
    "Values": {
      "CREATE-events-count": {
        "value": 138.8516129032258
      },
      "CREATE-pods-count": {
        "value": 101.67774193548387
      },
      "DELETE-jobs-count": {
        "value": 315.4952380952381
      },
      "DELETE-pods-count": {
        "value": 78.16156393442623
      },
      "GET-leases-count": {
        "value": 1170.0290322580645
      },
      "GET-nodes-count": {
        "value": 78.61451612903227
      },
      "LIST-nodes-count": {
        "value": 315.4952380952381
      },
      "LIST-virtualmachineclusterinstancetypes-count": {
        "value": 315.4952380952381
      },
      "LIST-virtualmachineclusterpreferences-count": {
        "value": 315.4952380952381
      },
      "PATCH-events-count": {
        "value": 42.63358032786885
      },
      "PATCH-nodes-count": {
        "value": 58.19516129032258
      },
      "PATCH-pods-count": {
        "value": 203.35548387096773
      },
      "PATCH-services-count": {
        "value": 1261.9809523809524
      },
      "UPDATE-configmaps-count": {
        "value": 315.4952380952381
      },
      "UPDATE-leases-count": {
        "value": 1894.9485407066054
      },
      "UPDATE-virtualmachineinstances-count": {
        "value": 363.4263161290323
      },
      "WATCH-clusterrolebindings-count": {
        "value": 9.10768049155146
      },
      "WATCH-clusterroles-count": {
        "value": 8.102918586789555
      },
      "WATCH-configmaps-count": {
        "value": 58.01689708141321
      },
      "WATCH-controllerrevisions-count": {
        "value": 5.10483870967742
      },
      "WATCH-customresourcedefinitions-count": {
        "value": 45.78149001536099
      },
      "WATCH-daemonsets-count": {
        "value": 10.144854070660521
      },
      "WATCH-deployments-count": {
        "value": 7.09815668202765
      },
      "WATCH-ingresses-count": {
        "value": 5.10483870967742
      },
      "WATCH-jobs-count": {
        "value": 9.123886328725039
      },
      "WATCH-kubevirts-count": {
        "value": 36.69001536098311
      },
      "WATCH-leases-count": {
        "value": 8.102918586789555
      },
      "WATCH-migrationpolicies-count": {
        "value": 4.083870967741936
      },
      "WATCH-mutatingwebhookconfigurations-count": {
        "value": 8.102918586789555
      },
      "WATCH-namespaces-count": {
        "value": 19.333563748079875
      },
      "WATCH-nodes-count": {
        "value": 4.083870967741936
      },
      "WATCH-persistentvolumeclaims-count": {
        "value": 4.083870967741936
      },
      "WATCH-poddisruptionbudgets-count": {
        "value": 13.191551459293395
      },
      "WATCH-pods-count": {
        "value": 17.29162826420891
      },
      "WATCH-prometheusrules-count": {
        "value": 8.102918586789555
      },
      "WATCH-resourcequotas-count": {
        "value": 4.083870967741936
      },
      "WATCH-rolebindings-count": {
        "value": 9.10768049155146
      },
      "WATCH-roles-count": {
        "value": 8.102918586789555
      },
      "WATCH-routes-count": {
        "value": 12.18678955453149
      },
      "WATCH-secrets-count": {
        "value": 11.165821812596006
      },
      "WATCH-securitycontextconstraints-count": {
        "value": 7.09815668202765
      },
      "WATCH-serviceaccounts-count": {
        "value": 9.123886328725039
      },
      "WATCH-servicemonitors-count": {
        "value": 8.102918586789555
      },
      "WATCH-services-count": {
        "value": 12.18678955453149
      },
      "WATCH-storageclasses-count": {
        "value": 4.083870967741936
      },
      "WATCH-validatingwebhookconfigurations-count": {
        "value": 8.102918586789555
      },
      "WATCH-virtualmachineclones-count": {
        "value": 4.083870967741936
      },
      "WATCH-virtualmachineclusterinstancetypes-count": {
        "value": 12.18678955453149
      },
      "WATCH-virtualmachineclusterpreferences-count": {
        "value": 12.20299539170507
      },
      "WATCH-virtualmachineexports-count": {
        "value": 4.083870967741936
      },
      "WATCH-virtualmachineinstancemigrations-count": {
        "value": 4.083870967741936
      },
      "WATCH-virtualmachineinstancepresets-count": {
        "value": 9.188709677419356
      },
      "WATCH-virtualmachineinstancereplicasets-count": {
        "value": 4.083870967741936
      },
      "WATCH-virtualmachineinstances-count": {
        "value": 39.817741935483866
      },
      "WATCH-virtualmachineinstancetypes-count": {
        "value": 4.083870967741936
      },
      "WATCH-virtualmachinepools-count": {
        "value": 4.083870967741936
      },
      "WATCH-virtualmachinepreferences-count": {
        "value": 4.083870967741936
      },
      "WATCH-virtualmachinerestores-count": {
        "value": 12.251612903225807
      },
      "WATCH-virtualmachines-count": {
        "value": 4.083870967741936
      },
      "WATCH-virtualmachinesnapshotcontents-count": {
        "value": 4.083870967741936
      },
      "WATCH-virtualmachinesnapshots-count": {
        "value": 3.0629032258064517
      },
      "WATCH-volumesnapshotclasses-count": {
        "value": 4.083870967741936
      },
      "WATCH-volumesnapshots-count": {
        "value": 3.0629032258064517
      },
      "avgVirtAPICPUUsage": {
        "value": 0.004081628710349462
      },
      "avgVirtAPIMemoryUsageInMB": {
        "value": 169.76246279761904
      },
      "avgVirtControllerCPUUsage": {
        "value": 0.008403584093010752
      },
      "avgVirtControllerMemoryUsageInMB": {
        "value": 366.8298611111111
      },
      "failed-phase-count": {
        "value": 14
      },
      "maxVirtAPIMemoryUsageInMB": {
        "value": 206.689453125
      },
      "maxVirtControllerMemoryUsageInMB": {
        "value": 451.1796875
      },
      "minVirtAPIMemoryUsageInMB": {
        "value": 162.966796875
      },
      "minVirtControllerMemoryUsageInMB": {
        "value": 317.140625
      },
      "scheduling-phase-count": {
        "value": 65
      },
      "vmiCreationToRunningSecondsP50": {
        "value": 0
      },
      "vmiCreationToRunningSecondsP95": {
        "value": 0
      },
      "vmiCreationToRunningSecondsP99": {
        "value": 0
      },
      "vmiDeletionToFailedSecondsP50": {
        "value": 0.25
      },
      "vmiDeletionToFailedSecondsP95": {
        "value": 0.475
      },
      "vmiDeletionToFailedSecondsP99": {
        "value": 0.49499999999999994
      },
      "vmiDeletionToSucceededSecondsP50": {
        "value": 0
      },
      "vmiDeletionToSucceededSecondsP95": {
        "value": 0
      },
      "vmiDeletionToSucceededSecondsP99": {
        "value": 0
      }
    }
  },
  "VMResult": null
}
