{
  "JobDirCreationTime": "2024-01-26T08:45:52.796Z",
  "VMIResult": {
    "Values": {
      "CREATE-events-count": {
        "value": 135.91381666666666
      },
      "CREATE-pods-count": {
        "value": 113.20666666666668
      },
      "DELETE-virtualmachineclusterinstancetypes-count": {
        "value": 1.3063083333333334
      },
      "DELETE-virtualmachineclusterpreferences-count": {
        "value": 1.3063083333333334
      },
      "GET-endpoints-count": {
        "value": 339.9922555555555
      },
      "GET-leases-count": {
        "value": 546.3332777777778
      },
      "GET-nodes-count": {
        "value": 31.797206666666668
      },
      "LIST-nodes-count": {
        "value": 8.429438888888889
      },
      "LIST-virtualmachineclusterinstancetypes-count": {
        "value": 1.3063083333333334
      },
      "LIST-virtualmachineclusterpreferences-count": {
        "value": 1.3063083333333334
      },
      "PATCH-nodes-count": {
        "value": 6.086812222222222
      },
      "PATCH-pods-count": {
        "value": 268.83593333333334
      },
      "PATCH-services-count": {
        "value": 33.717755555555556
      },
      "PATCH-virtualmachineinstances-count": {
        "value": 110.96253333333334,
        "thresholdResult": {
          "thresholdValue": 226.41333333333336,
          "thresholdMetric": "CREATE-pods-count",
          "thresholdRatio": 0.9801766680407514,
          "thresholdExceeded": false
        }
      },
      "UPDATE-endpoints-count": {
        "value": 206.3410222222222
      },
      "UPDATE-kubevirts-count": {
        "value": 1.2042055555555555
      },
      "UPDATE-leases-count": {
        "value": 206.3410222222222
      },
      "UPDATE-virtualmachineinstances-count": {
        "value": 607.8854333333334,
        "thresholdResult": {
          "thresholdValue": 1132.0666666666668,
          "thresholdMetric": "CREATE-pods-count",
          "thresholdRatio": 5.369696425416642,
          "thresholdExceeded": false
        }
      },
      "none-none-count": {
        "value": 2.273716666666666
      },
      "running-phase-count": {
        "value": 101
      },
      "vmiCreationToRunningSecondsP50": {
        "value": 15.21076767218871,
        "thresholdResult": {
          "thresholdValue": 45,
          "thresholdExceeded": false
        }
      },
      "vmiCreationToRunningSecondsP95": {
        "value": 19.900458577158552,
        "thresholdResult": {
          "thresholdValue": 60,
          "thresholdExceeded": false
        }
      },
      "vmiCreationToRunningSecondsP99": {
        "value": 27.52771968391658
      },
      "vmiDeletionToFailedSecondsP50": {
        "value": 0
      },
      "vmiDeletionToFailedSecondsP95": {
        "value": 0
      },
      "vmiDeletionToFailedSecondsP99": {
        "value": 0
      },
      "vmiDeletionToSucceededSecondsP50": {
        "value": 0
      },
      "vmiDeletionToSucceededSecondsP95": {
        "value": 0
      },
      "vmiDeletionToSucceededSecondsP99": {
        "value": 0
      }
    }
  },
  "VMResult": {
    "Values": {
      "CREATE-controllerrevisions-count": {
        "value": 137.49766666666665
      },
      "CREATE-events-count": {
        "value": 850
      },
      "CREATE-pods-count": {
        "value": 111.11111111111111
      },
      "CREATE-virtualmachineinstances-count": {
        "value": 137.49766666666665
      },
      "GET-endpoints-count": {
        "value": 485.55336628757766
      },
      "GET-leases-count": {
        "value": 781.1067325751552
      },
      "GET-nodes-count": {
        "value": 28.888888888888893
      },
      "LIST-cdiconfigs-count": {
        "value": 1.1111111111111112
      },
      "LIST-clusterrolebindings-count": {
        "value": 2.2222057615607342
      },
      "LIST-clusterroles-count": {
        "value": 2.2222057615607342
      },
      "LIST-configmaps-count": {
        "value": 16.6666172846822
      },
      "LIST-controllerrevisions-count": {
        "value": 1.1111111111111112
      },
      "LIST-customresourcedefinitions-count": {
        "value": 13.333300412010356
      },
      "LIST-daemonsets-count": {
        "value": 2.2222057615607342
      },
      "LIST-datasources-count": {
        "value": 3.3333333333333335
      },
      "LIST-datavolumes-count": {
        "value": 1.1111111111111112
      },
      "LIST-deployments-count": {
        "value": 2.2222057615607342
      },
      "LIST-ingresses-count": {
        "value": 1.1111111111111112
      },
      "LIST-jobs-count": {
        "value": 2.2222057615607342
      },
      "LIST-kubevirts-count": {
        "value": 9.99998353933851
      },
      "LIST-migrationpolicies-count": {
        "value": 1.1111111111111112
      },
      "LIST-mutatingwebhookconfigurations-count": {
        "value": 2.2222057615607342
      },
      "LIST-namespaces-count": {
        "value": 4.444444444444445
      },
      "LIST-nodes-count": {
        "value": 1.1111111111111112
      },
      "LIST-persistentvolumeclaims-count": {
        "value": 1.1111111111111112
      },
      "LIST-poddisruptionbudgets-count": {
        "value": 1.1111111111111112
      },
      "LIST-pods-count": {
        "value": 3.3333333333333335
      },
      "LIST-prometheusrules-count": {
        "value": 2.2222057615607342
      },
      "LIST-resourcequotas-count": {
        "value": 1.1111111111111112
      },
      "LIST-rolebindings-count": {
        "value": 2.2222057615607342
      },
      "LIST-roles-count": {
        "value": 2.2222057615607342
      },
      "LIST-secrets-count": {
        "value": 3.3333168726718454
      },
      "LIST-serviceaccounts-count": {
        "value": 1.1111111111111112
      },
      "LIST-servicemonitors-count": {
        "value": 2.2222057615607342
      },
      "LIST-services-count": {
        "value": 3.3333168726718454
      },
      "LIST-validatingwebhookconfigurations-count": {
        "value": 2.2222057615607342
      },
      "LIST-virtualmachineclones-count": {
        "value": 1.1111111111111112
      },
      "LIST-virtualmachineclusterinstancetypes-count": {
        "value": 1.1111111111111112
      },
      "LIST-virtualmachineclusterpreferences-count": {
        "value": 1.1111111111111112
      },
      "LIST-virtualmachineexports-count": {
        "value": 1.1111111111111112
      },
      "LIST-virtualmachineinstancemigrations-count": {
        "value": 1.1111111111111112
      },
      "LIST-virtualmachineinstancepresets-count": {
        "value": 1.1111111111111112
      },
      "LIST-virtualmachineinstancereplicasets-count": {
        "value": 1.1111111111111112
      },
      "LIST-virtualmachineinstances-count": {
        "value": 7.777777777777778
      },
      "LIST-virtualmachineinstancetypes-count": {
        "value": 1.1111111111111112
      },
      "LIST-virtualmachinepreferences-count": {
        "value": 1.1111111111111112
      },
      "LIST-virtualmachinerestores-count": {
        "value": 2.2222222222222223
      },
      "LIST-virtualmachines-count": {
        "value": 1.1111111111111112
      },
      "LIST-virtualmachinesnapshotcontents-count": {
        "value": 1.1111111111111112
      },
      "LIST-virtualmachinesnapshots-count": {
        "value": 1.1111111111111112
      },
      "PATCH-events-count": {
        "value": 10.22005
      },
      "PATCH-nodes-count": {
        "value": 12.222222222222223
      },
      "PATCH-pods-count": {
        "value": 267.77777777777777
      },
      "PATCH-virtualmachineinstances-count": {
        "value": 204.44444444444446,
        "thresholdResult": {
          "thresholdValue": 222.22222222222223,
          "thresholdMetric": "CREATE-pods-count",
          "thresholdRatio": 1.84,
          "thresholdExceeded": false
        }
      },
      "PATCH-virtualmachines-count": {
        "value": 137.49766666666665
      },
      "UPDATE-endpoints-count": {
        "value": 295.55336628757766
      },