{
  "JobDirCreationTime": "2024-12-15T05:01:55.969Z",
  "VMIResult": {
    "Values": {
      "CREATE-events-count": {
        "value": 569.8384666666667
      },
      "CREATE-pods-count": {
        "value": 118.04750000000001
      },
      "DELETE-pods-count": {
        "value": 57.455799999999996
      },
      "GET-leases-count": {
        "value": 187.77777777777777
      },
      "GET-nodes-count": {
        "value": 21.111111111111114
      },
      "LIST-nodes-count": {
        "value": 1.1111111111111112
      },
      "LIST-virtualmachineclusterinstancetypes-count": {
        "value": 1.1111111111111112
      },
      "LIST-virtualmachineclusterpreferences-count": {
        "value": 1.1111111111111112
      },
      "PATCH-events-count": {
        "value": 8.447833333333332
      },
      "PATCH-nodes-count": {
        "value": 8.88888888888889
      },
      "PATCH-pods-count": {
        "value": 355.312975
      },
      "PATCH-services-count": {
        "value": 4.444444444444445
      },
      "PATCH-virtualmachineinstances-count": {
        "value": 181.18579999999997
      },
      "UPDATE-leases-count": {
        "value": 300
      },
      "UPDATE-virtualmachineinstances-count": {
        "value": 894.5805166666665
      },
      "WATCH-clusterroles-count": {
        "value": 2.2222222222222223
      },
      "WATCH-configmaps-count": {
        "value": 4.444444444444445
      },
      "WATCH-customresourcedefinitions-count": {
        "value": 5.555555555555555
      },
      "WATCH-daemonsets-count": {
        "value": 1.1111111111111112
      },
      "WATCH-deployments-count": {
        "value": 1.1111111111111112
      },
      "WATCH-kubevirts-count": {
        "value": 2.2222222222222223
      },
      "WATCH-mutatingwebhookconfigurations-count": {
        "value": 1.1111111111111112
      },
      "WATCH-resourcequotas-count": {
        "value": 1.1111111111111112
      },
      "WATCH-routes-count": {
        "value": 1.1111111111111112
      },
      "WATCH-secrets-count": {
        "value": 1.1111111111111112
      },
      "WATCH-servicemonitors-count": {
        "value": 2.2222222222222223
      },
      "WATCH-virtualmachineclusterinstancetypes-count": {
        "value": 1.1111111111111112
      },
      "WATCH-virtualmachineexports-count": {
        "value": 1.1111111111111112
      },
      "WATCH-virtualmachineinstances-count": {
        "value": 1.1111111111111112
      },
      "WATCH-virtualmachinepools-count": {
        "value": 1.1111111111111112
      },
      "WATCH-virtualmachinesnapshots-count": {
        "value": 1.1111111111111112
      },
      "avgVirtAPICPUUsage": {
        "value": 0.02379031616111111
      },
      "avgVirtAPIMemoryUsageInMB": {
        "value": 187.24287109375
      },
      "avgVirtControllerCPUUsage": {
        "value": 0.03493688844074074
      },
      "avgVirtControllerMemoryUsageInMB": {
        "value": 111.176953125
      },
      "avgVirtHandlerMemoryUsageInMB": {
        "value": 12.427621022339448
      },
      "maxVirtAPIMemoryUsageInMB": {
        "value": 204.1923828125
      },
      "maxVirtControllerMemoryUsageInMB": {
        "value": 139
      },
      "maxVirtHandlerMemoryUsageInMB": {
        "value": 16.966419361255788
      },
      "minVirtAPIMemoryUsageInMB": {
        "value": 172.064453125
      },
      "minVirtControllerMemoryUsageInMB": {
        "value": 96.02734375
      },
      "minVirtHandlerMemoryUsageInMB": {
        "value": 8.807481032151443
      },
      "vmiCreationToRunningSecondsP50": {
        "value": 42.720098630473665
      },
      "vmiCreationToRunningSecondsP95": {
        "value": 51.59876694098155
      },
      "vmiCreationToRunningSecondsP99": {
        "value": 58.31975338819631
      },
      "vmiDeletionToFailedSecondsP50": {
        "value": 0
      },
      "vmiDeletionToFailedSecondsP95": {
        "value": 0
      },
      "vmiDeletionToFailedSecondsP99": {
        "value": 0
      },
      "vmiDeletionToSucceededSecondsP50": {
        "value": 0.7031064781595056
      },
      "vmiDeletionToSucceededSecondsP95": {
        "value": 0.9993429058804666
      },
      "vmiDeletionToSucceededSecondsP99": {
        "value": 1.7959260164588913
      }
    }
  },
  "VMResult": null
}
