{
  "JobDirCreationTime": "2023-02-09T05:06:28.893Z",
  "VMIResult": {
    "Values": {
      "CREATE-events-count": {
        "value": 549.4426111111111
      },
      "CREATE-pods-count": {
        "value": 103.24
      },
      "DELETE-pods-count": {
        "value": 103.8
      },
      "GET-endpoints-count": {
        "value": 484.44444444444446
      },
      "GET-nodes-count": {
        "value": 20.833333333333336
      },
      "LIST-mutatingwebhookconfigurations-count": {
        "value": 1.1111111111111112
      },
      "LIST-nodes-count": {
        "value": 5.555555555555555
      },
      "LIST-rolebindings-count": {
        "value": 1.1111111111111112
      },
      "LIST-servicemonitors-count": {
        "value": 1.1111111111111112
      },
      "LIST-services-count": {
        "value": 1.1111111111111112
      },
      "PATCH-nodes-count": {
        "value": 6.944444444444445
      },
      "PATCH-pods-count": {
        "value": 104.44399999999999
      },
      "PATCH-services-count": {
        "value": 22.22222222222222
      },
      "PATCH-virtualmachineinstances-count": {
        "value": 207.6
      },
      "UPDATE-endpoints-count": {
        "value": 300
      },
      "UPDATE-kubevirts-count": {
        "value": 1.1111111111111112
      },
      "UPDATE-virtualmachineinstances-count": {
        "value": 1008.8064777777777
      },
      "vmiCreationToRunningSecondsP50": {
        "value": 43.668482490272375
      },
      "vmiCreationToRunningSecondsP95": {
        "value": 49.726848249027235
      },
      "vmiCreationToRunningSecondsP99": {
        "value": 56.634241245136174
      },
      "vmiDeletionToFailedSecondsP50": {
        "value": 0
      },
      "vmiDeletionToFailedSecondsP95": {
        "value": 0
      },
      "vmiDeletionToFailedSecondsP99": {
        "value": 0
      },
      "vmiDeletionToSucceededSecondsP50": {
        "value": 0.8166969441380652
      },
      "vmiDeletionToSucceededSecondsP95": {
        "value": 8.333900778210113
      },
      "vmiDeletionToSucceededSecondsP99": {
        "value": 10.002723735408424
      }
    }
  },
  "VMResult": null
}
