{
  "JobDirCreationTime": "2022-10-15T05:07:05.758Z",
  "VMIResult": {
    "Values": {
      "CREATE-events-count": {
        "value": 773.8869861111111
      },
      "CREATE-pods-count": {
        "value": 117.63333333333334
      },
      "DELETE-pods-count": {
        "value": 120.96000000000001
      },
      "GET-endpoints-count": {
        "value": 486.6225645076356
      },
      "GET-nodes-count": {
        "value": 10.000000000000002
      },
      "LIST-clusterrolebindings-count": {
        "value": 2.221893101632438
      },
      "LIST-clusterroles-count": {
        "value": 1.1111111111111112
      },
      "LIST-configmaps-count": {
        "value": 2.221893101632438
      },
      "LIST-customresourcedefinitions-count": {
        "value": 9.999341758820432
      },
      "LIST-daemonsets-count": {
        "value": 1.110781990521327
      },
      "LIST-ingresses-count": {
        "value": 1.1111111111111112
      },
      "LIST-kubevirts-count": {
        "value": 3.3330042127435493
      },
      "LIST-mutatingwebhookconfigurations-count": {
        "value": 2.221893101632438
      },
      "LIST-namespaces-count": {
        "value": 1.1111111111111112
      },
      "LIST-pods-count": {
        "value": 1.1111111111111112
      },
      "LIST-prometheusrules-count": {
        "value": 1.1111111111111112
      },
      "LIST-rolebindings-count": {
        "value": 1.1111111111111112
      },
      "LIST-roles-count": {
        "value": 2.221893101632438
      },
      "LIST-secrets-count": {
        "value": 1.110781990521327
      },
      "LIST-serviceaccounts-count": {
        "value": 2.221893101632438
      },
      "LIST-servicemonitors-count": {
        "value": 2.221893101632438
      },
      "LIST-services-count": {
        "value": 1.110781990521327
      },
      "LIST-virtualmachineinstancemigrations-count": {
        "value": 1.1111111111111112
      },
      "LIST-virtualmachineinstances-count": {
        "value": 5.555555555555557
      },
      "LIST-virtualmachinerestores-count": {
        "value": 1.1111111111111112
      },
      "PATCH-events-count": {
        "value": 140.4527588888889
      },
      "PATCH-nodes-count": {
        "value": 10.000000000000002
      },
      "PATCH-pods-count": {
        "value": 119.00783333333334
      },
      "PATCH-virtualmachineinstances-count": {
        "value": 241.92000000000002
      },
      "UPDATE-endpoints-count": {
        "value": 298.8447867298578
      },
      "UPDATE-virtualmachineinstances-count": {
        "value": 1142.5958500000004
      },
      "vmiCreationToRunningSecondsP50": {
        "value": 38.048209052140194
      },
      "vmiCreationToRunningSecondsP95": {
        "value": 53.697899299766604
      },
      "vmiCreationToRunningSecondsP99": {
        "value": 58.739579859953324
      }
    }
  },
  "VMResult": null
}
