{
  "JobDirCreationTime": "2025-04-23T00:20:30.099Z",
  "VMIResult": {
    "Values": {
      "CREATE-events-count": {
        "value": 158.2959111111111
      },
      "CREATE-pods-count": {
        "value": 122.20555555555556
      },
      "CREATE-virtualmachineclusterpreferences-count": {
        "value": 22.599239999999998
      },
      "GET-leases-count": {
        "value": 115.34413333333333
      },
      "GET-nodes-count": {
        "value": 23.31129333333333
      },
      "LIST-nodes-count": {
        "value": 5.022053333333333
      },
      "LIST-virtualmachineclusterinstancetypes-count": {
        "value": 5.022053333333333
      },
      "LIST-virtualmachineclusterpreferences-count": {
        "value": 5.022053333333333
      },
      "PATCH-nodes-count": {
        "value": 8.228968888888888
      },
      "PATCH-pods-count": {
        "value": 409.0386111111111
      },
      "PATCH-services-count": {
        "value": 20.088213333333332
      },
      "PATCH-validatingadmissionpolicies-count": {
        "value": 5.022053333333333
      },
      "PATCH-validatingadmissionpolicybindings-count": {
        "value": 5.022053333333333
      },
      "PATCH-virtualmachineinstances-count": {
        "value": 48.27016666666667,
        "thresholdResult": {
          "thresholdValue": 244.41111111111113,
          "thresholdMetric": "CREATE-pods-count",
          "thresholdRatio": 0.3949915897622403,
          "thresholdExceeded": true
        }
      },
      "UPDATE-kubevirts-count": {
        "value": 1.2555133333333333
      },
      "UPDATE-leases-count": {
        "value": 184.97876666666667
      },
      "UPDATE-virtualmachineinstances-count": {
        "value": 729.1891055555556,
        "thresholdResult": {
          "thresholdValue": 1222.0555555555557,
          "thresholdMetric": "CREATE-pods-count",
          "thresholdRatio": 5.966906350866027,
          "thresholdExceeded": false
        }
      },
      "avgVirtAPICPUUsage": {
        "value": 0.009831193503659722
      },
      "avgVirtAPIMemoryUsageInMB": {
        "value": 129.34707031250002
      },
      "avgVirtControllerCPUUsage": {
        "value": 0.02490199569412698
      },
      "avgVirtControllerMemoryUsageInMB": {
        "value": 58.825954861111114
      },
      "avgVirtHandlerCPUUsage": {
        "value": 0.0007460215144153687
      },
      "avgVirtHandlerMemoryUsageInMB": {
        "value": 11.715451119133608
      },
      "maxVirtAPIMemoryUsageInMB": {
        "value": 161.64453125
      },
      "maxVirtControllerMemoryUsageInMB": {
        "value": 88.125
      },
      "maxVirtHandlerCPUUsage": {
        "value": 0.0007861819476239316
      },
      "maxVirtHandlerMemoryUsageInMB": {
        "value": 31.89424189814815
      },
      "minVirtAPIMemoryUsageInMB": {
        "value": 0
      },
      "minVirtControllerMemoryUsageInMB": {
        "value": 0
      },
      "minVirtHandlerCPUUsage": {
        "value": 0.000668247920342305
      },
      "minVirtHandlerMemoryUsageInMB": {
        "value": 3.8297025240384617
      },
      "running-phase-count": {
        "value": 101
      },
      "vmiCreationToRunningSecondsP50": {
        "value": 20.43818505964696,
        "thresholdResult": {
          "thresholdValue": 45,
          "thresholdExceeded": false
        }
      },
      "vmiCreationToRunningSecondsP95": {
        "value": 29.043818505964694,
        "thresholdResult": {
          "thresholdValue": 60,
          "thresholdExceeded": false
        }
      },
      "vmiCreationToRunningSecondsP99": {
        "value": 29.808763701192937
      },
      "vmiDeletionToFailedSecondsP50": {
        "value": 0
      },
      "vmiDeletionToFailedSecondsP95": {
        "value": 0
      },
      "vmiDeletionToFailedSecondsP99": {
        "value": 0
      },
      "vmiDeletionToSucceededSecondsP50": {
        "value": 0
      },
      "vmiDeletionToSucceededSecondsP95": {
        "value": 0
      },
      "vmiDeletionToSucceededSecondsP99": {
        "value": 0
      }
    }
  },
  "VMResult": {
    "Values": {
      "CREATE-events-count": {
        "value": 898.881440467152
      },
      "CREATE-pods-count": {
        "value": 111.10905353604564
      },
      "GET-leases-count": {
        "value": 183.33333333333334
      },
      "GET-nodes-count": {
        "value": 25.555555555555557
      },
      "PATCH-nodes-count": {
        "value": 11.11111111111111
      },
      "PATCH-pods-count": {
        "value": 374.43751041647374
      },
      "PATCH-virtualmachineinstances-count": {
        "value": 153.33049387974296,
        "thresholdResult": {
          "thresholdValue": 222.21810707209127,
          "thresholdMetric": "CREATE-pods-count",
          "thresholdRatio": 1.38,
          "thresholdExceeded": false
        }
      },
      "UPDATE-leases-count": {
        "value": 298.8861111625505
      },
      "UPDATE-virtualmachineinstances-count": {
        "value": 943.2983716111609,
        "thresholdResult": {
          "thresholdValue": 1111.0905353604564,
          "thresholdMetric": "CREATE-pods-count",
          "thresholdRatio": 8.489842560895715,
          "thresholdExceeded": false
        }
      },
      "WATCH-cdis-count": {
        "value": 1.1110905353604563
      },
      "WATCH-clusterrolebindings-count": {
        "value": 1.1111111111111112
      },
      "WATCH-clusterroles-count": {
        "value": 2.2222222222222223
      },
      "WATCH-configmaps-count": {
        "value": 15.555514404054245
      },
      "WATCH-controllerrevisions-count": {
        "value": 1.1110905353604563
      },
      "WATCH-customresourcedefinitions-count": {
        "value": 9.999979424249345
      },
      "WATCH-daemonsets-count": {
        "value": 2.2222222222222223
      },
      "WATCH-datasources-count": {
        "value": 2.2222222222222223
      },
      "WATCH-datavolumes-count": {
        "value": 1.1110905353604563
      },
      "WATCH-deployments-count": {
        "value": 2.2222222222222223
      },
      "WATCH-ingresses-count": {
        "value": 1.1110905353604563
      },
      "WATCH-kubevirts-count": {
        "value": 5.5555349798049
      },
      "WATCH-migrationpolicies-count": {
        "value": 1.1110905353604563
      },
      "WATCH-mutatingwebhookconfigurations-count": {
        "value": 2.2222222222222223
      },
      "WATCH-namespaces-count": {
        "value": 4.444423868693789
      },
      "WATCH-persistentvolumeclaims-count": {
        "value": 1.1110905353604563
      },
      "WATCH-poddisruptionbudgets-count": {
        "value": 2.2222016464715675
      },
      "WATCH-pods-count": {
        "value": 2.2221810707209126
      },
      "WATCH-prometheusrules-count": {
        "value": 2.2222222222222223
      },
      "WATCH-resourcequotas-count": {
        "value": 1.1110905353604563
      },
      "WATCH-rolebindings-count": {
        "value": 1.1111111111111112
      },
      "WATCH-roles-count": {
        "value": 2.2222222222222223
      },
      "WATCH-secrets-count": {
        "value": 1.1110905353604563
      },
      "WATCH-serviceaccounts-count": {
        "value": 1.1111111111111112
      },
      "WATCH-services-count": {
        "value": 2.2222016464715675
      },
      "WATCH-storageclasses-count": {
        "value": 1.1110905353604563
      },
      "WATCH-validatingadmissionpolicies-count": {
        "value": 1.1111111111111112
      },
      "WATCH-validatingadmissionpolicybindings-count": {
        "value": 1.1111111111111112
      },
      "WATCH-virtualmachineclones-count": {
        "value": 1.1110905353604563
      },
      "WATCH-virtualmachineclusterinstancetypes-count": {
        "value": 3.3333127575826786
      },
      "WATCH-virtualmachineclusterpreferences-count": {
        "value": 3.3333127575826786
      },
      "WATCH-virtualmachineexports-count": {
        "value": 1.1110905353604563
      },