{
  "JobDirCreationTime": "2025-04-20T00:19:12.727Z",
  "VMIResult": {
    "Values": {
      "CREATE-events-count": {
        "value": 337.00868523975123
      },
      "CREATE-pods-count": {
        "value": 120.475
      },
      "GET-leases-count": {
        "value": 188.8888888888889
      },
      "GET-nodes-count": {
        "value": 29.999913581207124
      },
      "LIST-nodes-count": {
        "value": 1.1110987655692712
      },
      "LIST-virtualmachineclusterinstancetypes-count": {
        "value": 1.1110987655692712
      },
      "LIST-virtualmachineclusterpreferences-count": {
        "value": 1.1110987655692712
      },
      "PATCH-nodes-count": {
        "value": 13.333296296707815
      },
      "PATCH-pods-count": {
        "value": 396.07275
      },
      "PATCH-services-count": {
        "value": 4.444395062277085
      },
      "PATCH-validatingadmissionpolicies-count": {
        "value": 1.1110987655692712
      },
      "PATCH-validatingadmissionpolicybindings-count": {
        "value": 1.1110987655692712
      },
      "PATCH-virtualmachineinstances-count": {
        "value": 60.20433333333333,
        "thresholdResult": {
          "thresholdValue": 240.95,
          "thresholdMetric": "CREATE-pods-count",
          "thresholdRatio": 0.4997247008369648,
          "thresholdExceeded": true
        }
      },
      "UPDATE-leases-count": {
        "value": 298.8872345862824
      },
      "UPDATE-virtualmachineinstances-count": {
        "value": 873.168398513823,
        "thresholdResult": {
          "thresholdValue": 1204.75,
          "thresholdMetric": "CREATE-pods-count",
          "thresholdRatio": 7.247714451245678,
          "thresholdExceeded": false
        }
      },
      "WATCH-clusterrolebindings-count": {
        "value": 2.2222098766803824
      },
      "WATCH-clusterroles-count": {
        "value": 1.1110987655692712
      },
      "WATCH-configmaps-count": {
        "value": 3.3333086422496536
      },
      "WATCH-controllerrevisions-count": {
        "value": 1.1111111111111112
      },
      "WATCH-customresourcedefinitions-count": {
        "value": 2.2222222222222223
      },
      "WATCH-daemonsets-count": {
        "value": 2.2222098766803824
      },
      "WATCH-datasources-count": {
        "value": 1.1111111111111112
      },
      "WATCH-kubevirts-count": {
        "value": 3.3333209877914936
      },
      "WATCH-namespaces-count": {
        "value": 4.444432098902604
      },
      "WATCH-poddisruptionbudgets-count": {
        "value": 1.1111111111111112
      },
      "WATCH-pods-count": {
        "value": 1.1111111111111112
      },
      "WATCH-prometheusrules-count": {
        "value": 1.1111111111111112
      },
      "WATCH-rolebindings-count": {
        "value": 1.1111111111111112
      },
      "WATCH-roles-count": {
        "value": 2.2222098766803824
      },
      "WATCH-secrets-count": {
        "value": 1.1110987655692712
      },
      "WATCH-serviceaccounts-count": {
        "value": 2.2222098766803824
      },
      "WATCH-servicemonitors-count": {
        "value": 1.1110987655692712
      },
      "WATCH-services-count": {
        "value": 1.1111111111111112
      },
      "WATCH-storageprofiles-count": {
        "value": 1.1111111111111112
      },
      "WATCH-validatingadmissionpolicies-count": {
        "value": 1.1111111111111112
      },
      "WATCH-validatingadmissionpolicybindings-count": {
        "value": 1.1110987655692712
      },
      "WATCH-validatingwebhookconfigurations-count": {
        "value": 1.1110987655692712
      },
      "WATCH-virtualmachineexports-count": {
        "value": 1.1111111111111112
      },
      "WATCH-virtualmachineinstancepresets-count": {
        "value": 1.1111111111111112
      },
      "WATCH-virtualmachineinstances-count": {
        "value": 2.2222098766803824
      },
      "WATCH-virtualmachinerestores-count": {
        "value": 1.1111111111111112
      },
      "WATCH-virtualmachines-count": {
        "value": 1.1111111111111112
      },
      "avgVirtAPICPUUsage": {
        "value": 0.009306087037037038
      },
      "avgVirtAPIMemoryUsageInMB": {
        "value": 137.66445312500002
      },
      "avgVirtControllerCPUUsage": {
        "value": 0.02315033333333334
      },
      "avgVirtControllerMemoryUsageInMB": {
        "value": 66.196875
      },
      "avgVirtHandlerCPUUsage": {
        "value": 0.0007126431358671653
      },
      "avgVirtHandlerMemoryUsageInMB": {
        "value": 38.105054369116196
      },
      "maxVirtAPIMemoryUsageInMB": {
        "value": 163.6640625
      },
      "maxVirtControllerMemoryUsageInMB": {
        "value": 84.11328125
      },
      "maxVirtHandlerCPUUsage": {
        "value": 0.0007531647407407407
      },
      "maxVirtHandlerMemoryUsageInMB": {
        "value": 74.3710625
      },
      "minVirtAPIMemoryUsageInMB": {
        "value": 125.6953125
      },
      "minVirtControllerMemoryUsageInMB": {
        "value": 56.5
      },
      "minVirtHandlerCPUUsage": {
        "value": 0.0006684571658615137
      },
      "minVirtHandlerMemoryUsageInMB": {
        "value": 5.497106481481482
      },
      "running-phase-count": {
        "value": 101
      },
      "vmiCreationToRunningSecondsP50": {
        "value": 21.63778818243491,
        "thresholdResult": {
          "thresholdValue": 45,
          "thresholdExceeded": false
        }
      },
      "vmiCreationToRunningSecondsP95": {
        "value": 34.02576739878275,
        "thresholdResult": {
          "thresholdValue": 60,
          "thresholdExceeded": false
        }
      },
      "vmiCreationToRunningSecondsP99": {
        "value": 38.80515347975655
      },
      "vmiDeletionToFailedSecondsP50": {
        "value": 0
      },
      "vmiDeletionToFailedSecondsP95": {
        "value": 0
      },
      "vmiDeletionToFailedSecondsP99": {
        "value": 0
      },
      "vmiDeletionToSucceededSecondsP50": {
        "value": 0
      },
      "vmiDeletionToSucceededSecondsP95": {
        "value": 0
      },
      "vmiDeletionToSucceededSecondsP99": {
        "value": 0
      }
    }
  },
  "VMResult": {
    "Values": {
      "CREATE-controllerrevisions-count": {
        "value": 116.78450000000001
      },
      "CREATE-events-count": {
        "value": 864.4416050013704
      },
      "CREATE-pods-count": {
        "value": 111.11111111111111
      },
      "CREATE-virtualmachineinstances-count": {
        "value": 116.78450000000001
      },
      "DELETE-pods-count": {
        "value": 174.48525
      },
      "GET-leases-count": {
        "value": 180
      },
      "GET-nodes-count": {
        "value": 28.888765434842192
      },
      "PATCH-events-count": {
        "value": 88.88575
      },
      "PATCH-nodes-count": {
        "value": 12.222172840603541
      },
      "PATCH-pods-count": {
        "value": 361.1111111111111
      },
      "PATCH-virtualmachineinstances-count": {
        "value": 182.22222222222223,
        "thresholdResult": {
          "thresholdValue": 222.22222222222223,
          "thresholdMetric": "CREATE-pods-count",
          "thresholdRatio": 1.64,
          "thresholdExceeded": false
        }
      },
      "PATCH-virtualmachines-count": {
        "value": 116.78450000000001
      },
      "UPDATE-leases-count": {
        "value": 298.8888888888889
      },
      "UPDATE-virtualmachineinstances-count": {
        "value": 887.7750370979411,
        "thresholdResult": {
          "thresholdValue": 1111.111111111111,
          "thresholdMetric": "CREATE-pods-count",
          "thresholdRatio": 7.989975333881469,
          "thresholdExceeded": false
        }
      },
      "UPDATE-virtualmachines-count": {
        "value": 1131.003
      },
      "WATCH-cdiconfigs-count": {
        "value": 1.1111111111111112
      },
      "WATCH-cdis-count": {
        "value": 1.1111111111111112
      },
      "WATCH-clusterrolebindings-count": {
        "value": 1.1111111111111112
      },