{
  "JobDirCreationTime": "2024-07-27T16:15:57.574Z",
  "VMIResult": {
    "Values": {
      "CREATE-deployments-count": {
        "value": 1.206088888888889
      },
      "CREATE-events-count": {
        "value": 128.23744
      },
      "CREATE-poddisruptionbudgets-count": {
        "value": 1.206088888888889
      },
      "CREATE-pods-count": {
        "value": 107.82333333333334
      },
      "DELETE-virtualmachineclusterinstancetypes-count": {
        "value": 3.9273999999999996
      },
      "DELETE-virtualmachineclusterpreferences-count": {
        "value": 3.9273999999999996
      },
      "GET-leases-count": {
        "value": 114.14610666666667
      },
      "GET-nodes-count": {
        "value": 28.278079822935695
      },
      "LIST-nodes-count": {
        "value": 10.854800000000001
      },
      "LIST-virtualmachineclusterinstancetypes-count": {
        "value": 3.9273999999999996
      },
      "LIST-virtualmachineclusterpreferences-count": {
        "value": 3.9273999999999996
      },
      "PATCH-nodes-count": {
        "value": 4.713013303822615
      },
      "PATCH-pods-count": {
        "value": 251.17356666666666
      },
      "PATCH-services-count": {
        "value": 43.419200000000004
      },
      "PATCH-virtualmachineinstances-count": {
        "value": 99.27746666666667,
        "thresholdResult": {
          "thresholdValue": 215.64666666666668,
          "thresholdMetric": "CREATE-pods-count",
          "thresholdRatio": 0.920741954431632,
          "thresholdExceeded": false
        }
      },
      "UPDATE-kubevirts-count": {
        "value": 2.412177777777778
      },
      "UPDATE-leases-count": {
        "value": 201.4124111111111
      },
      "UPDATE-virtualmachineinstances-count": {
        "value": 727.6879449851868,
        "thresholdResult": {
          "thresholdValue": 1078.2333333333333,
          "thresholdMetric": "CREATE-pods-count",
          "thresholdRatio": 6.748891195336694,
          "thresholdExceeded": false
        }
      },
      "avgVirtAPICPUUsage": {
        "value": 0.02364438648403175
      },
      "avgVirtAPIMemoryUsageInMB": {
        "value": 120.87890625
      },
      "avgVirtControllerCPUUsage": {
        "value": 0.010424271150851852
      },
      "avgVirtControllerMemoryUsageInMB": {
        "value": 55.57924107142858
      },
      "maxVirtAPIMemoryUsageInMB": {
        "value": 158.984375
      },
      "maxVirtControllerMemoryUsageInMB": {
        "value": 90.0234375
      },
      "minVirtAPIMemoryUsageInMB": {
        "value": 0.0859375
      },
      "minVirtControllerMemoryUsageInMB": {
        "value": 0.09765625
      },
      "running-phase-count": {
        "value": 93
      },
      "scheduled-phase-count": {
        "value": 8
      },
      "vmiCreationToRunningSecondsP50": {
        "value": 14.945614414394846,
        "thresholdResult": {
          "thresholdValue": 45,
          "thresholdExceeded": false
        }
      },
      "vmiCreationToRunningSecondsP95": {
        "value": 19.494561441439483,
        "thresholdResult": {
          "thresholdValue": 60,
          "thresholdExceeded": false
        }
      },
      "vmiCreationToRunningSecondsP99": {
        "value": 19.898912288287896
      },
      "vmiDeletionToFailedSecondsP50": {
        "value": 0
      },
      "vmiDeletionToFailedSecondsP95": {
        "value": 0
      },
      "vmiDeletionToFailedSecondsP99": {
        "value": 0
      },
      "vmiDeletionToSucceededSecondsP50": {
        "value": 0
      },
      "vmiDeletionToSucceededSecondsP95": {
        "value": 0
      },
      "vmiDeletionToSucceededSecondsP99": {
        "value": 0
      }
    }
  },
  "VMResult": {
    "Values": {
      "CREATE-controllerrevisions-count": {
        "value": 122.65813333333332
      },
      "CREATE-events-count": {
        "value": 788.8862716630988
      },
      "CREATE-pods-count": {
        "value": 111.11111111111111
      },
      "CREATE-virtualmachineinstances-count": {
        "value": 122.65813333333332
      },
      "GET-leases-count": {
        "value": 185.55555555555554
      },
      "GET-nodes-count": {
        "value": 25.555382719890176
      },
      "LIST-cdiconfigs-count": {
        "value": 1.1111111111111112
      },
      "LIST-cdis-count": {
        "value": 1.1111111111111112
      },
      "LIST-clusterrolebindings-count": {
        "value": 2.2222222222222223
      },
      "LIST-configmaps-count": {
        "value": 16.666641975857328
      },
      "LIST-controllerrevisions-count": {
        "value": 1.1111111111111112
      },
      "LIST-customresourcedefinitions-count": {
        "value": 8.888864198079549
      },
      "LIST-daemonsets-count": {
        "value": 2.2222222222222223
      },
      "LIST-datasources-count": {
        "value": 3.3333333333333335
      },
      "LIST-datavolumes-count": {
        "value": 1.1111111111111112
      },
      "LIST-deployments-count": {
        "value": 2.2222222222222223
      },
      "LIST-ingresses-count": {
        "value": 1.1111111111111112
      },
      "LIST-jobs-count": {
        "value": 2.2222222222222223
      },
      "LIST-kubevirts-count": {
        "value": 11.11108642030177
      },
      "LIST-migrationpolicies-count": {
        "value": 1.1111111111111112
      },
      "LIST-mutatingwebhookconfigurations-count": {
        "value": 2.2222222222222223
      },
      "LIST-namespaces-count": {
        "value": 5.555555555555555
      },
      "LIST-nodes-count": {
        "value": 1.1111111111111112
      },
      "LIST-persistentvolumeclaims-count": {
        "value": 1.1111111111111112
      },
      "LIST-poddisruptionbudgets-count": {
        "value": 3.3333333333333335
      },
      "LIST-pods-count": {
        "value": 3.3333333333333335
      },
      "LIST-prometheusrules-count": {
        "value": 2.2222222222222223
      },
      "LIST-resourcequotas-count": {
        "value": 1.1111111111111112
      },
      "LIST-rolebindings-count": {
        "value": 1.1111111111111112
      },
      "LIST-roles-count": {
        "value": 1.1111111111111112
      },
      "LIST-secrets-count": {
        "value": 2.2222222222222223
      },
      "LIST-serviceaccounts-count": {
        "value": 1.1111111111111112
      },
      "LIST-servicemonitors-count": {
        "value": 2.2222222222222223
      },
      "LIST-services-count": {
        "value": 3.3333333333333335
      },
      "LIST-storageclasses-count": {
        "value": 1.1111111111111112
      },
      "LIST-storageprofiles-count": {
        "value": 1.1111111111111112
      },
      "LIST-validatingwebhookconfigurations-count": {
        "value": 1.1111111111111112
      },
      "LIST-virtualmachineclones-count": {
        "value": 1.1111111111111112
      },
      "LIST-virtualmachineclusterinstancetypes-count": {
        "value": 1.1111111111111112
      },
      "LIST-virtualmachineclusterpreferences-count": {
        "value": 1.1111111111111112
      },
      "LIST-virtualmachineexports-count": {
        "value": 1.1111111111111112
      },
      "LIST-virtualmachineinstancepresets-count": {
        "value": 2.2222222222222223
      },
      "LIST-virtualmachineinstancereplicasets-count": {
        "value": 1.1111111111111112
      },
      "LIST-virtualmachineinstances-count": {
        "value": 8.888839507270209
      },
      "LIST-virtualmachineinstancetypes-count": {
        "value": 1.1111111111111112
      },
      "LIST-virtualmachinepools-count": {
        "value": 1.1111111111111112
      },
      "LIST-virtualmachinerestores-count": {
        "value": 3.3333333333333335
      },
      "LIST-virtualmachines-count": {
        "value": 1.1111111111111112
      },
      "LIST-virtualmachinesnapshotcontents-count": {
        "value": 1.1111111111111112
      },
      "LIST-virtualmachinesnapshots-count": {
        "value": 1.1111111111111112
      },
      "PATCH-nodes-count": {
        "value": 11.111037038683092
      },