{
  "JobDirCreationTime": "2024-06-28T05:09:45.121Z",
  "VMIResult": {
    "Values": {
      "GET-leases-count": {
        "value": 183.33333333333331
      },
      "LIST-clusterrolebindings-count": {
        "value": 2.2222222222222223
      },
      "LIST-configmaps-count": {
        "value": 3.3333333333333335
      },
      "LIST-customresourcedefinitions-count": {
        "value": 1.1111111111111112
      },
      "LIST-deployments-count": {
        "value": 1.1111111111111112
      },
      "LIST-kubevirts-count": {
        "value": 1.1111111111111112
      },
      "LIST-mutatingwebhookconfigurations-count": {
        "value": 1.1111111111111112
      },
      "LIST-namespaces-count": {
        "value": 3.3333333333333335
      },
      "LIST-poddisruptionbudgets-count": {
        "value": 1.1111111111111112
      },
      "LIST-pods-count": {
        "value": 1.1111111111111112
      },
      "LIST-prometheusrules-count": {
        "value": 1.1111111111111112
      },
      "LIST-rolebindings-count": {
        "value": 1.1111111111111112
      },
      "LIST-roles-count": {
        "value": 1.1111111111111112
      },
      "LIST-routes-count": {
        "value": 2.2222222222222223
      },
      "LIST-secrets-count": {
        "value": 2.2222222222222223
      },
      "LIST-securitycontextconstraints-count": {
        "value": 1.1111111111111112
      },
      "LIST-serviceaccounts-count": {
        "value": 1.1111111111111112
      },
      "LIST-servicemonitors-count": {
        "value": 2.2222222222222223
      },
      "LIST-services-count": {
        "value": 1.1111111111111112
      },
      "LIST-validatingwebhookconfigurations-count": {
        "value": 1.1111111111111112
      },
      "LIST-virtualmachineinstancepresets-count": {
        "value": 2.2222222222222223
      },
      "LIST-virtualmachinerestores-count": {
        "value": 1.1111111111111112
      },
      "UPDATE-leases-count": {
        "value": 298.8888888888889
      },
      "avgVirtAPICPUUsage": {
        "value": 0.04258431556851852
      },
      "avgVirtAPIMemoryUsageInMB": {
        "value": 194.10468749999998
      },
      "avgVirtControllerCPUUsage": {
        "value": 0.03483596446296296
      },
      "avgVirtControllerMemoryUsageInMB": {
        "value": 112.5953125
      },
      "maxVirtAPIMemoryUsageInMB": {
        "value": 211.9453125
      },
      "maxVirtControllerMemoryUsageInMB": {
        "value": 146.8046875
      },
      "minVirtAPIMemoryUsageInMB": {
        "value": 187.328125
      },
      "minVirtControllerMemoryUsageInMB": {
        "value": 89.8671875
      },
      "succeeded-phase-count": {
        "value": 41
      },
      "vmiCreationToRunningSecondsP50": {
        "value": 43.53602865916069
      },
      "vmiCreationToRunningSecondsP95": {
        "value": 49.59360286591607
      },
      "vmiCreationToRunningSecondsP99": {
        "value": 54.952021494370484
      },
      "vmiDeletionToFailedSecondsP50": {
        "value": 0
      },
      "vmiDeletionToFailedSecondsP95": {
        "value": 0
      },
      "vmiDeletionToFailedSecondsP99": {
        "value": 0
      },
      "vmiDeletionToSucceededSecondsP50": {
        "value": 0.7993955677553426
      },
      "vmiDeletionToSucceededSecondsP95": {
        "value": 9.345013433981576
      },
      "vmiDeletionToSucceededSecondsP99": {
        "value": 17.476010747185253
      }
    }
  },
  "VMResult": null
}
