{
  "JobDirCreationTime": "2026-07-16T06:39:04.092Z",
  "VMIResult": {
    "Values": {
      "CREATE-events-count": {
        "value": 16012.099419252872
      },
      "CREATE-pods-count": {
        "value": 8005.549425287356
      },
      "DELETE-pods-count": {
        "value": 6296.762033333333
      },
      "GET-leases-count": {
        "value": 1103.711304347826
      },
      "LIST-virtualmachineclusterinstancetypes-count": {
        "value": 613.5103885597582
      },
      "LIST-virtualmachineclusterpreferences-count": {
        "value": 613.5103885597582
      },
      "PATCH-nodes-count": {
        "value": 57.61123755218834
      },
      "PATCH-pods-count": {
        "value": 17246.806662028983
      },
      "PATCH-virtualmachineinstances-count": {
        "value": 13476.646583333333,
        "thresholdResult": {
          "thresholdValue": 16011.098850574712,
          "thresholdMetric": "CREATE-pods-count",
          "thresholdRatio": 1.6834130760300183,
          "thresholdExceeded": false
        }
      },
      "UPDATE-leases-count": {
        "value": 1738.4899425287356
      },
      "UPDATE-virtualmachineinstances-count": {
        "value": 26813.336025212924,
        "thresholdResult": {
          "thresholdValue": 80055.49425287356,
          "thresholdMetric": "CREATE-pods-count",
          "thresholdRatio": 3.3493436366174794,
          "thresholdExceeded": false
        }
      },
      "WATCH-cdiconfigs-count": {
        "value": 9.01810344827586
      },
      "WATCH-cdis-count": {
        "value": 9.01810344827586
      },
      "WATCH-configmaps-count": {
        "value": 61.33180721687779
      },
      "WATCH-controllerrevisions-count": {
        "value": 7.014080459770114
      },
      "WATCH-customresourcedefinitions-count": {
        "value": 71.61333169637646
      },
      "WATCH-datasources-count": {
        "value": 22.113958020989504
      },
      "WATCH-datavolumes-count": {
        "value": 8.016091954022988
      },
      "WATCH-ingresses-count": {
        "value": 8.016091954022988
      },
      "WATCH-kubevirts-count": {
        "value": 56.443740784743454
      },
      "WATCH-migrationpolicies-count": {
        "value": 7.014080459770114
      },
      "WATCH-namespaces-count": {
        "value": 21.103233383308343
      },
      "WATCH-nodes-count": {
        "value": 14.089144720565173
      },
      "WATCH-persistentvolumeclaims-count": {
        "value": 8.016091954022988
      },
      "WATCH-plugins-count": {
        "value": 7.07506426079506
      },
      "WATCH-poddisruptionbudgets-count": {
        "value": 8.016091954022988
      },
      "WATCH-pods-count": {
        "value": 14.028160919540229
      },
      "WATCH-prometheusrules-count": {
        "value": 15.16087659635142
      },
      "WATCH-resourcequotas-count": {
        "value": 8.016091954022988
      },
      "WATCH-secrets-count": {
        "value": 7.014080459770114
      },
      "WATCH-servicemonitors-count": {
        "value": 16.171602112924333
      },
      "WATCH-services-count": {
        "value": 9.01810344827586
      },
      "WATCH-storageclasses-count": {
        "value": 7.014080459770114
      },
      "WATCH-storageprofiles-count": {
        "value": 8.016091954022988
      },
      "WATCH-virtualmachinebackups-count": {
        "value": 23.115969515242377
      },
      "WATCH-virtualmachinebackuptrackers-count": {
        "value": 16.101879680645915
      },
      "WATCH-virtualmachineclones-count": {
        "value": 7.014080459770114
      },
      "WATCH-virtualmachineclusterinstancetypes-count": {
        "value": 24.18769318805557
      },
      "WATCH-virtualmachineclusterpreferences-count": {
        "value": 24.17898004462728
      },
      "WATCH-virtualmachineexports-count": {
        "value": 7.014080459770114
      },
      "WATCH-virtualmachineinstancemigrations-count": {
        "value": 9.01810344827586
      },
      "WATCH-virtualmachineinstancepresets-count": {
        "value": 16.101889055472263
      },
      "WATCH-virtualmachineinstancereplicasets-count": {
        "value": 8.016091954022988
      },
      "WATCH-virtualmachineinstances-count": {
        "value": 31.2627316680639
      },
      "WATCH-virtualmachineinstancetypes-count": {
        "value": 8.016091954022988
      },
      "WATCH-virtualmachinepools-count": {
        "value": 8.016091954022988
      },
      "WATCH-virtualmachinepreferences-count": {
        "value": 8.016091954022988
      },
      "WATCH-virtualmachinerestores-count": {
        "value": 22.10524487756122
      },
      "WATCH-virtualmachines-count": {
        "value": 6.012068965517241
      },
      "WATCH-virtualmachinesnapshotcontents-count": {
        "value": 7.014080459770114
      },
      "WATCH-virtualmachinesnapshots-count": {
        "value": 8.016091954022988
      },
      "avgVirtAPICPUUsage": {
        "value": 0.03032219797101449
      },
      "avgVirtAPIMemoryUsageInMB": {
        "value": 183.83570177801727
      },
      "avgVirtControllerCPUUsage": {
        "value": 0.2652245327536232
      },
      "avgVirtControllerMemoryUsageInMB": {
        "value": 1272.3707906788793
      },
      "maxVirtAPIMemoryUsageInMB": {
        "value": 185.10546875
      },
      "maxVirtControllerMemoryUsageInMB": {
        "value": 1986.48046875
      },
      "minVirtAPIMemoryUsageInMB": {
        "value": 179.212890625
      },
      "minVirtControllerMemoryUsageInMB": {
        "value": 461.1171875
      },
      "virtControllerWorkqueueAddRate": {
        "value": 232.93879310344826
      },
      "virtControllerWorkqueueDepth": {
        "value": 0.1001429505816349
      },
      "virtControllerWorkqueueP99Latency": {
        "value": 0.7149404273688751
      },
      "vmiCreationToRunningSecondsP50": {
        "value": 0.4817557461250632,
        "thresholdResult": {
          "thresholdValue": 45,
          "thresholdExceeded": false
        }
      },
      "vmiCreationToRunningSecondsP95": {
        "value": 0.972070900173893,
        "thresholdResult": {
          "thresholdValue": 60,
          "thresholdExceeded": false
        }
      },
      "vmiCreationToRunningSecondsP99": {
        "value": 1.5948205419669215
      },
      "vmiDeletionToFailedSecondsP50": {
        "value": 0
      },
      "vmiDeletionToFailedSecondsP95": {
        "value": 0
      },
      "vmiDeletionToFailedSecondsP99": {
        "value": 0
      },
      "vmiDeletionToSucceededSecondsP50": {
        "value": 0
      },
      "vmiDeletionToSucceededSecondsP95": {
        "value": 0
      },
      "vmiDeletionToSucceededSecondsP99": {
        "value": 0
      }
    }
  },
  "VMResult": {
    "Values": {
      "CREATE-controllerrevisions-count": {
        "value": 7997.613189156888
      },
      "CREATE-events-count": {
        "value": 31931.461344537813
      },
      "CREATE-pods-count": {
        "value": 8073.949579831932
      },
      "CREATE-virtualmachineinstances-count": {
        "value": 7997.613189156888
      },
      "DELETE-pods-count": {
        "value": 7893.294957983193
      },
      "DELETE-virtualmachineinstances-count": {
        "value": 5741.991666666666
      },
      "GET-leases-count": {
        "value": 1124.2974789915966
      },
      "LIST-configmaps-count": {
        "value": 1.0092436974789916
      },
      "LIST-virtualmachineclusterinstancetypes-count": {
        "value": 647.5391666666666
      },
      "LIST-virtualmachineclusterpreferences-count": {
        "value": 647.5391666666666
      },
      "PATCH-nodes-count": {
        "value": 59.54546154826548
      },
      "PATCH-pods-count": {
        "value": 17395.324369747897
      },
      "PATCH-virtualmachineinstances-count": {
        "value": 16983.837897584035,
        "thresholdResult": {
          "thresholdValue": 16147.899159663864,
          "thresholdMetric": "CREATE-pods-count",
          "thresholdRatio": 2.1035352933102627,