{
  "JobDirCreationTime": "2024-10-28T05:03:57.705Z",
  "VMIResult": {
    "Values": {
      "CREATE-events-count": {
        "value": 790.8022666666667
      },
      "CREATE-pods-count": {
        "value": 123.87166666666667
      },
      "DELETE-pods-count": {
        "value": 126.27573333333333
      },
      "GET-leases-count": {
        "value": 185.55555555555557
      },
      "GET-nodes-count": {
        "value": 21.111111111111114
      },
      "PATCH-nodes-count": {
        "value": 8.88888888888889
      },
      "PATCH-pods-count": {
        "value": 381.4447333333334
      },
      "PATCH-virtualmachineinstances-count": {
        "value": 243.05718333333337
      },
      "UPDATE-leases-count": {
        "value": 298.8888888888889
      },
      "UPDATE-virtualmachineinstances-count": {
        "value": 1046.4015666666667
      },
      "WATCH-clusterrolebindings-count": {
        "value": 1.1111111111111112
      },
      "WATCH-clusterroles-count": {
        "value": 1.1111111111111112
      },
      "WATCH-configmaps-count": {
        "value": 8.88888888888889
      },
      "WATCH-controllerrevisions-count": {
        "value": 1.1111111111111112
      },
      "WATCH-customresourcedefinitions-count": {
        "value": 8.88888888888889
      },
      "WATCH-daemonsets-count": {
        "value": 1.1111111111111112
      },
      "WATCH-deployments-count": {
        "value": 1.1111111111111112
      },
      "WATCH-ingresses-count": {
        "value": 1.1111111111111112
      },
      "WATCH-jobs-count": {
        "value": 2.2222222222222223
      },
      "WATCH-kubevirts-count": {
        "value": 5.555555555555555
      },
      "WATCH-mutatingwebhookconfigurations-count": {
        "value": 2.2222222222222223
      },
      "WATCH-namespaces-count": {
        "value": 1.1111111111111112
      },
      "WATCH-persistentvolumeclaims-count": {
        "value": 1.1111111111111112
      },
      "WATCH-poddisruptionbudgets-count": {
        "value": 2.2222222222222223
      },
      "WATCH-pods-count": {
        "value": 2.2222222222222223
      },
      "WATCH-prometheusrules-count": {
        "value": 2.2222222222222223
      },
      "WATCH-resourcequotas-count": {
        "value": 1.1111111111111112
      },
      "WATCH-rolebindings-count": {
        "value": 1.1111111111111112
      },
      "WATCH-roles-count": {
        "value": 2.2222222222222223
      },
      "WATCH-secrets-count": {
        "value": 1.1111111111111112
      },
      "WATCH-securitycontextconstraints-count": {
        "value": 1.1111111111111112
      },
      "WATCH-serviceaccounts-count": {
        "value": 1.1111111111111112
      },
      "WATCH-servicemonitors-count": {
        "value": 2.2222222222222223
      },
      "WATCH-virtualmachineclusterpreferences-count": {
        "value": 1.1111111111111112
      },
      "WATCH-virtualmachineinstancepresets-count": {
        "value": 2.2222222222222223
      },
      "WATCH-virtualmachineinstances-count": {
        "value": 2.2222222222222223
      },
      "WATCH-virtualmachinerestores-count": {
        "value": 1.1111111111111112
      },
      "WATCH-virtualmachines-count": {
        "value": 1.1111111111111112
      },
      "avgVirtAPICPUUsage": {
        "value": 0.05062989834444444
      },
      "avgVirtAPIMemoryUsageInMB": {
        "value": 189.9951171875
      },
      "avgVirtControllerCPUUsage": {
        "value": 0.03707241687037037
      },
      "avgVirtControllerMemoryUsageInMB": {
        "value": 116.320703125
      },
      "maxVirtAPIMemoryUsageInMB": {
        "value": 210.78125
      },
      "maxVirtControllerMemoryUsageInMB": {
        "value": 147.9296875
      },
      "minVirtAPIMemoryUsageInMB": {
        "value": 172.01171875
      },
      "minVirtControllerMemoryUsageInMB": {
        "value": 91.5859375
      },
      "vmiCreationToRunningSecondsP50": {
        "value": 42.734275200252775
      },
      "vmiCreationToRunningSecondsP95": {
        "value": 49.40578046120174
      },
      "vmiCreationToRunningSecondsP99": {
        "value": 49.99880315106388
      },
      "vmiDeletionToFailedSecondsP50": {
        "value": 0
      },
      "vmiDeletionToFailedSecondsP95": {
        "value": 0
      },
      "vmiDeletionToFailedSecondsP99": {
        "value": 0
      },
      "vmiDeletionToSucceededSecondsP50": {
        "value": 0.6280069277739919
      },
      "vmiDeletionToSucceededSecondsP95": {
        "value": 0.9701777419577269
      },
      "vmiDeletionToSucceededSecondsP99": {
        "value": 1.0723369037685249
      }
    }
  },
  "VMResult": null
}
