{
  "JobDirCreationTime": "2026-02-05T06:21:36.322Z",
  "VMIResult": {
    "Values": {
      "CREATE-events-count": {
        "value": 103.17204301075269
      },
      "CREATE-pods-count": {
        "value": 102.15053763440861
      },
      "DELETE-jobs-count": {
        "value": 316.6666666666667
      },
      "GET-leases-count": {
        "value": 1195.2910052910054
      },
      "LIST-nodes-count": {
        "value": 316.6666666666667
      },
      "LIST-virtualmachineclusterinstancetypes-count": {
        "value": 316.6666666666667
      },
      "LIST-virtualmachineclusterpreferences-count": {
        "value": 316.6666666666667
      },
      "PATCH-nodes-count": {
        "value": 89.89247311827957
      },
      "PATCH-pods-count": {
        "value": 102.15053763440861
      },
      "PATCH-services-count": {
        "value": 1266.6666666666667
      },
      "UPDATE-configmaps-count": {
        "value": 316.6666666666667
      },
      "UPDATE-leases-count": {
        "value": 1894.8924731182797
      },
      "UPDATE-virtualmachineinstances-count": {
        "value": 308.494623655914
      },
      "WATCH-clusterrolebindings-count": {
        "value": 8.107185526540366
      },
      "WATCH-clusterroles-count": {
        "value": 8.107185526540366
      },
      "WATCH-configmaps-count": {
        "value": 63.009045912271716
      },
      "WATCH-controllerrevisions-count": {
        "value": 4.086021505376344
      },
      "WATCH-customresourcedefinitions-count": {
        "value": 44.6868066222905
      },
      "WATCH-daemonsets-count": {
        "value": 7.10189452124936
      },
      "WATCH-deployments-count": {
        "value": 10.133981908175457
      },
      "WATCH-ingresses-count": {
        "value": 4.086021505376344
      },
      "WATCH-jobs-count": {
        "value": 8.107185526540366
      },
      "WATCH-kubevirts-count": {
        "value": 38.6226318484383
      },
      "WATCH-leases-count": {
        "value": 8.107185526540366
      },
      "WATCH-migrationpolicies-count": {
        "value": 4.086021505376344
      },
      "WATCH-mutatingwebhookconfigurations-count": {
        "value": 9.112476531831371
      },
      "WATCH-namespaces-count": {
        "value": 21.305683563748083
      },
      "WATCH-nodes-count": {
        "value": 16.344086021505376
      },
      "WATCH-persistentvolumeclaims-count": {
        "value": 5.10752688172043
      },
      "WATCH-poddisruptionbudgets-count": {
        "value": 11.171701655572623
      },
      "WATCH-pods-count": {
        "value": 17.284519542584057
      },
      "WATCH-prometheusrules-count": {
        "value": 8.107185526540366
      },
      "WATCH-resourcequotas-count": {
        "value": 4.086021505376344
      },
      "WATCH-rolebindings-count": {
        "value": 11.155487284519543
      },
      "WATCH-roles-count": {
        "value": 9.12869090288445
      },
      "WATCH-routes-count": {
        "value": 12.19320703191671
      },
      "WATCH-secrets-count": {
        "value": 12.19320703191671
      },
      "WATCH-securitycontextconstraints-count": {
        "value": 7.10189452124936
      },
      "WATCH-serviceaccounts-count": {
        "value": 8.107185526540366
      },
      "WATCH-servicemonitors-count": {
        "value": 7.10189452124936
      },
      "WATCH-services-count": {
        "value": 12.176992660863629
      },
      "WATCH-storageclasses-count": {
        "value": 4.086021505376344
      },
      "WATCH-validatingwebhookconfigurations-count": {
        "value": 8.090971155487285
      },
      "WATCH-virtualmachinebackups-count": {
        "value": 12.19320703191671
      },
      "WATCH-virtualmachinebackuptrackers-count": {
        "value": 5.10752688172043
      },
      "WATCH-virtualmachineclones-count": {
        "value": 4.086021505376344
      },
      "WATCH-virtualmachineclusterinstancetypes-count": {
        "value": 13.198498037207715
      },
      "WATCH-virtualmachineclusterpreferences-count": {
        "value": 13.214712408260795
      },
      "WATCH-virtualmachineexports-count": {
        "value": 5.10752688172043
      },
      "WATCH-virtualmachineinstancemigrations-count": {
        "value": 4.086021505376344
      },
      "WATCH-virtualmachineinstancepresets-count": {
        "value": 7.085680150196279
      },
      "WATCH-virtualmachineinstancereplicasets-count": {
        "value": 4.086021505376344
      },
      "WATCH-virtualmachineinstances-count": {
        "value": 40.86021505376344
      },
      "WATCH-virtualmachineinstancetypes-count": {
        "value": 4.086021505376344
      },
      "WATCH-virtualmachinepools-count": {
        "value": 4.086021505376344
      },
      "WATCH-virtualmachinepreferences-count": {
        "value": 3.064516129032258
      },
      "WATCH-virtualmachinerestores-count": {
        "value": 13.198498037207715
      },
      "WATCH-virtualmachines-count": {
        "value": 4.086021505376344
      },
      "WATCH-virtualmachinesnapshotcontents-count": {
        "value": 4.086021505376344
      },
      "WATCH-virtualmachinesnapshots-count": {
        "value": 5.10752688172043
      },
      "WATCH-volumesnapshotclasses-count": {
        "value": 4.086021505376344
      },
      "WATCH-volumesnapshots-count": {
        "value": 3.064516129032258
      },
      "avgVirtAPICPUUsage": {
        "value": 0.003964931285223588
      },
      "avgVirtAPIMemoryUsageInMB": {
        "value": 198.85962325807603
      },
      "avgVirtControllerCPUUsage": {
        "value": 0.009317183422043011
      },
      "avgVirtControllerMemoryUsageInMB": {
        "value": 392.73443700396825
      },
      "failed-phase-count": {
        "value": 19
      },
      "maxVirtAPIMemoryUsageInMB": {
        "value": 235.884765625
      },
      "maxVirtControllerMemoryUsageInMB": {
        "value": 459.84765625
      },
      "minVirtAPIMemoryUsageInMB": {
        "value": 191.61328125
      },
      "minVirtControllerMemoryUsageInMB": {
        "value": 325.51171875
      },
      "virtControllerWorkqueueAddRate": {
        "value": 1.650537634408602
      },
      "virtControllerWorkqueueDepth": {
        "value": 0
      },
      "virtControllerWorkqueueP99Latency": {
        "value": 0.07824409448818881
      },
      "vmiCreationToRunningSecondsP50": {
        "value": 0
      },
      "vmiCreationToRunningSecondsP95": {
        "value": 0
      },
      "vmiCreationToRunningSecondsP99": {
        "value": 0
      },
      "vmiDeletionToFailedSecondsP50": {
        "value": 0
      },
      "vmiDeletionToFailedSecondsP95": {
        "value": 0
      },
      "vmiDeletionToFailedSecondsP99": {
        "value": 0
      },
      "vmiDeletionToSucceededSecondsP50": {
        "value": 0
      },
      "vmiDeletionToSucceededSecondsP95": {
        "value": 0
      },
      "vmiDeletionToSucceededSecondsP99": {
        "value": 0
      }
    }
  },
  "VMResult": null
}
