{
  "JobDirCreationTime": "2023-10-23T19:29:08.743Z",
  "VMIResult": {
    "Values": {
      "CREATE-events-count": {
        "value": 154.30670555555554
      },
      "CREATE-pods-count": {
        "value": 110.96222222222222
      },
      "DELETE-virtualmachineclusterinstancetypes-count": {
        "value": 1.2459166666666666
      },
      "DELETE-virtualmachineclusterpreferences-count": {
        "value": 1.2459166666666666
      },
      "GET-endpoints-count": {
        "value": 236.16338333333331
      },
      "GET-leases-count": {
        "value": 380.45575
      },
      "GET-nodes-count": {
        "value": 14.949177777777777
      },
      "LIST-customresourcedefinitions-count": {
        "value": 1.1897083333333331
      },
      "LIST-nodes-count": {
        "value": 1.2459166666666666
      },
      "LIST-servicemonitors-count": {
        "value": 1.1897083333333331
      },
      "LIST-virtualmachineclusterinstancetypes-count": {
        "value": 1.2459166666666666
      },
      "LIST-virtualmachineclusterpreferences-count": {
        "value": 1.2459166666666666
      },
      "PATCH-nodes-count": {
        "value": 7.4745888888888885
      },
      "PATCH-pods-count": {
        "value": 221.92444444444445
      },
      "PATCH-services-count": {
        "value": 4.983666666666666
      },
      "PATCH-virtualmachineinstances-count": {
        "value": 75.77431111111112,
        "thresholdResult": {
          "thresholdValue": 221.92444444444445,
          "thresholdMetric": "CREATE-pods-count",
          "thresholdRatio": 0.682883864378267,
          "thresholdExceeded": false
        }
      },
      "UPDATE-endpoints-count": {
        "value": 144.29236666666668
      },
      "UPDATE-leases-count": {
        "value": 145.53828333333334
      },
      "UPDATE-virtualmachineinstances-count": {
        "value": 639.2761222222223,
        "thresholdResult": {
          "thresholdValue": 1109.6222222222223,
          "thresholdMetric": "CREATE-pods-count",
          "thresholdRatio": 5.7612051148539045,
          "thresholdExceeded": false
        }
      },
      "running-phase-count": {
        "value": 101
      },
      "vmiCreationToRunningSecondsP50": {
        "value": 15.227585128449636,
        "thresholdResult": {
          "thresholdValue": 45,
          "thresholdExceeded": false
        }
      },
      "vmiCreationToRunningSecondsP95": {
        "value": 19.932411744054306,
        "thresholdResult": {
          "thresholdValue": 60,
          "thresholdExceeded": false
        }
      },
      "vmiCreationToRunningSecondsP99": {
        "value": 27.70301989235361
      },
      "vmiDeletionToFailedSecondsP50": {
        "value": 0
      },
      "vmiDeletionToFailedSecondsP95": {
        "value": 0
      },
      "vmiDeletionToFailedSecondsP99": {
        "value": 0
      },
      "vmiDeletionToSucceededSecondsP50": {
        "value": 0
      },
      "vmiDeletionToSucceededSecondsP95": {
        "value": 0
      },
      "vmiDeletionToSucceededSecondsP99": {
        "value": 0
      }
    }
  },
  "VMResult": {
    "Values": {
      "CREATE-events-count": {
        "value": 806.6666666666667
      },
      "CREATE-pods-count": {
        "value": 111.11111111111111
      },
      "GET-endpoints-count": {
        "value": 486.6650123640602
      },
      "GET-leases-count": {
        "value": 782.2189136170092
      },
      "GET-nodes-count": {
        "value": 33.333333333333336
      },
      "LIST-cdiconfigs-count": {
        "value": 1.1111111111111112
      },
      "LIST-cdis-count": {
        "value": 1.1111111111111112
      },
      "LIST-clusterrolebindings-count": {
        "value": 2.222209876680383
      },
      "LIST-configmaps-count": {
        "value": 15.555518518930036
      },
      "LIST-controllerrevisions-count": {
        "value": 1.1111111111111112
      },
      "LIST-customresourcedefinitions-count": {
        "value": 11.11109876556927
      },
      "LIST-daemonsets-count": {
        "value": 2.222209876680383
      },
      "LIST-datasources-count": {
        "value": 3.3333333333333335
      },
      "LIST-datavolumes-count": {
        "value": 1.1111111111111112
      },
      "LIST-deployments-count": {
        "value": 1.1110987655692715
      },
      "LIST-ingresses-count": {
        "value": 1.1111111111111112
      },
      "LIST-jobs-count": {
        "value": 1.1110987655692715
      },
      "LIST-kubevirts-count": {
        "value": 8.888876543347049
      },
      "LIST-migrationpolicies-count": {
        "value": 1.1111111111111112
      },
      "LIST-mutatingwebhookconfigurations-count": {
        "value": 1.1110987655692715
      },
      "LIST-namespaces-count": {
        "value": 4.444432098902605
      },
      "LIST-nodes-count": {
        "value": 1.1111111111111112
      },
      "LIST-persistentvolumeclaims-count": {
        "value": 1.1111111111111112
      },
      "LIST-poddisruptionbudgets-count": {
        "value": 2.222209876680383
      },
      "LIST-pods-count": {
        "value": 3.3333209877914936
      },
      "LIST-prometheusrules-count": {
        "value": 1.1110987655692715
      },
      "LIST-resourcequotas-count": {
        "value": 1.1111111111111112
      },
      "LIST-roles-count": {
        "value": 1.1110987655692715
      },
      "LIST-secrets-count": {
        "value": 2.222209876680383
      },
      "LIST-serviceaccounts-count": {
        "value": 1.1110987655692715
      },
      "LIST-servicemonitors-count": {
        "value": 1.1110987655692715
      },
      "LIST-services-count": {
        "value": 3.333320987791494
      },
      "LIST-storageclasses-count": {
        "value": 1.1111111111111112
      },
      "LIST-virtualmachineclones-count": {
        "value": 1.1111111111111112
      },
      "LIST-virtualmachineclusterinstancetypes-count": {
        "value": 1.1111111111111112
      },
      "LIST-virtualmachineclusterpreferences-count": {
        "value": 1.1111111111111112
      },
      "LIST-virtualmachineexports-count": {
        "value": 1.1111111111111112
      },
      "LIST-virtualmachineinstancemigrations-count": {
        "value": 1.1111111111111112
      },
      "LIST-virtualmachineinstancepresets-count": {
        "value": 1.1111111111111112
      },
      "LIST-virtualmachineinstancereplicasets-count": {
        "value": 1.1111111111111112
      },
      "LIST-virtualmachineinstances-count": {
        "value": 10
      },
      "LIST-virtualmachinepools-count": {
        "value": 1.1111111111111112
      },
      "LIST-virtualmachinepreferences-count": {
        "value": 1.1111111111111112
      },
      "LIST-virtualmachinerestores-count": {
        "value": 3.3333333333333335
      },
      "LIST-virtualmachines-count": {
        "value": 1.1111111111111112
      },
      "LIST-virtualmachinesnapshotcontents-count": {
        "value": 1.1111111111111112
      },
      "LIST-virtualmachinesnapshots-count": {
        "value": 1.1111111111111112
      },
      "PATCH-events-count": {
        "value": 5.365666666666667
      },
      "PATCH-nodes-count": {
        "value": 14.444444444444446
      },
      "PATCH-pods-count": {
        "value": 266.6666666666667
      },
      "PATCH-virtualmachineinstances-count": {
        "value": 175.55555555555557,
        "thresholdResult": {
          "thresholdValue": 222.22222222222223,
          "thresholdMetric": "CREATE-pods-count",
          "thresholdRatio": 1.58,
          "thresholdExceeded": false
        }
      },
      "UPDATE-endpoints-count": {
        "value": 296.66501236406015
      },
      "UPDATE-leases-count": {
        "value": 296.66501236406015
      },
      "UPDATE-virtualmachineinstances-count": {
        "value": 1017.7777777777779,
        "thresholdResult": {
          "thresholdValue": 1111.111111111111,
          "thresholdMetric": "CREATE-pods-count",
          "thresholdRatio": 9.160000000000002,