{
  "JobDirCreationTime": "2026-02-04T06:17:38.094Z",
  "VMIResult": {
    "Values": {
      "CREATE-events-count": {
        "value": 141.91451612903225
      },
      "CREATE-pods-count": {
        "value": 101.6390322580645
      },
      "DELETE-jobs-count": {
        "value": 315.47903225806454
      },
      "DELETE-pods-count": {
        "value": 93.35164590163933
      },
      "GET-leases-count": {
        "value": 1184.0308755760368
      },
      "LIST-nodes-count": {
        "value": 315.47903225806454
      },
      "LIST-virtualmachineclusterinstancetypes-count": {
        "value": 315.47903225806454
      },
      "LIST-virtualmachineclusterpreferences-count": {
        "value": 315.47903225806454
      },
      "PATCH-events-count": {
        "value": 54.793357377049176
      },
      "PATCH-nodes-count": {
        "value": 92.90806451612903
      },
      "PATCH-pods-count": {
        "value": 101.6390322580645
      },
      "PATCH-services-count": {
        "value": 1261.9161290322581
      },
      "UPDATE-configmaps-count": {
        "value": 315.47903225806454
      },
      "UPDATE-leases-count": {
        "value": 1894.9161290322581
      },
      "UPDATE-virtualmachineinstances-count": {
        "value": 375.3644193548387
      },
      "WATCH-clusterrolebindings-count": {
        "value": 8.167741935483871
      },
      "WATCH-clusterroles-count": {
        "value": 8.167741935483871
      },
      "WATCH-configmaps-count": {
        "value": 61.25806451612903
      },
      "WATCH-controllerrevisions-count": {
        "value": 4.083870967741936
      },
      "WATCH-customresourcedefinitions-count": {
        "value": 45.87872503840245
      },
      "WATCH-daemonsets-count": {
        "value": 9.188709677419356
      },
      "WATCH-deployments-count": {
        "value": 7.146774193548387
      },
      "WATCH-ingresses-count": {
        "value": 4.083870967741936
      },
      "WATCH-jobs-count": {
        "value": 8.167741935483871
      },
      "WATCH-kubevirts-count": {
        "value": 40.77388632872504
      },
      "WATCH-leases-count": {
        "value": 8.167741935483871
      },
      "WATCH-migrationpolicies-count": {
        "value": 4.083870967741936
      },
      "WATCH-mutatingwebhookconfigurations-count": {
        "value": 8.167741935483871
      },
      "WATCH-namespaces-count": {
        "value": 20.41935483870968
      },
      "WATCH-nodes-count": {
        "value": 15.314516129032258
      },
      "WATCH-persistentvolumeclaims-count": {
        "value": 4.083870967741936
      },
      "WATCH-poddisruptionbudgets-count": {
        "value": 13.272580645161291
      },
      "WATCH-pods-count": {
        "value": 17.35645161290323
      },
      "WATCH-prometheusrules-count": {
        "value": 8.167741935483871
      },
      "WATCH-resourcequotas-count": {
        "value": 4.083870967741936
      },
      "WATCH-rolebindings-count": {
        "value": 7.146774193548387
      },
      "WATCH-roles-count": {
        "value": 8.167741935483871
      },
      "WATCH-routes-count": {
        "value": 13.272580645161291
      },
      "WATCH-secrets-count": {
        "value": 13.272580645161291
      },
      "WATCH-securitycontextconstraints-count": {
        "value": 8.167741935483871
      },
      "WATCH-serviceaccounts-count": {
        "value": 8.167741935483871
      },
      "WATCH-servicemonitors-count": {
        "value": 10.20967741935484
      },
      "WATCH-services-count": {
        "value": 12.251612903225807
      },
      "WATCH-storageclasses-count": {
        "value": 5.10483870967742
      },
      "WATCH-validatingwebhookconfigurations-count": {
        "value": 8.167741935483871
      },
      "WATCH-virtualmachinebackups-count": {
        "value": 13.272580645161291
      },
      "WATCH-virtualmachinebackuptrackers-count": {
        "value": 4.083870967741936
      },
      "WATCH-virtualmachineclones-count": {
        "value": 4.083870967741936
      },
      "WATCH-virtualmachineclusterinstancetypes-count": {
        "value": 11.230645161290322
      },
      "WATCH-virtualmachineclusterpreferences-count": {
        "value": 12.251612903225807
      },
      "WATCH-virtualmachineexports-count": {
        "value": 5.10483870967742
      },
      "WATCH-virtualmachineinstancemigrations-count": {
        "value": 4.083870967741936
      },
      "WATCH-virtualmachineinstancepresets-count": {
        "value": 8.167741935483871
      },
      "WATCH-virtualmachineinstancereplicasets-count": {
        "value": 4.083870967741936
      },
      "WATCH-virtualmachineinstances-count": {
        "value": 42.880645161290325
      },
      "WATCH-virtualmachineinstancetypes-count": {
        "value": 4.083870967741936
      },
      "WATCH-virtualmachinepools-count": {
        "value": 5.10483870967742
      },
      "WATCH-virtualmachinepreferences-count": {
        "value": 4.083870967741936
      },
      "WATCH-virtualmachinerestores-count": {
        "value": 13.272580645161291
      },
      "WATCH-virtualmachines-count": {
        "value": 5.10483870967742
      },
      "WATCH-virtualmachinesnapshotcontents-count": {
        "value": 4.083870967741936
      },
      "WATCH-virtualmachinesnapshots-count": {
        "value": 4.083870967741936
      },
      "WATCH-volumesnapshotclasses-count": {
        "value": 4.083870967741936
      },
      "WATCH-volumesnapshots-count": {
        "value": 4.083870967741936
      },
      "avgVirtAPICPUUsage": {
        "value": 0.004194972335349462
      },
      "avgVirtAPIMemoryUsageInMB": {
        "value": 189.8294425843254
      },
      "avgVirtControllerCPUUsage": {
        "value": 0.009007865566129031
      },
      "avgVirtControllerMemoryUsageInMB": {
        "value": 339.14062499999994
      },
      "failed-phase-count": {
        "value": 11
      },
      "maxVirtAPIMemoryUsageInMB": {
        "value": 219.908203125
      },
      "maxVirtControllerMemoryUsageInMB": {
        "value": 432.6328125
      },
      "minVirtAPIMemoryUsageInMB": {
        "value": 177.8671875
      },
      "minVirtControllerMemoryUsageInMB": {
        "value": 281.62109375
      },
      "scheduling-phase-count": {
        "value": 62
      },
      "virtControllerWorkqueueAddRate": {
        "value": 1.7038959961949414
      },
      "virtControllerWorkqueueDepth": {
        "value": 0
      },
      "virtControllerWorkqueueP99Latency": {
        "value": 0.08120937216511027
      },
      "vmiCreationToRunningSecondsP50": {
        "value": 0
      },
      "vmiCreationToRunningSecondsP95": {
        "value": 0
      },
      "vmiCreationToRunningSecondsP99": {
        "value": 0
      },
      "vmiDeletionToFailedSecondsP50": {
        "value": 0.25
      },
      "vmiDeletionToFailedSecondsP95": {
        "value": 0.47500000000000003
      },
      "vmiDeletionToFailedSecondsP99": {
        "value": 0.495
      },
      "vmiDeletionToSucceededSecondsP50": {
        "value": 0
      },
      "vmiDeletionToSucceededSecondsP95": {
        "value": 0
      },
      "vmiDeletionToSucceededSecondsP99": {
        "value": 0
      }
    }
  },
  "VMResult": null
}
