{
  "JobDirCreationTime": "2024-09-19T00:27:59.926Z",
  "VMIResult": {
    "Values": {
      "CREATE-events-count": {
        "value": 159.10689111111114
      },
      "CREATE-pods-count": {
        "value": 128.46333333333334
      },
      "GET-leases-count": {
        "value": 129.47336666666666
      },
      "GET-nodes-count": {
        "value": 31.863135998779278
      },
      "LIST-nodes-count": {
        "value": 5.453193835658294
      },
      "LIST-secrets-count": {
        "value": 1.0906387671316589
      },
      "LIST-virtualmachineclusterinstancetypes-count": {
        "value": 4.362555068526635
      },
      "LIST-virtualmachineclusterpreferences-count": {
        "value": 4.362555068526635
      },
      "PATCH-nodes-count": {
        "value": 6.062881925722473
      },
      "PATCH-pods-count": {
        "value": 245.45496666666668
      },
      "PATCH-services-count": {
        "value": 21.812775342633177
      },
      "PATCH-virtualmachineinstances-count": {
        "value": 57.083866666666665,
        "thresholdResult": {
          "thresholdValue": 256.9266666666667,
          "thresholdMetric": "CREATE-pods-count",
          "thresholdRatio": 0.4443592205298528,
          "thresholdExceeded": true
        }
      },
      "UPDATE-kubevirts-count": {
        "value": 1.0906387671316589
      },
      "UPDATE-leases-count": {
        "value": 191.92535027471763
      },
      "UPDATE-virtualmachineinstances-count": {
        "value": 692.3281888888889,
        "thresholdResult": {
          "thresholdValue": 1284.6333333333334,
          "thresholdMetric": "CREATE-pods-count",
          "thresholdRatio": 5.389305811429115,
          "thresholdExceeded": false
        }
      },
      "avgVirtAPICPUUsage": {
        "value": 0.01060095891585714
      },
      "avgVirtAPIMemoryUsageInMB": {
        "value": 137.187744140625
      },
      "avgVirtControllerCPUUsage": {
        "value": 0.012090227206777776
      },
      "avgVirtControllerMemoryUsageInMB": {
        "value": 70.22488839285714
      },
      "maxVirtAPIMemoryUsageInMB": {
        "value": 165.77734375
      },
      "maxVirtControllerMemoryUsageInMB": {
        "value": 93.13671875
      },
      "minVirtAPIMemoryUsageInMB": {
        "value": 123.43359375
      },
      "minVirtControllerMemoryUsageInMB": {
        "value": 54.859375
      },
      "none-none-count": {
        "value": 1.1469222222222222
      },
      "running-phase-count": {
        "value": 101
      },
      "vmiCreationToRunningSecondsP50": {
        "value": 15,
        "thresholdResult": {
          "thresholdValue": 45,
          "thresholdExceeded": false
        }
      },
      "vmiCreationToRunningSecondsP95": {
        "value": 19.5,
        "thresholdResult": {
          "thresholdValue": 60,
          "thresholdExceeded": false
        }
      },
      "vmiCreationToRunningSecondsP99": {
        "value": 19.9
      },
      "vmiDeletionToFailedSecondsP50": {
        "value": 0
      },
      "vmiDeletionToFailedSecondsP95": {
        "value": 0
      },
      "vmiDeletionToFailedSecondsP99": {
        "value": 0
      },
      "vmiDeletionToSucceededSecondsP50": {
        "value": 0
      },
      "vmiDeletionToSucceededSecondsP95": {
        "value": 0
      },
      "vmiDeletionToSucceededSecondsP99": {
        "value": 0
      }
    }
  },
  "VMResult": {
    "Values": {
      "CREATE-events-count": {
        "value": 749.9986172941929
      },
      "CREATE-pods-count": {
        "value": 111.11111111111111
      },
      "GET-leases-count": {
        "value": 185.55555555555557
      },
      "GET-nodes-count": {
        "value": 35.55543209967992
      },
      "LIST-cdiconfigs-count": {
        "value": 1.1111111111111112
      },
      "LIST-cdis-count": {
        "value": 1.1111111111111112
      },
      "LIST-clusterrolebindings-count": {
        "value": 1.1111111111111112
      },
      "LIST-clusterroles-count": {
        "value": 1.1111111111111112
      },
      "LIST-configmaps-count": {
        "value": 13.333312757399785
      },
      "LIST-controllerrevisions-count": {
        "value": 1.1111111111111112
      },
      "LIST-customresourcedefinitions-count": {
        "value": 11.111090535177562
      },
      "LIST-daemonsets-count": {
        "value": 1.1111111111111112
      },
      "LIST-datasources-count": {
        "value": 3.3333209877914936
      },
      "LIST-datavolumes-count": {
        "value": 2.2222098766803824
      },
      "LIST-deployments-count": {
        "value": 2.2222222222222223
      },
      "LIST-ingresses-count": {
        "value": 1.1111111111111112
      },
      "LIST-kubevirts-count": {
        "value": 8.88887242810547
      },
      "LIST-migrationpolicies-count": {
        "value": 1.1111111111111112
      },
      "LIST-mutatingwebhookconfigurations-count": {
        "value": 2.2222222222222223
      },
      "LIST-namespaces-count": {
        "value": 5.555543210013715
      },
      "LIST-persistentvolumeclaims-count": {
        "value": 1.1111111111111112
      },
      "LIST-poddisruptionbudgets-count": {
        "value": 3.3333333333333335
      },
      "LIST-pods-count": {
        "value": 4.444444444444445
      },
      "LIST-prometheusrules-count": {
        "value": 2.2222222222222223
      },
      "LIST-resourcequotas-count": {
        "value": 1.1111111111111112
      },
      "LIST-rolebindings-count": {
        "value": 2.2222222222222223
      },
      "LIST-roles-count": {
        "value": 2.2222222222222223
      },
      "LIST-secrets-count": {
        "value": 1.1111111111111112
      },
      "LIST-serviceaccounts-count": {
        "value": 2.2222222222222223
      },
      "LIST-servicemonitors-count": {
        "value": 2.2222222222222223
      },
      "LIST-services-count": {
        "value": 2.2222222222222223
      },
      "LIST-storageprofiles-count": {
        "value": 1.1111111111111112
      },
      "LIST-validatingwebhookconfigurations-count": {
        "value": 2.2222222222222223
      },
      "LIST-virtualmachineclones-count": {
        "value": 1.1111111111111112
      },
      "LIST-virtualmachineclusterinstancetypes-count": {
        "value": 2.2222222222222223
      },
      "LIST-virtualmachineclusterpreferences-count": {
        "value": 3.3333333333333335
      },
      "LIST-virtualmachineexports-count": {
        "value": 1.1111111111111112
      },
      "LIST-virtualmachineinstancemigrations-count": {
        "value": 1.1111111111111112
      },
      "LIST-virtualmachineinstancepresets-count": {
        "value": 1.1111111111111112
      },
      "LIST-virtualmachineinstancereplicasets-count": {
        "value": 1.1111111111111112
      },
      "LIST-virtualmachineinstances-count": {
        "value": 7.77775308660265
      },
      "LIST-virtualmachineinstancetypes-count": {
        "value": 1.1111111111111112
      },
      "LIST-virtualmachinepools-count": {
        "value": 1.1111111111111112
      },
      "LIST-virtualmachinepreferences-count": {
        "value": 1.1111111111111112
      },
      "LIST-virtualmachinerestores-count": {
        "value": 3.3333209877914936
      },
      "LIST-virtualmachines-count": {
        "value": 1.1111111111111112
      },
      "LIST-virtualmachinesnapshotcontents-count": {
        "value": 1.1111111111111112
      },
      "LIST-virtualmachinesnapshots-count": {
        "value": 1.1111111111111112
      },
      "PATCH-nodes-count": {
        "value": 15.555497942813593
      },
      "PATCH-pods-count": {
        "value": 284.44444444444446
      },
      "PATCH-virtualmachineinstances-count": {
        "value": 162.22222222222223,
        "thresholdResult": {
          "thresholdValue": 222.22222222222223,
          "thresholdMetric": "CREATE-pods-count",
          "thresholdRatio": 1.46,
          "thresholdExceeded": false
        }
      },
      "UPDATE-leases-count": {
        "value": 298.8888888888889
      },