{
  "JobDirCreationTime": "2026-02-23T13:27:22.617Z",
  "VMIResult": {
    "Values": {
      "CREATE-events-count": {
        "value": 16038.78214265537
      },
      "CREATE-pods-count": {
        "value": 8023.903954802261
      },
      "DELETE-pods-count": {
        "value": 5086.208361111111
      },
      "GET-leases-count": {
        "value": 2228.139830508475
      },
      "LIST-virtualmachineclusterinstancetypes-count": {
        "value": 591.4881355932204
      },
      "LIST-virtualmachineclusterpreferences-count": {
        "value": 591.4881355932204
      },
      "PATCH-nodes-count": {
        "value": 54.32033898305085
      },
      "PATCH-pods-count": {
        "value": 17785.80296089502
      },
      "PATCH-services-count": {
        "value": 2365.9525423728815
      },
      "PATCH-validatingadmissionpolicies-count": {
        "value": 591.4881355932204
      },
      "PATCH-validatingadmissionpolicybindings-count": {
        "value": 591.4881355932204
      },
      "PATCH-virtualmachineinstances-count": {
        "value": 13153.712055555556,
        "thresholdResult": {
          "thresholdValue": 16047.807909604522,
          "thresholdMetric": "CREATE-pods-count",
          "thresholdRatio": 1.6393157407726864,
          "thresholdExceeded": false
        }
      },
      "UPDATE-configmaps-count": {
        "value": 591.4881355932204
      },
      "UPDATE-leases-count": {
        "value": 3544.905084745763
      },
      "UPDATE-virtualmachineinstances-count": {
        "value": 27097.463530804293,
        "thresholdResult": {
          "thresholdValue": 80239.03954802261,
          "thresholdMetric": "CREATE-pods-count",
          "thresholdRatio": 3.37709220890993,
          "thresholdExceeded": false
        }
      },
      "WATCH-cdiconfigs-count": {
        "value": 9.053389830508475
      },
      "WATCH-cdis-count": {
        "value": 8.047457627118645
      },
      "WATCH-clusterrolebindings-count": {
        "value": 15.088983050847459
      },
      "WATCH-clusterroles-count": {
        "value": 15.088983050847459
      },
      "WATCH-configmaps-count": {
        "value": 102.60505064644306
      },
      "WATCH-controllerrevisions-count": {
        "value": 8.047457627118645
      },
      "WATCH-customresourcedefinitions-count": {
        "value": 73.43303266115382
      },
      "WATCH-daemonsets-count": {
        "value": 14.083050847457628
      },
      "WATCH-datasources-count": {
        "value": 23.13642249166228
      },
      "WATCH-datavolumes-count": {
        "value": 9.053389830508475
      },
      "WATCH-deployments-count": {
        "value": 17.10084745762712
      },
      "WATCH-ingresses-count": {
        "value": 8.047457627118645
      },
      "WATCH-jobs-count": {
        "value": 15.088983050847459
      },
      "WATCH-kubevirts-count": {
        "value": 56.332187476814674
      },
      "WATCH-leases-count": {
        "value": 15.088983050847459
      },
      "WATCH-migrationpolicies-count": {
        "value": 9.053389830508475
      },
      "WATCH-mutatingwebhookconfigurations-count": {
        "value": 15.088983050847459
      },
      "WATCH-namespaces-count": {
        "value": 40.23726767600143
      },
      "WATCH-nodes-count": {
        "value": 15.088983050847459
      },
      "WATCH-persistentvolumeclaims-count": {
        "value": 8.047457627118645
      },
      "WATCH-poddisruptionbudgets-count": {
        "value": 24.142372881355932
      },
      "WATCH-pods-count": {
        "value": 29.172033898305088
      },
      "WATCH-prometheusrules-count": {
        "value": 16.09491525423729
      },
      "WATCH-resourcequotas-count": {
        "value": 9.053389830508475
      },
      "WATCH-rolebindings-count": {
        "value": 15.088983050847459
      },
      "WATCH-roles-count": {
        "value": 15.088983050847459
      },
      "WATCH-secrets-count": {
        "value": 23.136440677966103
      },
      "WATCH-serviceaccounts-count": {
        "value": 16.09491525423729
      },
      "WATCH-servicemonitors-count": {
        "value": 15.088983050847459
      },
      "WATCH-services-count": {
        "value": 23.136440677966103
      },
      "WATCH-storageclasses-count": {
        "value": 8.047457627118645
      },
      "WATCH-storageprofiles-count": {
        "value": 7.041525423728814
      },
      "WATCH-validatingadmissionpolicies-count": {
        "value": 16.09491525423729
      },
      "WATCH-validatingadmissionpolicybindings-count": {
        "value": 15.088983050847459
      },
      "WATCH-validatingwebhookconfigurations-count": {
        "value": 17.10084745762712
      },
      "WATCH-virtualmachinebackups-count": {
        "value": 24.142354695052113
      },
      "WATCH-virtualmachinebackuptrackers-count": {
        "value": 15.088983050847459
      },
      "WATCH-virtualmachineclones-count": {
        "value": 7.041525423728814
      },
      "WATCH-virtualmachineclusterinstancetypes-count": {
        "value": 24.142372881355932
      },
      "WATCH-virtualmachineclusterpreferences-count": {
        "value": 24.142372881355932
      },
      "WATCH-virtualmachineexports-count": {
        "value": 8.047457627118645
      },
      "WATCH-virtualmachineinstancemigrations-count": {
        "value": 7.041525423728814
      },
      "WATCH-virtualmachineinstancepresets-count": {
        "value": 15.088967137831615
      },
      "WATCH-virtualmachineinstancereplicasets-count": {
        "value": 8.047457627118645
      },
      "WATCH-virtualmachineinstances-count": {
        "value": 31.183898305084746
      },
      "WATCH-virtualmachineinstancetypes-count": {
        "value": 8.047457627118645
      },
      "WATCH-virtualmachinepools-count": {
        "value": 8.047457627118645
      },
      "WATCH-virtualmachinepreferences-count": {
        "value": 7.041525423728814
      },
      "WATCH-virtualmachinerestores-count": {
        "value": 23.13642249166228
      },
      "WATCH-virtualmachines-count": {
        "value": 7.041525423728814
      },
      "WATCH-virtualmachinesnapshotcontents-count": {
        "value": 8.047457627118645
      },
      "WATCH-virtualmachinesnapshots-count": {
        "value": 9.053389830508475
      },
      "avgVirtAPICPUUsage": {
        "value": 0.03304205903954802
      },
      "avgVirtAPIMemoryUsageInMB": {
        "value": 175.63151588760502
      },
      "avgVirtControllerCPUUsage": {
        "value": 0.36986352655367233
      },
      "avgVirtControllerMemoryUsageInMB": {
        "value": 1384.148667279412
      },
      "maxVirtAPIMemoryUsageInMB": {
        "value": 176.916015625
      },
      "maxVirtControllerMemoryUsageInMB": {
        "value": 2219.890625
      },
      "minVirtAPIMemoryUsageInMB": {
        "value": 154.97265625
      },
      "minVirtControllerMemoryUsageInMB": {
        "value": 513.21484375
      },
      "virtControllerWorkqueueAddRate": {
        "value": 231.250295851124
      },
      "virtControllerWorkqueueDepth": {
        "value": 0.03182350991814923
      },
      "virtControllerWorkqueueP99Latency": {
        "value": 0.21709313463888885
      },
      "vmiCreationToRunningSecondsP50": {
        "value": 0.5979228424139644,
        "thresholdResult": {
          "thresholdValue": 45,
          "thresholdExceeded": false
        }
      },
      "vmiCreationToRunningSecondsP95": {
        "value": 0.9978838194557932,
        "thresholdResult": {
          "thresholdValue": 60,
          "thresholdExceeded": false
        }
      },
      "vmiCreationToRunningSecondsP99": {
        "value": 1.7941689407604493
      },
      "vmiDeletionToFailedSecondsP50": {
        "value": 0
      },
      "vmiDeletionToFailedSecondsP95": {
        "value": 0
      },
      "vmiDeletionToFailedSecondsP99": {
        "value": 0
      },
      "vmiDeletionToSucceededSecondsP50": {
        "value": 0
      },
      "vmiDeletionToSucceededSecondsP95": {
        "value": 0
      },