{
  "JobDirCreationTime": "2024-09-18T05:04:50.479Z",
  "VMIResult": {
    "Values": {
      "CREATE-events-count": {
        "value": 463.8785111111111
      },
      "CREATE-pods-count": {
        "value": 125.905
      },
      "GET-leases-count": {
        "value": 185.55555555555557
      },
      "GET-nodes-count": {
        "value": 23.333333333333336
      },
      "LIST-clusterrolebindings-count": {
        "value": 1.1111111111111112
      },
      "LIST-configmaps-count": {
        "value": 6.666666666666667
      },
      "LIST-controllerrevisions-count": {
        "value": 1.1111111111111112
      },
      "LIST-customresourcedefinitions-count": {
        "value": 5.555555555555555
      },
      "LIST-daemonsets-count": {
        "value": 1.1111111111111112
      },
      "LIST-kubevirts-count": {
        "value": 2.2222222222222223
      },
      "LIST-mutatingwebhookconfigurations-count": {
        "value": 1.1111111111111112
      },
      "LIST-namespaces-count": {
        "value": 1.1111111111111112
      },
      "LIST-nodes-count": {
        "value": 1.1111111111111112
      },
      "LIST-poddisruptionbudgets-count": {
        "value": 1.1111111111111112
      },
      "LIST-rolebindings-count": {
        "value": 1.1111111111111112
      },
      "LIST-routes-count": {
        "value": 3.3333333333333335
      },
      "LIST-securitycontextconstraints-count": {
        "value": 1.1111111111111112
      },
      "LIST-servicemonitors-count": {
        "value": 1.1111111111111112
      },
      "LIST-validatingwebhookconfigurations-count": {
        "value": 2.2222222222222223
      },
      "LIST-virtualmachineclusterinstancetypes-count": {
        "value": 2.2222222222222223
      },
      "LIST-virtualmachineclusterpreferences-count": {
        "value": 2.2222222222222223
      },
      "LIST-virtualmachineinstances-count": {
        "value": 1.1111111111111112
      },
      "LIST-virtualmachinepools-count": {
        "value": 1.1111111111111112
      },
      "LIST-virtualmachinerestores-count": {
        "value": 1.1111111111111112
      },
      "LIST-virtualmachines-count": {
        "value": 1.1111111111111112
      },
      "PATCH-nodes-count": {
        "value": 11.11111111111111
      },
      "PATCH-pods-count": {
        "value": 252.05905
      },
      "PATCH-services-count": {
        "value": 4.444444444444445
      },
      "PATCH-virtualmachineinstances-count": {
        "value": 131.21046666666663
      },
      "UPDATE-leases-count": {
        "value": 300
      },
      "UPDATE-virtualmachineinstances-count": {
        "value": 1123.8250666666665
      },
      "avgVirtAPICPUUsage": {
        "value": 0.04724230722777778
      },
      "avgVirtAPIMemoryUsageInMB": {
        "value": 178.38388671874998
      },
      "avgVirtControllerCPUUsage": {
        "value": 0.033627869490740744
      },
      "avgVirtControllerMemoryUsageInMB": {
        "value": 99.31796875
      },
      "maxVirtAPIMemoryUsageInMB": {
        "value": 182.77734375
      },
      "maxVirtControllerMemoryUsageInMB": {
        "value": 129.703125
      },
      "minVirtAPIMemoryUsageInMB": {
        "value": 154.28125
      },
      "minVirtControllerMemoryUsageInMB": {
        "value": 83
      },
      "succeeded-phase-count": {
        "value": 3
      },
      "vmiCreationToRunningSecondsP50": {
        "value": 43.089234773034384
      },
      "vmiCreationToRunningSecondsP95": {
        "value": 49.437494905874864
      },
      "vmiCreationToRunningSecondsP99": {
        "value": 50.1249286822481
      },
      "vmiDeletionToFailedSecondsP50": {
        "value": 0
      },
      "vmiDeletionToFailedSecondsP95": {
        "value": 0
      },
      "vmiDeletionToFailedSecondsP99": {
        "value": 0
      },
      "vmiDeletionToSucceededSecondsP50": {
        "value": 0
      },
      "vmiDeletionToSucceededSecondsP95": {
        "value": 0
      },
      "vmiDeletionToSucceededSecondsP99": {
        "value": 0
      }
    }
  },
  "VMResult": null
}
