{
  "JobDirCreationTime": "2022-06-20T05:01:40.989Z",
  "VMIResult": {
    "Values": {
      "CREATE-deployments-count": {
        "value": 1.1111111111111112
      },
      "CREATE-events-count": {
        "value": 443.7946458333334
      },
      "CREATE-poddisruptionbudgets-count": {
        "value": 1.1111111111111112
      },
      "CREATE-pods-count": {
        "value": 115.50083333333335
      },
      "DELETE-pods-count": {
        "value": 35.606988888888885
      },
      "GET-endpoints-count": {
        "value": 447.4416430555556
      },
      "GET-nodes-count": {
        "value": 33.58245714285714
      },
      "LIST-nodes-count": {
        "value": 10
      },
      "LIST-virtualmachineinstances-count": {
        "value": 3.4050125000000007
      },
      "PATCH-events-count": {
        "value": 10.017244444444446
      },
      "PATCH-nodes-count": {
        "value": 11.194152380952382
      },
      "PATCH-pods-count": {
        "value": 117.04085000000002
      },
      "PATCH-services-count": {
        "value": 30
      },
      "PATCH-virtualmachineinstances-count": {
        "value": 155.94143333333332
      },
      "UPDATE-endpoints-count": {
        "value": 279.51688472222224
      },
      "UPDATE-kubevirts-count": {
        "value": 2.2222222222222223
      },
      "UPDATE-virtualmachineinstances-count": {
        "value": 1033.5464055555558
      },
      "succeeded-phase-count": {
        "value": 7
      },
      "vmiCreationToRunningSecondsP50": {
        "value": 37.90689099729053
      },
      "vmiCreationToRunningSecondsP95": {
        "value": 53.697626185975935
      },
      "vmiCreationToRunningSecondsP99": {
        "value": 58.739525237195195
      }
    }
  },
  "VMResult": null
}
