{
  "JobDirCreationTime": "2026-07-09T01:26:45.025Z",
  "VMIResult": {
    "Values": {
      "CREATE-events-count": {
        "value": 163.27405925925927
      },
      "CREATE-pods-count": {
        "value": 110.12666666666668
      },
      "GET-leases-count": {
        "value": 91.11111111111111
      },
      "LIST-virtualmachineclusterinstancetypes-count": {
        "value": 55.55555555555556
      },
      "LIST-virtualmachineclusterpreferences-count": {
        "value": 55.55555555555556
      },
      "PATCH-nodes-count": {
        "value": 18.88888888888889
      },
      "PATCH-pods-count": {
        "value": 220.3446
      },
      "PATCH-virtualmachineinstances-count": {
        "value": 98.58693333333333,
        "thresholdResult": {
          "thresholdValue": 220.25333333333336,
          "thresholdMetric": "CREATE-pods-count",
          "thresholdRatio": 0.8952139960046007,
          "thresholdExceeded": false
        }
      },
      "UPDATE-leases-count": {
        "value": 148.88888888888889
      },
      "UPDATE-virtualmachineinstances-count": {
        "value": 634.9559333333332,
        "thresholdResult": {
          "thresholdValue": 1101.2666666666669,
          "thresholdMetric": "CREATE-pods-count",
          "thresholdRatio": 5.76568739027786,
          "thresholdExceeded": false
        }
      },
      "WATCH-configmaps-count": {
        "value": 3.3333333333333335
      },
      "WATCH-customresourcedefinitions-count": {
        "value": 2.2222222222222223
      },
      "WATCH-datasources-count": {
        "value": 1.1111111111111112
      },
      "WATCH-kubevirts-count": {
        "value": 2.2222222222222223
      },
      "WATCH-namespaces-count": {
        "value": 1.1111111111111112
      },
      "WATCH-prometheusrules-count": {
        "value": 1.1111111111111112
      },
      "WATCH-secrets-count": {
        "value": 1.1111111111111112
      },
      "WATCH-storageprofiles-count": {
        "value": 1.1111111111111112
      },
      "WATCH-virtualmachinebackups-count": {
        "value": 1.1111111111111112
      },
      "WATCH-virtualmachineclones-count": {
        "value": 1.1111111111111112
      },
      "WATCH-virtualmachineclusterpreferences-count": {
        "value": 1.1111111111111112
      },
      "WATCH-virtualmachineinstances-count": {
        "value": 2.2222222222222223
      },
      "WATCH-virtualmachines-count": {
        "value": 1.1111111111111112
      },
      "avgVirtAPICPUUsage": {
        "value": 0.01242149814814815
      },
      "avgVirtAPIMemoryUsageInMB": {
        "value": 156.3236328125
      },
      "avgVirtControllerCPUUsage": {
        "value": 0.029142385185185186
      },
      "avgVirtControllerMemoryUsageInMB": {
        "value": 78.055859375
      },
      "avgVirtHandlerCPUUsage": {
        "value": 0.0011672939735004363
      },
      "avgVirtHandlerMemoryUsageInMB": {
        "value": 14.950262455281987
      },
      "maxVirtAPIMemoryUsageInMB": {
        "value": 183.908203125
      },
      "maxVirtControllerMemoryUsageInMB": {
        "value": 105.17578125
      },
      "maxVirtHandlerCPUUsage": {
        "value": 0.0011829899862825788
      },
      "maxVirtHandlerMemoryUsageInMB": {
        "value": 40.12738715277778
      },
      "minVirtAPIMemoryUsageInMB": {
        "value": 142.498046875
      },
      "minVirtControllerMemoryUsageInMB": {
        "value": 67.1953125
      },
      "minVirtHandlerCPUUsage": {
        "value": 0.0011602594276094275
      },
      "minVirtHandlerMemoryUsageInMB": {
        "value": 5.9467592592592595
      },
      "running-phase-count": {
        "value": 101
      },
      "virtControllerWorkqueueAddRate": {
        "value": 15.997101376275907
      },
      "virtControllerWorkqueueDepth": {
        "value": 0.003468491824812472
      },
      "virtControllerWorkqueueP99Latency": {
        "value": 0.06751273421224976
      },
      "vmiCreationToRunningSecondsP50": {
        "value": 17.990137527105592,
        "thresholdResult": {
          "thresholdValue": 45,
          "thresholdExceeded": false
        }
      },
      "vmiCreationToRunningSecondsP95": {
        "value": 28.66391805482607,
        "thresholdResult": {
          "thresholdValue": 60,
          "thresholdExceeded": false
        }
      },
      "vmiCreationToRunningSecondsP99": {
        "value": 29.732783610965214
      },
      "vmiDeletionToFailedSecondsP50": {
        "value": 0
      },
      "vmiDeletionToFailedSecondsP95": {
        "value": 0
      },
      "vmiDeletionToFailedSecondsP99": {
        "value": 0
      },
      "vmiDeletionToSucceededSecondsP50": {
        "value": 0
      },
      "vmiDeletionToSucceededSecondsP95": {
        "value": 0
      },
      "vmiDeletionToSucceededSecondsP99": {
        "value": 0
      }
    }
  },
  "VMResult": {
    "Values": {
      "CREATE-events-count": {
        "value": 815.5480700603705
      },
      "CREATE-pods-count": {
        "value": 111.10946504496229
      },
      "GET-leases-count": {
        "value": 93.33333333333331
      },
      "LIST-configmaps-count": {
        "value": 1.1110946504496229
      },
      "LIST-virtualmachineclusterinstancetypes-count": {
        "value": 56.66666666666667
      },
      "LIST-virtualmachineclusterpreferences-count": {
        "value": 56.66666666666667
      },
      "PATCH-nodes-count": {
        "value": 19.999888890123444
      },
      "PATCH-pods-count": {
        "value": 187.77499592598627
      },
      "PATCH-virtualmachineinstances-count": {
        "value": 143.33120990800134,
        "thresholdResult": {
          "thresholdValue": 222.21893008992458,
          "thresholdMetric": "CREATE-pods-count",
          "thresholdRatio": 1.2899999999999998,
          "thresholdExceeded": false
        }
      },
      "UPDATE-leases-count": {
        "value": 149.9977778106991
      },
      "UPDATE-virtualmachineinstances-count": {
        "value": 851.102284075581,
        "thresholdResult": {
          "thresholdValue": 1111.0946504496228,
          "thresholdMetric": "CREATE-pods-count",
          "thresholdRatio": 7.660034036984773,
          "thresholdExceeded": false
        }
      },
      "WATCH-cdiconfigs-count": {
        "value": 1.1110946504496229
      },
      "WATCH-configmaps-count": {
        "value": 7.77774897157445
      },
      "WATCH-customresourcedefinitions-count": {
        "value": 6.666637860463338
      },
      "WATCH-datasources-count": {
        "value": 1.1111111111111112
      },
      "WATCH-ingresses-count": {
        "value": 1.1110946504496229
      },
      "WATCH-kubevirts-count": {
        "value": 6.666637860463338
      },
      "WATCH-namespaces-count": {
        "value": 2.2222057615607342
      },
      "WATCH-nodes-count": {
        "value": 1.1111111111111112
      },
      "WATCH-persistentvolumeclaims-count": {
        "value": 1.1110946504496229
      },
      "WATCH-plugins-count": {
        "value": 1.1111111111111112
      },
      "WATCH-poddisruptionbudgets-count": {
        "value": 1.1110946504496229
      },
      "WATCH-pods-count": {
        "value": 1.1110946504496229
      },
      "WATCH-prometheusrules-count": {
        "value": 1.1111111111111112
      },
      "WATCH-resourcequotas-count": {
        "value": 1.1110946504496229
      },
      "WATCH-secrets-count": {
        "value": 1.1110946504496229
      },
      "WATCH-storageprofiles-count": {
        "value": 1.1110946504496229
      },
      "WATCH-virtualmachinebackups-count": {
        "value": 3.3333168726718454
      },
      "WATCH-virtualmachinebackuptrackers-count": {
        "value": 4.444419753360766
      },
      "WATCH-virtualmachineclones-count": {
        "value": 1.1110946504496229
      },
      "WATCH-virtualmachineclusterinstancetypes-count": {
        "value": 1.1111111111111112
      },
      "WATCH-virtualmachineclusterpreferences-count": {
        "value": 1.1110946504496229
      },