{
  "JobDirCreationTime": "2025-08-20T19:11:39.457Z",
  "VMIResult": {
    "Values": {
      "CREATE-events-count": {
        "value": 214.17931428571427
      },
      "CREATE-pods-count": {
        "value": 111.26750000000001
      },
      "CREATE-virtualmachineclusterpreferences-count": {
        "value": 6.174766666666667
      },
      "GET-leases-count": {
        "value": 156.1470595238095
      },
      "GET-nodes-count": {
        "value": 26.873623809523814
      },
      "LIST-nodes-count": {
        "value": 40.87383333333334
      },
      "LIST-virtualmachineclusterinstancetypes-count": {
        "value": 31.699066666666667
      },
      "LIST-virtualmachineclusterpreferences-count": {
        "value": 31.699066666666667
      },
      "PATCH-nodes-count": {
        "value": 8.957874603174604
      },
      "PATCH-pods-count": {
        "value": 376.806825
      },
      "PATCH-services-count": {
        "value": 163.49533333333335
      },
      "PATCH-validatingadmissionpolicies-count": {
        "value": 40.87383333333334
      },
      "PATCH-validatingadmissionpolicybindings-count": {
        "value": 40.87383333333334
      },
      "PATCH-virtualmachineinstances-count": {
        "value": 80.583,
        "thresholdResult": {
          "thresholdValue": 222.53500000000003,
          "thresholdMetric": "CREATE-pods-count",
          "thresholdRatio": 0.7242276495832115,
          "thresholdExceeded": false
        }
      },
      "UPDATE-configmaps-count": {
        "value": 40.87383333333334
      },
      "UPDATE-kubevirts-count": {
        "value": 1.1678238095238096
      },
      "UPDATE-leases-count": {
        "value": 238.72332857142857
      },
      "UPDATE-virtualmachineinstances-count": {
        "value": 624.1046666666666,
        "thresholdResult": {
          "thresholdValue": 1112.6750000000002,
          "thresholdMetric": "CREATE-pods-count",
          "thresholdRatio": 5.609047265973142,
          "thresholdExceeded": false
        }
      },
      "avgVirtAPICPUUsage": {
        "value": 0.010833253303962963
      },
      "avgVirtAPIMemoryUsageInMB": {
        "value": 140.0548828125
      },
      "avgVirtControllerCPUUsage": {
        "value": 0.026355835795388888
      },
      "avgVirtControllerMemoryUsageInMB": {
        "value": 63.959201388888886
      },
      "avgVirtHandlerCPUUsage": {
        "value": 0.0009158306333979842
      },
      "avgVirtHandlerMemoryUsageInMB": {
        "value": 67.12044270833334
      },
      "maxVirtAPIMemoryUsageInMB": {
        "value": 163.55078125
      },
      "maxVirtControllerMemoryUsageInMB": {
        "value": 84.08984375
      },
      "maxVirtHandlerCPUUsage": {
        "value": 0.0009707004267592591
      },
      "maxVirtHandlerMemoryUsageInMB": {
        "value": 75.517578125
      },
      "minVirtAPIMemoryUsageInMB": {
        "value": 69.9609375
      },
      "minVirtControllerMemoryUsageInMB": {
        "value": 50.10546875
      },
      "minVirtHandlerCPUUsage": {
        "value": 0.0008669408337838828
      },
      "minVirtHandlerMemoryUsageInMB": {
        "value": 60.09375
      },
      "none-none-count": {
        "value": 2.2672333333333334
      },
      "running-phase-count": {
        "value": 72
      },
      "scheduled-phase-count": {
        "value": 29
      },
      "vmiCreationToRunningSecondsP50": {
        "value": 22.166495719941334,
        "thresholdResult": {
          "thresholdValue": 45,
          "thresholdExceeded": false
        }
      },
      "vmiCreationToRunningSecondsP95": {
        "value": 29.216649571994132,
        "thresholdResult": {
          "thresholdValue": 60,
          "thresholdExceeded": false
        }
      },
      "vmiCreationToRunningSecondsP99": {
        "value": 29.843329914398826
      },
      "vmiDeletionToFailedSecondsP50": {
        "value": 0
      },
      "vmiDeletionToFailedSecondsP95": {
        "value": 0
      },
      "vmiDeletionToFailedSecondsP99": {
        "value": 0
      },
      "vmiDeletionToSucceededSecondsP50": {
        "value": 0
      },
      "vmiDeletionToSucceededSecondsP95": {
        "value": 0
      },
      "vmiDeletionToSucceededSecondsP99": {
        "value": 0
      }
    }
  },
  "VMResult": null
}
