{
  "JobDirCreationTime": "2024-12-14T16:19:02.105Z",
  "VMIResult": {
    "Values": {
      "CREATE-events-count": {
        "value": 107.57924
      },
      "CREATE-pods-count": {
        "value": 115.38871111111112
      },
      "GET-leases-count": {
        "value": 110.35692666666668
      },
      "GET-nodes-count": {
        "value": 37.56343666666667
      },
      "LIST-nodes-count": {
        "value": 6.100033333333333
      },
      "LIST-virtualmachineclusterinstancetypes-count": {
        "value": 6.100033333333333
      },
      "LIST-virtualmachineclusterpreferences-count": {
        "value": 6.100033333333333
      },
      "PATCH-nodes-count": {
        "value": 8.079245
      },
      "PATCH-pods-count": {
        "value": 326.27244444444443
      },
      "PATCH-services-count": {
        "value": 24.400133333333333
      },
      "PATCH-validatingadmissionpolicies-count": {
        "value": 6.100033333333333
      },
      "PATCH-validatingadmissionpolicybindings-count": {
        "value": 6.100033333333333
      },
      "PATCH-virtualmachineinstances-count": {
        "value": 33.7608,
        "thresholdResult": {
          "thresholdValue": 230.77742222222224,
          "thresholdMetric": "CREATE-pods-count",
          "thresholdRatio": 0.29258321437953105,
          "thresholdExceeded": true
        }
      },
      "UPDATE-kubevirts-count": {
        "value": 1.2200066666666667
      },
      "UPDATE-leases-count": {
        "value": 184.9515
      },
      "UPDATE-virtualmachineinstances-count": {
        "value": 425.02213333333333,
        "thresholdResult": {
          "thresholdValue": 1153.8871111111112,
          "thresholdMetric": "CREATE-pods-count",
          "thresholdRatio": 3.683394408696248,
          "thresholdExceeded": false
        }
      },
      "WATCH-kubevirts-count": {
        "value": 1.1525133333333335
      },
      "WATCH-secrets-count": {
        "value": 1.1525133333333335
      },
      "avgVirtAPICPUUsage": {
        "value": 0.008069388917309524
      },
      "avgVirtAPIMemoryUsageInMB": {
        "value": 135.16845703125
      },
      "avgVirtControllerCPUUsage": {
        "value": 0.018856232954962967
      },
      "avgVirtControllerMemoryUsageInMB": {
        "value": 64.09263392857143
      },
      "avgVirtHandlerCPUUsage": {
        "value": 0.0012114637556128423
      },
      "avgVirtHandlerMemoryUsageInMB": {
        "value": 15.325360752492855
      },
      "maxVirtAPIMemoryUsageInMB": {
        "value": 155.69140625
      },
      "maxVirtControllerMemoryUsageInMB": {
        "value": 88.01171875
      },
      "maxVirtHandlerCPUUsage": {
        "value": 0.0013905289645238094
      },
      "maxVirtHandlerMemoryUsageInMB": {
        "value": 35.83489990234375
      },
      "minVirtAPIMemoryUsageInMB": {
        "value": 130.375
      },
      "minVirtControllerMemoryUsageInMB": {
        "value": 52.0546875
      },
      "minVirtHandlerCPUUsage": {
        "value": 0.0010662842206944445
      },
      "minVirtHandlerMemoryUsageInMB": {
        "value": 3.233455882352941
      },
      "pending-phase-count": {
        "value": 1
      },
      "running-phase-count": {
        "value": 25
      },
      "scheduled-phase-count": {
        "value": 35
      },
      "scheduling-phase-count": {
        "value": 32
      },
      "vmiCreationToRunningSecondsP50": {
        "value": 15,
        "thresholdResult": {
          "thresholdValue": 45,
          "thresholdExceeded": false
        }
      },
      "vmiCreationToRunningSecondsP95": {
        "value": 19.5,
        "thresholdResult": {
          "thresholdValue": 60,
          "thresholdExceeded": false
        }
      },
      "vmiCreationToRunningSecondsP99": {
        "value": 19.9
      },
      "vmiDeletionToFailedSecondsP50": {
        "value": 0
      },
      "vmiDeletionToFailedSecondsP95": {
        "value": 0
      },
      "vmiDeletionToFailedSecondsP99": {
        "value": 0
      },
      "vmiDeletionToSucceededSecondsP50": {
        "value": 0
      },
      "vmiDeletionToSucceededSecondsP95": {
        "value": 0
      },
      "vmiDeletionToSucceededSecondsP99": {
        "value": 0
      }
    }
  },
  "VMResult": {
    "Values": {
      "CREATE-events-count": {
        "value": 761.1081235231809
      },
      "CREATE-pods-count": {
        "value": 98.8888888888889
      },
      "GET-leases-count": {
        "value": 186.66666666666669
      },
      "GET-nodes-count": {
        "value": 28.888765434842192
      },
      "PATCH-nodes-count": {
        "value": 12.222172840603543
      },
      "PATCH-pods-count": {
        "value": 285.55555555555554
      },
      "PATCH-virtualmachineinstances-count": {
        "value": 136.66666666666669,
        "thresholdResult": {
          "thresholdValue": 197.7777777777778,
          "thresholdMetric": "CREATE-pods-count",
          "thresholdRatio": 1.3820224719101124,
          "thresholdExceeded": false
        }
      },
      "UPDATE-leases-count": {
        "value": 298.8888888888889
      },
      "UPDATE-virtualmachineinstances-count": {
        "value": 786.6636296971178,
        "thresholdResult": {
          "thresholdValue": 988.888888888889,
          "thresholdMetric": "CREATE-pods-count",
          "thresholdRatio": 7.955025468847258,
          "thresholdExceeded": false
        }
      },
      "WATCH-cdiconfigs-count": {
        "value": 1.1111111111111112
      },
      "WATCH-cdis-count": {
        "value": 1.1111111111111112
      },
      "WATCH-clusterrolebindings-count": {
        "value": 1.1111111111111112
      },
      "WATCH-clusterroles-count": {
        "value": 1.1111111111111112
      },
      "WATCH-configmaps-count": {
        "value": 14.444419753635103
      },
      "WATCH-controllerrevisions-count": {
        "value": 1.1111111111111112
      },
      "WATCH-customresourcedefinitions-count": {
        "value": 13.333308642523992
      },
      "WATCH-daemonsets-count": {
        "value": 2.2222222222222223
      },
      "WATCH-datasources-count": {
        "value": 1.1111111111111112
      },
      "WATCH-datavolumes-count": {
        "value": 1.1111111111111112
      },
      "WATCH-deployments-count": {
        "value": 1.1111111111111112
      },
      "WATCH-ingresses-count": {
        "value": 1.1111111111111112
      },
      "WATCH-jobs-count": {
        "value": 1.1111111111111112
      },
      "WATCH-kubevirts-count": {
        "value": 8.888888888888888
      },
      "WATCH-migrationpolicies-count": {
        "value": 1.1111111111111112
      },
      "WATCH-mutatingwebhookconfigurations-count": {
        "value": 1.1111111111111112
      },
      "WATCH-namespaces-count": {
        "value": 4.444444444444445
      },
      "WATCH-nodes-count": {
        "value": 1.1111111111111112
      },
      "WATCH-persistentvolumeclaims-count": {
        "value": 1.1111111111111112
      },
      "WATCH-poddisruptionbudgets-count": {
        "value": 1.1111111111111112
      },
      "WATCH-pods-count": {
        "value": 4.444444444444445
      },
      "WATCH-resourcequotas-count": {
        "value": 1.1111111111111112
      },
      "WATCH-rolebindings-count": {
        "value": 2.2222222222222223
      },
      "WATCH-roles-count": {
        "value": 1.1111111111111112
      },
      "WATCH-secrets-count": {
        "value": 2.2222222222222223
      },
      "WATCH-serviceaccounts-count": {
        "value": 1.1111111111111112
      },
      "WATCH-servicemonitors-count": {
        "value": 1.1111111111111112
      },
      "WATCH-services-count": {
        "value": 3.3333333333333335
      },
      "WATCH-storageprofiles-count": {
        "value": 1.1111111111111112
      },
      "WATCH-validatingadmissionpolicybindings-count": {
        "value": 1.1111111111111112
      },
      "WATCH-validatingwebhookconfigurations-count": {
        "value": 1.1111111111111112
      },