{
  "JobDirCreationTime": "2026-02-01T18:24:54.192Z",
  "VMIResult": {
    "Values": {
      "CREATE-events-count": {
        "value": 152.00189333333333
      },
      "CREATE-pods-count": {
        "value": 105.86166666666668
      },
      "GET-leases-count": {
        "value": 99.93895101265318
      },
      "LIST-nodes-count": {
        "value": 26.012333333333334
      },
      "LIST-virtualmachineclusterinstancetypes-count": {
        "value": 26.012333333333334
      },
      "LIST-virtualmachineclusterpreferences-count": {
        "value": 26.012333333333334
      },
      "PATCH-nodes-count": {
        "value": 6.418950000000001
      },
      "PATCH-pods-count": {
        "value": 211.72333333333336
      },
      "PATCH-services-count": {
        "value": 104.04933333333334
      },
      "PATCH-validatingadmissionpolicies-count": {
        "value": 26.012333333333334
      },
      "PATCH-validatingadmissionpolicybindings-count": {
        "value": 26.012333333333334
      },
      "PATCH-virtualmachineinstances-count": {
        "value": 106.4174,
        "thresholdResult": {
          "thresholdValue": 211.72333333333336,
          "thresholdMetric": "CREATE-pods-count",
          "thresholdRatio": 1.0052496182124468,
          "thresholdExceeded": false
        }
      },
      "UPDATE-configmaps-count": {
        "value": 26.012333333333334
      },
      "UPDATE-leases-count": {
        "value": 163.454
      },
      "UPDATE-virtualmachineinstances-count": {
        "value": 511.9546666666667,
        "thresholdResult": {
          "thresholdValue": 1058.6166666666668,
          "thresholdMetric": "CREATE-pods-count",
          "thresholdRatio": 4.8360722326306345,
          "thresholdExceeded": false
        }
      },
      "avgVirtAPICPUUsage": {
        "value": 0.01224167956287656
      },
      "avgVirtAPIMemoryUsageInMB": {
        "value": 145.17252604166669
      },
      "avgVirtControllerCPUUsage": {
        "value": 0.027031208094272122
      },
      "avgVirtControllerMemoryUsageInMB": {
        "value": 64.72265625
      },
      "avgVirtHandlerCPUUsage": {
        "value": 0.0011168721012933536
      },
      "avgVirtHandlerMemoryUsageInMB": {
        "value": 15.515508707781658
      },
      "maxVirtAPIMemoryUsageInMB": {
        "value": 162.39453125
      },
      "maxVirtControllerMemoryUsageInMB": {
        "value": 86.984375
      },
      "maxVirtHandlerCPUUsage": {
        "value": 0.0011901801257037036
      },
      "maxVirtHandlerMemoryUsageInMB": {
        "value": 30.723227163461537
      },
      "minVirtAPIMemoryUsageInMB": {
        "value": 139.982421875
      },
      "minVirtControllerMemoryUsageInMB": {
        "value": 48.89453125
      },
      "minVirtHandlerCPUUsage": {
        "value": 0.0010641712297200857
      },
      "minVirtHandlerMemoryUsageInMB": {
        "value": 5.968956580528847
      },
      "running-phase-count": {
        "value": 100
      },
      "scheduled-phase-count": {
        "value": 1
      },
      "virtControllerWorkqueueAddRate": {
        "value": 15.815426222222223
      },
      "virtControllerWorkqueueDepth": {
        "value": 0
      },
      "virtControllerWorkqueueP99Latency": {
        "value": 0.07193363752919138
      },
      "vmiCreationToRunningSecondsP50": {
        "value": 16.16908172233005,
        "thresholdResult": {
          "thresholdValue": 45,
          "thresholdExceeded": false
        }
      },
      "vmiCreationToRunningSecondsP95": {
        "value": 27.361569510284227,
        "thresholdResult": {
          "thresholdValue": 60,
          "thresholdExceeded": false
        }
      },
      "vmiCreationToRunningSecondsP99": {
        "value": 29.472313902056847
      },
      "vmiDeletionToFailedSecondsP50": {
        "value": 0
      },
      "vmiDeletionToFailedSecondsP95": {
        "value": 0
      },
      "vmiDeletionToFailedSecondsP99": {
        "value": 0
      },
      "vmiDeletionToSucceededSecondsP50": {
        "value": 0
      },
      "vmiDeletionToSucceededSecondsP95": {
        "value": 0
      },
      "vmiDeletionToSucceededSecondsP99": {
        "value": 0
      }
    }
  },
  "VMResult": {
    "Values": {
      "CREATE-controllerrevisions-count": {
        "value": 63.103199999999994
      },
      "CREATE-events-count": {
        "value": 782.221267496784
      },
      "CREATE-pods-count": {
        "value": 111.11111111111111
      },
      "CREATE-virtualmachineinstances-count": {
        "value": 63.103199999999994
      },
      "DELETE-pods-count": {
        "value": 3.752866666666667
      },
      "GET-leases-count": {
        "value": 188.8888888888889
      },
      "LIST-configmaps-count": {
        "value": 1.1111111111111112
      },
      "LIST-nodes-count": {
        "value": 48.88888888888889
      },
      "LIST-virtualmachineclusterinstancetypes-count": {
        "value": 48.88888888888889
      },
      "LIST-virtualmachineclusterpreferences-count": {
        "value": 48.88888888888889
      },
      "PATCH-events-count": {
        "value": 3.752866666666667
      },
      "PATCH-nodes-count": {
        "value": 22.222181070263673
      },
      "PATCH-pods-count": {
        "value": 223.33333333333334
      },
      "PATCH-services-count": {
        "value": 195.55555555555557
      },
      "PATCH-validatingadmissionpolicies-count": {
        "value": 48.88888888888889
      },
      "PATCH-validatingadmissionpolicybindings-count": {
        "value": 48.88888888888889
      },
      "PATCH-virtualmachineinstances-count": {
        "value": 223.33333333333334,
        "thresholdResult": {
          "thresholdValue": 222.22222222222223,
          "thresholdMetric": "CREATE-pods-count",
          "thresholdRatio": 2.0100000000000002,
          "thresholdExceeded": false
        }
      },
      "PATCH-virtualmachines-count": {
        "value": 63.103199999999994
      },
      "UPDATE-configmaps-count": {
        "value": 48.88888888888889
      },
      "UPDATE-leases-count": {
        "value": 298.8888888888889
      },
      "UPDATE-virtualmachineinstances-count": {
        "value": 842.2214321046183,
        "thresholdResult": {
          "thresholdValue": 1111.111111111111,
          "thresholdMetric": "CREATE-pods-count",
          "thresholdRatio": 7.579992888941565,
          "thresholdExceeded": false
        }
      },
      "UPDATE-virtualmachines-count": {
        "value": 974.5938666666666
      },
      "WATCH-cdiconfigs-count": {
        "value": 1.1111111111111112
      },
      "WATCH-clusterrolebindings-count": {
        "value": 2.2222222222222223
      },
      "WATCH-clusterroles-count": {
        "value": 2.2222222222222223
      },
      "WATCH-configmaps-count": {
        "value": 17.77776954738607
      },
      "WATCH-controllerrevisions-count": {
        "value": 1.1111111111111112
      },
      "WATCH-customresourcedefinitions-count": {
        "value": 11.1111028807194
      },
      "WATCH-daemonsets-count": {
        "value": 2.2222222222222223
      },
      "WATCH-datasources-count": {
        "value": 3.3333333333333335
      },
      "WATCH-datavolumes-count": {
        "value": 1.1111111111111112
      },
      "WATCH-deployments-count": {
        "value": 1.1111111111111112
      },
      "WATCH-ingresses-count": {
        "value": 1.1111111111111112
      },
      "WATCH-jobs-count": {
        "value": 2.2222222222222223
      },
      "WATCH-kubevirts-count": {
        "value": 9.99999176960829
      },
      "WATCH-leases-count": {
        "value": 2.2222222222222223
      },
      "WATCH-migrationpolicies-count": {
        "value": 1.1111111111111112
      },
      "WATCH-mutatingwebhookconfigurations-count": {
        "value": 2.2222222222222223
      },
      "WATCH-namespaces-count": {
        "value": 4.444444444444445
      },
      "WATCH-nodes-count": {
        "value": 5.555547325163847
      },