{
  "JobDirCreationTime": "2025-02-12T00:46:17.831Z",
  "VMIResult": {
    "Values": {
      "CREATE-events-count": {
        "value": 189.6664523809524
      },
      "CREATE-pods-count": {
        "value": 104.89583333333334
      },
      "CREATE-virtualmachineclusterinstancetypes-count": {
        "value": 46.86911666666667
      },
      "GET-leases-count": {
        "value": 155.56127619047618
      },
      "GET-nodes-count": {
        "value": 32.76849047619048
      },
      "LIST-nodes-count": {
        "value": 8.210633333333332
      },
      "LIST-virtualmachineclusterinstancetypes-count": {
        "value": 5.864738095238095
      },
      "LIST-virtualmachineclusterpreferences-count": {
        "value": 5.864738095238095
      },
      "PATCH-nodes-count": {
        "value": 6.804176190476191
      },
      "PATCH-pods-count": {
        "value": 343.8172916666666
      },
      "PATCH-services-count": {
        "value": 32.84253333333333
      },
      "PATCH-validatingadmissionpolicies-count": {
        "value": 8.210633333333332
      },
      "PATCH-validatingadmissionpolicybindings-count": {
        "value": 8.210633333333332
      },
      "PATCH-virtualmachineinstances-count": {
        "value": 104.09055555555555,
        "thresholdResult": {
          "thresholdValue": 209.79166666666669,
          "thresholdMetric": "CREATE-pods-count",
          "thresholdRatio": 0.9923230718305196,
          "thresholdExceeded": false
        }
      },
      "UPDATE-kubevirts-count": {
        "value": 1.172947619047619
      },
      "UPDATE-leases-count": {
        "value": 237.99699999999999
      },
      "UPDATE-virtualmachineinstances-count": {
        "value": 622.5277500000001,
        "thresholdResult": {
          "thresholdValue": 1048.9583333333335,
          "thresholdMetric": "CREATE-pods-count",
          "thresholdRatio": 5.934723336643496,
          "thresholdExceeded": false
        }
      },
      "WATCH-clusterrolebindings-count": {
        "value": 2.3476095238095236
      },
      "WATCH-configmaps-count": {
        "value": 2.3493238095238094
      },
      "WATCH-customresourcedefinitions-count": {
        "value": 3.5205571428571423
      },
      "WATCH-daemonsets-count": {
        "value": 1.1746619047619047
      },
      "WATCH-deployments-count": {
        "value": 2.3476095238095236
      },
      "WATCH-kubevirts-count": {
        "value": 1.172947619047619
      },
      "WATCH-mutatingwebhookconfigurations-count": {
        "value": 1.172947619047619
      },
      "WATCH-namespaces-count": {
        "value": 1.1746619047619047
      },
      "WATCH-poddisruptionbudgets-count": {
        "value": 2.3476095238095236
      },
      "WATCH-pods-count": {
        "value": 2.3476095238095236
      },
      "WATCH-prometheusrules-count": {
        "value": 1.1746619047619047
      },
      "WATCH-rolebindings-count": {
        "value": 1.172947619047619
      },
      "WATCH-roles-count": {
        "value": 1.172947619047619
      },
      "WATCH-secrets-count": {
        "value": 1.1746619047619047
      },
      "WATCH-serviceaccounts-count": {
        "value": 1.1746619047619047
      },
      "WATCH-services-count": {
        "value": 1.1746619047619047
      },
      "WATCH-validatingadmissionpolicies-count": {
        "value": 1.172947619047619
      },
      "WATCH-validatingadmissionpolicybindings-count": {
        "value": 2.3476095238095236
      },
      "WATCH-validatingwebhookconfigurations-count": {
        "value": 2.3476095238095236
      },
      "avgVirtAPICPUUsage": {
        "value": 0.010710957383986112
      },
      "avgVirtAPIMemoryUsageInMB": {
        "value": 132.49453125
      },
      "avgVirtControllerCPUUsage": {
        "value": 0.024286452083097224
      },
      "avgVirtControllerMemoryUsageInMB": {
        "value": 60.97786458333333
      },
      "avgVirtHandlerCPUUsage": {
        "value": 0.0009628227862523598
      },
      "avgVirtHandlerMemoryUsageInMB": {
        "value": 10.450275002504007
      },
      "maxVirtAPIMemoryUsageInMB": {
        "value": 161.796875
      },
      "maxVirtControllerMemoryUsageInMB": {
        "value": 86.2109375
      },
      "maxVirtHandlerCPUUsage": {
        "value": 0.0010457237998194445
      },
      "maxVirtHandlerMemoryUsageInMB": {
        "value": 24.814928385416668
      },
      "minVirtAPIMemoryUsageInMB": {
        "value": 61.478515625
      },
      "minVirtControllerMemoryUsageInMB": {
        "value": 45.99609375
      },
      "minVirtHandlerCPUUsage": {
        "value": 0.0008891110146838888
      },
      "minVirtHandlerMemoryUsageInMB": {
        "value": 5.062875600961538
      },
      "none-none-count": {
        "value": 1.1914952380952382
      },
      "running-phase-count": {
        "value": 99
      },
      "scheduled-phase-count": {
        "value": 2
      },
      "vmiCreationToRunningSecondsP50": {
        "value": 22.932098532573843,
        "thresholdResult": {
          "thresholdValue": 45,
          "thresholdExceeded": false
        }
      },
      "vmiCreationToRunningSecondsP95": {
        "value": 29.293209853257384,
        "thresholdResult": {
          "thresholdValue": 60,
          "thresholdExceeded": false
        }
      },
      "vmiCreationToRunningSecondsP99": {
        "value": 29.858641970651476
      },
      "vmiDeletionToFailedSecondsP50": {
        "value": 0
      },
      "vmiDeletionToFailedSecondsP95": {
        "value": 0
      },
      "vmiDeletionToFailedSecondsP99": {
        "value": 0
      },
      "vmiDeletionToSucceededSecondsP50": {
        "value": 0
      },
      "vmiDeletionToSucceededSecondsP95": {
        "value": 0
      },
      "vmiDeletionToSucceededSecondsP99": {
        "value": 0
      }
    }
  },
  "VMResult": {
    "Values": {
      "CREATE-controllerrevisions-count": {
        "value": 34.6171
      },
      "CREATE-events-count": {
        "value": 842.2212757271757
      },
      "CREATE-pods-count": {
        "value": 111.11111111111111
      },
      "CREATE-virtualmachineinstances-count": {
        "value": 34.6171
      },
      "GET-leases-count": {
        "value": 183.34321097405885
      },
      "GET-nodes-count": {
        "value": 25.555514403597012
      },
      "PATCH-events-count": {
        "value": 1.4596666666666667
      },
      "PATCH-nodes-count": {
        "value": 11.111094650327694
      },
      "PATCH-pods-count": {
        "value": 400
      },
      "PATCH-virtualmachineinstances-count": {
        "value": 223.33333333333334,
        "thresholdResult": {
          "thresholdValue": 222.22222222222223,
          "thresholdMetric": "CREATE-pods-count",
          "thresholdRatio": 2.0100000000000002,
          "thresholdExceeded": false
        }
      },
      "PATCH-virtualmachines-count": {
        "value": 34.6171
      },
      "UPDATE-leases-count": {
        "value": 300
      },
      "UPDATE-virtualmachineinstances-count": {
        "value": 911.1104197582076,
        "thresholdResult": {
          "thresholdValue": 1111.111111111111,
          "thresholdMetric": "CREATE-pods-count",
          "thresholdRatio": 8.199993777823869,
          "thresholdExceeded": false
        }
      },
      "UPDATE-virtualmachines-count": {
        "value": 718.7169333333334
      },
      "WATCH-cdiconfigs-count": {
        "value": 1.1111111111111112
      },
      "WATCH-cdis-count": {
        "value": 1.1111111111111112
      },
      "WATCH-clusterrolebindings-count": {
        "value": 1.1111111111111112
      },
      "WATCH-configmaps-count": {
        "value": 7.77776954738607
      },
      "WATCH-controllerrevisions-count": {
        "value": 1.1111111111111112
      },
      "WATCH-customresourcedefinitions-count": {
        "value": 11.111226351228469
      },
      "WATCH-daemonsets-count": {
        "value": 1.1111111111111112
      },