{
  "JobDirCreationTime": "2024-03-14T08:23:46.521Z",
  "VMIResult": {
    "Values": {
      "CREATE-events-count": {
        "value": 160.21679097885345
      },
      "CREATE-pods-count": {
        "value": 105.34764495621528
      },
      "DELETE-virtualmachineclusterinstancetypes-count": {
        "value": 2.486266666666667
      },
      "DELETE-virtualmachineclusterpreferences-count": {
        "value": 2.486266666666667
      },
      "GET-endpoints-count": {
        "value": 331.0399056805563
      },
      "GET-leases-count": {
        "value": 537.0687000414601
      },
      "GET-nodes-count": {
        "value": 32.295791324058506
      },
      "LIST-customresourcedefinitions-count": {
        "value": 2.1716664722297834
      },
      "LIST-daemonsets-count": {
        "value": 1.0858332361148917
      },
      "LIST-namespaces-count": {
        "value": 1.0858332361148917
      },
      "LIST-nodes-count": {
        "value": 7.2156666666666665
      },
      "LIST-pods-count": {
        "value": 1.0858332361148917
      },
      "LIST-virtualmachineclusterinstancetypes-count": {
        "value": 2.486266666666667
      },
      "LIST-virtualmachineclusterpreferences-count": {
        "value": 2.486266666666667
      },
      "PATCH-nodes-count": {
        "value": 6.900731887343083
      },
      "PATCH-pods-count": {
        "value": 229.1508220600506
      },
      "PATCH-services-count": {
        "value": 28.862666666666666
      },
      "PATCH-virtualmachineinstances-count": {
        "value": 106.79655406080938,
        "thresholdResult": {
          "thresholdValue": 210.69528991243055,
          "thresholdMetric": "CREATE-pods-count",
          "thresholdRatio": 1.0137535974838006,
          "thresholdExceeded": false
        }
      },
      "UPDATE-endpoints-count": {
        "value": 206.02879436090387
      },
      "UPDATE-kubevirts-count": {
        "value": 1.202611111111111
      },
      "UPDATE-leases-count": {
        "value": 206.02879436090387
      },
      "UPDATE-virtualmachineinstances-count": {
        "value": 621.7194790084163,
        "thresholdResult": {
          "thresholdValue": 1053.4764495621528,
          "thresholdMetric": "CREATE-pods-count",
          "thresholdRatio": 5.901598267970928,
          "thresholdExceeded": false
        }
      },
      "none-none-count": {
        "value": 1.18315
      },
      "running-phase-count": {
        "value": 101
      },
      "vmiCreationToRunningSecondsP50": {
        "value": 15.739096532108956,
        "thresholdResult": {
          "thresholdValue": 45,
          "thresholdExceeded": false
        }
      },
      "vmiCreationToRunningSecondsP95": {
        "value": 26.11749190884925,
        "thresholdResult": {
          "thresholdValue": 60,
          "thresholdExceeded": false
        }
      },
      "vmiCreationToRunningSecondsP99": {
        "value": 29.22349838176985
      },
      "vmiDeletionToFailedSecondsP50": {
        "value": 0
      },
      "vmiDeletionToFailedSecondsP95": {
        "value": 0
      },
      "vmiDeletionToFailedSecondsP99": {
        "value": 0
      },
      "vmiDeletionToSucceededSecondsP50": {
        "value": 0
      },
      "vmiDeletionToSucceededSecondsP95": {
        "value": 0
      },
      "vmiDeletionToSucceededSecondsP99": {
        "value": 0
      }
    }
  },
  "VMResult": {
    "Values": {
      "CREATE-controllerrevisions-count": {
        "value": 67.7426
      },
      "CREATE-events-count": {
        "value": 837.7769629689986
      },
      "CREATE-pods-count": {
        "value": 111.11111111111111
      },
      "CREATE-virtualmachineinstances-count": {
        "value": 67.7426
      },
      "GET-endpoints-count": {
        "value": 479.99758030964625
      },
      "GET-leases-count": {
        "value": 775.5531358652017
      },
      "GET-nodes-count": {
        "value": 29.999925926474617
      },
      "LIST-cdiconfigs-count": {
        "value": 1.1111111111111112
      },
      "LIST-clusterrolebindings-count": {
        "value": 1.1111111111111112
      },
      "LIST-clusterroles-count": {
        "value": 2.222193416384678
      },
      "LIST-configmaps-count": {
        "value": 15.555518519326304
      },
      "LIST-controllerrevisions-count": {
        "value": 1.1111111111111112
      },
      "LIST-customresourcedefinitions-count": {
        "value": 11.1111028807194
      },
      "LIST-daemonsets-count": {
        "value": 1.111082305273567
      },
      "LIST-datasources-count": {
        "value": 3.3333333333333335
      },
      "LIST-datavolumes-count": {
        "value": 1.1111111111111112
      },
      "LIST-deployments-count": {
        "value": 2.222193416384678
      },
      "LIST-ingresses-count": {
        "value": 1.1111111111111112
      },
      "LIST-jobs-count": {
        "value": 2.222193416384678
      },
      "LIST-kubevirts-count": {
        "value": 9.999962963770745
      },
      "LIST-migrationpolicies-count": {
        "value": 1.1111111111111112
      },
      "LIST-mutatingwebhookconfigurations-count": {
        "value": 2.222193416384678
      },
      "LIST-namespaces-count": {
        "value": 2.2222222222222223
      },
      "LIST-nodes-count": {
        "value": 1.1111111111111112
      },
      "LIST-persistentvolumeclaims-count": {
        "value": 1.1111111111111112
      },
      "LIST-poddisruptionbudgets-count": {
        "value": 3.3333045274957893
      },
      "LIST-pods-count": {
        "value": 3.3333333333333335
      },
      "LIST-prometheusrules-count": {
        "value": 2.222193416384678
      },
      "LIST-resourcequotas-count": {
        "value": 1.1111111111111112
      },
      "LIST-rolebindings-count": {
        "value": 2.222193416384678
      },
      "LIST-roles-count": {
        "value": 1.111082305273567
      },
      "LIST-secrets-count": {
        "value": 2.2222222222222223
      },
      "LIST-serviceaccounts-count": {
        "value": 2.222193416384678
      },
      "LIST-servicemonitors-count": {
        "value": 2.222193416384678
      },
      "LIST-services-count": {
        "value": 3.3333045274957893
      },
      "LIST-storageclasses-count": {
        "value": 1.1111111111111112
      },
      "LIST-virtualmachineclones-count": {
        "value": 1.1111111111111112
      },
      "LIST-virtualmachineclusterpreferences-count": {
        "value": 1.1111111111111112
      },
      "LIST-virtualmachineexports-count": {
        "value": 1.1111111111111112
      },
      "LIST-virtualmachineinstancemigrations-count": {
        "value": 1.1111111111111112
      },
      "LIST-virtualmachineinstancepresets-count": {
        "value": 2.2222222222222223
      },
      "LIST-virtualmachineinstancereplicasets-count": {
        "value": 1.1111111111111112
      },
      "LIST-virtualmachineinstances-count": {
        "value": 9.999983539216583
      },
      "LIST-virtualmachineinstancetypes-count": {
        "value": 1.1111111111111112
      },
      "LIST-virtualmachinepools-count": {
        "value": 1.1111111111111112
      },
      "LIST-virtualmachinepreferences-count": {
        "value": 1.1111111111111112
      },
      "LIST-virtualmachinerestores-count": {
        "value": 1.1111111111111112
      },
      "LIST-virtualmachines-count": {
        "value": 1.1111111111111112
      },
      "LIST-virtualmachinesnapshotcontents-count": {
        "value": 1.1111111111111112
      },
      "LIST-virtualmachinesnapshots-count": {
        "value": 1.1111111111111112
      },
      "PATCH-events-count": {
        "value": 6.560533333333334
      },
      "PATCH-nodes-count": {
        "value": 13.333300411766498
      },
      "PATCH-pods-count": {
        "value": 275.55555555555554
      },
      "PATCH-virtualmachineinstances-count": {
        "value": 223.33333333333334,
        "thresholdResult": {
          "thresholdValue": 222.22222222222223,
          "thresholdMetric": "CREATE-pods-count",