{
  "JobDirCreationTime": "2025-04-17T16:37:37.303Z",
  "VMIResult": {
    "Values": {
      "CREATE-events-count": {
        "value": 158.79356296296297
      },
      "CREATE-pods-count": {
        "value": 126.88444444444444
      },
      "GET-leases-count": {
        "value": 191.10800010370025
      },
      "GET-nodes-count": {
        "value": 27.77777777777778
      },
      "LIST-nodes-count": {
        "value": 1.1111111111111112
      },
      "LIST-virtualmachineclusterinstancetypes-count": {
        "value": 1.1111111111111112
      },
      "LIST-virtualmachineclusterpreferences-count": {
        "value": 1.1111111111111112
      },
      "PATCH-nodes-count": {
        "value": 12.222222222222221
      },
      "PATCH-pods-count": {
        "value": 414.6421333333334
      },
      "PATCH-services-count": {
        "value": 4.444444444444445
      },
      "PATCH-validatingadmissionpolicies-count": {
        "value": 1.1111111111111112
      },
      "PATCH-validatingadmissionpolicybindings-count": {
        "value": 1.1111111111111112
      },
      "PATCH-virtualmachineinstances-count": {
        "value": 49.589333333333336,
        "thresholdResult": {
          "thresholdValue": 253.76888888888888,
          "thresholdMetric": "CREATE-pods-count",
          "thresholdRatio": 0.3908227958947774,
          "thresholdExceeded": true
        }
      },
      "UPDATE-leases-count": {
        "value": 298.8888888888889
      },
      "UPDATE-virtualmachineinstances-count": {
        "value": 689.5818166666667,
        "thresholdResult": {
          "thresholdValue": 1268.8444444444444,
          "thresholdMetric": "CREATE-pods-count",
          "thresholdRatio": 5.4347230638551265,
          "thresholdExceeded": false
        }
      },
      "WATCH-cdis-count": {
        "value": 1.1111111111111112
      },
      "WATCH-configmaps-count": {
        "value": 3.3333045274957893
      },
      "WATCH-customresourcedefinitions-count": {
        "value": 3.3332962975308233
      },
      "WATCH-daemonsets-count": {
        "value": 1.1110740753086008
      },
      "WATCH-datasources-count": {
        "value": 1.1111111111111112
      },
      "WATCH-datavolumes-count": {
        "value": 1.1111111111111112
      },
      "WATCH-deployments-count": {
        "value": 2.222185186419712
      },
      "WATCH-jobs-count": {
        "value": 1.1111111111111112
      },
      "WATCH-kubevirts-count": {
        "value": 4.4444074086419345
      },
      "WATCH-mutatingwebhookconfigurations-count": {
        "value": 2.222185186419712
      },
      "WATCH-namespaces-count": {
        "value": 3.3332674916932787
      },
      "WATCH-persistentvolumeclaims-count": {
        "value": 1.1111111111111112
      },
      "WATCH-pods-count": {
        "value": 2.222185186419712
      },
      "WATCH-prometheusrules-count": {
        "value": 2.222185186419712
      },
      "WATCH-rolebindings-count": {
        "value": 1.1110740753086008
      },
      "WATCH-roles-count": {
        "value": 1.1110740753086008
      },
      "WATCH-secrets-count": {
        "value": 1.1111111111111112
      },
      "WATCH-serviceaccounts-count": {
        "value": 1.1111111111111112
      },
      "WATCH-servicemonitors-count": {
        "value": 1.1110740753086008
      },
      "WATCH-storageprofiles-count": {
        "value": 1.1111111111111112
      },
      "WATCH-validatingadmissionpolicybindings-count": {
        "value": 1.1110740753086008
      },
      "WATCH-validatingwebhookconfigurations-count": {
        "value": 2.222185186419712
      },
      "WATCH-virtualmachineclusterinstancetypes-count": {
        "value": 1.1111111111111112
      },
      "WATCH-virtualmachineinstances-count": {
        "value": 2.2222222222222223
      },
      "WATCH-virtualmachineinstancetypes-count": {
        "value": 1.1111111111111112
      },
      "avgVirtAPICPUUsage": {
        "value": 0.011046955555555555
      },
      "avgVirtAPIMemoryUsageInMB": {
        "value": 133.1349609375
      },
      "avgVirtControllerCPUUsage": {
        "value": 0.026944485185185184
      },
      "avgVirtControllerMemoryUsageInMB": {
        "value": 67.034765625
      },
      "avgVirtHandlerCPUUsage": {
        "value": 0.0008310205790862204
      },
      "avgVirtHandlerMemoryUsageInMB": {
        "value": 9.513928916701506
      },
      "maxVirtAPIMemoryUsageInMB": {
        "value": 160.171875
      },
      "maxVirtControllerMemoryUsageInMB": {
        "value": 86.07421875
      },
      "maxVirtHandlerCPUUsage": {
        "value": 0.0008647696581196581
      },
      "maxVirtHandlerMemoryUsageInMB": {
        "value": 26.428680889423077
      },
      "minVirtAPIMemoryUsageInMB": {
        "value": 119.912109375
      },
      "minVirtControllerMemoryUsageInMB": {
        "value": 60.40625
      },
      "minVirtHandlerCPUUsage": {
        "value": 0.0008116783475783476
      },
      "minVirtHandlerMemoryUsageInMB": {
        "value": 2.4912109375
      },
      "running-phase-count": {
        "value": 101
      },
      "vmiCreationToRunningSecondsP50": {
        "value": 15.412170106753281,
        "thresholdResult": {
          "thresholdValue": 45,
          "thresholdExceeded": false
        }
      },
      "vmiCreationToRunningSecondsP95": {
        "value": 23.43454314362379,
        "thresholdResult": {
          "thresholdValue": 60,
          "thresholdExceeded": false
        }
      },
      "vmiCreationToRunningSecondsP99": {
        "value": 28.68690862872475
      },
      "vmiDeletionToFailedSecondsP50": {
        "value": 0
      },
      "vmiDeletionToFailedSecondsP95": {
        "value": 0
      },
      "vmiDeletionToFailedSecondsP99": {
        "value": 0
      },
      "vmiDeletionToSucceededSecondsP50": {
        "value": 0
      },
      "vmiDeletionToSucceededSecondsP95": {
        "value": 0
      },
      "vmiDeletionToSucceededSecondsP99": {
        "value": 0
      }
    }
  },
  "VMResult": {
    "Values": {
      "CREATE-events-count": {
        "value": 885.557613206829
      },
      "CREATE-pods-count": {
        "value": 111.11111111111111
      },
      "GET-leases-count": {
        "value": 191.10903708312657
      },
      "GET-nodes-count": {
        "value": 30.000144035589138
      },
      "PATCH-nodes-count": {
        "value": 13.333395062871535
      },
      "PATCH-pods-count": {
        "value": 375.55555555555554
      },
      "PATCH-virtualmachineinstances-count": {
        "value": 152.22222222222223,
        "thresholdResult": {
          "thresholdValue": 222.22222222222223,
          "thresholdMetric": "CREATE-pods-count",
          "thresholdRatio": 1.37,
          "thresholdExceeded": false
        }
      },
      "UPDATE-leases-count": {
        "value": 298.8888888888889
      },
      "UPDATE-virtualmachineinstances-count": {
        "value": 936.6683127876853,
        "thresholdResult": {
          "thresholdValue": 1111.111111111111,
          "thresholdMetric": "CREATE-pods-count",
          "thresholdRatio": 8.430014815089168,
          "thresholdExceeded": false
        }
      },
      "WATCH-cdiconfigs-count": {
        "value": 1.1111111111111112
      },
      "WATCH-clusterroles-count": {
        "value": 1.1110864203017712
      },
      "WATCH-configmaps-count": {
        "value": 10.000144043728744
      },
      "WATCH-controllerrevisions-count": {
        "value": 1.1111111111111112
      },
      "WATCH-customresourcedefinitions-count": {
        "value": 4.44451852345712
      },
      "WATCH-daemonsets-count": {
        "value": 1.1111111111111112
      },
      "WATCH-datasources-count": {
        "value": 1.111185190123786
      },
      "WATCH-deployments-count": {
        "value": 2.222197531412882
      },
      "WATCH-kubevirts-count": {
        "value": 3.333353909846067
      },
      "WATCH-migrationpolicies-count": {
        "value": 1.1111111111111112
      },