{
  "JobDirCreationTime": "2022-08-15T04:57:52.761Z",
  "VMIResult": {
    "Values": {
      "CREATE-events-count": {
        "value": 752.4702203703705
      },
      "CREATE-pods-count": {
        "value": 106.70041666666667
      },
      "DELETE-pods-count": {
        "value": 106.70041666666667
      },
      "GET-endpoints-count": {
        "value": 487.7777777777778
      },
      "GET-nodes-count": {
        "value": 8.88888888888889
      },
      "LIST-clusterrolebindings-count": {
        "value": 2.2222222222222223
      },
      "LIST-clusterroles-count": {
        "value": 2.2222222222222223
      },
      "LIST-configmaps-count": {
        "value": 3.3333333333333335
      },
      "LIST-customresourcedefinitions-count": {
        "value": 8.88888888888889
      },
      "LIST-daemonsets-count": {
        "value": 1.1111111111111112
      },
      "LIST-deployments-count": {
        "value": 1.1111111111111112
      },
      "LIST-jobs-count": {
        "value": 1.1111111111111112
      },
      "LIST-kubevirts-count": {
        "value": 5.555555555555555
      },
      "LIST-migrationpolicies-count": {
        "value": 1.1111111111111112
      },
      "LIST-mutatingwebhookconfigurations-count": {
        "value": 1.1111111111111112
      },
      "LIST-namespaces-count": {
        "value": 2.2222222222222223
      },
      "LIST-nodes-count": {
        "value": 1.1111111111111112
      },
      "LIST-poddisruptionbudgets-count": {
        "value": 1.1111111111111112
      },
      "LIST-pods-count": {
        "value": 1.1111111111111112
      },
      "LIST-prometheusrules-count": {
        "value": 2.2222222222222223
      },
      "LIST-rolebindings-count": {
        "value": 1.1111111111111112
      },
      "LIST-roles-count": {
        "value": 1.1111111111111112
      },
      "LIST-secrets-count": {
        "value": 2.2222222222222223
      },
      "LIST-storageclasses-count": {
        "value": 1.1111111111111112
      },
      "LIST-validatingwebhookconfigurations-count": {
        "value": 2.2222222222222223
      },
      "LIST-virtualmachineclones-count": {
        "value": 1.1111111111111112
      },
      "LIST-virtualmachineinstancepresets-count": {
        "value": 1.111111111111111
      },
      "LIST-virtualmachineinstancereplicasets-count": {
        "value": 1.1111111111111112
      },
      "LIST-virtualmachineinstances-count": {
        "value": 8.88888888888889
      },
      "LIST-virtualmachinerestores-count": {
        "value": 1.1111111111111112
      },
      "LIST-virtualmachines-count": {
        "value": 1.1111111111111112
      },
      "PATCH-events-count": {
        "value": 91.68827083333333
      },
      "PATCH-nodes-count": {
        "value": 8.88888888888889
      },
      "PATCH-pods-count": {
        "value": 106.70041666666667
      },
      "PATCH-virtualmachineinstances-count": {
        "value": 213.40083333333334
      },
      "UPDATE-endpoints-count": {
        "value": 298.8888888888889
      },
      "UPDATE-virtualmachineinstances-count": {
        "value": 1079.5184597222224
      },
      "vmiCreationToRunningSecondsP50": {
        "value": 38.0961661670041
      },
      "vmiCreationToRunningSecondsP95": {
        "value": 57.82335464055814
      },
      "vmiCreationToRunningSecondsP99": {
        "value": 74.85808949034407
      }
    }
  },
  "VMResult": null
}
