{
  "JobDirCreationTime": "2025-06-28T08:19:59.721Z",
  "VMIResult": {
    "Values": {
      "CREATE-events-count": {
        "value": 166.33764332744195
      },
      "CREATE-pods-count": {
        "value": 110.10151497475043
      },
      "CREATE-virtualmachineclusterinstancetypes-count": {
        "value": 3.570483333333333
      },
      "GET-leases-count": {
        "value": 149.1087619047619
      },
      "GET-nodes-count": {
        "value": 29.229577543524528
      },
      "LIST-nodes-count": {
        "value": 8.140966666666666
      },
      "LIST-virtualmachineclusterinstancetypes-count": {
        "value": 5.81497619047619
      },
      "LIST-virtualmachineclusterpreferences-count": {
        "value": 5.81497619047619
      },
      "PATCH-nodes-count": {
        "value": 9.297108062871057
      },
      "PATCH-pods-count": {
        "value": 358.6709388176864
      },
      "PATCH-services-count": {
        "value": 32.56386666666666
      },
      "PATCH-validatingadmissionpolicies-count": {
        "value": 8.140966666666666
      },
      "PATCH-validatingadmissionpolicybindings-count": {
        "value": 8.140966666666666
      },
      "PATCH-virtualmachineinstances-count": {
        "value": 107.52852158840915,
        "thresholdResult": {
          "thresholdValue": 220.20302994950086,
          "thresholdMetric": "CREATE-pods-count",
          "thresholdRatio": 0.9766307176887499,
          "thresholdExceeded": false
        }
      },
      "UPDATE-configmaps-count": {
        "value": 8.140966666666666
      },
      "UPDATE-kubevirts-count": {
        "value": 1.162995238095238
      },
      "UPDATE-leases-count": {
        "value": 240.0754479909715
      },
      "UPDATE-virtualmachineinstances-count": {
        "value": 667.0566460845056,
        "thresholdResult": {
          "thresholdValue": 1101.0151497475042,
          "thresholdMetric": "CREATE-pods-count",
          "thresholdRatio": 6.058560104622372,
          "thresholdExceeded": false
        }
      },
      "WATCH-daemonsets-count": {
        "value": 1.121404761904762
      },
      "WATCH-mutatingwebhookconfigurations-count": {
        "value": 1.121404761904762
      },
      "WATCH-servicemonitors-count": {
        "value": 1.162995238095238
      },
      "avgVirtAPICPUUsage": {
        "value": 0.009651318518518519
      },
      "avgVirtAPIMemoryUsageInMB": {
        "value": 145.4390625
      },
      "avgVirtControllerCPUUsage": {
        "value": 0.023345737045333333
      },
      "avgVirtControllerMemoryUsageInMB": {
        "value": 57.00859375
      },
      "avgVirtHandlerCPUUsage": {
        "value": 0.0008496414777517154
      },
      "avgVirtHandlerMemoryUsageInMB": {
        "value": 14.089373291801907
      },
      "maxVirtAPIMemoryUsageInMB": {
        "value": 163.05859375
      },
      "maxVirtControllerMemoryUsageInMB": {
        "value": 84.13671875
      },
      "maxVirtHandlerCPUUsage": {
        "value": 0.0009112983943901097
      },
      "maxVirtHandlerMemoryUsageInMB": {
        "value": 34.54610821759259
      },
      "minVirtAPIMemoryUsageInMB": {
        "value": 138.212890625
      },
      "minVirtControllerMemoryUsageInMB": {
        "value": 37.59375
      },
      "minVirtHandlerCPUUsage": {
        "value": 0.0007696715427246377
      },
      "minVirtHandlerMemoryUsageInMB": {
        "value": 6.7872314453125
      },
      "none-none-count": {
        "value": 1.1725761904761904
      },
      "running-phase-count": {
        "value": 96
      },
      "scheduled-phase-count": {
        "value": 5
      },
      "vmiCreationToRunningSecondsP50": {
        "value": 23.483474599462866,
        "thresholdResult": {
          "thresholdValue": 45,
          "thresholdExceeded": false
        }
      },
      "vmiCreationToRunningSecondsP95": {
        "value": 33.043032380317044,
        "thresholdResult": {
          "thresholdValue": 60,
          "thresholdExceeded": false
        }
      },
      "vmiCreationToRunningSecondsP99": {
        "value": 38.60860647606341
      },
      "vmiDeletionToFailedSecondsP50": {
        "value": 0
      },
      "vmiDeletionToFailedSecondsP95": {
        "value": 0
      },
      "vmiDeletionToFailedSecondsP99": {
        "value": 0
      },
      "vmiDeletionToSucceededSecondsP50": {
        "value": 0
      },
      "vmiDeletionToSucceededSecondsP95": {
        "value": 0
      },
      "vmiDeletionToSucceededSecondsP99": {
        "value": 0
      }
    }
  },
  "VMResult": {
    "Values": {
      "CREATE-controllerrevisions-count": {
        "value": 6.1296
      },
      "CREATE-events-count": {
        "value": 812.2178683856413
      },
      "CREATE-pods-count": {
        "value": 111.11111111111111
      },
      "CREATE-virtualmachineinstances-count": {
        "value": 6.1296
      },
      "GET-leases-count": {
        "value": 183.3307325873472
      },
      "GET-nodes-count": {
        "value": 16.666534981679582
      },
      "PATCH-nodes-count": {
        "value": 13.333222224096904
      },
      "PATCH-pods-count": {
        "value": 366.6666666666667
      },
      "PATCH-virtualmachineinstances-count": {
        "value": 223.33333333333334,
        "thresholdResult": {
          "thresholdValue": 222.22222222222223,
          "thresholdMetric": "CREATE-pods-count",
          "thresholdRatio": 2.0100000000000002,
          "thresholdExceeded": false
        }
      },
      "PATCH-virtualmachines-count": {
        "value": 6.1296
      },
      "UPDATE-leases-count": {
        "value": 300.00111111934166
      },
      "UPDATE-virtualmachineinstances-count": {
        "value": 905.551353980017,
        "thresholdResult": {
          "thresholdValue": 1111.111111111111,
          "thresholdMetric": "CREATE-pods-count",
          "thresholdRatio": 8.149962185820153,
          "thresholdExceeded": false
        }
      },
      "UPDATE-virtualmachines-count": {
        "value": 447.4608
      },
      "WATCH-cdiconfigs-count": {
        "value": 1.1111111111111112
      },
      "WATCH-cdis-count": {
        "value": 1.1111111111111112
      },
      "WATCH-clusterroles-count": {
        "value": 1.111119341624753
      },
      "WATCH-configmaps-count": {
        "value": 12.222222222588018
      },
      "WATCH-controllerrevisions-count": {
        "value": 1.1111111111111112
      },
      "WATCH-customresourcedefinitions-count": {
        "value": 11.111069960127999
      },
      "WATCH-daemonsets-count": {
        "value": 1.111119341624753
      },
      "WATCH-datasources-count": {
        "value": 3.3333333333333335
      },
      "WATCH-datavolumes-count": {
        "value": 1.1111111111111112
      },
      "WATCH-deployments-count": {
        "value": 2.222230452735864
      },
      "WATCH-ingresses-count": {
        "value": 1.1111111111111112
      },
      "WATCH-kubevirts-count": {
        "value": 11.111049384377342
      },
      "WATCH-migrationpolicies-count": {
        "value": 1.1111111111111112
      },
      "WATCH-mutatingwebhookconfigurations-count": {
        "value": 1.111119341624753
      },
      "WATCH-namespaces-count": {
        "value": 4.444452674958086
      },
      "WATCH-nodes-count": {
        "value": 1.1111111111111112
      },
      "WATCH-persistentvolumeclaims-count": {
        "value": 1.1111111111111112
      },
      "WATCH-poddisruptionbudgets-count": {
        "value": 2.222230452735864
      },
      "WATCH-pods-count": {
        "value": 4.444452674958086
      },
      "WATCH-prometheusrules-count": {
        "value": 1.111119341624753
      },
      "WATCH-resourcequotas-count": {
        "value": 1.1111111111111112
      },
      "WATCH-rolebindings-count": {
        "value": 2.222230452735864
      },
      "WATCH-roles-count": {
        "value": 1.111119341624753
      },
      "WATCH-secrets-count": {
        "value": 2.2222222222222223
      },