{
  "JobDirCreationTime": "2024-10-16T00:17:40.09Z",
  "VMIResult": {
    "Values": {
      "CREATE-events-count": {
        "value": 140.6749851851852
      },
      "CREATE-pods-count": {
        "value": 110.27777777777779
      },
      "GET-leases-count": {
        "value": 187.77777777777777
      },
      "GET-nodes-count": {
        "value": 42.22222222222222
      },
      "LIST-nodes-count": {
        "value": 5.555555555555555
      },
      "LIST-virtualmachineclusterinstancetypes-count": {
        "value": 5.555555555555555
      },
      "LIST-virtualmachineclusterpreferences-count": {
        "value": 5.555555555555555
      },
      "PATCH-nodes-count": {
        "value": 11.11111111111111
      },
      "PATCH-pods-count": {
        "value": 220.55555555555557
      },
      "PATCH-services-count": {
        "value": 22.22222222222222
      },
      "PATCH-virtualmachineinstances-count": {
        "value": 92.79333333333332,
        "thresholdResult": {
          "thresholdValue": 220.55555555555557,
          "thresholdMetric": "CREATE-pods-count",
          "thresholdRatio": 0.8414508816120905,
          "thresholdExceeded": false
        }
      },
      "UPDATE-kubevirts-count": {
        "value": 1.1111111111111112
      },
      "UPDATE-leases-count": {
        "value": 300
      },
      "UPDATE-virtualmachineinstances-count": {
        "value": 703.2621555555556,
        "thresholdResult": {
          "thresholdValue": 1102.7777777777778,
          "thresholdMetric": "CREATE-pods-count",
          "thresholdRatio": 6.37718831234257,
          "thresholdExceeded": false
        }
      },
      "WATCH-clusterrolebindings-count": {
        "value": 1.1111111111111112
      },
      "WATCH-configmaps-count": {
        "value": 4.444444444444445
      },
      "WATCH-customresourcedefinitions-count": {
        "value": 4.444444444444445
      },
      "WATCH-jobs-count": {
        "value": 1.1111111111111112
      },
      "WATCH-kubevirts-count": {
        "value": 1.1111111111111112
      },
      "WATCH-mutatingwebhookconfigurations-count": {
        "value": 1.1111111111111112
      },
      "WATCH-namespaces-count": {
        "value": 1.1111111111111112
      },
      "WATCH-prometheusrules-count": {
        "value": 2.2222222222222223
      },
      "WATCH-rolebindings-count": {
        "value": 1.1111111111111112
      },
      "WATCH-roles-count": {
        "value": 1.1111111111111112
      },
      "WATCH-secrets-count": {
        "value": 1.1111111111111112
      },
      "WATCH-services-count": {
        "value": 1.1111111111111112
      },
      "WATCH-validatingwebhookconfigurations-count": {
        "value": 1.1111111111111112
      },
      "WATCH-virtualmachineclusterpreferences-count": {
        "value": 1.1111111111111112
      },
      "avgVirtAPICPUUsage": {
        "value": 0.008353436366935918
      },
      "avgVirtAPIMemoryUsageInMB": {
        "value": 137.3333984375
      },
      "avgVirtControllerCPUUsage": {
        "value": 0.009962093856130725
      },
      "avgVirtControllerMemoryUsageInMB": {
        "value": 61.57890625
      },
      "maxVirtAPIMemoryUsageInMB": {
        "value": 155.09375
      },
      "maxVirtControllerMemoryUsageInMB": {
        "value": 90.07421875
      },
      "minVirtAPIMemoryUsageInMB": {
        "value": 127.9140625
      },
      "minVirtControllerMemoryUsageInMB": {
        "value": 55.390625
      },
      "running-phase-count": {
        "value": 85
      },
      "scheduled-phase-count": {
        "value": 16
      },
      "vmiCreationToRunningSecondsP50": {
        "value": 14.860487156448853,
        "thresholdResult": {
          "thresholdValue": 45,
          "thresholdExceeded": false
        }
      },
      "vmiCreationToRunningSecondsP95": {
        "value": 19.486048715644884,
        "thresholdResult": {
          "thresholdValue": 60,
          "thresholdExceeded": false
        }
      },
      "vmiCreationToRunningSecondsP99": {
        "value": 19.897209743128975
      },
      "vmiDeletionToFailedSecondsP50": {
        "value": 0
      },
      "vmiDeletionToFailedSecondsP95": {
        "value": 0
      },
      "vmiDeletionToFailedSecondsP99": {
        "value": 0
      },
      "vmiDeletionToSucceededSecondsP50": {
        "value": 0
      },
      "vmiDeletionToSucceededSecondsP95": {
        "value": 0
      },
      "vmiDeletionToSucceededSecondsP99": {
        "value": 0
      }
    }
  },
  "VMResult": {
    "Values": {
      "CREATE-controllerrevisions-count": {
        "value": 129.694
      },
      "CREATE-events-count": {
        "value": 785.5555555555555
      },
      "CREATE-pods-count": {
        "value": 111.11111111111111
      },
      "CREATE-virtualmachineinstances-count": {
        "value": 129.694
      },
      "DELETE-pods-count": {
        "value": 115.54400000000001
      },
      "GET-leases-count": {
        "value": 180
      },
      "GET-nodes-count": {
        "value": 26.666666666666668
      },
      "PATCH-events-count": {
        "value": 2.5467
      },
      "PATCH-nodes-count": {
        "value": 11.11111111111111
      },
      "PATCH-pods-count": {
        "value": 268.8888888888889
      },
      "PATCH-virtualmachineinstances-count": {
        "value": 201.11111111111111,
        "thresholdResult": {
          "thresholdValue": 222.22222222222223,
          "thresholdMetric": "CREATE-pods-count",
          "thresholdRatio": 1.81,
          "thresholdExceeded": false
        }
      },
      "PATCH-virtualmachines-count": {
        "value": 129.694
      },
      "UPDATE-leases-count": {
        "value": 300
      },
      "UPDATE-virtualmachineinstances-count": {
        "value": 985.5555555555558,
        "thresholdResult": {
          "thresholdValue": 1111.111111111111,
          "thresholdMetric": "CREATE-pods-count",
          "thresholdRatio": 8.870000000000001,
          "thresholdExceeded": false
        }
      },
      "UPDATE-virtualmachines-count": {
        "value": 1339.545
      },
      "WATCH-cdiconfigs-count": {
        "value": 1.1111111111111112
      },
      "WATCH-configmaps-count": {
        "value": 7.777777777777777
      },
      "WATCH-controllerrevisions-count": {
        "value": 1.1111111111111112
      },
      "WATCH-customresourcedefinitions-count": {
        "value": 7.777777777777777
      },
      "WATCH-datasources-count": {
        "value": 3.3333333333333335
      },
      "WATCH-datavolumes-count": {
        "value": 1.1111111111111112
      },
      "WATCH-deployments-count": {
        "value": 1.1111111111111112
      },
      "WATCH-kubevirts-count": {
        "value": 6.666666666666666
      },
      "WATCH-mutatingwebhookconfigurations-count": {
        "value": 1.1111111111111112
      },
      "WATCH-namespaces-count": {
        "value": 1.1111111111111112
      },
      "WATCH-nodes-count": {
        "value": 1.1111111111111112
      },
      "WATCH-poddisruptionbudgets-count": {
        "value": 1.1111111111111112
      },
      "WATCH-pods-count": {
        "value": 2.2222222222222223
      },
      "WATCH-prometheusrules-count": {
        "value": 1.1111111111111112
      },
      "WATCH-resourcequotas-count": {
        "value": 1.1111111111111112
      },
      "WATCH-rolebindings-count": {
        "value": 1.1111111111111112
      },
      "WATCH-roles-count": {
        "value": 1.1111111111111112
      },
      "WATCH-secrets-count": {
        "value": 3.3333333333333335
      },
      "WATCH-servicemonitors-count": {
        "value": 1.1111111111111112
      },
      "WATCH-services-count": {
        "value": 3.3333333333333335
      },
      "WATCH-storageprofiles-count": {
        "value": 1.1111111111111112
      },
      "WATCH-virtualmachineclones-count": {
        "value": 1.1111111111111112
      },
      "WATCH-virtualmachineclusterinstancetypes-count": {
        "value": 2.2222222222222223
      },