{
  "JobDirCreationTime": "2026-03-05T16:21:37.162Z",
  "VMIResult": {
    "Values": {
      "CREATE-events-count": {
        "value": 157.2782536537564
      },
      "CREATE-pods-count": {
        "value": 124.95444444444446
      },
      "GET-leases-count": {
        "value": 109.698
      },
      "GET-mutatingwebhookconfigurations-count": {
        "value": 30.708666666666666
      },
      "LIST-nodes-count": {
        "value": 30.708666666666666
      },
      "LIST-virtualmachineclusterinstancetypes-count": {
        "value": 30.708666666666666
      },
      "LIST-virtualmachineclusterpreferences-count": {
        "value": 30.708666666666666
      },
      "PATCH-nodes-count": {
        "value": 7.416004928469528
      },
      "PATCH-pods-count": {
        "value": 239.9925333333333
      },
      "PATCH-services-count": {
        "value": 122.83466666666666
      },
      "PATCH-validatingadmissionpolicies-count": {
        "value": 30.708666666666666
      },
      "PATCH-validatingadmissionpolicybindings-count": {
        "value": 30.708666666666666
      },
      "PATCH-virtualmachineinstances-count": {
        "value": 58.0913,
        "thresholdResult": {
          "thresholdValue": 249.90888888888892,
          "thresholdMetric": "CREATE-pods-count",
          "thresholdRatio": 0.464899830160325,
          "thresholdExceeded": true
        }
      },
      "UPDATE-configmaps-count": {
        "value": 30.708666666666666
      },
      "UPDATE-leases-count": {
        "value": 185.40550000000002
      },
      "UPDATE-virtualmachineinstances-count": {
        "value": 544.7481275833462,
        "thresholdResult": {
          "thresholdValue": 1249.5444444444447,
          "thresholdMetric": "CREATE-pods-count",
          "thresholdRatio": 4.3595738431340445,
          "thresholdExceeded": false
        }
      },
      "avgVirtAPICPUUsage": {
        "value": 0.012109537924946512
      },
      "avgVirtAPIMemoryUsageInMB": {
        "value": 152.48914930555554
      },
      "avgVirtControllerCPUUsage": {
        "value": 0.02883872788934648
      },
      "avgVirtControllerMemoryUsageInMB": {
        "value": 66.3916015625
      },
      "avgVirtHandlerCPUUsage": {
        "value": 0.0011789855366841969
      },
      "avgVirtHandlerMemoryUsageInMB": {
        "value": 15.689105552524797
      },
      "maxVirtAPIMemoryUsageInMB": {
        "value": 172.69921875
      },
      "maxVirtControllerMemoryUsageInMB": {
        "value": 89.69140625
      },
      "maxVirtHandlerCPUUsage": {
        "value": 0.001380849021953338
      },
      "maxVirtHandlerMemoryUsageInMB": {
        "value": 41.74851707175926
      },
      "minVirtAPIMemoryUsageInMB": {
        "value": 140.697265625
      },
      "minVirtControllerMemoryUsageInMB": {
        "value": 46.62109375
      },
      "minVirtHandlerCPUUsage": {
        "value": 0.0009476933796161081
      },
      "minVirtHandlerMemoryUsageInMB": {
        "value": 6.591711956521739
      },
      "running-phase-count": {
        "value": 44
      },
      "scheduled-phase-count": {
        "value": 48
      },
      "scheduling-phase-count": {
        "value": 9
      },
      "virtControllerWorkqueueAddRate": {
        "value": 17.018996722222223
      },
      "virtControllerWorkqueueDepth": {
        "value": 0
      },
      "virtControllerWorkqueueP99Latency": {
        "value": 0.07139051254093752
      },
      "vmiCreationToRunningSecondsP50": {
        "value": 16.833697461347,
        "thresholdResult": {
          "thresholdValue": 45,
          "thresholdExceeded": false
        }
      },
      "vmiCreationToRunningSecondsP95": {
        "value": 28.13663442159998,
        "thresholdResult": {
          "thresholdValue": 60,
          "thresholdExceeded": false
        }
      },
      "vmiCreationToRunningSecondsP99": {
        "value": 29.62732688432
      },
      "vmiDeletionToFailedSecondsP50": {
        "value": 0
      },
      "vmiDeletionToFailedSecondsP95": {
        "value": 0
      },
      "vmiDeletionToFailedSecondsP99": {
        "value": 0
      },
      "vmiDeletionToSucceededSecondsP50": {
        "value": 0
      },
      "vmiDeletionToSucceededSecondsP95": {
        "value": 0
      },
      "vmiDeletionToSucceededSecondsP99": {
        "value": 0
      }
    }
  },
  "VMResult": {
    "Values": {
      "CREATE-events-count": {
        "value": 759.9963045898786
      },
      "CREATE-pods-count": {
        "value": 111.11111111111111
      },
      "GET-leases-count": {
        "value": 187.77777777777777
      },
      "GET-mutatingwebhookconfigurations-count": {
        "value": 50
      },
      "LIST-nodes-count": {
        "value": 50
      },
      "LIST-virtualmachineclusterinstancetypes-count": {
        "value": 50
      },
      "LIST-virtualmachineclusterpreferences-count": {
        "value": 50
      },
      "PATCH-nodes-count": {
        "value": 22.222037040161503
      },
      "PATCH-pods-count": {
        "value": 205.55555555555557
      },
      "PATCH-services-count": {
        "value": 200
      },
      "PATCH-validatingadmissionpolicies-count": {
        "value": 50
      },
      "PATCH-validatingadmissionpolicybindings-count": {
        "value": 50
      },
      "PATCH-virtualmachineinstances-count": {
        "value": 157.77777777777777,
        "thresholdResult": {
          "thresholdValue": 222.22222222222223,
          "thresholdMetric": "CREATE-pods-count",
          "thresholdRatio": 1.42,
          "thresholdExceeded": false
        }
      },
      "UPDATE-configmaps-count": {
        "value": 50
      },
      "UPDATE-leases-count": {
        "value": 297.77777777777777
      },
      "UPDATE-virtualmachineinstances-count": {
        "value": 791.1088395453125,
        "thresholdResult": {
          "thresholdValue": 1111.111111111111,
          "thresholdMetric": "CREATE-pods-count",
          "thresholdRatio": 7.119979555907813,
          "thresholdExceeded": false
        }
      },
      "WATCH-cdiconfigs-count": {
        "value": 1.1111111111111112
      },
      "WATCH-cdis-count": {
        "value": 1.1111111111111112
      },
      "WATCH-clusterrolebindings-count": {
        "value": 1.1111111111111112
      },
      "WATCH-clusterroles-count": {
        "value": 2.2222222222222223
      },
      "WATCH-configmaps-count": {
        "value": 14.444407408032301
      },
      "WATCH-controllerrevisions-count": {
        "value": 1.1111111111111112
      },
      "WATCH-customresourcedefinitions-count": {
        "value": 9.999979424249343
      },
      "WATCH-daemonsets-count": {
        "value": 1.1111111111111112
      },
      "WATCH-datasources-count": {
        "value": 2.2222222222222223
      },
      "WATCH-datavolumes-count": {
        "value": 1.1111111111111112
      },
      "WATCH-deployments-count": {
        "value": 1.1111111111111112
      },
      "WATCH-ingresses-count": {
        "value": 1.1111111111111112
      },
      "WATCH-jobs-count": {
        "value": 2.2222222222222223
      },
      "WATCH-kubevirts-count": {
        "value": 8.888851852476744
      },
      "WATCH-leases-count": {
        "value": 1.1111111111111112
      },
      "WATCH-migrationpolicies-count": {
        "value": 1.1111111111111112
      },
      "WATCH-mutatingwebhookconfigurations-count": {
        "value": 2.2222222222222223
      },
      "WATCH-namespaces-count": {
        "value": 4.444444444444445
      },
      "WATCH-nodes-count": {
        "value": 5.555518519143412
      },
      "WATCH-persistentvolumeclaims-count": {
        "value": 1.1111111111111112
      },
      "WATCH-poddisruptionbudgets-count": {
        "value": 3.3333333333333335
      },
      "WATCH-pods-count": {
        "value": 3.3333333333333335
      },
      "WATCH-prometheusrules-count": {
        "value": 2.2222222222222223
      },
      "WATCH-resourcequotas-count": {
        "value": 1.1111111111111112
      },