{
  "JobDirCreationTime": "2024-08-15T05:25:02.58Z",
  "VMIResult": {
    "Values": {
      "CREATE-events-count": {
        "value": 743.8891918518517
      },
      "CREATE-pods-count": {
        "value": 108.72733333333333
      },
      "DELETE-pods-count": {
        "value": 110.65916666666666
      },
      "GET-leases-count": {
        "value": 188.8888888888889
      },
      "GET-nodes-count": {
        "value": 21.111111111111114
      },
      "LIST-clusterrolebindings-count": {
        "value": 2.2222222222222223
      },
      "LIST-clusterroles-count": {
        "value": 2.2222222222222223
      },
      "LIST-configmaps-count": {
        "value": 12.222222222222223
      },
      "LIST-controllerrevisions-count": {
        "value": 1.1111111111111112
      },
      "LIST-customresourcedefinitions-count": {
        "value": 5.555555555555555
      },
      "LIST-daemonsets-count": {
        "value": 2.2222222222222223
      },
      "LIST-deployments-count": {
        "value": 1.1111111111111112
      },
      "LIST-kubevirts-count": {
        "value": 7.777777777777777
      },
      "LIST-migrationpolicies-count": {
        "value": 1.1111111111111112
      },
      "LIST-mutatingwebhookconfigurations-count": {
        "value": 2.2222222222222223
      },
      "LIST-namespaces-count": {
        "value": 1.1111111111111112
      },
      "LIST-persistentvolumeclaims-count": {
        "value": 1.1111111111111112
      },
      "LIST-poddisruptionbudgets-count": {
        "value": 1.1111111111111112
      },
      "LIST-pods-count": {
        "value": 4.444444444444445
      },
      "LIST-resourcequotas-count": {
        "value": 1.1111111111111112
      },
      "LIST-rolebindings-count": {
        "value": 2.2222222222222223
      },
      "LIST-roles-count": {
        "value": 2.2222222222222223
      },
      "LIST-routes-count": {
        "value": 2.2222222222222223
      },
      "LIST-secrets-count": {
        "value": 2.2222222222222223
      },
      "LIST-securitycontextconstraints-count": {
        "value": 1.1111111111111112
      },
      "LIST-serviceaccounts-count": {
        "value": 1.1111111111111112
      },
      "LIST-servicemonitors-count": {
        "value": 2.2222222222222223
      },
      "LIST-services-count": {
        "value": 3.3333333333333335
      },
      "LIST-validatingwebhookconfigurations-count": {
        "value": 1.1111111111111112
      },
      "LIST-virtualmachineclusterinstancetypes-count": {
        "value": 3.3333333333333335
      },
      "LIST-virtualmachineclusterpreferences-count": {
        "value": 3.3333333333333335
      },
      "LIST-virtualmachineexports-count": {
        "value": 1.1111111111111112
      },
      "LIST-virtualmachineinstancemigrations-count": {
        "value": 1.1111111111111112
      },
      "LIST-virtualmachineinstancepresets-count": {
        "value": 2.2222222222222223
      },
      "LIST-virtualmachineinstancereplicasets-count": {
        "value": 1.1111111111111112
      },
      "LIST-virtualmachineinstances-count": {
        "value": 5.555555555555555
      },
      "LIST-virtualmachineinstancetypes-count": {
        "value": 1.1111111111111112
      },
      "LIST-virtualmachinepreferences-count": {
        "value": 1.1111111111111112
      },
      "LIST-virtualmachinerestores-count": {
        "value": 2.2222222222222223
      },
      "LIST-virtualmachines-count": {
        "value": 1.1111111111111112
      },
      "LIST-virtualmachinesnapshotcontents-count": {
        "value": 1.1111111111111112
      },
      "LIST-virtualmachinesnapshots-count": {
        "value": 1.1111111111111112
      },
      "PATCH-events-count": {
        "value": 88.6524
      },
      "PATCH-nodes-count": {
        "value": 8.88888888888889
      },
      "PATCH-pods-count": {
        "value": 217.53194000000002
      },
      "PATCH-virtualmachineinstances-count": {
        "value": 221.31833333333333
      },
      "UPDATE-leases-count": {
        "value": 300
      },
      "UPDATE-virtualmachineinstances-count": {
        "value": 1033.3914066666666
      },
      "avgVirtAPICPUUsage": {
        "value": 0.047345195025925935
      },
      "avgVirtAPIMemoryUsageInMB": {
        "value": 191.1935546875
      },
      "avgVirtControllerCPUUsage": {
        "value": 0.035026817885185184
      },
      "avgVirtControllerMemoryUsageInMB": {
        "value": 116.196875
      },
      "maxVirtAPIMemoryUsageInMB": {
        "value": 223.3671875
      },
      "maxVirtControllerMemoryUsageInMB": {
        "value": 144.4609375
      },
      "minVirtAPIMemoryUsageInMB": {
        "value": 189.98828125
      },
      "minVirtControllerMemoryUsageInMB": {
        "value": 91.93359375
      },
      "succeeded-phase-count": {
        "value": 12
      },
      "vmiCreationToRunningSecondsP50": {
        "value": 43.846962574749895
      },
      "vmiCreationToRunningSecondsP95": {
        "value": 53.69300522072177
      },
      "vmiCreationToRunningSecondsP99": {
        "value": 58.73860104414436
      },
      "vmiDeletionToFailedSecondsP50": {
        "value": 0
      },
      "vmiDeletionToFailedSecondsP95": {
        "value": 0
      },
      "vmiDeletionToFailedSecondsP99": {
        "value": 0
      },
      "vmiDeletionToSucceededSecondsP50": {
        "value": 0.8554260754569043
      },
      "vmiDeletionToSucceededSecondsP95": {
        "value": 9.98658946369924
      },
      "vmiDeletionToSucceededSecondsP99": {
        "value": 17.981761670630977
      }
    }
  },
  "VMResult": null
}
