{
  "JobDirCreationTime": "2026-07-17T06:36:00.937Z",
  "VMIResult": {
    "Values": {
      "CREATE-events-count": {
        "value": 16026.99222405797
      },
      "CREATE-pods-count": {
        "value": 8012.99536231884
      },
      "DELETE-pods-count": {
        "value": 6451.130961111111
      },
      "GET-leases-count": {
        "value": 1077.8237004431592
      },
      "LIST-virtualmachineclusterinstancetypes-count": {
        "value": 578.813043478261
      },
      "LIST-virtualmachineclusterpreferences-count": {
        "value": 578.813043478261
      },
      "PATCH-nodes-count": {
        "value": 55.55789049581088
      },
      "PATCH-pods-count": {
        "value": 17260.854083168062
      },
      "PATCH-virtualmachineinstances-count": {
        "value": 13797.48006111111,
        "thresholdResult": {
          "thresholdValue": 16025.99072463768,
          "thresholdMetric": "CREATE-pods-count",
          "thresholdRatio": 1.7218879379356493,
          "thresholdExceeded": false
        }
      },
      "UPDATE-leases-count": {
        "value": 1737.449275362319
      },
      "UPDATE-virtualmachineinstances-count": {
        "value": 26863.235823388088,
        "thresholdResult": {
          "thresholdValue": 80129.9536231884,
          "thresholdMetric": "CREATE-pods-count",
          "thresholdRatio": 3.3524586760292685,
          "thresholdExceeded": false
        }
      },
      "WATCH-cdiconfigs-count": {
        "value": 8.081159420289856
      },
      "WATCH-cdis-count": {
        "value": 8.081159420289856
      },
      "WATCH-configmaps-count": {
        "value": 58.58839554926922
      },
      "WATCH-controllerrevisions-count": {
        "value": 8.081159420289856
      },
      "WATCH-customresourcedefinitions-count": {
        "value": 68.55050599873388
      },
      "WATCH-datasources-count": {
        "value": 21.21304347826087
      },
      "WATCH-datavolumes-count": {
        "value": 8.081159420289856
      },
      "WATCH-ingresses-count": {
        "value": 7.071014492753624
      },
      "WATCH-kubevirts-count": {
        "value": 51.44770827642036
      },
      "WATCH-migrationpolicies-count": {
        "value": 9.091304347826087
      },
      "WATCH-namespaces-count": {
        "value": 23.233333333333334
      },
      "WATCH-nodes-count": {
        "value": 16.162307128771438
      },
      "WATCH-persistentvolumeclaims-count": {
        "value": 7.071014492753624
      },
      "WATCH-plugins-count": {
        "value": 9.09129117204178
      },
      "WATCH-poddisruptionbudgets-count": {
        "value": 7.071014492753624
      },
      "WATCH-pods-count": {
        "value": 16.16231884057971
      },
      "WATCH-prometheusrules-count": {
        "value": 16.101361819090457
      },
      "WATCH-resourcequotas-count": {
        "value": 8.081159420289856
      },
      "WATCH-secrets-count": {
        "value": 7.071014492753624
      },
      "WATCH-servicemonitors-count": {
        "value": 14.08107196401799
      },
      "WATCH-services-count": {
        "value": 7.071014492753624
      },
      "WATCH-storageclasses-count": {
        "value": 7.071014492753624
      },
      "WATCH-storageprofiles-count": {
        "value": 8.081159420289856
      },
      "WATCH-virtualmachinebackups-count": {
        "value": 22.223188405797103
      },
      "WATCH-virtualmachinebackuptrackers-count": {
        "value": 15.152162201235207
      },
      "WATCH-virtualmachineclones-count": {
        "value": 8.081159420289856
      },
      "WATCH-virtualmachineclusterinstancetypes-count": {
        "value": 24.173813093453276
      },
      "WATCH-virtualmachineclusterpreferences-count": {
        "value": 23.163668165917045
      },
      "WATCH-virtualmachineexports-count": {
        "value": 8.081159420289856
      },
      "WATCH-virtualmachineinstancemigrations-count": {
        "value": 6.060869565217391
      },
      "WATCH-virtualmachineinstancepresets-count": {
        "value": 14.142028985507247
      },
      "WATCH-virtualmachineinstancereplicasets-count": {
        "value": 8.081159420289856
      },
      "WATCH-virtualmachineinstances-count": {
        "value": 33.33474747327084
      },
      "WATCH-virtualmachineinstancetypes-count": {
        "value": 8.081159420289856
      },
      "WATCH-virtualmachinepools-count": {
        "value": 7.071014492753624
      },
      "WATCH-virtualmachinepreferences-count": {
        "value": 7.071014492753624
      },
      "WATCH-virtualmachinerestores-count": {
        "value": 23.233333333333334
      },
      "WATCH-virtualmachines-count": {
        "value": 8.081159420289856
      },
      "WATCH-virtualmachinesnapshotcontents-count": {
        "value": 8.081159420289856
      },
      "WATCH-virtualmachinesnapshots-count": {
        "value": 8.081159420289856
      },
      "avgVirtAPICPUUsage": {
        "value": 0.029449717507082612
      },
      "avgVirtAPIMemoryUsageInMB": {
        "value": 181.63572535021552
      },
      "avgVirtControllerCPUUsage": {
        "value": 0.2547351302812349
      },
      "avgVirtControllerMemoryUsageInMB": {
        "value": 1267.2125538793105
      },
      "maxVirtAPIMemoryUsageInMB": {
        "value": 182.60546875
      },
      "maxVirtControllerMemoryUsageInMB": {
        "value": 2055.796875
      },
      "minVirtAPIMemoryUsageInMB": {
        "value": 160.203125
      },
      "minVirtControllerMemoryUsageInMB": {
        "value": 516.45703125
      },
      "virtControllerWorkqueueAddRate": {
        "value": 233.08174647154473
      },
      "virtControllerWorkqueueDepth": {
        "value": 0.13276692458361922
      },
      "virtControllerWorkqueueP99Latency": {
        "value": 0.6662690232005576
      },
      "vmiCreationToRunningSecondsP50": {
        "value": 0.4602507192144849,
        "thresholdResult": {
          "thresholdValue": 45,
          "thresholdExceeded": false
        }
      },
      "vmiCreationToRunningSecondsP95": {
        "value": 0.9699610142811881,
        "thresholdResult": {
          "thresholdValue": 60,
          "thresholdExceeded": false
        }
      },
      "vmiCreationToRunningSecondsP99": {
        "value": 1.5832813279778861
      },
      "vmiDeletionToFailedSecondsP50": {
        "value": 0
      },
      "vmiDeletionToFailedSecondsP95": {
        "value": 0
      },
      "vmiDeletionToFailedSecondsP99": {
        "value": 0
      },
      "vmiDeletionToSucceededSecondsP50": {
        "value": 0
      },
      "vmiDeletionToSucceededSecondsP95": {
        "value": 0
      },
      "vmiDeletionToSucceededSecondsP99": {
        "value": 0
      }
    }
  },
  "VMResult": {
    "Values": {
      "CREATE-controllerrevisions-count": {
        "value": 8031.245696011396
      },
      "CREATE-events-count": {
        "value": 31330.479661016947
      },
      "CREATE-pods-count": {
        "value": 8128.813559322033
      },
      "CREATE-virtualmachineinstances-count": {
        "value": 8031.245696011396
      },
      "DELETE-pods-count": {
        "value": 7543.538983050847
      },
      "DELETE-virtualmachineinstances-count": {
        "value": 5519.173676190476
      },
      "GET-leases-count": {
        "value": 1131.4932773109244
      },
      "LIST-configmaps-count": {
        "value": 1.0161016949152541
      },
      "LIST-virtualmachineclusterinstancetypes-count": {
        "value": 642.8255702104034
      },
      "LIST-virtualmachineclusterpreferences-count": {
        "value": 642.8255702104034
      },
      "PATCH-nodes-count": {
        "value": 56.423529411764704
      },
      "PATCH-pods-count": {
        "value": 17574.494915254236
      },
      "PATCH-virtualmachineinstances-count": {
        "value": 15581.09816432607,
        "thresholdResult": {
          "thresholdValue": 16257.627118644066,
          "thresholdMetric": "CREATE-pods-count",
          "thresholdRatio": 1.9167739609992456,