{
  "JobDirCreationTime": "2023-09-30T05:10:07.242Z",
  "VMIResult": {
    "Values": {
      "CREATE-events-count": {
        "value": 577.5385018518518
      },
      "CREATE-pods-count": {
        "value": 113.61416666666666
      },
      "DELETE-pods-count": {
        "value": 86.27778888888888
      },
      "GET-endpoints-count": {
        "value": 484.44444444444446
      },
      "GET-leases-count": {
        "value": 782.2222222222223
      },
      "GET-nodes-count": {
        "value": 13.333333333333334
      },
      "LIST-clusterrolebindings-count": {
        "value": 1.1111111111111112
      },
      "LIST-clusterroles-count": {
        "value": 1.1111111111111112
      },
      "LIST-configmaps-count": {
        "value": 6.666666666666667
      },
      "LIST-controllerrevisions-count": {
        "value": 1.1111111111111112
      },
      "LIST-customresourcedefinitions-count": {
        "value": 6.666666666666666
      },
      "LIST-deployments-count": {
        "value": 1.1111111111111112
      },
      "LIST-jobs-count": {
        "value": 2.2222222222222223
      },
      "LIST-kubevirts-count": {
        "value": 5.555555555555555
      },
      "LIST-mutatingwebhookconfigurations-count": {
        "value": 2.2222222222222223
      },
      "LIST-namespaces-count": {
        "value": 5.555555555555555
      },
      "LIST-persistentvolumeclaims-count": {
        "value": 1.1111111111111112
      },
      "LIST-poddisruptionbudgets-count": {
        "value": 3.3333333333333335
      },
      "LIST-pods-count": {
        "value": 2.2222222222222223
      },
      "LIST-prometheusrules-count": {
        "value": 2.2222222222222223
      },
      "LIST-resourcequotas-count": {
        "value": 1.1111111111111112
      },
      "LIST-rolebindings-count": {
        "value": 1.1111111111111112
      },
      "LIST-roles-count": {
        "value": 2.2222222222222223
      },
      "LIST-routes-count": {
        "value": 3.3333333333333335
      },
      "LIST-secrets-count": {
        "value": 2.2222222222222223
      },
      "LIST-serviceaccounts-count": {
        "value": 2.2222222222222223
      },
      "LIST-servicemonitors-count": {
        "value": 2.2222222222222223
      },
      "LIST-services-count": {
        "value": 1.1111111111111112
      },
      "LIST-validatingwebhookconfigurations-count": {
        "value": 1.1111111111111112
      },
      "LIST-virtualmachineclusterinstancetypes-count": {
        "value": 1.1111111111111112
      },
      "LIST-virtualmachineclusterpreferences-count": {
        "value": 1.1111111111111112
      },
      "LIST-virtualmachineexports-count": {
        "value": 1.1111111111111112
      },
      "LIST-virtualmachineinstances-count": {
        "value": 4.444444444444445
      },
      "LIST-virtualmachinerestores-count": {
        "value": 2.2222222222222223
      },
      "LIST-virtualmachinesnapshots-count": {
        "value": 1.1111111111111112
      },
      "LIST-volumesnapshotclasses-count": {
        "value": 1.1111111111111112
      },
      "LIST-volumesnapshots-count": {
        "value": 1.1111111111111112
      },
      "PATCH-nodes-count": {
        "value": 10.000000000000002
      },
      "PATCH-pods-count": {
        "value": 227.22833333333332
      },
      "PATCH-virtualmachineinstances-count": {
        "value": 204.09667777777776
      },
      "UPDATE-endpoints-count": {
        "value": 297.77777777777777
      },
      "UPDATE-leases-count": {
        "value": 297.77777777777777
      },
      "UPDATE-virtualmachineinstances-count": {
        "value": 1059.0790833333333
      },
      "vmiCreationToRunningSecondsP50": {
        "value": 45.487616988325584
      },
      "vmiCreationToRunningSecondsP95": {
        "value": 57.70781759211142
      },
      "vmiCreationToRunningSecondsP99": {
        "value": 59.54156351842229
      },
      "vmiDeletionToFailedSecondsP50": {
        "value": 0
      },
      "vmiDeletionToFailedSecondsP95": {
        "value": 0
      },
      "vmiDeletionToFailedSecondsP99": {
        "value": 0
      },
      "vmiDeletionToSucceededSecondsP50": {
        "value": 0.7097178646019139
      },
      "vmiDeletionToSucceededSecondsP95": {
        "value": 0.9790282135398087
      },
      "vmiDeletionToSucceededSecondsP99": {
        "value": 1.331439740529027
      }
    }
  },
  "VMResult": null
}
