{
  "JobDirCreationTime": "2022-06-22T05:12:28.211Z",
  "VMIResult": {
    "Values": {
      "CREATE-deployments-count": {
        "value": 1.1111111111111112
      },
      "CREATE-events-count": {
        "value": 485.1337166666666
      },
      "CREATE-poddisruptionbudgets-count": {
        "value": 1.1111111111111112
      },
      "CREATE-pods-count": {
        "value": 104.94416666666669
      },
      "DELETE-pods-count": {
        "value": 91.52264444444445
      },
      "GET-endpoints-count": {
        "value": 460.3258763888889
      },
      "GET-nodes-count": {
        "value": 27.17876785714286
      },
      "LIST-nodes-count": {
        "value": 8.88888888888889
      },
      "PATCH-nodes-count": {
        "value": 9.059589285714285
      },
      "PATCH-pods-count": {
        "value": 107.27305000000003
      },
      "PATCH-services-count": {
        "value": 35.55555555555556
      },
      "PATCH-virtualmachineinstances-count": {
        "value": 197.78153333333336
      },
      "UPDATE-endpoints-count": {
        "value": 282.2356680555556
      },
      "UPDATE-kubevirts-count": {
        "value": 2.2222222222222223
      },
      "UPDATE-virtualmachineinstances-count": {
        "value": 953.9108000000001
      },
      "succeeded-phase-count": {
        "value": 14
      },
      "vmiCreationToRunningSecondsP50": {
        "value": 37.50543059463692
      },
      "vmiCreationToRunningSecondsP95": {
        "value": 49.1763508306846
      },
      "vmiCreationToRunningSecondsP99": {
        "value": 54.952498073533064
      }
    }
  },
  "VMResult": null
}
