{
  "JobDirCreationTime": "2023-06-13T08:45:49.431Z",
  "VMIResult": {
    "Values": {
      "CREATE-deployments-count": {
        "value": 1.0913666666666668
      },
      "CREATE-events-count": {
        "value": 186.89208826004443
      },
      "CREATE-poddisruptionbudgets-count": {
        "value": 1.0913666666666668
      },
      "CREATE-pods-count": {
        "value": 103.80833333333335
      },
      "GET-endpoints-count": {
        "value": 335.7015943719481
      },
      "GET-leases-count": {
        "value": 545.7599165941704
      },
      "GET-nodes-count": {
        "value": 24.431379371703237
      },
      "LIST-nodes-count": {
        "value": 9.822300000000002
      },
      "PATCH-nodes-count": {
        "value": 5.76408796929306
      },
      "PATCH-pods-count": {
        "value": 210.86941666666667
      },
      "PATCH-services-count": {
        "value": 39.28920000000001
      },
      "PATCH-virtualmachineinstances-count": {
        "value": 104.74444444444447,
        "thresholdResult": {
          "thresholdValue": 207.6166666666667,
          "thresholdMetric": "CREATE-pods-count",
          "thresholdRatio": 1.009017687511707,
          "thresholdExceeded": false
        }
      },
      "UPDATE-endpoints-count": {
        "value": 210.05832222222224
      },
      "UPDATE-kubevirts-count": {
        "value": 2.1827333333333336
      },
      "UPDATE-leases-count": {
        "value": 210.05832222222224
      },
      "UPDATE-virtualmachineinstances-count": {
        "value": 645.6165639528965,
        "thresholdResult": {
          "thresholdValue": 1038.0833333333335,
          "thresholdMetric": "CREATE-pods-count",
          "thresholdRatio": 6.219313452223454,
          "thresholdExceeded": false
        }
      },
      "none-none-count": {
        "value": 2.240969443194507
      },
      "vmiCreationToRunningSecondsP50": {
        "value": 21.29621491064471,
        "thresholdResult": {
          "thresholdValue": 45,
          "thresholdExceeded": false
        }
      },
      "vmiCreationToRunningSecondsP95": {
        "value": 29.12962149106447,
        "thresholdResult": {
          "thresholdValue": 60,
          "thresholdExceeded": false
        }
      },
      "vmiCreationToRunningSecondsP99": {
        "value": 29.825924298212893
      },
      "vmiDeletionToFailedSecondsP50": {
        "value": 0
      },
      "vmiDeletionToFailedSecondsP95": {
        "value": 0
      },
      "vmiDeletionToFailedSecondsP99": {
        "value": 0
      },
      "vmiDeletionToSucceededSecondsP50": {
        "value": 0
      },
      "vmiDeletionToSucceededSecondsP95": {
        "value": 0
      },
      "vmiDeletionToSucceededSecondsP99": {
        "value": 0
      }
    }
  },
  "VMResult": {
    "Values": {
      "CREATE-events-count": {
        "value": 363.3322140249343
      },
      "CREATE-pods-count": {
        "value": 111.11111111111111
      },
      "GET-endpoints-count": {
        "value": 479.99388909258585
      },
      "GET-leases-count": {
        "value": 776.6605557592525
      },
      "GET-nodes-count": {
        "value": 14.444345681938643
      },
      "LIST-cdiconfigs-count": {
        "value": 1.1111111111111112
      },
      "LIST-cdis-count": {
        "value": 1.1111111111111112
      },
      "LIST-clusterrolebindings-count": {
        "value": 1.111074075308601
      },
      "LIST-clusterroles-count": {
        "value": 1.111074075308601
      },
      "LIST-configmaps-count": {
        "value": 15.555448563115268
      },
      "LIST-controllerrevisions-count": {
        "value": 1.1111111111111112
      },
      "LIST-customresourcedefinitions-count": {
        "value": 6.666592595061647
      },
      "LIST-daemonsets-count": {
        "value": 2.222185186419712
      },
      "LIST-datavolumes-count": {
        "value": 1.1111111111111112
      },
      "LIST-deployments-count": {
        "value": 1.111074075308601
      },
      "LIST-jobs-count": {
        "value": 2.222185186419712
      },
      "LIST-kubevirts-count": {
        "value": 7.777740741975267
      },
      "LIST-migrationpolicies-count": {
        "value": 1.1111111111111112
      },
      "LIST-namespaces-count": {
        "value": 2.222185186419712
      },
      "LIST-nodes-count": {
        "value": 1.1111111111111112
      },
      "LIST-persistentvolumeclaims-count": {
        "value": 1.1111111111111112
      },
      "LIST-poddisruptionbudgets-count": {
        "value": 1.111074075308601
      },
      "LIST-pods-count": {
        "value": 4.4444074086419345
      },
      "LIST-prometheusrules-count": {
        "value": 1.111074075308601
      },
      "LIST-resourcequotas-count": {
        "value": 1.1111111111111112
      },
      "LIST-roles-count": {
        "value": 2.222185186419712
      },
      "LIST-secrets-count": {
        "value": 2.2222222222222223
      },
      "LIST-servicemonitors-count": {
        "value": 1.111074075308601
      },
      "LIST-services-count": {
        "value": 2.222185186419712
      },
      "LIST-storageclasses-count": {
        "value": 1.1111111111111112
      },
      "LIST-validatingwebhookconfigurations-count": {
        "value": 1.111074075308601
      },
      "LIST-virtualmachineclusterinstancetypes-count": {
        "value": 1.1111111111111112
      },
      "LIST-virtualmachineclusterpreferences-count": {
        "value": 1.1111111111111112
      },
      "LIST-virtualmachineexports-count": {
        "value": 1.1111111111111112
      },
      "LIST-virtualmachineinstancepresets-count": {
        "value": 2.2222222222222223
      },
      "LIST-virtualmachineinstancereplicasets-count": {
        "value": 1.1111111111111112
      },
      "LIST-virtualmachineinstances-count": {
        "value": 7.7777119361072415
      },
      "LIST-virtualmachineinstancetypes-count": {
        "value": 1.1111111111111112
      },
      "LIST-virtualmachinepools-count": {
        "value": 1.1111111111111112
      },
      "LIST-virtualmachinepreferences-count": {
        "value": 1.1111111111111112
      },
      "LIST-virtualmachinerestores-count": {
        "value": 2.2222222222222223
      },
      "LIST-virtualmachines-count": {
        "value": 1.1111111111111112
      },
      "LIST-virtualmachinesnapshotcontents-count": {
        "value": 1.1111111111111112
      },
      "LIST-virtualmachinesnapshots-count": {
        "value": 1.1111111111111112
      },
      "PATCH-nodes-count": {
        "value": 9.999934158329465
      },
      "PATCH-pods-count": {
        "value": 237.77777777777777
      },
      "PATCH-virtualmachineinstances-count": {
        "value": 111.11111111111111,
        "thresholdResult": {
          "thresholdValue": 222.22222222222223,
          "thresholdMetric": "CREATE-pods-count",
          "thresholdRatio": 1,
          "thresholdExceeded": false
        }
      },
      "UPDATE-endpoints-count": {
        "value": 296.66666666666663
      },
      "UPDATE-leases-count": {
        "value": 296.66666666666663
      },
      "UPDATE-virtualmachineinstances-count": {
        "value": 814.4424362734932,
        "thresholdResult": {
          "thresholdValue": 1111.111111111111,
          "thresholdMetric": "CREATE-pods-count",
          "thresholdRatio": 7.329981926461438,
          "thresholdExceeded": false
        }
      },
      "UPDATE-virtualmachines-count": {
        "value": 412.3519999999999
      },
      "vmiCreationToRunningSecondsP50": {
        "value": 20.566037735849058,
        "thresholdResult": {
          "thresholdValue": 45,
          "thresholdExceeded": false
        }
      },
      "vmiCreationToRunningSecondsP95": {
        "value": 29.056603773584904,
        "thresholdResult": {
          "thresholdValue": 60,
          "thresholdExceeded": false
        }
      },
      "vmiCreationToRunningSecondsP99": {
        "value": 29.81132075471698
      },