{
  "JobDirCreationTime": "2026-05-18T19:31:46.019Z",
  "VMIResult": {
    "Values": {
      "CREATE-events-count": {
        "value": 155.38667740491127
      },
      "CREATE-pods-count": {
        "value": 134.13446433134465
      },
      "GET-leases-count": {
        "value": 118.00350222222221
      },
      "GET-mutatingwebhookconfigurations-count": {
        "value": 33.716107815034555
      },
      "LIST-nodes-count": {
        "value": 33.716107815034555
      },
      "LIST-virtualmachineclusterinstancetypes-count": {
        "value": 32.13277448170122
      },
      "LIST-virtualmachineclusterpreferences-count": {
        "value": 32.13277448170122
      },
      "PATCH-nodes-count": {
        "value": 13.080053786616302
      },
      "PATCH-pods-count": {
        "value": 205.69573042695728
      },
      "PATCH-services-count": {
        "value": 134.86443126013822
      },
      "PATCH-validatingadmissionpolicies-count": {
        "value": 33.716107815034555
      },
      "PATCH-validatingadmissionpolicybindings-count": {
        "value": 33.716107815034555
      },
      "PATCH-virtualmachineinstances-count": {
        "value": 9.981952707093937,
        "thresholdResult": {
          "thresholdValue": 268.2689286626893,
          "thresholdMetric": "CREATE-pods-count",
          "thresholdRatio": 0.07441750900377173,
          "thresholdExceeded": true
        }
      },
      "UPDATE-configmaps-count": {
        "value": 33.716107815034555
      },
      "UPDATE-kubevirts-count": {
        "value": 1.087616381130147
      },
      "UPDATE-leases-count": {
        "value": 195.2965796353932
      },
      "UPDATE-virtualmachineinstances-count": {
        "value": 625.1329433890025,
        "thresholdResult": {
          "thresholdValue": 1341.3446433134463,
          "thresholdMetric": "CREATE-pods-count",
          "thresholdRatio": 4.660494575389459,
          "thresholdExceeded": false
        }
      },
      "avgVirtAPICPUUsage": {
        "value": 0.01269751547522963
      },
      "avgVirtAPIMemoryUsageInMB": {
        "value": 149.14990234375
      },
      "avgVirtControllerCPUUsage": {
        "value": 0.03004821564387059
      },
      "avgVirtControllerMemoryUsageInMB": {
        "value": 58.2080078125
      },
      "avgVirtHandlerCPUUsage": {
        "value": 0.0011144210973699042
      },
      "avgVirtHandlerMemoryUsageInMB": {
        "value": 11.403573866454725
      },
      "maxVirtAPIMemoryUsageInMB": {
        "value": 165.1640625
      },
      "maxVirtControllerMemoryUsageInMB": {
        "value": 90.5
      },
      "maxVirtHandlerCPUUsage": {
        "value": 0.001261523569162451
      },
      "maxVirtHandlerMemoryUsageInMB": {
        "value": 32.00068080357143
      },
      "minVirtAPIMemoryUsageInMB": {
        "value": 142.37890625
      },
      "minVirtControllerMemoryUsageInMB": {
        "value": 36.55078125
      },
      "minVirtHandlerCPUUsage": {
        "value": 0.0010251059869999999
      },
      "minVirtHandlerMemoryUsageInMB": {
        "value": 3.583449074074074
      },
      "running-phase-count": {
        "value": 101
      },
      "virtControllerWorkqueueAddRate": {
        "value": 17.637848649265912
      },
      "virtControllerWorkqueueDepth": {
        "value": 0
      },
      "virtControllerWorkqueueP99Latency": {
        "value": 0.0703753404948727
      },
      "vmiCreationToRunningSecondsP50": {
        "value": 15.477147278044498,
        "thresholdResult": {
          "thresholdValue": 45,
          "thresholdExceeded": false
        }
      },
      "vmiCreationToRunningSecondsP95": {
        "value": 24.26052758752852,
        "thresholdResult": {
          "thresholdValue": 60,
          "thresholdExceeded": false
        }
      },
      "vmiCreationToRunningSecondsP99": {
        "value": 28.8521055175057
      },
      "vmiDeletionToFailedSecondsP50": {
        "value": 0
      },
      "vmiDeletionToFailedSecondsP95": {
        "value": 0
      },
      "vmiDeletionToFailedSecondsP99": {
        "value": 0
      },
      "vmiDeletionToSucceededSecondsP50": {
        "value": 0
      },
      "vmiDeletionToSucceededSecondsP95": {
        "value": 0
      },
      "vmiDeletionToSucceededSecondsP99": {
        "value": 0
      }
    }
  },
  "VMResult": {
    "Values": {
      "CREATE-controllerrevisions-count": {
        "value": 89.97541912475418
      },
      "CREATE-events-count": {
        "value": 841.1036791774999
      },
      "CREATE-pods-count": {
        "value": 111.10864203017712
      },
      "CREATE-virtualmachineinstances-count": {
        "value": 89.97541912475418
      },
      "DELETE-pods-count": {
        "value": 19.18122125191654
      },
      "GET-leases-count": {
        "value": 190
      },
      "GET-mutatingwebhookconfigurations-count": {
        "value": 50
      },
      "LIST-configmaps-count": {
        "value": 1.1110864203017712
      },
      "LIST-nodes-count": {
        "value": 50
      },
      "LIST-virtualmachineclusterinstancetypes-count": {
        "value": 50
      },
      "LIST-virtualmachineclusterpreferences-count": {
        "value": 50
      },
      "PATCH-events-count": {
        "value": 19.181221251916536
      },
      "PATCH-nodes-count": {
        "value": 20
      },
      "PATCH-pods-count": {
        "value": 222.21728406035425
      },
      "PATCH-services-count": {
        "value": 200
      },
      "PATCH-validatingadmissionpolicies-count": {
        "value": 50
      },
      "PATCH-validatingadmissionpolicybindings-count": {
        "value": 50
      },
      "PATCH-virtualmachineinstances-count": {
        "value": 218.88402479944892,
        "thresholdResult": {
          "thresholdValue": 222.21728406035425,
          "thresholdMetric": "CREATE-pods-count",
          "thresholdRatio": 1.97,
          "thresholdExceeded": false
        }
      },
      "PATCH-virtualmachines-count": {
        "value": 89.97541912475418
      },
      "UPDATE-configmaps-count": {
        "value": 50
      },
      "UPDATE-leases-count": {
        "value": 299.9966667407391
      },
      "UPDATE-virtualmachineinstances-count": {
        "value": 944.43264223758,
        "thresholdResult": {
          "thresholdValue": 1111.0864203017713,
          "thresholdMetric": "CREATE-pods-count",
          "thresholdRatio": 8.500082666666666,
          "thresholdExceeded": false
        }
      },
      "UPDATE-virtualmachines-count": {
        "value": 1162.1804486218045
      },
      "WATCH-cdis-count": {
        "value": 1.1110864203017712
      },
      "WATCH-clusterrolebindings-count": {
        "value": 1.1111111111111112
      },
      "WATCH-clusterroles-count": {
        "value": 1.1111111111111112
      },
      "WATCH-configmaps-count": {
        "value": 15.555415640816886
      },
      "WATCH-controllerrevisions-count": {
        "value": 1.1110864203017712
      },
      "WATCH-customresourcedefinitions-count": {
        "value": 11.111065844551117
      },
      "WATCH-daemonsets-count": {
        "value": 2.2222222222222223
      },
      "WATCH-datasources-count": {
        "value": 3.3332880667733384
      },
      "WATCH-datavolumes-count": {
        "value": 1.1110864203017712
      },
      "WATCH-deployments-count": {
        "value": 2.2222222222222223
      },
      "WATCH-ingresses-count": {
        "value": 1.1110864203017712
      },
      "WATCH-jobs-count": {
        "value": 1.1111111111111112
      },
      "WATCH-kubevirts-count": {
        "value": 7.777732511217783
      },
      "WATCH-leases-count": {
        "value": 2.2222222222222223
      },
      "WATCH-mutatingwebhookconfigurations-count": {
        "value": 1.1111111111111112
      },
      "WATCH-namespaces-count": {
        "value": 4.44439917788445
      },
      "WATCH-nodes-count": {
        "value": 5.555530864746215
      },