{
  "JobDirCreationTime": "2024-07-26T16:18:37.99Z",
  "VMIResult": {
    "Values": {
      "CREATE-deployments-count": {
        "value": 1.232127777777778
      },
      "CREATE-events-count": {
        "value": 122.71785000000001
      },
      "CREATE-poddisruptionbudgets-count": {
        "value": 1.232127777777778
      },
      "CREATE-pods-count": {
        "value": 112.97999999999999
      },
      "DELETE-virtualmachineclusterinstancetypes-count": {
        "value": 1.348191666666667
      },
      "DELETE-virtualmachineclusterpreferences-count": {
        "value": 1.348191666666667
      },
      "GET-leases-count": {
        "value": 128.65349333333333
      },
      "GET-nodes-count": {
        "value": 31.30232
      },
      "LIST-configmaps-count": {
        "value": 1.1850222222222222
      },
      "LIST-nodes-count": {
        "value": 11.089150000000002
      },
      "LIST-roles-count": {
        "value": 1.1850222222222222
      },
      "LIST-services-count": {
        "value": 1.1850222222222222
      },
      "LIST-virtualmachineclusterinstancetypes-count": {
        "value": 1.348191666666667
      },
      "LIST-virtualmachineclusterpreferences-count": {
        "value": 1.348191666666667
      },
      "PATCH-nodes-count": {
        "value": 6.003706666666667
      },
      "PATCH-pods-count": {
        "value": 225.95999999999998
      },
      "PATCH-services-count": {
        "value": 44.35660000000001
      },
      "PATCH-virtualmachineinstances-count": {
        "value": 74.90679999999999,
        "thresholdResult": {
          "thresholdValue": 225.95999999999998,
          "thresholdMetric": "CREATE-pods-count",
          "thresholdRatio": 0.6630093821915383,
          "thresholdExceeded": false
        }
      },
      "UPDATE-kubevirts-count": {
        "value": 2.464255555555556
      },
      "UPDATE-leases-count": {
        "value": 205.99047222222225
      },
      "UPDATE-virtualmachineinstances-count": {
        "value": 683.83865,
        "thresholdResult": {
          "thresholdValue": 1129.8,
          "thresholdMetric": "CREATE-pods-count",
          "thresholdRatio": 6.052740750575324,
          "thresholdExceeded": false
        }
      },
      "avgVirtAPICPUUsage": {
        "value": 0.014995198628208334
      },
      "avgVirtAPIMemoryUsageInMB": {
        "value": 129.77690972222223
      },
      "avgVirtControllerCPUUsage": {
        "value": 0.010569329037333335
      },
      "avgVirtControllerMemoryUsageInMB": {
        "value": 57.31005859375
      },
      "maxVirtAPIMemoryUsageInMB": {
        "value": 157.05078125
      },
      "maxVirtControllerMemoryUsageInMB": {
        "value": 87.84765625
      },
      "minVirtAPIMemoryUsageInMB": {
        "value": 0.0234375
      },
      "minVirtControllerMemoryUsageInMB": {
        "value": 0.015625
      },
      "none-none-count": {
        "value": 1.1432333333333333
      },
      "running-phase-count": {
        "value": 67
      },
      "scheduled-phase-count": {
        "value": 34
      },
      "vmiCreationToRunningSecondsP50": {
        "value": 15,
        "thresholdResult": {
          "thresholdValue": 45,
          "thresholdExceeded": false
        }
      },
      "vmiCreationToRunningSecondsP95": {
        "value": 19.5,
        "thresholdResult": {
          "thresholdValue": 60,
          "thresholdExceeded": false
        }
      },
      "vmiCreationToRunningSecondsP99": {
        "value": 19.9
      },
      "vmiDeletionToFailedSecondsP50": {
        "value": 0
      },
      "vmiDeletionToFailedSecondsP95": {
        "value": 0
      },
      "vmiDeletionToFailedSecondsP99": {
        "value": 0
      },
      "vmiDeletionToSucceededSecondsP50": {
        "value": 0
      },
      "vmiDeletionToSucceededSecondsP95": {
        "value": 0
      },
      "vmiDeletionToSucceededSecondsP99": {
        "value": 0
      }
    }
  },
  "VMResult": {
    "Values": {
      "CREATE-events-count": {
        "value": 748.8876049572928
      },
      "CREATE-pods-count": {
        "value": 111.11111111111111
      },
      "GET-leases-count": {
        "value": 189.99929218631303
      },
      "GET-nodes-count": {
        "value": 23.33325103002589
      },
      "LIST-cdiconfigs-count": {
        "value": 1.1111111111111112
      },
      "LIST-cdis-count": {
        "value": 1.1111111111111112
      },
      "LIST-clusterrolebindings-count": {
        "value": 2.2222139918305133
      },
      "LIST-clusterroles-count": {
        "value": 1.111102880719402
      },
      "LIST-configmaps-count": {
        "value": 12.222123459960258
      },
      "LIST-controllerrevisions-count": {
        "value": 1.1111111111111112
      },
      "LIST-customresourcedefinitions-count": {
        "value": 12.222148150038041
      },
      "LIST-daemonsets-count": {
        "value": 2.2222139918305133
      },
      "LIST-datasources-count": {
        "value": 2.2221810714829493
      },
      "LIST-datavolumes-count": {
        "value": 1.1111111111111112
      },
      "LIST-deployments-count": {
        "value": 2.2222139918305133
      },
      "LIST-ingresses-count": {
        "value": 1.1111111111111112
      },
      "LIST-kubevirts-count": {
        "value": 7.777720166377016
      },
      "LIST-mutatingwebhookconfigurations-count": {
        "value": 2.2222139918305133
      },
      "LIST-namespaces-count": {
        "value": 4.444395063313463
      },
      "LIST-nodes-count": {
        "value": 1.1111111111111112
      },
      "LIST-poddisruptionbudgets-count": {
        "value": 1.1111111111111112
      },
      "LIST-pods-count": {
        "value": 2.2222222222222223
      },
      "LIST-resourcequotas-count": {
        "value": 1.1111111111111112
      },
      "LIST-rolebindings-count": {
        "value": 2.2222139918305133
      },
      "LIST-roles-count": {
        "value": 2.2222139918305133
      },
      "LIST-secrets-count": {
        "value": 2.2222222222222223
      },
      "LIST-serviceaccounts-count": {
        "value": 2.2222139918305133
      },
      "LIST-services-count": {
        "value": 2.2222222222222223
      },
      "LIST-storageclasses-count": {
        "value": 1.1111111111111112
      },
      "LIST-storageprofiles-count": {
        "value": 1.1111111111111112
      },
      "LIST-virtualmachineclones-count": {
        "value": 1.1111111111111112
      },
      "LIST-virtualmachineclusterinstancetypes-count": {
        "value": 1.1111111111111112
      },
      "LIST-virtualmachineclusterpreferences-count": {
        "value": 1.1111111111111112
      },
      "LIST-virtualmachineinstancemigrations-count": {
        "value": 1.1111111111111112
      },
      "LIST-virtualmachineinstancepresets-count": {
        "value": 2.2221810714829493
      },
      "LIST-virtualmachineinstancereplicasets-count": {
        "value": 1.1111111111111112
      },
      "LIST-virtualmachineinstances-count": {
        "value": 9.999967078677024
      },
      "LIST-virtualmachineinstancetypes-count": {
        "value": 1.1111111111111112
      },
      "LIST-virtualmachinepools-count": {
        "value": 1.1111111111111112
      },
      "LIST-virtualmachinepreferences-count": {
        "value": 1.1111111111111112
      },
      "LIST-virtualmachinerestores-count": {
        "value": 3.3332921825940605
      },
      "LIST-virtualmachines-count": {
        "value": 1.1111111111111112
      },
      "LIST-virtualmachinesnapshotcontents-count": {
        "value": 1.1111111111111112
      },
      "LIST-virtualmachinesnapshots-count": {
        "value": 1.1111111111111112
      },
      "PATCH-nodes-count": {
        "value": 9.999967078677024
      },
      "PATCH-pods-count": {
        "value": 280
      },
      "PATCH-virtualmachineinstances-count": {
        "value": 181.11111111111111,
        "thresholdResult": {
          "thresholdValue": 222.22222222222223,
          "thresholdMetric": "CREATE-pods-count",