{
  "JobDirCreationTime": "2026-05-20T01:02:36.319Z",
  "VMIResult": {
    "Values": {
      "CREATE-events-count": {
        "value": 15488.751225799944
      },
      "CREATE-pods-count": {
        "value": 8066.491166356329
      },
      "DELETE-pods-count": {
        "value": 6823.794366666667
      },
      "GET-leases-count": {
        "value": 2177.570554722639
      },
      "GET-mutatingwebhookconfigurations-count": {
        "value": 588.0695652173913
      },
      "LIST-virtualmachineclusterinstancetypes-count": {
        "value": 588.0695652173913
      },
      "LIST-virtualmachineclusterpreferences-count": {
        "value": 588.0695652173913
      },
      "PATCH-nodes-count": {
        "value": 56.77913043478261
      },
      "PATCH-pods-count": {
        "value": 18037.43824797275
      },
      "PATCH-services-count": {
        "value": 2352.278260869565
      },
      "PATCH-validatingadmissionpolicies-count": {
        "value": 588.0695652173913
      },
      "PATCH-validatingadmissionpolicybindings-count": {
        "value": 588.0695652173913
      },
      "PATCH-virtualmachineinstances-count": {
        "value": 15235.09451111111,
        "thresholdResult": {
          "thresholdValue": 16132.982332712658,
          "thresholdMetric": "CREATE-pods-count",
          "thresholdRatio": 1.8886891706586808,
          "thresholdExceeded": false
        }
      },
      "UPDATE-configmaps-count": {
        "value": 588.0695652173913
      },
      "UPDATE-leases-count": {
        "value": 3487.864913471255
      },
      "UPDATE-virtualmachineinstances-count": {
        "value": 26978.142684905437,
        "thresholdResult": {
          "thresholdValue": 80664.91166356328,
          "thresholdMetric": "CREATE-pods-count",
          "thresholdRatio": 3.344470616595442,
          "thresholdExceeded": false
        }
      },
      "WATCH-cdiconfigs-count": {
        "value": 8.111323156691377
      },
      "WATCH-cdis-count": {
        "value": 7.097407762104955
      },
      "WATCH-clusterrolebindings-count": {
        "value": 14.13359820089955
      },
      "WATCH-clusterroles-count": {
        "value": 17.166596701649176
      },
      "WATCH-configmaps-count": {
        "value": 110.17568061009723
      },
      "WATCH-controllerrevisions-count": {
        "value": 8.111323156691377
      },
      "WATCH-customresourcedefinitions-count": {
        "value": 65.7208049947654
      },
      "WATCH-daemonsets-count": {
        "value": 16.152683658170915
      },
      "WATCH-datasources-count": {
        "value": 25.269171429910628
      },
      "WATCH-datavolumes-count": {
        "value": 7.097407762104955
      },
      "WATCH-deployments-count": {
        "value": 16.143943028485758
      },
      "WATCH-ingresses-count": {
        "value": 8.111323156691377
      },
      "WATCH-jobs-count": {
        "value": 15.14751124437781
      },
      "WATCH-kubevirts-count": {
        "value": 55.61664091441256
      },
      "WATCH-leases-count": {
        "value": 15.138770614692653
      },
      "WATCH-migrationpolicies-count": {
        "value": 7.097407762104955
      },
      "WATCH-mutatingwebhookconfigurations-count": {
        "value": 14.13359820089955
      },
      "WATCH-namespaces-count": {
        "value": 39.42025262323489
      },
      "WATCH-nodes-count": {
        "value": 16.222625153409304
      },
      "WATCH-persistentvolumeclaims-count": {
        "value": 7.097407762104955
      },
      "WATCH-poddisruptionbudgets-count": {
        "value": 23.250093771384034
      },
      "WATCH-pods-count": {
        "value": 32.37532997155367
      },
      "WATCH-prometheusrules-count": {
        "value": 17.15785607196402
      },
      "WATCH-resourcequotas-count": {
        "value": 8.111323156691377
      },
      "WATCH-rolebindings-count": {
        "value": 16.152683658170915
      },
      "WATCH-roles-count": {
        "value": 15.14751124437781
      },
      "WATCH-secrets-count": {
        "value": 22.23617837679761
      },
      "WATCH-serviceaccounts-count": {
        "value": 16.152683658170915
      },
      "WATCH-servicemonitors-count": {
        "value": 15.138770614692653
      },
      "WATCH-services-count": {
        "value": 25.27792220944871
      },
      "WATCH-storageclasses-count": {
        "value": 6.083492367518533
      },
      "WATCH-storageprofiles-count": {
        "value": 8.111323156691377
      },
      "WATCH-validatingadmissionpolicies-count": {
        "value": 16.16142428785607
      },
      "WATCH-validatingadmissionpolicybindings-count": {
        "value": 15.138770614692653
      },
      "WATCH-validatingwebhookconfigurations-count": {
        "value": 16.152683658170915
      },
      "WATCH-virtualmachinebackups-count": {
        "value": 24.263999882644722
      },
      "WATCH-virtualmachinebackuptrackers-count": {
        "value": 15.208714461039204
      },
      "WATCH-virtualmachineclones-count": {
        "value": 7.097407762104955
      },
      "WATCH-virtualmachineclusterinstancetypes-count": {
        "value": 22.23617837679761
      },
      "WATCH-virtualmachineclusterpreferences-count": {
        "value": 23.250093771384034
      },
      "WATCH-virtualmachineexports-count": {
        "value": 9.1252385512778
      },
      "WATCH-virtualmachineinstancemigrations-count": {
        "value": 8.111323156691377
      },
      "WATCH-virtualmachineinstancepresets-count": {
        "value": 15.138763682475087
      },
      "WATCH-virtualmachineinstancereplicasets-count": {
        "value": 8.111323156691377
      },
      "WATCH-virtualmachineinstances-count": {
        "value": 32.44523620016964
      },
      "WATCH-virtualmachineinstancetypes-count": {
        "value": 8.111323156691377
      },
      "WATCH-virtualmachinepools-count": {
        "value": 8.111323156691377
      },
      "WATCH-virtualmachinepreferences-count": {
        "value": 6.083492367518533
      },
      "WATCH-virtualmachinerestores-count": {
        "value": 25.27791527723115
      },
      "WATCH-virtualmachines-count": {
        "value": 7.097407762104955
      },
      "WATCH-virtualmachinesnapshotcontents-count": {
        "value": 9.1252385512778
      },
      "WATCH-virtualmachinesnapshots-count": {
        "value": 7.097407762104955
      },
      "avgVirtAPICPUUsage": {
        "value": 0.02944956350574713
      },
      "avgVirtAPIMemoryUsageInMB": {
        "value": 176.3994724893162
      },
      "avgVirtControllerCPUUsage": {
        "value": 0.2805933554597701
      },
      "avgVirtControllerMemoryUsageInMB": {
        "value": 1387.4548277243591
      },
      "maxVirtAPIMemoryUsageInMB": {
        "value": 178.607421875
      },
      "maxVirtControllerMemoryUsageInMB": {
        "value": 2218.375
      },
      "minVirtAPIMemoryUsageInMB": {
        "value": 162.41015625
      },
      "minVirtControllerMemoryUsageInMB": {
        "value": 471.3203125
      },
      "virtControllerWorkqueueAddRate": {
        "value": 232.166620297147
      },
      "virtControllerWorkqueueDepth": {
        "value": 0.0665783456385015
      },
      "virtControllerWorkqueueP99Latency": {
        "value": 0.5209648226575535
      },
      "vmiCreationToRunningSecondsP50": {
        "value": 0.635071157851432,
        "thresholdResult": {
          "thresholdValue": 45,
          "thresholdExceeded": false
        }
      },
      "vmiCreationToRunningSecondsP95": {
        "value": 1.6903640913282847,
        "thresholdResult": {
          "thresholdValue": 60,
          "thresholdExceeded": false
        }
      },
      "vmiCreationToRunningSecondsP99": {
        "value": 1.938072818265657
      },
      "vmiDeletionToFailedSecondsP50": {
        "value": 0
      },
      "vmiDeletionToFailedSecondsP95": {
        "value": 0
      },
      "vmiDeletionToFailedSecondsP99": {
        "value": 0
      },