{
  "JobDirCreationTime": "2024-12-27T05:04:17.796Z",
  "VMIResult": {
    "Values": {
      "CREATE-events-count": {
        "value": 795.5235962962965
      },
      "CREATE-pods-count": {
        "value": 116.42733333333332
      },
      "DELETE-pods-count": {
        "value": 120.28416666666668
      },
      "GET-leases-count": {
        "value": 190
      },
      "GET-nodes-count": {
        "value": 23.333333333333336
      },
      "PATCH-nodes-count": {
        "value": 10
      },
      "PATCH-pods-count": {
        "value": 349.4362733333333
      },
      "PATCH-virtualmachineinstances-count": {
        "value": 240.56833333333336
      },
      "UPDATE-leases-count": {
        "value": 298.8888888888889
      },
      "UPDATE-virtualmachineinstances-count": {
        "value": 986.5318333333335
      },
      "WATCH-clusterrolebindings-count": {
        "value": 2.2222222222222223
      },
      "WATCH-clusterroles-count": {
        "value": 2.2222222222222223
      },
      "WATCH-configmaps-count": {
        "value": 6.666666666666667
      },
      "WATCH-controllerrevisions-count": {
        "value": 1.1111111111111112
      },
      "WATCH-customresourcedefinitions-count": {
        "value": 4.444444444444445
      },
      "WATCH-daemonsets-count": {
        "value": 1.1111111111111112
      },
      "WATCH-deployments-count": {
        "value": 1.1111111111111112
      },
      "WATCH-ingresses-count": {
        "value": 1.1111111111111112
      },
      "WATCH-kubevirts-count": {
        "value": 3.3333333333333335
      },
      "WATCH-mutatingwebhookconfigurations-count": {
        "value": 2.2222222222222223
      },
      "WATCH-namespaces-count": {
        "value": 2.2222222222222223
      },
      "WATCH-nodes-count": {
        "value": 1.1111111111111112
      },
      "WATCH-poddisruptionbudgets-count": {
        "value": 1.1111111111111112
      },
      "WATCH-pods-count": {
        "value": 4.444444444444445
      },
      "WATCH-prometheusrules-count": {
        "value": 1.1111111111111112
      },
      "WATCH-resourcequotas-count": {
        "value": 1.1111111111111112
      },
      "WATCH-rolebindings-count": {
        "value": 2.2222222222222223
      },
      "WATCH-roles-count": {
        "value": 1.1111111111111112
      },
      "WATCH-secrets-count": {
        "value": 2.2222222222222223
      },
      "WATCH-securitycontextconstraints-count": {
        "value": 1.1111111111111112
      },
      "WATCH-serviceaccounts-count": {
        "value": 1.1111111111111112
      },
      "WATCH-servicemonitors-count": {
        "value": 1.1111111111111112
      },
      "WATCH-services-count": {
        "value": 3.3333333333333335
      },
      "WATCH-validatingwebhookconfigurations-count": {
        "value": 1.1111111111111112
      },
      "WATCH-virtualmachineclusterpreferences-count": {
        "value": 2.2222222222222223
      },
      "WATCH-virtualmachineexports-count": {
        "value": 1.1111111111111112
      },
      "WATCH-virtualmachineinstancemigrations-count": {
        "value": 1.1111111111111112
      },
      "WATCH-virtualmachineinstancepresets-count": {
        "value": 2.2222222222222223
      },
      "WATCH-virtualmachineinstancereplicasets-count": {
        "value": 1.1111111111111112
      },
      "WATCH-virtualmachineinstances-count": {
        "value": 3.3333333333333335
      },
      "WATCH-virtualmachineinstancetypes-count": {
        "value": 1.1111111111111112
      },
      "WATCH-virtualmachinepools-count": {
        "value": 1.1111111111111112
      },
      "WATCH-virtualmachinerestores-count": {
        "value": 3.3333333333333335
      },
      "WATCH-virtualmachinesnapshots-count": {
        "value": 1.1111111111111112
      },
      "WATCH-volumesnapshotclasses-count": {
        "value": 1.1111111111111112
      },
      "avgVirtAPICPUUsage": {
        "value": 0.02411273349074074
      },
      "avgVirtAPIMemoryUsageInMB": {
        "value": 184.38828125
      },
      "avgVirtControllerCPUUsage": {
        "value": 0.03560393997407408
      },
      "avgVirtControllerMemoryUsageInMB": {
        "value": 104.817578125
      },
      "avgVirtHandlerMemoryUsageInMB": {
        "value": 38.86710610085106
      },
      "maxVirtAPIMemoryUsageInMB": {
        "value": 209.35546875
      },
      "maxVirtControllerMemoryUsageInMB": {
        "value": 135.4140625
      },
      "maxVirtHandlerMemoryUsageInMB": {
        "value": 44.90696404569893
      },
      "minVirtAPIMemoryUsageInMB": {
        "value": 165.126953125
      },
      "minVirtControllerMemoryUsageInMB": {
        "value": 85.2265625
      },
      "minVirtHandlerMemoryUsageInMB": {
        "value": 29.191276605339105
      },
      "vmiCreationToRunningSecondsP50": {
        "value": 43.37027356493394
      },
      "vmiCreationToRunningSecondsP95": {
        "value": 51.596805480842896
      },
      "vmiCreationToRunningSecondsP99": {
        "value": 58.31936109616859
      },
      "vmiDeletionToFailedSecondsP50": {
        "value": 0
      },
      "vmiDeletionToFailedSecondsP95": {
        "value": 0
      },
      "vmiDeletionToFailedSecondsP99": {
        "value": 0
      },
      "vmiDeletionToSucceededSecondsP50": {
        "value": 0.7857967796934859
      },
      "vmiDeletionToSucceededSecondsP95": {
        "value": 9.976712938058753
      },
      "vmiDeletionToSucceededSecondsP99": {
        "value": 17.983233315402316
      }
    }
  },
  "VMResult": null
}
