{
  "JobDirCreationTime": "2025-07-02T00:19:10.406Z",
  "VMIResult": {
    "Values": {
      "CREATE-events-count": {
        "value": 202.50025970473604
      },
      "CREATE-pods-count": {
        "value": 113.78250000000001
      },
      "GET-leases-count": {
        "value": 135.4618611111111
      },
      "GET-nodes-count": {
        "value": 26.54778027393988
      },
      "LIST-nodes-count": {
        "value": 6.024527777777778
      },
      "LIST-resourceclaims-count": {
        "value": 3.50565
      },
      "LIST-resourceslices-count": {
        "value": 4.6742
      },
      "LIST-virtualmachineclusterinstancetypes-count": {
        "value": 6.024527777777778
      },
      "LIST-virtualmachineclusterpreferences-count": {
        "value": 6.024527777777778
      },
      "PATCH-nodes-count": {
        "value": 8.029382313535514
      },
      "PATCH-pods-count": {
        "value": 379.69355
      },
      "PATCH-services-count": {
        "value": 24.098111111111113
      },
      "PATCH-validatingadmissionpolicies-count": {
        "value": 6.024527777777778
      },
      "PATCH-validatingadmissionpolicybindings-count": {
        "value": 6.024527777777778
      },
      "PATCH-virtualmachineinstances-count": {
        "value": 54.839933333333335,
        "thresholdResult": {
          "thresholdValue": 227.56500000000003,
          "thresholdMetric": "CREATE-pods-count",
          "thresholdRatio": 0.48197159785848726,
          "thresholdExceeded": true
        }
      },
      "UPDATE-configmaps-count": {
        "value": 6.024527777777778
      },
      "UPDATE-kubevirts-count": {
        "value": 1.2049055555555557
      },
      "UPDATE-leases-count": {
        "value": 211.23754444444444
      },
      "UPDATE-virtualmachineinstances-count": {
        "value": 624.8175235505286,
        "thresholdResult": {
          "thresholdValue": 1137.825,
          "thresholdMetric": "CREATE-pods-count",
          "thresholdRatio": 5.491332353837616,
          "thresholdExceeded": false
        }
      },
      "WATCH-validatingadmissionpolicies-count": {
        "value": 1.2049055555555557
      },
      "avgVirtAPICPUUsage": {
        "value": 0.01032705925925926
      },
      "avgVirtAPIMemoryUsageInMB": {
        "value": 141.54707031249998
      },
      "avgVirtControllerCPUUsage": {
        "value": 0.024677702092749998
      },
      "avgVirtControllerMemoryUsageInMB": {
        "value": 60.814670138888886
      },
      "avgVirtHandlerCPUUsage": {
        "value": 0.0008427979989639095
      },
      "avgVirtHandlerMemoryUsageInMB": {
        "value": 18.38577745165211
      },
      "maxVirtAPIMemoryUsageInMB": {
        "value": 161.470703125
      },
      "maxVirtControllerMemoryUsageInMB": {
        "value": 83.52734375
      },
      "maxVirtHandlerCPUUsage": {
        "value": 0.0009129692524228572
      },
      "maxVirtHandlerMemoryUsageInMB": {
        "value": 55.55671296296296
      },
      "minVirtAPIMemoryUsageInMB": {
        "value": 129.966796875
      },
      "minVirtControllerMemoryUsageInMB": {
        "value": 45.46875
      },
      "minVirtHandlerCPUUsage": {
        "value": 0.0007658833197122153
      },
      "minVirtHandlerMemoryUsageInMB": {
        "value": 5.5165625
      },
      "running-phase-count": {
        "value": 101
      },
      "vmiCreationToRunningSecondsP50": {
        "value": 22.010071188153383,
        "thresholdResult": {
          "thresholdValue": 45,
          "thresholdExceeded": false
        }
      },
      "vmiCreationToRunningSecondsP95": {
        "value": 29.819135257491425,
        "thresholdResult": {
          "thresholdValue": 60,
          "thresholdExceeded": false
        }
      },
      "vmiCreationToRunningSecondsP99": {
        "value": 37.473318692119854
      },
      "vmiDeletionToFailedSecondsP50": {
        "value": 0
      },
      "vmiDeletionToFailedSecondsP95": {
        "value": 0
      },
      "vmiDeletionToFailedSecondsP99": {
        "value": 0
      },
      "vmiDeletionToSucceededSecondsP50": {
        "value": 0
      },
      "vmiDeletionToSucceededSecondsP95": {
        "value": 0
      },
      "vmiDeletionToSucceededSecondsP99": {
        "value": 0
      }
    }
  },
  "VMResult": {
    "Values": {
      "CREATE-controllerrevisions-count": {
        "value": 133.6
      },
      "CREATE-events-count": {
        "value": 806.668197547874
      },
      "CREATE-pods-count": {
        "value": 111.11111111111111
      },
      "CREATE-virtualmachineinstances-count": {
        "value": 134.07999999999998
      },
      "DELETE-pods-count": {
        "value": 107.28
      },
      "GET-leases-count": {
        "value": 188.88888888888889
      },
      "GET-nodes-count": {
        "value": 16.66671604993142
      },
      "LIST-resourceclaims-count": {
        "value": 5.555555555555555
      },
      "LIST-resourceslices-count": {
        "value": 7.777777777777779
      },
      "PATCH-nodes-count": {
        "value": 12.222259259670786
      },
      "PATCH-pods-count": {
        "value": 365.55555555555554
      },
      "PATCH-virtualmachineinstances-count": {
        "value": 177.77777777777777,
        "thresholdResult": {
          "thresholdValue": 222.22222222222223,
          "thresholdMetric": "CREATE-pods-count",
          "thresholdRatio": 1.5999999999999999,
          "thresholdExceeded": false
        }
      },
      "PATCH-virtualmachines-count": {
        "value": 133.6
      },
      "UPDATE-leases-count": {
        "value": 300
      },
      "UPDATE-virtualmachineinstances-count": {
        "value": 892.2235308787384,
        "thresholdResult": {
          "thresholdValue": 1111.111111111111,
          "thresholdMetric": "CREATE-pods-count",
          "thresholdRatio": 8.030011777908646,
          "thresholdExceeded": false
        }
      },
      "UPDATE-virtualmachines-count": {
        "value": 1216.84
      },
      "WATCH-cdiconfigs-count": {
        "value": 1.1111111111111112
      },
      "WATCH-cdis-count": {
        "value": 1.1111111111111112
      },
      "WATCH-clusterrolebindings-count": {
        "value": 2.2222222222222223
      },
      "WATCH-clusterroles-count": {
        "value": 1.1111111111111112
      },
      "WATCH-configmaps-count": {
        "value": 13.33334567914952
      },
      "WATCH-controllerrevisions-count": {
        "value": 1.1111111111111112
      },
      "WATCH-customresourcedefinitions-count": {
        "value": 12.222234568038408
      },
      "WATCH-daemonsets-count": {
        "value": 1.1111111111111112
      },
      "WATCH-datasources-count": {
        "value": 2.2222222222222223
      },
      "WATCH-datavolumes-count": {
        "value": 1.1111111111111112
      },
      "WATCH-deployments-count": {
        "value": 1.1111111111111112
      },
      "WATCH-ingresses-count": {
        "value": 1.1111111111111112
      },
      "WATCH-jobs-count": {
        "value": 1.1111111111111112
      },
      "WATCH-kubevirts-count": {
        "value": 8.888901234705077
      },
      "WATCH-namespaces-count": {
        "value": 4.444444444444445
      },
      "WATCH-nodes-count": {
        "value": 1.1111111111111112
      },
      "WATCH-persistentvolumeclaims-count": {
        "value": 1.1111111111111112
      },
      "WATCH-poddisruptionbudgets-count": {
        "value": 2.2222222222222223
      },
      "WATCH-pods-count": {
        "value": 1.1111111111111112
      },
      "WATCH-prometheusrules-count": {
        "value": 1.1111111111111112
      },
      "WATCH-resourcequotas-count": {
        "value": 1.1111111111111112
      },
      "WATCH-rolebindings-count": {
        "value": 1.1111111111111112
      },
      "WATCH-roles-count": {
        "value": 2.2222222222222223
      },
      "WATCH-secrets-count": {
        "value": 2.2222222222222223
      },
      "WATCH-serviceaccounts-count": {
        "value": 1.1111111111111112
      },