{
  "JobDirCreationTime": "2022-06-23T04:59:04.377Z",
  "VMIResult": {
    "Values": {
      "CREATE-deployments-count": {
        "value": 1.1111111111111112
      },
      "CREATE-events-count": {
        "value": 400.6224761904763
      },
      "CREATE-poddisruptionbudgets-count": {
        "value": 1.1111111111111112
      },
      "CREATE-pods-count": {
        "value": 128.36666666666667
      },
      "GET-endpoints-count": {
        "value": 452.0175347222222
      },
      "GET-nodes-count": {
        "value": 33.6751
      },
      "LIST-nodes-count": {
        "value": 6.666666666666667
      },
      "PATCH-nodes-count": {
        "value": 11.225033333333332
      },
      "PATCH-pods-count": {
        "value": 135.735
      },
      "PATCH-services-count": {
        "value": 26.666666666666668
      },
      "PATCH-virtualmachineinstances-count": {
        "value": 121.72466666666666
      },
      "UPDATE-endpoints-count": {
        "value": 277.20388888888886
      },
      "UPDATE-kubevirts-count": {
        "value": 2.2222222222222223
      },
      "UPDATE-virtualmachineinstances-count": {
        "value": 979.4008666666666
      },
      "succeeded-phase-count": {
        "value": 27
      },
      "vmiCreationToRunningSecondsP50": {
        "value": 38.05458752875384
      },
      "vmiCreationToRunningSecondsP95": {
        "value": 49.279142963401696
      },
      "vmiCreationToRunningSecondsP99": {
        "value": 55.26074326092644
      }
    }
  },
  "VMResult": null
}
