{
  "JobDirCreationTime": "2026-05-19T00:51:19.831Z",
  "VMIResult": {
    "Values": {
      "CREATE-events-count": {
        "value": 164.6611388888889
      },
      "CREATE-pods-count": {
        "value": 125.15222222222222
      },
      "GET-leases-count": {
        "value": 135.05007619047618
      },
      "GET-mutatingwebhookconfigurations-count": {
        "value": 35.670494444444444
      },
      "LIST-nodes-count": {
        "value": 35.670494444444444
      },
      "LIST-virtualmachineclusterinstancetypes-count": {
        "value": 33.01983333333333
      },
      "LIST-virtualmachineclusterpreferences-count": {
        "value": 33.01983333333333
      },
      "PATCH-nodes-count": {
        "value": 14.895624243187422
      },
      "PATCH-pods-count": {
        "value": 229.19856666666666
      },
      "PATCH-services-count": {
        "value": 142.68197777777777
      },
      "PATCH-validatingadmissionpolicies-count": {
        "value": 35.670494444444444
      },
      "PATCH-validatingadmissionpolicybindings-count": {
        "value": 35.670494444444444
      },
      "PATCH-virtualmachineinstances-count": {
        "value": 43.21175555555555,
        "thresholdResult": {
          "thresholdValue": 250.30444444444444,
          "thresholdMetric": "CREATE-pods-count",
          "thresholdRatio": 0.34527357795395824,
          "thresholdExceeded": true
        }
      },
      "UPDATE-configmaps-count": {
        "value": 35.670494444444444
      },
      "UPDATE-kubevirts-count": {
        "value": 1.1506611111111111
      },
      "UPDATE-leases-count": {
        "value": 209.15657777777778
      },
      "UPDATE-virtualmachineinstances-count": {
        "value": 657.9758,
        "thresholdResult": {
          "thresholdValue": 1251.5222222222221,
          "thresholdMetric": "CREATE-pods-count",
          "thresholdRatio": 5.257404050178894,
          "thresholdExceeded": false
        }
      },
      "avgVirtAPICPUUsage": {
        "value": 0.014635265223428576
      },
      "avgVirtAPIMemoryUsageInMB": {
        "value": 134.09613715277777
      },
      "avgVirtControllerCPUUsage": {
        "value": 0.03283663935009524
      },
      "avgVirtControllerMemoryUsageInMB": {
        "value": 56.33251953125
      },
      "avgVirtHandlerCPUUsage": {
        "value": 0.0011598342689371462
      },
      "avgVirtHandlerMemoryUsageInMB": {
        "value": 13.60702307674964
      },
      "maxVirtAPIMemoryUsageInMB": {
        "value": 169.177734375
      },
      "maxVirtControllerMemoryUsageInMB": {
        "value": 86.4375
      },
      "maxVirtHandlerCPUUsage": {
        "value": 0.0013057517426666666
      },
      "maxVirtHandlerMemoryUsageInMB": {
        "value": 36.49112215909091
      },
      "minVirtAPIMemoryUsageInMB": {
        "value": 0
      },
      "minVirtControllerMemoryUsageInMB": {
        "value": 0.07421875
      },
      "minVirtHandlerCPUUsage": {
        "value": 0.0009995178985357513
      },
      "minVirtHandlerMemoryUsageInMB": {
        "value": 2.701450892857143
      },
      "none-none-count": {
        "value": 2.276703968253968
      },
      "running-phase-count": {
        "value": 101
      },
      "virtControllerWorkqueueAddRate": {
        "value": 16.85416350793651
      },
      "virtControllerWorkqueueDepth": {
        "value": 0.0033367777777777775
      },
      "virtControllerWorkqueueP99Latency": {
        "value": 0.0741794853644811
      },
      "vmiCreationToRunningSecondsP50": {
        "value": 17.25113808914385,
        "thresholdResult": {
          "thresholdValue": 45,
          "thresholdExceeded": false
        }
      },
      "vmiCreationToRunningSecondsP95": {
        "value": 28.38945062408375,
        "thresholdResult": {
          "thresholdValue": 60,
          "thresholdExceeded": false
        }
      },
      "vmiCreationToRunningSecondsP99": {
        "value": 29.67789012481675
      },
      "vmiDeletionToFailedSecondsP50": {
        "value": 0
      },
      "vmiDeletionToFailedSecondsP95": {
        "value": 0
      },
      "vmiDeletionToFailedSecondsP99": {
        "value": 0
      },
      "vmiDeletionToSucceededSecondsP50": {
        "value": 0
      },
      "vmiDeletionToSucceededSecondsP95": {
        "value": 0
      },
      "vmiDeletionToSucceededSecondsP99": {
        "value": 0
      }
    }
  },
  "VMResult": {
    "Values": {
      "CREATE-controllerrevisions-count": {
        "value": 15.819
      },
      "CREATE-events-count": {
        "value": 760
      },
      "CREATE-pods-count": {
        "value": 111.11111111111111
      },
      "CREATE-virtualmachineinstances-count": {
        "value": 15.819
      },
      "GET-leases-count": {
        "value": 187.77777777777777
      },
      "GET-mutatingwebhookconfigurations-count": {
        "value": 50
      },
      "LIST-configmaps-count": {
        "value": 1.1111111111111112
      },
      "LIST-nodes-count": {
        "value": 50
      },
      "LIST-virtualmachineclusterinstancetypes-count": {
        "value": 50
      },
      "LIST-virtualmachineclusterpreferences-count": {
        "value": 50
      },
      "PATCH-nodes-count": {
        "value": 22.22222222222222
      },
      "PATCH-pods-count": {
        "value": 224.44444444444446
      },
      "PATCH-services-count": {
        "value": 200
      },
      "PATCH-validatingadmissionpolicies-count": {
        "value": 50
      },
      "PATCH-validatingadmissionpolicybindings-count": {
        "value": 50
      },
      "PATCH-virtualmachineinstances-count": {
        "value": 223.33333333333334,
        "thresholdResult": {
          "thresholdValue": 222.22222222222223,
          "thresholdMetric": "CREATE-pods-count",
          "thresholdRatio": 2.0100000000000002,
          "thresholdExceeded": false
        }
      },
      "PATCH-virtualmachines-count": {
        "value": 15.819
      },
      "UPDATE-configmaps-count": {
        "value": 50
      },
      "UPDATE-leases-count": {
        "value": 297.77777777777777
      },
      "UPDATE-virtualmachineinstances-count": {
        "value": 784.4444444444446,
        "thresholdResult": {
          "thresholdValue": 1111.111111111111,
          "thresholdMetric": "CREATE-pods-count",
          "thresholdRatio": 7.0600000000000005,
          "thresholdExceeded": false
        }
      },
      "UPDATE-virtualmachines-count": {
        "value": 602.7039
      },
      "WATCH-clusterrolebindings-count": {
        "value": 1.1111111111111112
      },
      "WATCH-clusterroles-count": {
        "value": 1.1111111111111112
      },
      "WATCH-configmaps-count": {
        "value": 15.555539094772136
      },
      "WATCH-controllerrevisions-count": {
        "value": 1.1111111111111112
      },
      "WATCH-customresourcedefinitions-count": {
        "value": 7.777777777777777
      },
      "WATCH-daemonsets-count": {
        "value": 2.2222222222222223
      },
      "WATCH-datasources-count": {
        "value": 2.2222139918305133
      },
      "WATCH-datavolumes-count": {
        "value": 1.1111111111111112
      },
      "WATCH-deployments-count": {
        "value": 1.1111111111111112
      },
      "WATCH-jobs-count": {
        "value": 2.2222222222222223
      },
      "WATCH-kubevirts-count": {
        "value": 8.888880658497179
      },
      "WATCH-leases-count": {
        "value": 2.2222222222222223
      },
      "WATCH-migrationpolicies-count": {
        "value": 1.1111111111111112
      },
      "WATCH-mutatingwebhookconfigurations-count": {
        "value": 2.2222222222222223
      },
      "WATCH-namespaces-count": {
        "value": 3.3333251029416244
      },
      "WATCH-nodes-count": {
        "value": 2.2222222222222223
      },
      "WATCH-persistentvolumeclaims-count": {
        "value": 1.1111111111111112
      },
      "WATCH-poddisruptionbudgets-count": {
        "value": 2.2222222222222223
      },