{
  "JobDirCreationTime": "2025-02-06T05:10:10.662Z",
  "VMIResult": {
    "Values": {
      "CREATE-events-count": {
        "value": 797.7720212962963
      },
      "CREATE-pods-count": {
        "value": 113.26533333333333
      },
      "DELETE-pods-count": {
        "value": 116.33166666666668
      },
      "GET-leases-count": {
        "value": 190
      },
      "GET-nodes-count": {
        "value": 24.444666674074323
      },
      "PATCH-events-count": {
        "value": 45.424
      },
      "PATCH-nodes-count": {
        "value": 10.000074076543292
      },
      "PATCH-pods-count": {
        "value": 339.9186533333333
      },
      "PATCH-virtualmachineinstances-count": {
        "value": 232.66333333333336
      },
      "UPDATE-leases-count": {
        "value": 298.8888888888889
      },
      "UPDATE-virtualmachineinstances-count": {
        "value": 1008.1028983333333
      },
      "WATCH-clusterrolebindings-count": {
        "value": 2.2222222222222223
      },
      "WATCH-clusterroles-count": {
        "value": 2.2222222222222223
      },
      "WATCH-configmaps-count": {
        "value": 14.44448148271609
      },
      "WATCH-controllerrevisions-count": {
        "value": 1.1111111111111112
      },
      "WATCH-customresourcedefinitions-count": {
        "value": 11.111148149382757
      },
      "WATCH-daemonsets-count": {
        "value": 2.2222222222222223
      },
      "WATCH-deployments-count": {
        "value": 2.2222222222222223
      },
      "WATCH-ingresses-count": {
        "value": 1.1111111111111112
      },
      "WATCH-jobs-count": {
        "value": 2.2222222222222223
      },
      "WATCH-kubevirts-count": {
        "value": 10.000037038271644
      },
      "WATCH-mutatingwebhookconfigurations-count": {
        "value": 2.2222222222222223
      },
      "WATCH-namespaces-count": {
        "value": 5.555555555555555
      },
      "WATCH-nodes-count": {
        "value": 1.1111111111111112
      },
      "WATCH-persistentvolumeclaims-count": {
        "value": 1.1111111111111112
      },
      "WATCH-poddisruptionbudgets-count": {
        "value": 2.2222222222222223
      },
      "WATCH-pods-count": {
        "value": 3.3333333333333335
      },
      "WATCH-prometheusrules-count": {
        "value": 2.2222222222222223
      },
      "WATCH-rolebindings-count": {
        "value": 1.1111111111111112
      },
      "WATCH-roles-count": {
        "value": 1.1111111111111112
      },
      "WATCH-routes-count": {
        "value": 2.2222222222222223
      },
      "WATCH-secrets-count": {
        "value": 1.1111111111111112
      },
      "WATCH-securitycontextconstraints-count": {
        "value": 2.2222222222222223
      },
      "WATCH-serviceaccounts-count": {
        "value": 2.2222222222222223
      },
      "WATCH-servicemonitors-count": {
        "value": 2.2222222222222223
      },
      "WATCH-services-count": {
        "value": 3.3333333333333335
      },
      "WATCH-storageclasses-count": {
        "value": 1.1111111111111112
      },
      "WATCH-validatingwebhookconfigurations-count": {
        "value": 1.1111111111111112
      },
      "WATCH-virtualmachineclones-count": {
        "value": 1.1111111111111112
      },
      "WATCH-virtualmachineclusterinstancetypes-count": {
        "value": 3.3333333333333335
      },
      "WATCH-virtualmachineclusterpreferences-count": {
        "value": 1.1111111111111112
      },
      "WATCH-virtualmachineexports-count": {
        "value": 1.1111111111111112
      },
      "WATCH-virtualmachineinstancemigrations-count": {
        "value": 1.1111111111111112
      },
      "WATCH-virtualmachineinstancepresets-count": {
        "value": 1.1111111111111112
      },
      "WATCH-virtualmachineinstancereplicasets-count": {
        "value": 1.1111111111111112
      },
      "WATCH-virtualmachineinstances-count": {
        "value": 4.444518520987737
      },
      "WATCH-virtualmachineinstancetypes-count": {
        "value": 1.1111111111111112
      },
      "WATCH-virtualmachinepreferences-count": {
        "value": 1.1111111111111112
      },
      "WATCH-virtualmachinerestores-count": {
        "value": 3.3333333333333335
      },
      "WATCH-virtualmachinesnapshotcontents-count": {
        "value": 1.1111111111111112
      },
      "WATCH-virtualmachinesnapshots-count": {
        "value": 1.1111111111111112
      },
      "WATCH-volumesnapshotclasses-count": {
        "value": 1.1111111111111112
      },
      "WATCH-volumesnapshots-count": {
        "value": 1.1111111111111112
      },
      "avgVirtAPICPUUsage": {
        "value": 0.02408855324444445
      },
      "avgVirtAPIMemoryUsageInMB": {
        "value": 167.8951171875
      },
      "avgVirtControllerCPUUsage": {
        "value": 0.03541541807407407
      },
      "avgVirtControllerMemoryUsageInMB": {
        "value": 98.163671875
      },
      "avgVirtHandlerCPUUsage": {
        "value": 0.0066809079485308474
      },
      "avgVirtHandlerMemoryUsageInMB": {
        "value": 17.53817160696086
      },
      "maxVirtAPIMemoryUsageInMB": {
        "value": 188.59375
      },
      "maxVirtControllerMemoryUsageInMB": {
        "value": 123.07421875
      },
      "maxVirtHandlerCPUUsage": {
        "value": 0.0066809079485308474
      },
      "maxVirtHandlerMemoryUsageInMB": {
        "value": 22.494642880629208
      },
      "minVirtAPIMemoryUsageInMB": {
        "value": 154.80859375
      },
      "minVirtControllerMemoryUsageInMB": {
        "value": 76.71484375
      },
      "minVirtHandlerCPUUsage": {
        "value": 0.0066809079485308474
      },
      "minVirtHandlerMemoryUsageInMB": {
        "value": 14.944438641934047
      },
      "succeeded-phase-count": {
        "value": 11
      },
      "vmiCreationToRunningSecondsP50": {
        "value": 44.91971624509667
      },
      "vmiCreationToRunningSecondsP95": {
        "value": 57.80723772710965
      },
      "vmiCreationToRunningSecondsP99": {
        "value": 59.56144754542193
      },
      "vmiDeletionToFailedSecondsP50": {
        "value": 0
      },
      "vmiDeletionToFailedSecondsP95": {
        "value": 0
      },
      "vmiDeletionToFailedSecondsP99": {
        "value": 0
      },
      "vmiDeletionToSucceededSecondsP50": {
        "value": 0.7469893591911252
      },
      "vmiDeletionToSucceededSecondsP95": {
        "value": 7.1981370957512265
      },
      "vmiDeletionToSucceededSecondsP99": {
        "value": 9.439627419150247
      }
    }
  },
  "VMResult": null
}
