{
  "JobDirCreationTime": "2025-07-30T00:23:21.361Z",
  "VMIResult": {
    "Values": {
      "CREATE-events-count": {
        "value": 163.0249388888889
      },
      "CREATE-pods-count": {
        "value": 122.7988888888889
      },
      "CREATE-virtualmachineclusterinstancetypes-count": {
        "value": 29.086189783076485
      },
      "GET-leases-count": {
        "value": 133.25066111111113
      },
      "GET-nodes-count": {
        "value": 29.084646666666664
      },
      "LIST-nodes-count": {
        "value": 31.32358899715929
      },
      "LIST-virtualmachineclusterinstancetypes-count": {
        "value": 30.99025566382596
      },
      "LIST-virtualmachineclusterpreferences-count": {
        "value": 30.99025566382596
      },
      "PATCH-nodes-count": {
        "value": 9.694882222222223
      },
      "PATCH-pods-count": {
        "value": 245.5977777777778
      },
      "PATCH-services-count": {
        "value": 125.29435598863716
      },
      "PATCH-validatingadmissionpolicies-count": {
        "value": 31.32358899715929
      },
      "PATCH-validatingadmissionpolicybindings-count": {
        "value": 31.32358899715929
      },
      "PATCH-virtualmachineinstances-count": {
        "value": 46.11743333333333,
        "thresholdResult": {
          "thresholdValue": 245.5977777777778,
          "thresholdMetric": "CREATE-pods-count",
          "thresholdRatio": 0.3755525294293289,
          "thresholdExceeded": true
        }
      },
      "UPDATE-configmaps-count": {
        "value": 31.32358899715929
      },
      "UPDATE-kubevirts-count": {
        "value": 1.1186996070414033
      },
      "UPDATE-leases-count": {
        "value": 207.9924646337263
      },
      "UPDATE-virtualmachineinstances-count": {
        "value": 649.1448638888888,
        "thresholdResult": {
          "thresholdValue": 1227.988888888889,
          "thresholdMetric": "CREATE-pods-count",
          "thresholdRatio": 5.2862437906604285,
          "thresholdExceeded": false
        }
      },
      "WATCH-customresourcedefinitions-count": {
        "value": 1.1186996070414033
      },
      "WATCH-kubevirts-count": {
        "value": 1.1186996070414033
      },
      "WATCH-rolebindings-count": {
        "value": 1.2090944444444445
      },
      "avgVirtAPICPUUsage": {
        "value": 0.012874175288078705
      },
      "avgVirtAPIMemoryUsageInMB": {
        "value": 136.1865234375
      },
      "avgVirtControllerCPUUsage": {
        "value": 0.029122711480396826
      },
      "avgVirtControllerMemoryUsageInMB": {
        "value": 57.421875
      },
      "avgVirtHandlerCPUUsage": {
        "value": 0.001082022738046813
      },
      "avgVirtHandlerMemoryUsageInMB": {
        "value": 15.54257158676104
      },
      "maxVirtAPIMemoryUsageInMB": {
        "value": 161.8125
      },
      "maxVirtControllerMemoryUsageInMB": {
        "value": 86.15234375
      },
      "maxVirtHandlerCPUUsage": {
        "value": 0.0011186193128818343
      },
      "maxVirtHandlerMemoryUsageInMB": {
        "value": 46.763346354166664
      },
      "minVirtAPIMemoryUsageInMB": {
        "value": 68.921875
      },
      "minVirtControllerMemoryUsageInMB": {
        "value": 35.58984375
      },
      "minVirtHandlerCPUUsage": {
        "value": 0.0010477615292441421
      },
      "minVirtHandlerMemoryUsageInMB": {
        "value": 3.4326923076923075
      },
      "running-phase-count": {
        "value": 101
      },
      "vmiCreationToRunningSecondsP50": {
        "value": 16.950717793491506,
        "thresholdResult": {
          "thresholdValue": 45,
          "thresholdExceeded": false
        }
      },
      "vmiCreationToRunningSecondsP95": {
        "value": 28.218420466383627,
        "thresholdResult": {
          "thresholdValue": 60,
          "thresholdExceeded": false
        }
      },
      "vmiCreationToRunningSecondsP99": {
        "value": 29.643684093276725
      },
      "vmiDeletionToFailedSecondsP50": {
        "value": 0
      },
      "vmiDeletionToFailedSecondsP95": {
        "value": 0
      },
      "vmiDeletionToFailedSecondsP99": {
        "value": 0
      },
      "vmiDeletionToSucceededSecondsP50": {
        "value": 0
      },
      "vmiDeletionToSucceededSecondsP95": {
        "value": 0
      },
      "vmiDeletionToSucceededSecondsP99": {
        "value": 0
      }
    }
  },
  "VMResult": {
    "Values": {
      "CREATE-events-count": {
        "value": 854.4444444444445
      },
      "CREATE-pods-count": {
        "value": 111.11111111111111
      },
      "GET-leases-count": {
        "value": 187.77706996409083
      },
      "GET-nodes-count": {
        "value": 17.77777777777778
      },
      "LIST-nodes-count": {
        "value": 49.99962963237311
      },
      "LIST-virtualmachineclusterinstancetypes-count": {
        "value": 49.99962963237311
      },
      "LIST-virtualmachineclusterpreferences-count": {
        "value": 49.99962963237311
      },
      "PATCH-nodes-count": {
        "value": 13.333333333333334
      },
      "PATCH-pods-count": {
        "value": 386.6666666666667
      },
      "PATCH-services-count": {
        "value": 199.99851852949243
      },
      "PATCH-validatingadmissionpolicies-count": {
        "value": 49.99962963237311
      },
      "PATCH-validatingadmissionpolicybindings-count": {
        "value": 49.99962963237311
      },
      "PATCH-virtualmachineinstances-count": {
        "value": 144.44444444444446,
        "thresholdResult": {
          "thresholdValue": 222.22222222222223,
          "thresholdMetric": "CREATE-pods-count",
          "thresholdRatio": 1.3,
          "thresholdExceeded": false
        }
      },
      "UPDATE-configmaps-count": {
        "value": 49.99962963237311
      },
      "UPDATE-leases-count": {
        "value": 298.8877777860082
      },
      "UPDATE-virtualmachineinstances-count": {
        "value": 942.2222222222223,
        "thresholdResult": {
          "thresholdValue": 1111.111111111111,
          "thresholdMetric": "CREATE-pods-count",
          "thresholdRatio": 8.48,
          "thresholdExceeded": false
        }
      },
      "WATCH-cdiconfigs-count": {
        "value": 1.1111111111111112
      },
      "WATCH-cdis-count": {
        "value": 1.1111111111111112
      },
      "WATCH-clusterrolebindings-count": {
        "value": 1.1111028807194023
      },
      "WATCH-clusterroles-count": {
        "value": 2.2222057614388047
      },
      "WATCH-configmaps-count": {
        "value": 14.444436214509984
      },
      "WATCH-controllerrevisions-count": {
        "value": 1.1111111111111112
      },
      "WATCH-customresourcedefinitions-count": {
        "value": 11.111086419935983
      },
      "WATCH-daemonsets-count": {
        "value": 1.1111028807194023
      },
      "WATCH-datasources-count": {
        "value": 3.3333456791495215
      },
      "WATCH-datavolumes-count": {
        "value": 1.1111111111111112
      },
      "WATCH-deployments-count": {
        "value": 2.2222057614388047
      },
      "WATCH-ingresses-count": {
        "value": 1.1111111111111112
      },
      "WATCH-jobs-count": {
        "value": 1.1111028807194023
      },
      "WATCH-kubevirts-count": {
        "value": 8.888901234705076
      },
      "WATCH-leases-count": {
        "value": 1.1111028807194023
      },
      "WATCH-migrationpolicies-count": {
        "value": 1.1111111111111112
      },
      "WATCH-mutatingwebhookconfigurations-count": {
        "value": 1.1111028807194023
      },
      "WATCH-namespaces-count": {
        "value": 3.3333374487578125
      },
      "WATCH-nodes-count": {
        "value": 1.1111111111111112
      },
      "WATCH-persistentvolumeclaims-count": {
        "value": 1.1111111111111112
      },
      "WATCH-poddisruptionbudgets-count": {
        "value": 1.1111111111111112
      },
      "WATCH-pods-count": {
        "value": 3.333316872549916
      },