{
  "JobDirCreationTime": "2026-06-09T16:48:45.894Z",
  "VMIResult": {
    "Values": {
      "CREATE-events-count": {
        "value": 105.22227407407406
      },
      "CREATE-pods-count": {
        "value": 110.57111111111114
      },
      "GET-leases-count": {
        "value": 186.66666666666669
      },
      "GET-mutatingwebhookconfigurations-count": {
        "value": 51.111111111111114
      },
      "LIST-nodes-count": {
        "value": 50
      },
      "LIST-virtualmachineclusterinstancetypes-count": {
        "value": 50
      },
      "LIST-virtualmachineclusterpreferences-count": {
        "value": 50
      },
      "PATCH-nodes-count": {
        "value": 31.110979425819206
      },
      "PATCH-pods-count": {
        "value": 221.14222222222227
      },
      "PATCH-services-count": {
        "value": 204.44444444444446
      },
      "PATCH-validatingadmissionpolicies-count": {
        "value": 153.33333333333334
      },
      "PATCH-validatingadmissionpolicybindings-count": {
        "value": 153.33333333333334
      },
      "PATCH-virtualmachineinstances-count": {
        "value": 72.22122222222224,
        "thresholdResult": {
          "thresholdValue": 221.14222222222227,
          "thresholdMetric": "CREATE-pods-count",
          "thresholdRatio": 0.6531653837650984,
          "thresholdExceeded": false
        }
      },
      "UPDATE-configmaps-count": {
        "value": 51.111111111111114
      },
      "UPDATE-kubevirts-count": {
        "value": 2.2222222222222223
      },
      "UPDATE-leases-count": {
        "value": 298.8888888888889
      },
      "UPDATE-virtualmachineinstances-count": {
        "value": 443.90492777777786,
        "thresholdResult": {
          "thresholdValue": 1105.7111111111114,
          "thresholdMetric": "CREATE-pods-count",
          "thresholdRatio": 4.0146555760998455,
          "thresholdExceeded": false
        }
      },
      "WATCH-clusterroles-count": {
        "value": 1.1111111111111112
      },
      "WATCH-configmaps-count": {
        "value": 4.444444444444445
      },
      "WATCH-daemonsets-count": {
        "value": 1.1111111111111112
      },
      "WATCH-datasources-count": {
        "value": 1.1111111111111112
      },
      "WATCH-deployments-count": {
        "value": 2.2222222222222223
      },
      "WATCH-jobs-count": {
        "value": 1.1111111111111112
      },
      "WATCH-kubevirts-count": {
        "value": 4.444427983782957
      },
      "WATCH-mutatingwebhookconfigurations-count": {
        "value": 2.2222222222222223
      },
      "WATCH-namespaces-count": {
        "value": 2.2222222222222223
      },
      "WATCH-nodes-count": {
        "value": 1.1110946504496229
      },
      "WATCH-plugins-count": {
        "value": 1.1111111111111112
      },
      "WATCH-pods-count": {
        "value": 1.1111111111111112
      },
      "WATCH-rolebindings-count": {
        "value": 1.1111111111111112
      },
      "WATCH-roles-count": {
        "value": 1.1111111111111112
      },
      "WATCH-secrets-count": {
        "value": 1.1111111111111112
      },
      "WATCH-serviceaccounts-count": {
        "value": 1.1111111111111112
      },
      "WATCH-servicemonitors-count": {
        "value": 2.2222222222222223
      },
      "WATCH-storageprofiles-count": {
        "value": 1.1111111111111112
      },
      "WATCH-virtualmachineexports-count": {
        "value": 1.1111111111111112
      },
      "WATCH-virtualmachineinstances-count": {
        "value": 2.2222222222222223
      },
      "WATCH-virtualmachinepools-count": {
        "value": 1.1111111111111112
      },
      "WATCH-virtualmachinesnapshotcontents-count": {
        "value": 1.1111111111111112
      },
      "avgVirtAPICPUUsage": {
        "value": 0.010139979629629632
      },
      "avgVirtAPIMemoryUsageInMB": {
        "value": 153.9642578125
      },
      "avgVirtControllerCPUUsage": {
        "value": 0.02663097407407408
      },
      "avgVirtControllerMemoryUsageInMB": {
        "value": 71.240234375
      },
      "avgVirtHandlerCPUUsage": {
        "value": 0.00096285249107888
      },
      "avgVirtHandlerMemoryUsageInMB": {
        "value": 88.42057291666667
      },
      "maxVirtAPIMemoryUsageInMB": {
        "value": 180.8125
      },
      "maxVirtControllerMemoryUsageInMB": {
        "value": 96.08203125
      },
      "maxVirtHandlerCPUUsage": {
        "value": 0.0010181765993265994
      },
      "maxVirtHandlerMemoryUsageInMB": {
        "value": 88.42057291666667
      },
      "minVirtAPIMemoryUsageInMB": {
        "value": 144.447265625
      },
      "minVirtControllerMemoryUsageInMB": {
        "value": 60.92578125
      },
      "minVirtHandlerCPUUsage": {
        "value": 0.0009090276353276352
      },
      "minVirtHandlerMemoryUsageInMB": {
        "value": 88.42057291666667
      },
      "running-phase-count": {
        "value": 66
      },
      "scheduled-phase-count": {
        "value": 35
      },
      "virtControllerWorkqueueAddRate": {
        "value": 15.859167012345678
      },
      "virtControllerWorkqueueDepth": {
        "value": 0
      },
      "virtControllerWorkqueueP99Latency": {
        "value": 0.0672444928367388
      },
      "vmiCreationToRunningSecondsP50": {
        "value": 15.231162644410256,
        "thresholdResult": {
          "thresholdValue": 45,
          "thresholdExceeded": false
        }
      },
      "vmiCreationToRunningSecondsP95": {
        "value": 19.939209024379487,
        "thresholdResult": {
          "thresholdValue": 60,
          "thresholdExceeded": false
        }
      },
      "vmiCreationToRunningSecondsP99": {
        "value": 27.737020763992376
      },
      "vmiDeletionToFailedSecondsP50": {
        "value": 0
      },
      "vmiDeletionToFailedSecondsP95": {
        "value": 0
      },
      "vmiDeletionToFailedSecondsP99": {
        "value": 0
      },
      "vmiDeletionToSucceededSecondsP50": {
        "value": 0
      },
      "vmiDeletionToSucceededSecondsP95": {
        "value": 0
      },
      "vmiDeletionToSucceededSecondsP99": {
        "value": 0
      }
    }
  },
  "VMResult": {
    "Values": {
      "CREATE-events-count": {
        "value": 805.5555555555555
      },
      "CREATE-pods-count": {
        "value": 111.11111111111111
      },
      "GET-leases-count": {
        "value": 187.77777777777777
      },
      "GET-mutatingwebhookconfigurations-count": {
        "value": 48.88888888888889
      },
      "LIST-nodes-count": {
        "value": 48.88888888888889
      },
      "LIST-virtualmachineclusterinstancetypes-count": {
        "value": 48.88888888888889
      },
      "LIST-virtualmachineclusterpreferences-count": {
        "value": 50
      },
      "PATCH-nodes-count": {
        "value": 18.88888888888889
      },
      "PATCH-pods-count": {
        "value": 177.77777777777777
      },
      "PATCH-services-count": {
        "value": 195.55555555555557
      },
      "PATCH-validatingadmissionpolicies-count": {
        "value": 146.66666666666669
      },
      "PATCH-validatingadmissionpolicybindings-count": {
        "value": 146.66666666666669
      },
      "PATCH-virtualmachineinstances-count": {
        "value": 144.89631666666668,
        "thresholdResult": {
          "thresholdValue": 222.22222222222223,
          "thresholdMetric": "CREATE-pods-count",
          "thresholdRatio": 1.30406685,
          "thresholdExceeded": false
        }
      },
      "UPDATE-configmaps-count": {
        "value": 48.88888888888889
      },
      "UPDATE-leases-count": {
        "value": 298.8888888888889
      },
      "UPDATE-virtualmachineinstances-count": {
        "value": 844.4444444444446,
        "thresholdResult": {
          "thresholdValue": 1111.111111111111,
          "thresholdMetric": "CREATE-pods-count",
          "thresholdRatio": 7.6000000000000005,
          "thresholdExceeded": false
        }
      },