{
  "JobDirCreationTime": "2022-08-22T05:05:55.381Z",
  "VMIResult": {
    "Values": {
      "CREATE-events-count": {
        "value": 817.9288555555556
      },
      "CREATE-pods-count": {
        "value": 108.04333333333334
      },
      "DELETE-pods-count": {
        "value": 109.452
      },
      "GET-endpoints-count": {
        "value": 482.237145569032
      },
      "GET-nodes-count": {
        "value": 10
      },
      "LIST-clusterroles-count": {
        "value": 1.1112510464280687
      },
      "LIST-configmaps-count": {
        "value": 2.2223868494459134
      },
      "LIST-customresourcedefinitions-count": {
        "value": 6.666995921114049
      },
      "LIST-daemonsets-count": {
        "value": 2.2223868494459134
      },
      "LIST-deployments-count": {
        "value": 1.1112510464280687
      },
      "LIST-jobs-count": {
        "value": 1.1112510464280687
      },
      "LIST-kubevirts-count": {
        "value": 2.2223868494459134
      },
      "LIST-mutatingwebhookconfigurations-count": {
        "value": 1.1111358030178446
      },
      "LIST-namespaces-count": {
        "value": 1.1112510464280687
      },
      "LIST-poddisruptionbudgets-count": {
        "value": 1.1111358030178446
      },
      "LIST-pods-count": {
        "value": 2.2223868494459134
      },
      "LIST-prometheusrules-count": {
        "value": 2.2223868494459134
      },
      "LIST-servicemonitors-count": {
        "value": 1.1111358030178446
      },
      "LIST-services-count": {
        "value": 2.2223868494459134
      },
      "LIST-validatingwebhookconfigurations-count": {
        "value": 1.1111358030178446
      },
      "LIST-virtualmachineinstancereplicasets-count": {
        "value": 1.1111111111111112
      },
      "LIST-virtualmachineinstances-count": {
        "value": 1.1111111111111112
      },
      "LIST-virtualmachinerestores-count": {
        "value": 2.2222222222222223
      },
      "PATCH-events-count": {
        "value": 175.7871
      },
      "PATCH-nodes-count": {
        "value": 10
      },
      "PATCH-pods-count": {
        "value": 108.04333333333334
      },
      "PATCH-virtualmachineinstances-count": {
        "value": 218.904
      },
      "UPDATE-endpoints-count": {
        "value": 297.7810864932801
      },
      "UPDATE-virtualmachineinstances-count": {
        "value": 1116.7322000000004
      },
      "vmiCreationToRunningSecondsP50": {
        "value": 36.710418414343124
      },
      "vmiCreationToRunningSecondsP95": {
        "value": 49.984632218247086
      },
      "vmiCreationToRunningSecondsP99": {
        "value": 57.98155866189651
      }
    }
  },
  "VMResult": null
}
