{
  "JobDirCreationTime": "2025-09-28T08:36:13.3Z",
  "VMIResult": {
    "Values": {
      "CREATE-events-count": {
        "value": 148.57765555555557
      },
      "CREATE-pods-count": {
        "value": 115.94000000000003
      },
      "CREATE-virtualmachineclusterpreferences-count": {
        "value": 28.570140000000002
      },
      "GET-leases-count": {
        "value": 119.37969666666666
      },
      "GET-nodes-count": {
        "value": 28.982813333333333
      },
      "LIST-nodes-count": {
        "value": 34.85268333333334
      },
      "LIST-virtualmachineclusterinstancetypes-count": {
        "value": 31.199049999999996
      },
      "LIST-virtualmachineclusterpreferences-count": {
        "value": 31.199049999999996
      },
      "PATCH-nodes-count": {
        "value": 9.660937777777777
      },
      "PATCH-pods-count": {
        "value": 232.0294
      },
      "PATCH-services-count": {
        "value": 139.41073333333335
      },
      "PATCH-validatingadmissionpolicies-count": {
        "value": 34.85268333333334
      },
      "PATCH-validatingadmissionpolicybindings-count": {
        "value": 34.85268333333334
      },
      "PATCH-virtualmachineinstances-count": {
        "value": 62.1592,
        "thresholdResult": {
          "thresholdValue": 231.88000000000005,
          "thresholdMetric": "CREATE-pods-count",
          "thresholdRatio": 0.5361324823184405,
          "thresholdExceeded": false
        }
      },
      "UPDATE-configmaps-count": {
        "value": 34.85268333333334
      },
      "UPDATE-kubevirts-count": {
        "value": 1.2018166666666668
      },
      "UPDATE-leases-count": {
        "value": 213.42568333333332
      },
      "UPDATE-virtualmachineinstances-count": {
        "value": 616.7070222222222,
        "thresholdResult": {
          "thresholdValue": 1159.4000000000003,
          "thresholdMetric": "CREATE-pods-count",
          "thresholdRatio": 5.319191152511834,
          "thresholdExceeded": false
        }
      },
      "avgVirtAPICPUUsage": {
        "value": 0.010164225291729168
      },
      "avgVirtAPIMemoryUsageInMB": {
        "value": 126.8294921875
      },
      "avgVirtControllerCPUUsage": {
        "value": 0.026496372964095242
      },
      "avgVirtControllerMemoryUsageInMB": {
        "value": 56.40277777777778
      },
      "avgVirtHandlerCPUUsage": {
        "value": 0.0009523437277089641
      },
      "avgVirtHandlerMemoryUsageInMB": {
        "value": 16.335754469055253
      },
      "maxVirtAPIMemoryUsageInMB": {
        "value": 155.158203125
      },
      "maxVirtControllerMemoryUsageInMB": {
        "value": 82.9140625
      },
      "maxVirtHandlerCPUUsage": {
        "value": 0.0009947407451440782
      },
      "maxVirtHandlerMemoryUsageInMB": {
        "value": 52.13536658653846
      },
      "minVirtAPIMemoryUsageInMB": {
        "value": 0
      },
      "minVirtControllerMemoryUsageInMB": {
        "value": 35.87890625
      },
      "minVirtHandlerCPUUsage": {
        "value": 0.0009252435578647854
      },
      "minVirtHandlerMemoryUsageInMB": {
        "value": 3.057146990740741
      },
      "running-phase-count": {
        "value": 52
      },
      "scheduled-phase-count": {
        "value": 49
      },
      "vmiCreationToRunningSecondsP50": {
        "value": 16.32120600725687,
        "thresholdResult": {
          "thresholdValue": 45,
          "thresholdExceeded": false
        }
      },
      "vmiCreationToRunningSecondsP95": {
        "value": 27.607789408866992,
        "thresholdResult": {
          "thresholdValue": 60,
          "thresholdExceeded": false
        }
      },
      "vmiCreationToRunningSecondsP99": {
        "value": 29.521557881773397
      },
      "vmiDeletionToFailedSecondsP50": {
        "value": 0
      },
      "vmiDeletionToFailedSecondsP95": {
        "value": 0
      },
      "vmiDeletionToFailedSecondsP99": {
        "value": 0
      },
      "vmiDeletionToSucceededSecondsP50": {
        "value": 0
      },
      "vmiDeletionToSucceededSecondsP95": {
        "value": 0
      },
      "vmiDeletionToSucceededSecondsP99": {
        "value": 0
      }
    }
  },
  "VMResult": null
}
