{
  "JobDirCreationTime": "2026-04-26T22:08:45.439Z",
  "VMIResult": {
    "Values": {
      "CREATE-events-count": {
        "value": 15671.088747826085
      },
      "CREATE-pods-count": {
        "value": 8041.584347826087
      },
      "DELETE-pods-count": {
        "value": 6725.688300000001
      },
      "GET-leases-count": {
        "value": 2155.2569195625656
      },
      "GET-mutatingwebhookconfigurations-count": {
        "value": 580.3223188405797
      },
      "LIST-virtualmachineclusterinstancetypes-count": {
        "value": 580.3223188405797
      },
      "LIST-virtualmachineclusterpreferences-count": {
        "value": 580.3223188405797
      },
      "PATCH-nodes-count": {
        "value": 56.61681159420289
      },
      "PATCH-pods-count": {
        "value": 18037.08088860412
      },
      "PATCH-services-count": {
        "value": 2321.2892753623187
      },
      "PATCH-validatingadmissionpolicies-count": {
        "value": 580.3223188405797
      },
      "PATCH-validatingadmissionpolicybindings-count": {
        "value": 580.3223188405797
      },
      "PATCH-virtualmachineinstances-count": {
        "value": 15407.575566666668,
        "thresholdResult": {
          "thresholdValue": 16083.168695652173,
          "thresholdMetric": "CREATE-pods-count",
          "thresholdRatio": 1.9159875591968216,
          "thresholdExceeded": false
        }
      },
      "UPDATE-configmaps-count": {
        "value": 580.3223188405797
      },
      "UPDATE-leases-count": {
        "value": 3478.9008695652174
      },
      "UPDATE-virtualmachineinstances-count": {
        "value": 26881.732658757795,
        "thresholdResult": {
          "thresholdValue": 80415.84347826087,
          "thresholdMetric": "CREATE-pods-count",
          "thresholdRatio": 3.3428403528497266,
          "thresholdExceeded": false
        }
      },
      "WATCH-cdiconfigs-count": {
        "value": 7.077101449275362
      },
      "WATCH-cdis-count": {
        "value": 7.077101449275362
      },
      "WATCH-clusterrolebindings-count": {
        "value": 17.108805597201396
      },
      "WATCH-clusterroles-count": {
        "value": 17.108805597201396
      },
      "WATCH-configmaps-count": {
        "value": 108.98038980509743
      },
      "WATCH-controllerrevisions-count": {
        "value": 6.066086956521739
      },
      "WATCH-customresourcedefinitions-count": {
        "value": 69.62055441390301
      },
      "WATCH-daemonsets-count": {
        "value": 15.104207896051973
      },
      "WATCH-datasources-count": {
        "value": 24.264347826086954
      },
      "WATCH-datavolumes-count": {
        "value": 8.088115942028985
      },
      "WATCH-deployments-count": {
        "value": 15.095492253873061
      },
      "WATCH-ingresses-count": {
        "value": 8.088115942028985
      },
      "WATCH-jobs-count": {
        "value": 16.106506746626685
      },
      "WATCH-kubevirts-count": {
        "value": 51.50073373785229
      },
      "WATCH-leases-count": {
        "value": 15.104207896051973
      },
      "WATCH-migrationpolicies-count": {
        "value": 8.088115942028985
      },
      "WATCH-mutatingwebhookconfigurations-count": {
        "value": 16.097791104447776
      },
      "WATCH-namespaces-count": {
        "value": 37.33781109445277
      },
      "WATCH-nodes-count": {
        "value": 15.165217391304346
      },
      "WATCH-persistentvolumeclaims-count": {
        "value": 9.099130434782609
      },
      "WATCH-poddisruptionbudgets-count": {
        "value": 25.205637181409294
      },
      "WATCH-pods-count": {
        "value": 34.3047676161919
      },
      "WATCH-prometheusrules-count": {
        "value": 16.097791104447776
      },
      "WATCH-resourcequotas-count": {
        "value": 8.088115942028985
      },
      "WATCH-rolebindings-count": {
        "value": 16.106506746626685
      },
      "WATCH-roles-count": {
        "value": 15.095492253873061
      },
      "WATCH-secrets-count": {
        "value": 24.19462268865567
      },
      "WATCH-serviceaccounts-count": {
        "value": 17.108805597201396
      },
      "WATCH-servicemonitors-count": {
        "value": 16.097791104447776
      },
      "WATCH-services-count": {
        "value": 24.19462268865567
      },
      "WATCH-storageclasses-count": {
        "value": 7.077101449275362
      },
      "WATCH-storageprofiles-count": {
        "value": 9.099130434782609
      },
      "WATCH-validatingadmissionpolicies-count": {
        "value": 15.095492253873061
      },
      "WATCH-validatingadmissionpolicybindings-count": {
        "value": 15.095492253873061
      },
      "WATCH-validatingwebhookconfigurations-count": {
        "value": 15.095492253873061
      },
      "WATCH-virtualmachinebackups-count": {
        "value": 24.264347826086954
      },
      "WATCH-virtualmachinebackuptrackers-count": {
        "value": 16.17623188405797
      },
      "WATCH-virtualmachineclones-count": {
        "value": 8.088115942028985
      },
      "WATCH-virtualmachineclusterinstancetypes-count": {
        "value": 23.183608195902046
      },
      "WATCH-virtualmachineclusterpreferences-count": {
        "value": 23.183608195902046
      },
      "WATCH-virtualmachineexports-count": {
        "value": 7.077101449275362
      },
      "WATCH-virtualmachineinstancemigrations-count": {
        "value": 8.088115942028985
      },
      "WATCH-virtualmachineinstancepresets-count": {
        "value": 15.165217391304346
      },
      "WATCH-virtualmachineinstancereplicasets-count": {
        "value": 7.077101449275362
      },
      "WATCH-virtualmachineinstances-count": {
        "value": 30.33043478260869
      },
      "WATCH-virtualmachineinstancetypes-count": {
        "value": 7.077101449275362
      },
      "WATCH-virtualmachinepools-count": {
        "value": 8.088115942028985
      },
      "WATCH-virtualmachinepreferences-count": {
        "value": 8.088115942028985
      },
      "WATCH-virtualmachinerestores-count": {
        "value": 23.25333333333333
      },
      "WATCH-virtualmachines-count": {
        "value": 7.077101449275362
      },
      "WATCH-virtualmachinesnapshotcontents-count": {
        "value": 7.077101449275362
      },
      "WATCH-virtualmachinesnapshots-count": {
        "value": 8.088115942028985
      },
      "avgVirtAPICPUUsage": {
        "value": 0.028145433764367817
      },
      "avgVirtAPIMemoryUsageInMB": {
        "value": 175.0505141559829
      },
      "avgVirtControllerCPUUsage": {
        "value": 0.273044408908046
      },
      "avgVirtControllerMemoryUsageInMB": {
        "value": 1373.913261217949
      },
      "maxVirtAPIMemoryUsageInMB": {
        "value": 176.76953125
      },
      "maxVirtControllerMemoryUsageInMB": {
        "value": 2300.8671875
      },
      "minVirtAPIMemoryUsageInMB": {
        "value": 132.123046875
      },
      "minVirtControllerMemoryUsageInMB": {
        "value": 452.33203125
      },
      "running-phase-count": {
        "value": 625
      },
      "virtControllerWorkqueueAddRate": {
        "value": 232.3690083566015
      },
      "virtControllerWorkqueueDepth": {
        "value": 0.14810996110889507
      },
      "virtControllerWorkqueueP99Latency": {
        "value": 0.6086689380546322
      },
      "vmiCreationToRunningSecondsP50": {
        "value": 0.588051854520516,
        "thresholdResult": {
          "thresholdValue": 45,
          "thresholdExceeded": false
        }
      },
      "vmiCreationToRunningSecondsP95": {
        "value": 0.9816298717673512,
        "thresholdResult": {
          "thresholdValue": 60,
          "thresholdExceeded": false
        }
      },
      "vmiCreationToRunningSecondsP99": {
        "value": 1.6579655864691545
      },
      "vmiDeletionToFailedSecondsP50": {
        "value": 0
      },
      "vmiDeletionToFailedSecondsP95": {
        "value": 0
      },