{
  "JobDirCreationTime": "2025-05-14T16:27:20.553Z",
  "VMIResult": {
    "Values": {
      "CREATE-events-count": {
        "value": 136.68327222222223
      },
      "CREATE-pods-count": {
        "value": 111.95916666666668
      },
      "CREATE-virtualmachineclusterpreferences-count": {
        "value": 9.943093333333334
      },
      "GET-leases-count": {
        "value": 128.48486666666668
      },
      "GET-nodes-count": {
        "value": 35.22679190848244
      },
      "LIST-nodes-count": {
        "value": 4.971546666666667
      },
      "LIST-virtualmachineclusterinstancetypes-count": {
        "value": 4.971546666666667
      },
      "LIST-virtualmachineclusterpreferences-count": {
        "value": 4.971546666666667
      },
      "PATCH-nodes-count": {
        "value": 8.80669797712061
      },
      "PATCH-pods-count": {
        "value": 368.16524999999996
      },
      "PATCH-services-count": {
        "value": 19.886186666666667
      },
      "PATCH-validatingadmissionpolicies-count": {
        "value": 4.971546666666667
      },
      "PATCH-validatingadmissionpolicybindings-count": {
        "value": 4.971546666666667
      },
      "PATCH-virtualmachineinstances-count": {
        "value": 88.1052888888889,
        "thresholdResult": {
          "thresholdValue": 223.91833333333335,
          "thresholdMetric": "CREATE-pods-count",
          "thresholdRatio": 0.7869412707509931,
          "thresholdExceeded": false
        }
      },
      "UPDATE-kubevirts-count": {
        "value": 1.2428866666666667
      },
      "UPDATE-leases-count": {
        "value": 196.13560555555557
      },
      "UPDATE-virtualmachineinstances-count": {
        "value": 493.4145361111111,
        "thresholdResult": {
          "thresholdValue": 1119.5916666666667,
          "thresholdMetric": "CREATE-pods-count",
          "thresholdRatio": 4.407093682468558,
          "thresholdExceeded": false
        }
      },
      "avgVirtAPICPUUsage": {
        "value": 0.009263159836826011
      },
      "avgVirtAPIMemoryUsageInMB": {
        "value": 128.93203125
      },
      "avgVirtControllerCPUUsage": {
        "value": 0.025425522534812214
      },
      "avgVirtControllerMemoryUsageInMB": {
        "value": 55.94878472222222
      },
      "avgVirtHandlerCPUUsage": {
        "value": 0.0008048653719794976
      },
      "avgVirtHandlerMemoryUsageInMB": {
        "value": 33.14513237968189
      },
      "maxVirtAPIMemoryUsageInMB": {
        "value": 161.44921875
      },
      "maxVirtControllerMemoryUsageInMB": {
        "value": 83.39453125
      },
      "maxVirtHandlerCPUUsage": {
        "value": 0.0008492957102014815
      },
      "maxVirtHandlerMemoryUsageInMB": {
        "value": 52.90109375
      },
      "minVirtAPIMemoryUsageInMB": {
        "value": 0
      },
      "minVirtControllerMemoryUsageInMB": {
        "value": 0.0546875
      },
      "minVirtHandlerCPUUsage": {
        "value": 0.000758719629521458
      },
      "minVirtHandlerMemoryUsageInMB": {
        "value": 6.642663043478261
      },
      "running-phase-count": {
        "value": 77
      },
      "scheduled-phase-count": {
        "value": 24
      },
      "vmiCreationToRunningSecondsP50": {
        "value": 18.541389699458936,
        "thresholdResult": {
          "thresholdValue": 45,
          "thresholdExceeded": false
        }
      },
      "vmiCreationToRunningSecondsP95": {
        "value": 28.794062440972834,
        "thresholdResult": {
          "thresholdValue": 60,
          "thresholdExceeded": false
        }
      },
      "vmiCreationToRunningSecondsP99": {
        "value": 29.758812488194565
      },
      "vmiDeletionToFailedSecondsP50": {
        "value": 0
      },
      "vmiDeletionToFailedSecondsP95": {
        "value": 0
      },
      "vmiDeletionToFailedSecondsP99": {
        "value": 0
      },
      "vmiDeletionToSucceededSecondsP50": {
        "value": 0
      },
      "vmiDeletionToSucceededSecondsP95": {
        "value": 0
      },
      "vmiDeletionToSucceededSecondsP99": {
        "value": 0
      }
    }
  },
  "VMResult": {
    "Values": {
      "CREATE-controllerrevisions-count": {
        "value": 132.36372725454908
      },
      "CREATE-events-count": {
        "value": 835.5583498666839
      },
      "CREATE-pods-count": {
        "value": 111.11111111111111
      },
      "CREATE-virtualmachineinstances-count": {
        "value": 132.36372725454908
      },
      "DELETE-pods-count": {
        "value": 189.44424724194246
      },
      "GET-leases-count": {
        "value": 187.7770617336991
      },
      "GET-nodes-count": {
        "value": 25.55575720687409
      },
      "PATCH-events-count": {
        "value": 98.18348165183481
      },
      "PATCH-nodes-count": {
        "value": 11.111197533104768
      },
      "PATCH-pods-count": {
        "value": 382.22222222222223
      },
      "PATCH-virtualmachineinstances-count": {
        "value": 198.88888888888889,
        "thresholdResult": {
          "thresholdValue": 222.22222222222223,
          "thresholdMetric": "CREATE-pods-count",
          "thresholdRatio": 1.7899999999999998,
          "thresholdExceeded": false
        }
      },
      "PATCH-virtualmachines-count": {
        "value": 132.36372725454908
      },
      "UPDATE-leases-count": {
        "value": 297.77777777777777
      },
      "UPDATE-virtualmachineinstances-count": {
        "value": 833.3351770025313,
        "thresholdResult": {
          "thresholdValue": 1111.111111111111,
          "thresholdMetric": "CREATE-pods-count",
          "thresholdRatio": 7.500016593022782,
          "thresholdExceeded": false
        }
      },
      "UPDATE-virtualmachines-count": {
        "value": 1233.606312070919
      },
      "WATCH-cdis-count": {
        "value": 1.1111111111111112
      },
      "WATCH-clusterrolebindings-count": {
        "value": 1.1111111111111112
      },
      "WATCH-clusterroles-count": {
        "value": 2.2222222222222223
      },
      "WATCH-configmaps-count": {
        "value": 15.555584362886773
      },
      "WATCH-controllerrevisions-count": {
        "value": 1.1111111111111112
      },
      "WATCH-customresourcedefinitions-count": {
        "value": 11.11113168805062
      },
      "WATCH-datasources-count": {
        "value": 3.3333333333333335
      },
      "WATCH-datavolumes-count": {
        "value": 1.1111111111111112
      },
      "WATCH-deployments-count": {
        "value": 2.2222222222222223
      },
      "WATCH-jobs-count": {
        "value": 2.2222222222222223
      },
      "WATCH-kubevirts-count": {
        "value": 8.888909465828398
      },
      "WATCH-migrationpolicies-count": {
        "value": 1.1111111111111112
      },
      "WATCH-mutatingwebhookconfigurations-count": {
        "value": 2.2222222222222223
      },
      "WATCH-namespaces-count": {
        "value": 3.3333333333333335
      },
      "WATCH-nodes-count": {
        "value": 1.1111111111111112
      },
      "WATCH-persistentvolumeclaims-count": {
        "value": 1.1111111111111112
      },
      "WATCH-poddisruptionbudgets-count": {
        "value": 3.3333333333333335
      },
      "WATCH-pods-count": {
        "value": 4.444444444444445
      },
      "WATCH-prometheusrules-count": {
        "value": 1.1111111111111112
      },
      "WATCH-resourcequotas-count": {
        "value": 1.1111111111111112
      },
      "WATCH-rolebindings-count": {
        "value": 1.1111111111111112
      },
      "WATCH-roles-count": {
        "value": 2.2222222222222223
      },
      "WATCH-secrets-count": {
        "value": 3.3333333333333335
      },
      "WATCH-serviceaccounts-count": {
        "value": 1.1111111111111112
      },
      "WATCH-services-count": {
        "value": 3.3333333333333335
      },
      "WATCH-storageclasses-count": {
        "value": 1.1111111111111112
      },
      "WATCH-storageprofiles-count": {
        "value": 1.1111111111111112
      },