{
  "JobDirCreationTime": "2025-12-15T06:22:14.576Z",
  "VMIResult": {
    "Values": {
      "CREATE-events-count": {
        "value": 103.11774193548388
      },
      "CREATE-pods-count": {
        "value": 102.09677419354838
      },
      "DELETE-jobs-count": {
        "value": 315.47903225806454
      },
      "GET-leases-count": {
        "value": 1196.0880184331797
      },
      "LIST-nodes-count": {
        "value": 315.47903225806454
      },
      "LIST-virtualmachineclusterinstancetypes-count": {
        "value": 315.47903225806454
      },
      "LIST-virtualmachineclusterpreferences-count": {
        "value": 315.47903225806454
      },
      "PATCH-nodes-count": {
        "value": 89.9099846390169
      },
      "PATCH-pods-count": {
        "value": 102.09677419354838
      },
      "PATCH-services-count": {
        "value": 1261.9161290322581
      },
      "UPDATE-configmaps-count": {
        "value": 315.47903225806454
      },
      "UPDATE-leases-count": {
        "value": 1893.8951612903227
      },
      "UPDATE-virtualmachineinstances-count": {
        "value": 308.3322580645161
      },
      "WATCH-clusterrolebindings-count": {
        "value": 9.10768049155146
      },
      "WATCH-clusterroles-count": {
        "value": 6.0771889400921655
      },
      "WATCH-configmaps-count": {
        "value": 63.948233486943174
      },
      "WATCH-controllerrevisions-count": {
        "value": 5.10483870967742
      },
      "WATCH-customresourcedefinitions-count": {
        "value": 44.66328725038403
      },
      "WATCH-daemonsets-count": {
        "value": 10.128648233486944
      },
      "WATCH-deployments-count": {
        "value": 7.09815668202765
      },
      "WATCH-ingresses-count": {
        "value": 4.083870967741936
      },
      "WATCH-jobs-count": {
        "value": 8.102918586789555
      },
      "WATCH-kubevirts-count": {
        "value": 37.58133640552995
      },
      "WATCH-leases-count": {
        "value": 9.10768049155146
      },
      "WATCH-migrationpolicies-count": {
        "value": 4.083870967741936
      },
      "WATCH-mutatingwebhookconfigurations-count": {
        "value": 8.102918586789555
      },
      "WATCH-namespaces-count": {
        "value": 22.39646697388633
      },
      "WATCH-nodes-count": {
        "value": 17.210599078341012
      },
      "WATCH-persistentvolumeclaims-count": {
        "value": 4.083870967741936
      },
      "WATCH-poddisruptionbudgets-count": {
        "value": 13.191551459293395
      },
      "WATCH-pods-count": {
        "value": 17.29162826420891
      },
      "WATCH-prometheusrules-count": {
        "value": 8.102918586789555
      },
      "WATCH-resourcequotas-count": {
        "value": 4.083870967741936
      },
      "WATCH-rolebindings-count": {
        "value": 8.102918586789555
      },
      "WATCH-roles-count": {
        "value": 9.123886328725039
      },
      "WATCH-routes-count": {
        "value": 13.191551459293395
      },
      "WATCH-secrets-count": {
        "value": 13.191551459293395
      },
      "WATCH-securitycontextconstraints-count": {
        "value": 8.102918586789555
      },
      "WATCH-serviceaccounts-count": {
        "value": 8.102918586789555
      },
      "WATCH-servicemonitors-count": {
        "value": 9.10768049155146
      },
      "WATCH-services-count": {
        "value": 14.228725038402459
      },
      "WATCH-storageclasses-count": {
        "value": 4.083870967741936
      },
      "WATCH-validatingwebhookconfigurations-count": {
        "value": 9.10768049155146
      },
      "WATCH-virtualmachinebackups-count": {
        "value": 11.230645161290322
      },
      "WATCH-virtualmachineclones-count": {
        "value": 5.10483870967742
      },
      "WATCH-virtualmachineclusterinstancetypes-count": {
        "value": 14.21251920122888
      },
      "WATCH-virtualmachineclusterpreferences-count": {
        "value": 11.182027649769585
      },
      "WATCH-virtualmachineexports-count": {
        "value": 4.083870967741936
      },
      "WATCH-virtualmachineinstancemigrations-count": {
        "value": 5.10483870967742
      },
      "WATCH-virtualmachineinstancepresets-count": {
        "value": 8.167741935483871
      },
      "WATCH-virtualmachineinstancereplicasets-count": {
        "value": 4.083870967741936
      },
      "WATCH-virtualmachineinstances-count": {
        "value": 41.45453149001536
      },
      "WATCH-virtualmachineinstancetypes-count": {
        "value": 3.0629032258064517
      },
      "WATCH-virtualmachinepools-count": {
        "value": 4.083870967741936
      },
      "WATCH-virtualmachinepreferences-count": {
        "value": 4.083870967741936
      },
      "WATCH-virtualmachinerestores-count": {
        "value": 14.293548387096775
      },
      "WATCH-virtualmachines-count": {
        "value": 4.083870967741936
      },
      "WATCH-virtualmachinesnapshotcontents-count": {
        "value": 5.10483870967742
      },
      "WATCH-virtualmachinesnapshots-count": {
        "value": 4.083870967741936
      },
      "WATCH-volumesnapshotclasses-count": {
        "value": 5.10483870967742
      },
      "WATCH-volumesnapshots-count": {
        "value": 4.083870967741936
      },
      "avgVirtAPICPUUsage": {
        "value": 0.0044087912723865
      },
      "avgVirtAPIMemoryUsageInMB": {
        "value": 199.21673341781374
      },
      "avgVirtControllerCPUUsage": {
        "value": 0.00840359010376344
      },
      "avgVirtControllerMemoryUsageInMB": {
        "value": 352.6095610119047
      },
      "maxVirtAPIMemoryUsageInMB": {
        "value": 227.798828125
      },
      "maxVirtControllerMemoryUsageInMB": {
        "value": 437.17578125
      },
      "minVirtAPIMemoryUsageInMB": {
        "value": 189.052734375
      },
      "minVirtControllerMemoryUsageInMB": {
        "value": 297.87890625
      },
      "scheduling-phase-count": {
        "value": 100
      },
      "vmiCreationToRunningSecondsP50": {
        "value": 0
      },
      "vmiCreationToRunningSecondsP95": {
        "value": 0
      },
      "vmiCreationToRunningSecondsP99": {
        "value": 0
      },
      "vmiDeletionToFailedSecondsP50": {
        "value": 0
      },
      "vmiDeletionToFailedSecondsP95": {
        "value": 0
      },
      "vmiDeletionToFailedSecondsP99": {
        "value": 0
      },
      "vmiDeletionToSucceededSecondsP50": {
        "value": 0
      },
      "vmiDeletionToSucceededSecondsP95": {
        "value": 0
      },
      "vmiDeletionToSucceededSecondsP99": {
        "value": 0
      }
    }
  },
  "VMResult": null
}
