{
  "JobDirCreationTime": "2026-05-03T08:45:15.269Z",
  "VMIResult": {
    "Values": {
      "CREATE-deployments-count": {
        "value": 2.1699904761904762
      },
      "CREATE-events-count": {
        "value": 114.21209253218376
      },
      "CREATE-poddisruptionbudgets-count": {
        "value": 2.1699904761904762
      },
      "CREATE-pods-count": {
        "value": 118.90618611678963
      },
      "GET-leases-count": {
        "value": 123.27878444444445
      },
      "GET-mutatingwebhookconfigurations-count": {
        "value": 37.974833333333336
      },
      "LIST-nodes-count": {
        "value": 37.974833333333336
      },
      "LIST-virtualmachineclusterinstancetypes-count": {
        "value": 29.443177777777773
      },
      "LIST-virtualmachineclusterpreferences-count": {
        "value": 29.443177777777773
      },
      "PATCH-nodes-count": {
        "value": 17.10606777777778
      },
      "PATCH-pods-count": {
        "value": 197.7242689538708
      },
      "PATCH-services-count": {
        "value": 149.89933333333332
      },
      "PATCH-validatingadmissionpolicies-count": {
        "value": 37.47483333333333
      },
      "PATCH-validatingadmissionpolicybindings-count": {
        "value": 37.47483333333333
      },
      "PATCH-virtualmachineinstances-count": {
        "value": 32.71452139714705,
        "thresholdResult": {
          "thresholdValue": 237.81237223357925,
          "thresholdMetric": "CREATE-pods-count",
          "thresholdRatio": 0.27512884287630635,
          "thresholdExceeded": true
        }
      },
      "UPDATE-configmaps-count": {
        "value": 37.974833333333336
      },
      "UPDATE-kubevirts-count": {
        "value": 2.1699904761904762
      },
      "UPDATE-leases-count": {
        "value": 213.98264186036175
      },
      "UPDATE-virtualmachineinstances-count": {
        "value": 437.5266459929488,
        "thresholdResult": {
          "thresholdValue": 1189.0618611678963,
          "thresholdMetric": "CREATE-pods-count",
          "thresholdRatio": 3.679595320324295,
          "thresholdExceeded": false
        }
      },
      "avgVirtAPICPUUsage": {
        "value": 0.010153585399333333
      },
      "avgVirtAPIMemoryUsageInMB": {
        "value": 148.4853515625
      },
      "avgVirtControllerCPUUsage": {
        "value": 0.02684234390362963
      },
      "avgVirtControllerMemoryUsageInMB": {
        "value": 62.560267857142854
      },
      "avgVirtHandlerCPUUsage": {
        "value": 0.0008458629003433053
      },
      "avgVirtHandlerMemoryUsageInMB": {
        "value": 14.283550073675304
      },
      "maxVirtAPIMemoryUsageInMB": {
        "value": 172.259765625
      },
      "maxVirtControllerMemoryUsageInMB": {
        "value": 91.08984375
      },
      "maxVirtHandlerCPUUsage": {
        "value": 0.0009150550451066665
      },
      "maxVirtHandlerMemoryUsageInMB": {
        "value": 31.041302849264707
      },
      "minVirtAPIMemoryUsageInMB": {
        "value": 139.37109375
      },
      "minVirtControllerMemoryUsageInMB": {
        "value": 52.171875
      },
      "minVirtHandlerCPUUsage": {
        "value": 0.0008160981792356904
      },
      "minVirtHandlerMemoryUsageInMB": {
        "value": 6.407769097222222
      },
      "none-none-count": {
        "value": 1.1728682428929085
      },
      "running-phase-count": {
        "value": 101
      },
      "virtControllerWorkqueueAddRate": {
        "value": 16.429702380952378
      },
      "virtControllerWorkqueueDepth": {
        "value": 0.003589285714285714
      },
      "virtControllerWorkqueueP99Latency": {
        "value": 0.06653904625511183
      },
      "vmiCreationToRunningSecondsP50": {
        "value": 15.58089217296114,
        "thresholdResult": {
          "thresholdValue": 45,
          "thresholdExceeded": false
        }
      },
      "vmiCreationToRunningSecondsP95": {
        "value": 25.196275287621663,
        "thresholdResult": {
          "thresholdValue": 60,
          "thresholdExceeded": false
        }
      },
      "vmiCreationToRunningSecondsP99": {
        "value": 29.039255057524336
      },
      "vmiDeletionToFailedSecondsP50": {
        "value": 0
      },
      "vmiDeletionToFailedSecondsP95": {
        "value": 0
      },
      "vmiDeletionToFailedSecondsP99": {
        "value": 0
      },
      "vmiDeletionToSucceededSecondsP50": {
        "value": 0
      },
      "vmiDeletionToSucceededSecondsP95": {
        "value": 0
      },
      "vmiDeletionToSucceededSecondsP99": {
        "value": 0
      }
    }
  },
  "VMResult": {
    "Values": {
      "CREATE-events-count": {
        "value": 725.5533909625361
      },
      "CREATE-pods-count": {
        "value": 89.99933333827157
      },
      "GET-leases-count": {
        "value": 188.8878395178325
      },
      "GET-mutatingwebhookconfigurations-count": {
        "value": 50
      },
      "LIST-nodes-count": {
        "value": 50
      },
      "LIST-virtualmachineclusterinstancetypes-count": {
        "value": 50
      },
      "LIST-virtualmachineclusterpreferences-count": {
        "value": 50
      },
      "PATCH-nodes-count": {
        "value": 20
      },
      "PATCH-pods-count": {
        "value": 123.33241975985364
      },
      "PATCH-services-count": {
        "value": 200
      },
      "PATCH-validatingadmissionpolicies-count": {
        "value": 50
      },
      "PATCH-validatingadmissionpolicybindings-count": {
        "value": 50
      },
      "PATCH-virtualmachineinstances-count": {
        "value": 113.33249383337902,
        "thresholdResult": {
          "thresholdValue": 179.99866667654314,
          "thresholdMetric": "CREATE-pods-count",
          "thresholdRatio": 1.2592592592592593,
          "thresholdExceeded": false
        }
      },
      "UPDATE-configmaps-count": {
        "value": 50
      },
      "UPDATE-leases-count": {
        "value": 298.8877777860082
      },
      "UPDATE-virtualmachineinstances-count": {
        "value": 679.9971193629018,
        "thresholdResult": {
          "thresholdValue": 899.9933333827157,
          "thresholdMetric": "CREATE-pods-count",
          "thresholdRatio": 7.5555795153177865,
          "thresholdExceeded": false
        }
      },
      "WATCH-cdis-count": {
        "value": 1.111102880719402
      },
      "WATCH-clusterrolebindings-count": {
        "value": 2.2222098766803824
      },
      "WATCH-clusterroles-count": {
        "value": 2.2222098766803824
      },
      "WATCH-configmaps-count": {
        "value": 11.1111028807194
      },
      "WATCH-controllerrevisions-count": {
        "value": 1.111102880719402
      },
      "WATCH-customresourcedefinitions-count": {
        "value": 8.888868312955339
      },
      "WATCH-daemonsets-count": {
        "value": 1.1110987655692712
      },
      "WATCH-datasources-count": {
        "value": 2.2222139918305133
      },
      "WATCH-deployments-count": {
        "value": 1.1111111111111112
      },
      "WATCH-ingresses-count": {
        "value": 1.111102880719402
      },
      "WATCH-jobs-count": {
        "value": 1.1111111111111112
      },
      "WATCH-kubevirts-count": {
        "value": 8.888880658497179
      },
      "WATCH-leases-count": {
        "value": 1.1111111111111112
      },
      "WATCH-migrationpolicies-count": {
        "value": 1.111102880719402
      },
      "WATCH-mutatingwebhookconfigurations-count": {
        "value": 2.2222098766803824
      },
      "WATCH-namespaces-count": {
        "value": 5.555534979622006
      },
      "WATCH-nodes-count": {
        "value": 2.2222139918305133
      },
      "WATCH-persistentvolumeclaims-count": {
        "value": 1.111102880719402
      },
      "WATCH-poddisruptionbudgets-count": {
        "value": 2.2222016462886733
      },
      "WATCH-pods-count": {
        "value": 2.2222139918305133
      },
      "WATCH-prometheusrules-count": {
        "value": 2.2222098766803824
      },