{
  "JobDirCreationTime": "2025-03-30T08:18:50.562Z",
  "VMIResult": {
    "Values": {
      "CREATE-events-count": {
        "value": 189.1046791537637
      },
      "CREATE-pods-count": {
        "value": 113.81416666666667
      },
      "GET-leases-count": {
        "value": 191.11111111111111
      },
      "GET-nodes-count": {
        "value": 30.000000000000004
      },
      "LIST-nodes-count": {
        "value": 1.1110987655692712
      },
      "LIST-virtualmachineclusterinstancetypes-count": {
        "value": 1.1110987655692712
      },
      "LIST-virtualmachineclusterpreferences-count": {
        "value": 1.1110987655692712
      },
      "PATCH-nodes-count": {
        "value": 13.333333333333334
      },
      "PATCH-pods-count": {
        "value": 369.6460416666667
      },
      "PATCH-services-count": {
        "value": 4.444395062277085
      },
      "PATCH-validatingadmissionpolicies-count": {
        "value": 1.1110987655692712
      },
      "PATCH-validatingadmissionpolicybindings-count": {
        "value": 1.1110987655692712
      },
      "PATCH-virtualmachineinstances-count": {
        "value": 72.42218888888888,
        "thresholdResult": {
          "thresholdValue": 227.62833333333333,
          "thresholdMetric": "CREATE-pods-count",
          "thresholdRatio": 0.6363196341013981,
          "thresholdExceeded": false
        }
      },
      "UPDATE-leases-count": {
        "value": 297.77612347517123
      },
      "UPDATE-virtualmachineinstances-count": {
        "value": 575.3969548417567,
        "thresholdResult": {
          "thresholdValue": 1138.1416666666667,
          "thresholdMetric": "CREATE-pods-count",
          "thresholdRatio": 5.05558290056238,
          "thresholdExceeded": false
        }
      },
      "WATCH-cdiconfigs-count": {
        "value": 1.1111111111111112
      },
      "WATCH-clusterrolebindings-count": {
        "value": 1.1110987655692712
      },
      "WATCH-clusterroles-count": {
        "value": 1.1110987655692712
      },
      "WATCH-configmaps-count": {
        "value": 8.888864197805209
      },
      "WATCH-customresourcedefinitions-count": {
        "value": 1.1110987655692712
      },
      "WATCH-datasources-count": {
        "value": 1.1111111111111112
      },
      "WATCH-kubevirts-count": {
        "value": 2.2222098766803824
      },
      "WATCH-mutatingwebhookconfigurations-count": {
        "value": 1.1111111111111112
      },
      "WATCH-nodes-count": {
        "value": 1.1111111111111112
      },
      "WATCH-persistentvolumeclaims-count": {
        "value": 1.1111111111111112
      },
      "WATCH-pods-count": {
        "value": 1.1111111111111112
      },
      "WATCH-secrets-count": {
        "value": 2.2222098766803824
      },
      "WATCH-servicemonitors-count": {
        "value": 1.1110987655692712
      },
      "WATCH-storageclasses-count": {
        "value": 1.1111111111111112
      },
      "WATCH-validatingadmissionpolicies-count": {
        "value": 2.2222098766803824
      },
      "WATCH-validatingadmissionpolicybindings-count": {
        "value": 2.2222098766803824
      },
      "WATCH-validatingwebhookconfigurations-count": {
        "value": 1.1111111111111112
      },
      "WATCH-virtualmachineclusterinstancetypes-count": {
        "value": 1.1110987655692712
      },
      "WATCH-virtualmachineclusterpreferences-count": {
        "value": 1.1111111111111112
      },
      "WATCH-virtualmachineexports-count": {
        "value": 1.1111111111111112
      },
      "WATCH-virtualmachineinstancemigrations-count": {
        "value": 1.1111111111111112
      },
      "WATCH-virtualmachineinstancepresets-count": {
        "value": 1.1111111111111112
      },
      "WATCH-virtualmachinerestores-count": {
        "value": 1.1111111111111112
      },
      "avgVirtAPICPUUsage": {
        "value": 0.008736672222222224
      },
      "avgVirtAPIMemoryUsageInMB": {
        "value": 138.06328125
      },
      "avgVirtControllerCPUUsage": {
        "value": 0.021704618518518518
      },
      "avgVirtControllerMemoryUsageInMB": {
        "value": 67.130859375
      },
      "avgVirtHandlerCPUUsage": {
        "value": 0.0007033073363438769
      },
      "avgVirtHandlerMemoryUsageInMB": {
        "value": 18.196856637286324
      },
      "maxVirtAPIMemoryUsageInMB": {
        "value": 158.71875
      },
      "maxVirtControllerMemoryUsageInMB": {
        "value": 86.0703125
      },
      "maxVirtHandlerCPUUsage": {
        "value": 0.0007334413705416991
      },
      "maxVirtHandlerMemoryUsageInMB": {
        "value": 60.026584201388886
      },
      "minVirtAPIMemoryUsageInMB": {
        "value": 122.703125
      },
      "minVirtControllerMemoryUsageInMB": {
        "value": 58.453125
      },
      "minVirtHandlerCPUUsage": {
        "value": 0.0006607842592592592
      },
      "minVirtHandlerMemoryUsageInMB": {
        "value": 3.100360576923077
      },
      "running-phase-count": {
        "value": 62
      },
      "scheduled-phase-count": {
        "value": 39
      },
      "vmiCreationToRunningSecondsP50": {
        "value": 19.37182974491875,
        "thresholdResult": {
          "thresholdValue": 45,
          "thresholdExceeded": false
        }
      },
      "vmiCreationToRunningSecondsP95": {
        "value": 28.928157054170356,
        "thresholdResult": {
          "thresholdValue": 60,
          "thresholdExceeded": false
        }
      },
      "vmiCreationToRunningSecondsP99": {
        "value": 29.78563141083407
      },
      "vmiDeletionToFailedSecondsP50": {
        "value": 0
      },
      "vmiDeletionToFailedSecondsP95": {
        "value": 0
      },
      "vmiDeletionToFailedSecondsP99": {
        "value": 0
      },
      "vmiDeletionToSucceededSecondsP50": {
        "value": 0
      },
      "vmiDeletionToSucceededSecondsP95": {
        "value": 0
      },
      "vmiDeletionToSucceededSecondsP99": {
        "value": 0
      }
    }
  },
  "VMResult": {
    "Values": {
      "CREATE-controllerrevisions-count": {
        "value": 135.5176
      },
      "CREATE-events-count": {
        "value": 826.6674567959764
      },
      "CREATE-pods-count": {
        "value": 111.11111111111111
      },
      "CREATE-virtualmachineinstances-count": {
        "value": 135.5176
      },
      "DELETE-pods-count": {
        "value": 119.732
      },
      "GET-leases-count": {
        "value": 185.5542057813135
      },
      "GET-nodes-count": {
        "value": 27.777818930345987
      },
      "PATCH-nodes-count": {
        "value": 12.222238683249506
      },
      "PATCH-pods-count": {
        "value": 375.55555555555554
      },
      "PATCH-virtualmachineinstances-count": {
        "value": 193.33333333333334,
        "thresholdResult": {
          "thresholdValue": 222.22222222222223,
          "thresholdMetric": "CREATE-pods-count",
          "thresholdRatio": 1.74,
          "thresholdExceeded": false
        }
      },
      "PATCH-virtualmachines-count": {
        "value": 135.5176
      },
      "UPDATE-leases-count": {
        "value": 297.7761234751713
      },
      "UPDATE-virtualmachineinstances-count": {
        "value": 785.5559835422648,
        "thresholdResult": {
          "thresholdValue": 1111.111111111111,
          "thresholdMetric": "CREATE-pods-count",
          "thresholdRatio": 7.070003851880383,
          "thresholdExceeded": false
        }
      },
      "UPDATE-virtualmachines-count": {
        "value": 1298.0956
      },
      "WATCH-cdiconfigs-count": {
        "value": 1.1111111111111112
      },
      "WATCH-cdis-count": {
        "value": 1.1111111111111112
      },
      "WATCH-clusterrolebindings-count": {
        "value": 1.1110946504496229
      },
      "WATCH-configmaps-count": {
        "value": 11.111061729218097
      },
      "WATCH-controllerrevisions-count": {
        "value": 1.1111111111111112
      },