{
  "JobDirCreationTime": "2026-02-03T13:13:14.131Z",
  "VMIResult": {
    "Values": {
      "CREATE-events-count": {
        "value": 16023.419666954022
      },
      "CREATE-pods-count": {
        "value": 8011.209195402298
      },
      "DELETE-pods-count": {
        "value": 7208.815129761905
      },
      "GET-leases-count": {
        "value": 2197.2594535462986
      },
      "LIST-virtualmachineclusterinstancetypes-count": {
        "value": 583.6471264367816
      },
      "LIST-virtualmachineclusterpreferences-count": {
        "value": 583.6471264367816
      },
      "PATCH-nodes-count": {
        "value": 57.55689655172414
      },
      "PATCH-pods-count": {
        "value": 17886.026750560075
      },
      "PATCH-services-count": {
        "value": 2334.5885057471264
      },
      "PATCH-validatingadmissionpolicies-count": {
        "value": 583.6471264367816
      },
      "PATCH-validatingadmissionpolicybindings-count": {
        "value": 583.6471264367816
      },
      "PATCH-virtualmachineinstances-count": {
        "value": 17556.636545238096,
        "thresholdResult": {
          "thresholdValue": 16022.418390804596,
          "thresholdMetric": "CREATE-pods-count",
          "thresholdRatio": 2.1915089366676384,
          "thresholdExceeded": false
        }
      },
      "UPDATE-configmaps-count": {
        "value": 583.6471264367816
      },
      "UPDATE-leases-count": {
        "value": 3501.8827586206894
      },
      "UPDATE-virtualmachineinstances-count": {
        "value": 26857.33160428954,
        "thresholdResult": {
          "thresholdValue": 80112.09195402298,
          "thresholdMetric": "CREATE-pods-count",
          "thresholdRatio": 3.3524691403269298,
          "thresholdExceeded": false
        }
      },
      "WATCH-cdiconfigs-count": {
        "value": 7.0683908045977
      },
      "WATCH-cdis-count": {
        "value": 9.087931034482757
      },
      "WATCH-clusterrolebindings-count": {
        "value": 15.146549402827986
      },
      "WATCH-clusterroles-count": {
        "value": 14.1367795780492
      },
      "WATCH-configmaps-count": {
        "value": 100.8561770469183
      },
      "WATCH-controllerrevisions-count": {
        "value": 8.07816091954023
      },
      "WATCH-customresourcedefinitions-count": {
        "value": 69.60508975831866
      },
      "WATCH-daemonsets-count": {
        "value": 16.156319517770516
      },
      "WATCH-datasources-count": {
        "value": 24.165438648197267
      },
      "WATCH-datavolumes-count": {
        "value": 7.0683908045977
      },
      "WATCH-deployments-count": {
        "value": 18.175859457491832
      },
      "WATCH-ingresses-count": {
        "value": 8.07816091954023
      },
      "WATCH-jobs-count": {
        "value": 15.14654969299173
      },
      "WATCH-kubevirts-count": {
        "value": 54.46716999880237
      },
      "WATCH-leases-count": {
        "value": 15.14654969299173
      },
      "WATCH-migrationpolicies-count": {
        "value": 7.0683908045977
      },
      "WATCH-mutatingwebhookconfigurations-count": {
        "value": 16.156319517770516
      },
      "WATCH-namespaces-count": {
        "value": 38.310848449885654
      },
      "WATCH-nodes-count": {
        "value": 15.146551724137929
      },
      "WATCH-persistentvolumeclaims-count": {
        "value": 8.07816091954023
      },
      "WATCH-poddisruptionbudgets-count": {
        "value": 23.224710322368217
      },
      "WATCH-pods-count": {
        "value": 33.32241118162976
      },
      "WATCH-prometheusrules-count": {
        "value": 16.156319517770516
      },
      "WATCH-resourcequotas-count": {
        "value": 7.0683908045977
      },
      "WATCH-rolebindings-count": {
        "value": 15.14654969299173
      },
      "WATCH-roles-count": {
        "value": 16.156319517770516
      },
      "WATCH-secrets-count": {
        "value": 24.234480147147003
      },
      "WATCH-serviceaccounts-count": {
        "value": 15.146549402827986
      },
      "WATCH-servicemonitors-count": {
        "value": 15.146549402827986
      },
      "WATCH-services-count": {
        "value": 26.254020377032063
      },
      "WATCH-storageclasses-count": {
        "value": 8.07816091954023
      },
      "WATCH-storageprofiles-count": {
        "value": 7.0683908045977
      },
      "WATCH-validatingadmissionpolicies-count": {
        "value": 15.14654969299173
      },
      "WATCH-validatingadmissionpolicybindings-count": {
        "value": 16.15631980793426
      },
      "WATCH-validatingwebhookconfigurations-count": {
        "value": 15.146549402827986
      },
      "WATCH-virtualmachinebackups-count": {
        "value": 24.15680813439434
      },
      "WATCH-virtualmachinebackuptrackers-count": {
        "value": 7.0683908045977
      },
      "WATCH-virtualmachineclones-count": {
        "value": 7.0683908045977
      },
      "WATCH-virtualmachineclusterinstancetypes-count": {
        "value": 23.224710322368217
      },
      "WATCH-virtualmachineclusterpreferences-count": {
        "value": 24.234480437310747
      },
      "WATCH-virtualmachineexports-count": {
        "value": 7.0683908045977
      },
      "WATCH-virtualmachineinstancemigrations-count": {
        "value": 8.07816091954023
      },
      "WATCH-virtualmachineinstancepresets-count": {
        "value": 16.08727772865704
      },
      "WATCH-virtualmachineinstancereplicasets-count": {
        "value": 7.0683908045977
      },
      "WATCH-virtualmachineinstances-count": {
        "value": 34.33218390804598
      },
      "WATCH-virtualmachineinstancetypes-count": {
        "value": 8.07816091954023
      },
      "WATCH-virtualmachinepools-count": {
        "value": 8.07816091954023
      },
      "WATCH-virtualmachinepreferences-count": {
        "value": 7.0683908045977
      },
      "WATCH-virtualmachinerestores-count": {
        "value": 21.144758817172608
      },
      "WATCH-virtualmachines-count": {
        "value": 8.07816091954023
      },
      "WATCH-virtualmachinesnapshotcontents-count": {
        "value": 8.07816091954023
      },
      "WATCH-virtualmachinesnapshots-count": {
        "value": 9.087931034482757
      },
      "avgVirtAPICPUUsage": {
        "value": 0.03013166479885057
      },
      "avgVirtAPIMemoryUsageInMB": {
        "value": 167.27106704059833
      },
      "avgVirtControllerCPUUsage": {
        "value": 0.2798468140804598
      },
      "avgVirtControllerMemoryUsageInMB": {
        "value": 1398.734174679487
      },
      "maxVirtAPIMemoryUsageInMB": {
        "value": 173.001953125
      },
      "maxVirtControllerMemoryUsageInMB": {
        "value": 2221.57421875
      },
      "minVirtAPIMemoryUsageInMB": {
        "value": 147.009765625
      },
      "minVirtControllerMemoryUsageInMB": {
        "value": 493.16015625
      },
      "virtControllerWorkqueueAddRate": {
        "value": 231.90876957326685
      },
      "virtControllerWorkqueueDepth": {
        "value": 0.0213704357447059
      },
      "virtControllerWorkqueueP99Latency": {
        "value": 0.3856902986763987
      },
      "vmiCreationToRunningSecondsP50": {
        "value": 0.48373631955725854,
        "thresholdResult": {
          "thresholdValue": 45,
          "thresholdExceeded": false
        }
      },
      "vmiCreationToRunningSecondsP95": {
        "value": 0.9736196760321403,
        "thresholdResult": {
          "thresholdValue": 60,
          "thresholdExceeded": false
        }
      },
      "vmiCreationToRunningSecondsP99": {
        "value": 1.6134759425673928
      },
      "vmiDeletionToFailedSecondsP50": {
        "value": 0
      },
      "vmiDeletionToFailedSecondsP95": {
        "value": 0
      },
      "vmiDeletionToFailedSecondsP99": {
        "value": 0
      },
      "vmiDeletionToSucceededSecondsP50": {
        "value": 0
      },
      "vmiDeletionToSucceededSecondsP95": {
        "value": 0
      },