{
  "JobDirCreationTime": "2026-02-19T05:12:46.039Z",
  "VMIResult": {
    "Values": {
      "CREATE-events-count": {
        "value": 15366.860772584836
      },
      "CREATE-pods-count": {
        "value": 8060.72632487566
      },
      "DELETE-pods-count": {
        "value": 5912.179321080246
      },
      "GET-leases-count": {
        "value": 2171.1792932134085
      },
      "LIST-virtualmachineclusterinstancetypes-count": {
        "value": 580.6400000000001
      },
      "LIST-virtualmachineclusterpreferences-count": {
        "value": 580.6400000000001
      },
      "PATCH-nodes-count": {
        "value": 55.73333333333334
      },
      "PATCH-pods-count": {
        "value": 18121.3712639577
      },
      "PATCH-services-count": {
        "value": 2322.5600000000004
      },
      "PATCH-validatingadmissionpolicies-count": {
        "value": 580.6400000000001
      },
      "PATCH-validatingadmissionpolicybindings-count": {
        "value": 580.6400000000001
      },
      "PATCH-virtualmachineinstances-count": {
        "value": 13397.46378739092,
        "thresholdResult": {
          "thresholdValue": 16121.45264975132,
          "thresholdMetric": "CREATE-pods-count",
          "thresholdRatio": 1.6620665740810374,
          "thresholdExceeded": false
        }
      },
      "UPDATE-configmaps-count": {
        "value": 580.6400000000001
      },
      "UPDATE-leases-count": {
        "value": 3485.865151073782
      },
      "UPDATE-virtualmachineinstances-count": {
        "value": 26944.75744530933,
        "thresholdResult": {
          "thresholdValue": 80607.2632487566,
          "thresholdMetric": "CREATE-pods-count",
          "thresholdRatio": 3.3427207871028872,
          "thresholdExceeded": false
        }
      },
      "WATCH-cdiconfigs-count": {
        "value": 8.106659617397433
      },
      "WATCH-cdis-count": {
        "value": 8.106659617397433
      },
      "WATCH-clusterrolebindings-count": {
        "value": 15.199992950730769
      },
      "WATCH-clusterroles-count": {
        "value": 16.213325402905447
      },
      "WATCH-configmaps-count": {
        "value": 103.22893027089522
      },
      "WATCH-controllerrevisions-count": {
        "value": 7.093327165222754
      },
      "WATCH-customresourcedefinitions-count": {
        "value": 71.78940413954862
      },
      "WATCH-daemonsets-count": {
        "value": 16.213326284064102
      },
      "WATCH-datasources-count": {
        "value": 23.236774559926168
      },
      "WATCH-datavolumes-count": {
        "value": 7.093327165222754
      },
      "WATCH-deployments-count": {
        "value": 15.199994713048078
      },
      "WATCH-ingresses-count": {
        "value": 8.106659617397433
      },
      "WATCH-jobs-count": {
        "value": 16.213326284064102
      },
      "WATCH-kubevirts-count": {
        "value": 56.606882453185676
      },
      "WATCH-leases-count": {
        "value": 16.213326284064102
      },
      "WATCH-migrationpolicies-count": {
        "value": 8.106659617397433
      },
      "WATCH-mutatingwebhookconfigurations-count": {
        "value": 15.199992950730769
      },
      "WATCH-namespaces-count": {
        "value": 39.45010084399027
      },
      "WATCH-nodes-count": {
        "value": 15.199992950730767
      },
      "WATCH-persistentvolumeclaims-count": {
        "value": 7.093327165222754
      },
      "WATCH-poddisruptionbudgets-count": {
        "value": 22.29332099711218
      },
      "WATCH-pods-count": {
        "value": 30.39998061450961
      },
      "WATCH-prometheusrules-count": {
        "value": 16.213326284064102
      },
      "WATCH-resourcequotas-count": {
        "value": 8.106659617397433
      },
      "WATCH-rolebindings-count": {
        "value": 17.226659617397438
      },
      "WATCH-roles-count": {
        "value": 14.186659617397435
      },
      "WATCH-secrets-count": {
        "value": 22.293320115953524
      },
      "WATCH-serviceaccounts-count": {
        "value": 16.213326284064102
      },
      "WATCH-servicemonitors-count": {
        "value": 15.199992950730769
      },
      "WATCH-services-count": {
        "value": 23.3066525681282
      },
      "WATCH-storageclasses-count": {
        "value": 9.119992069572113
      },
      "WATCH-storageprofiles-count": {
        "value": 8.106659617397433
      },
      "WATCH-validatingadmissionpolicies-count": {
        "value": 17.226658736238782
      },
      "WATCH-validatingadmissionpolicybindings-count": {
        "value": 15.199993831889422
      },
      "WATCH-validatingwebhookconfigurations-count": {
        "value": 15.199992950730769
      },
      "WATCH-virtualmachinebackups-count": {
        "value": 26.276773678767515
      },
      "WATCH-virtualmachinebackuptrackers-count": {
        "value": 16.213327165222754
      },
      "WATCH-virtualmachineclones-count": {
        "value": 7.093327165222754
      },
      "WATCH-virtualmachineclusterinstancetypes-count": {
        "value": 23.3066525681282
      },
      "WATCH-virtualmachineclusterpreferences-count": {
        "value": 24.31998678262019
      },
      "WATCH-virtualmachineexports-count": {
        "value": 8.106659617397433
      },
      "WATCH-virtualmachineinstancemigrations-count": {
        "value": 8.106659617397433
      },
      "WATCH-virtualmachineinstancepresets-count": {
        "value": 17.148045977011495
      },
      "WATCH-virtualmachineinstancereplicasets-count": {
        "value": 8.106659617397433
      },
      "WATCH-virtualmachineinstances-count": {
        "value": 30.39999295073077
      },
      "WATCH-virtualmachineinstancetypes-count": {
        "value": 8.106659617397433
      },
      "WATCH-virtualmachinepools-count": {
        "value": 8.106659617397433
      },
      "WATCH-virtualmachinepreferences-count": {
        "value": 7.093327165222754
      },
      "WATCH-virtualmachinerestores-count": {
        "value": 24.250107893259504
      },
      "WATCH-virtualmachines-count": {
        "value": 8.106659617397433
      },
      "WATCH-virtualmachinesnapshotcontents-count": {
        "value": 8.106659617397433
      },
      "WATCH-virtualmachinesnapshots-count": {
        "value": 8.106659617397433
      },
      "avgVirtAPICPUUsage": {
        "value": 0.028516795977011497
      },
      "avgVirtAPIMemoryUsageInMB": {
        "value": 174.33638822115384
      },
      "avgVirtControllerCPUUsage": {
        "value": 0.2681325994252874
      },
      "avgVirtControllerMemoryUsageInMB": {
        "value": 1380.2567441239319
      },
      "maxVirtAPIMemoryUsageInMB": {
        "value": 175.390625
      },
      "maxVirtControllerMemoryUsageInMB": {
        "value": 2198.95703125
      },
      "minVirtAPIMemoryUsageInMB": {
        "value": 143.150390625
      },
      "minVirtControllerMemoryUsageInMB": {
        "value": 494.4453125
      },
      "virtControllerWorkqueueAddRate": {
        "value": 232.58004164759728
      },
      "virtControllerWorkqueueDepth": {
        "value": 0.035157589626239515
      },
      "virtControllerWorkqueueP99Latency": {
        "value": 0.4524351947515276
      },
      "vmiCreationToRunningSecondsP50": {
        "value": 0.49918845704606785,
        "thresholdResult": {
          "thresholdValue": 45,
          "thresholdExceeded": false
        }
      },
      "vmiCreationToRunningSecondsP95": {
        "value": 0.9777918161894863,
        "thresholdResult": {
          "thresholdValue": 60,
          "thresholdExceeded": false
        }
      },
      "vmiCreationToRunningSecondsP99": {
        "value": 1.6566097601058236
      },
      "vmiDeletionToFailedSecondsP50": {
        "value": 0
      },
      "vmiDeletionToFailedSecondsP95": {
        "value": 0
      },
      "vmiDeletionToFailedSecondsP99": {
        "value": 0
      },
      "vmiDeletionToSucceededSecondsP50": {
        "value": 0
      },
      "vmiDeletionToSucceededSecondsP95": {
        "value": 0
      },