{
  "JobDirCreationTime": "2024-08-16T05:08:40.813Z",
  "VMIResult": {
    "Values": {
      "CREATE-events-count": {
        "value": 719.7777046296296
      },
      "CREATE-pods-count": {
        "value": 108.09333333333333
      },
      "DELETE-pods-count": {
        "value": 109.86666666666667
      },
      "GET-leases-count": {
        "value": 185.55555555555557
      },
      "GET-nodes-count": {
        "value": 23.333333333333336
      },
      "LIST-clusterroles-count": {
        "value": 2.2222222222222223
      },
      "LIST-configmaps-count": {
        "value": 4.444444444444445
      },
      "LIST-controllerrevisions-count": {
        "value": 1.1111111111111112
      },
      "LIST-customresourcedefinitions-count": {
        "value": 6.666666666666667
      },
      "LIST-daemonsets-count": {
        "value": 1.1111111111111112
      },
      "LIST-deployments-count": {
        "value": 2.2222222222222223
      },
      "LIST-kubevirts-count": {
        "value": 3.3333333333333335
      },
      "LIST-migrationpolicies-count": {
        "value": 1.1111111111111112
      },
      "LIST-namespaces-count": {
        "value": 3.3333333333333335
      },
      "LIST-nodes-count": {
        "value": 1.1111111111111112
      },
      "LIST-poddisruptionbudgets-count": {
        "value": 3.3333333333333335
      },
      "LIST-pods-count": {
        "value": 3.3333333333333335
      },
      "LIST-resourcequotas-count": {
        "value": 1.1111111111111112
      },
      "LIST-rolebindings-count": {
        "value": 2.2222222222222223
      },
      "LIST-roles-count": {
        "value": 1.1111111111111112
      },
      "LIST-routes-count": {
        "value": 2.2222222222222223
      },
      "LIST-secrets-count": {
        "value": 3.3333333333333335
      },
      "LIST-securitycontextconstraints-count": {
        "value": 2.2222222222222223
      },
      "LIST-serviceaccounts-count": {
        "value": 1.1111111111111112
      },
      "LIST-servicemonitors-count": {
        "value": 2.2222222222222223
      },
      "LIST-services-count": {
        "value": 2.2222222222222223
      },
      "LIST-storageclasses-count": {
        "value": 1.1111111111111112
      },
      "LIST-validatingwebhookconfigurations-count": {
        "value": 1.1111111111111112
      },
      "LIST-virtualmachineclusterinstancetypes-count": {
        "value": 3.3333333333333335
      },
      "LIST-virtualmachineclusterpreferences-count": {
        "value": 2.2222222222222223
      },
      "LIST-virtualmachineinstancepresets-count": {
        "value": 2.2222222222222223
      },
      "LIST-virtualmachineinstancereplicasets-count": {
        "value": 1.1111111111111112
      },
      "LIST-virtualmachineinstances-count": {
        "value": 3.3333333333333335
      },
      "LIST-virtualmachinerestores-count": {
        "value": 1.1111111111111112
      },
      "LIST-volumesnapshotclasses-count": {
        "value": 1.1111111111111112
      },
      "PATCH-events-count": {
        "value": 46.427200000000006
      },
      "PATCH-nodes-count": {
        "value": 10
      },
      "PATCH-pods-count": {
        "value": 216.2576
      },
      "PATCH-services-count": {
        "value": 4.444444444444445
      },
      "PATCH-virtualmachineinstances-count": {
        "value": 219.73333333333335
      },
      "UPDATE-leases-count": {
        "value": 300
      },
      "UPDATE-virtualmachineinstances-count": {
        "value": 1138.7584333333334
      },
      "avgVirtAPICPUUsage": {
        "value": 0.04455242408703704
      },
      "avgVirtAPIMemoryUsageInMB": {
        "value": 185.69453125
      },
      "avgVirtControllerCPUUsage": {
        "value": 0.03489226395740741
      },
      "avgVirtControllerMemoryUsageInMB": {
        "value": 118.780859375
      },
      "maxVirtAPIMemoryUsageInMB": {
        "value": 193.02734375
      },
      "maxVirtControllerMemoryUsageInMB": {
        "value": 144.66796875
      },
      "minVirtAPIMemoryUsageInMB": {
        "value": 158.31640625
      },
      "minVirtControllerMemoryUsageInMB": {
        "value": 93.61328125
      },
      "succeeded-phase-count": {
        "value": 30
      },
      "vmiCreationToRunningSecondsP50": {
        "value": 43.36296037092118
      },
      "vmiCreationToRunningSecondsP95": {
        "value": 49.85058175137783
      },
      "vmiCreationToRunningSecondsP99": {
        "value": 57.477036129822416
      },
      "vmiDeletionToFailedSecondsP50": {
        "value": 0
      },
      "vmiDeletionToFailedSecondsP95": {
        "value": 0
      },
      "vmiDeletionToFailedSecondsP99": {
        "value": 0
      },
      "vmiDeletionToSucceededSecondsP50": {
        "value": 1.5081445192896508
      },
      "vmiDeletionToSucceededSecondsP95": {
        "value": 17.75226236646935
      },
      "vmiDeletionToSucceededSecondsP99": {
        "value": 19.994896917738316
      }
    }
  },
  "VMResult": null
}
