{
  "JobDirCreationTime": "2026-03-09T06:18:14.235Z",
  "VMIResult": {
    "Values": {
      "CREATE-events-count": {
        "value": 156.74285714285713
      },
      "CREATE-pods-count": {
        "value": 100.47619047619048
      },
      "DELETE-jobs-count": {
        "value": 322.6258064516129
      },
      "DELETE-pods-count": {
        "value": 131.91535709501147
      },
      "GET-leases-count": {
        "value": 1182.6047619047617
      },
      "GET-mutatingwebhookconfigurations-count": {
        "value": 322.6258064516129
      },
      "LIST-nodes-count": {
        "value": 322.6258064516129
      },
      "LIST-virtualmachineclusterinstancetypes-count": {
        "value": 322.6258064516129
      },
      "LIST-virtualmachineclusterpreferences-count": {
        "value": 322.6258064516129
      },
      "PATCH-events-count": {
        "value": 74.9352306010929
      },
      "PATCH-nodes-count": {
        "value": 91.88709677419355
      },
      "PATCH-pods-count": {
        "value": 100.47619047619048
      },
      "PATCH-services-count": {
        "value": 1290.5032258064516
      },
      "UPDATE-configmaps-count": {
        "value": 322.6258064516129
      },
      "UPDATE-leases-count": {
        "value": 1893.9437788018433
      },
      "UPDATE-virtualmachineinstances-count": {
        "value": 395.87619047619046
      },
      "WATCH-clusterrolebindings-count": {
        "value": 10.128648233486944
      },
      "WATCH-clusterroles-count": {
        "value": 7.08195084485407
      },
      "WATCH-configmaps-count": {
        "value": 63.81858678955454
      },
      "WATCH-controllerrevisions-count": {
        "value": 5.023809523809524
      },
      "WATCH-customresourcedefinitions-count": {
        "value": 47.64516129032258
      },
      "WATCH-daemonsets-count": {
        "value": 8.102918586789555
      },
      "WATCH-deployments-count": {
        "value": 9.123886328725039
      },
      "WATCH-ingresses-count": {
        "value": 5.023809523809524
      },
      "WATCH-jobs-count": {
        "value": 7.08195084485407
      },
      "WATCH-kubevirts-count": {
        "value": 37.50030721966206
      },
      "WATCH-leases-count": {
        "value": 9.10768049155146
      },
      "WATCH-migrationpolicies-count": {
        "value": 4.019047619047619
      },
      "WATCH-mutatingwebhookconfigurations-count": {
        "value": 9.10768049155146
      },
      "WATCH-namespaces-count": {
        "value": 23.25537634408602
      },
      "WATCH-nodes-count": {
        "value": 15.249692780337941
      },
      "WATCH-persistentvolumeclaims-count": {
        "value": 5.023809523809524
      },
      "WATCH-poddisruptionbudgets-count": {
        "value": 14.147695852534563
      },
      "WATCH-pods-count": {
        "value": 17.145775729646697
      },
      "WATCH-prometheusrules-count": {
        "value": 8.102918586789555
      },
      "WATCH-resourcequotas-count": {
        "value": 4.019047619047619
      },
      "WATCH-rolebindings-count": {
        "value": 9.10768049155146
      },
      "WATCH-roles-count": {
        "value": 9.123886328725039
      },
      "WATCH-routes-count": {
        "value": 12.121966205837174
      },
      "WATCH-secrets-count": {
        "value": 12.121966205837174
      },
      "WATCH-securitycontextconstraints-count": {
        "value": 8.119124423963134
      },
      "WATCH-serviceaccounts-count": {
        "value": 8.102918586789555
      },
      "WATCH-servicemonitors-count": {
        "value": 9.10768049155146
      },
      "WATCH-services-count": {
        "value": 11.10099846390169
      },
      "WATCH-storageclasses-count": {
        "value": 5.023809523809524
      },
      "WATCH-validatingwebhookconfigurations-count": {
        "value": 6.0771889400921655
      },
      "WATCH-virtualmachinebackups-count": {
        "value": 13.126728110599078
      },
      "WATCH-virtualmachinebackuptrackers-count": {
        "value": 15.249692780337941
      },
      "WATCH-virtualmachineclones-count": {
        "value": 5.023809523809524
      },
      "WATCH-virtualmachineclusterinstancetypes-count": {
        "value": 12.121966205837174
      },
      "WATCH-virtualmachineclusterpreferences-count": {
        "value": 12.121966205837174
      },
      "WATCH-virtualmachineexports-count": {
        "value": 4.019047619047619
      },
      "WATCH-virtualmachineinstancemigrations-count": {
        "value": 5.023809523809524
      },
      "WATCH-virtualmachineinstancepresets-count": {
        "value": 8.102918586789555
      },
      "WATCH-virtualmachineinstancereplicasets-count": {
        "value": 5.023809523809524
      },
      "WATCH-virtualmachineinstances-count": {
        "value": 42.815821812596006
      },
      "WATCH-virtualmachineinstancetypes-count": {
        "value": 5.023809523809524
      },
      "WATCH-virtualmachinepools-count": {
        "value": 3.0142857142857142
      },
      "WATCH-virtualmachinepreferences-count": {
        "value": 4.019047619047619
      },
      "WATCH-virtualmachinerestores-count": {
        "value": 13.126728110599078
      },
      "WATCH-virtualmachines-count": {
        "value": 4.019047619047619
      },
      "WATCH-virtualmachinesnapshotcontents-count": {
        "value": 4.019047619047619
      },
      "WATCH-virtualmachinesnapshots-count": {
        "value": 5.023809523809524
      },
      "WATCH-volumesnapshotclasses-count": {
        "value": 3.0142857142857142
      },
      "WATCH-volumesnapshots-count": {
        "value": 4.019047619047619
      },
      "avgVirtAPICPUUsage": {
        "value": 0.004139046162768818
      },
      "avgVirtAPIMemoryUsageInMB": {
        "value": 201.82767547123015
      },
      "avgVirtControllerCPUUsage": {
        "value": 0.00877846532204301
      },
      "avgVirtControllerMemoryUsageInMB": {
        "value": 361.2643229166667
      },
      "failed-phase-count": {
        "value": 2
      },
      "maxVirtAPIMemoryUsageInMB": {
        "value": 232.23046875
      },
      "maxVirtControllerMemoryUsageInMB": {
        "value": 452.78125
      },
      "minVirtAPIMemoryUsageInMB": {
        "value": 188.873046875
      },
      "minVirtControllerMemoryUsageInMB": {
        "value": 315.4375
      },
      "virtControllerWorkqueueAddRate": {
        "value": 1.6862433862433863
      },
      "virtControllerWorkqueueDepth": {
        "value": 0
      },
      "virtControllerWorkqueueP99Latency": {
        "value": 0.08122770270270249
      },
      "vmiCreationToRunningSecondsP50": {
        "value": 0
      },
      "vmiCreationToRunningSecondsP95": {
        "value": 0
      },
      "vmiCreationToRunningSecondsP99": {
        "value": 0
      },
      "vmiDeletionToFailedSecondsP50": {
        "value": 0.25
      },
      "vmiDeletionToFailedSecondsP95": {
        "value": 0.475
      },
      "vmiDeletionToFailedSecondsP99": {
        "value": 0.495
      },
      "vmiDeletionToSucceededSecondsP50": {
        "value": 0
      },
      "vmiDeletionToSucceededSecondsP95": {
        "value": 0
      },
      "vmiDeletionToSucceededSecondsP99": {
        "value": 0
      }
    }
  },
  "VMResult": null
}
