{
  "JobDirCreationTime": "2025-08-23T08:19:47.493Z",
  "VMIResult": {
    "Values": {
      "CREATE-events-count": {
        "value": 125.77855238095238
      },
      "CREATE-pods-count": {
        "value": 101.27333333333335
      },
      "GET-leases-count": {
        "value": 128.06425555555558
      },
      "GET-nodes-count": {
        "value": 27.195261904761903
      },
      "LIST-nodes-count": {
        "value": 33.40291111111111
      },
      "LIST-virtualmachineclusterinstancetypes-count": {
        "value": 30.959950000000003
      },
      "LIST-virtualmachineclusterpreferences-count": {
        "value": 30.959950000000003
      },
      "PATCH-nodes-count": {
        "value": 9.065087301587301
      },
      "PATCH-pods-count": {
        "value": 323.8746666666667
      },
      "PATCH-services-count": {
        "value": 133.61164444444444
      },
      "PATCH-validatingadmissionpolicies-count": {
        "value": 33.40291111111111
      },
      "PATCH-validatingadmissionpolicybindings-count": {
        "value": 33.40291111111111
      },
      "PATCH-virtualmachineinstances-count": {
        "value": 101.36444444444446,
        "thresholdResult": {
          "thresholdValue": 202.5466666666667,
          "thresholdMetric": "CREATE-pods-count",
          "thresholdRatio": 1.0008996554977727,
          "thresholdExceeded": false
        }
      },
      "UPDATE-configmaps-count": {
        "value": 33.40291111111111
      },
      "UPDATE-kubevirts-count": {
        "value": 1.1929611111111111
      },
      "UPDATE-leases-count": {
        "value": 218.95750952380953
      },
      "UPDATE-virtualmachineinstances-count": {
        "value": 608.7594888888889,
        "thresholdResult": {
          "thresholdValue": 1012.7333333333336,
          "thresholdMetric": "CREATE-pods-count",
          "thresholdRatio": 6.011054132929584,
          "thresholdExceeded": false
        }
      },
      "avgVirtAPICPUUsage": {
        "value": 0.010126565612041666
      },
      "avgVirtAPIMemoryUsageInMB": {
        "value": 123.42851562499999
      },
      "avgVirtControllerCPUUsage": {
        "value": 0.024990255269571427
      },
      "avgVirtControllerMemoryUsageInMB": {
        "value": 57.59809027777778
      },
      "avgVirtHandlerCPUUsage": {
        "value": 0.0008866207042332064
      },
      "avgVirtHandlerMemoryUsageInMB": {
        "value": 16.15122033028581
      },
      "maxVirtAPIMemoryUsageInMB": {
        "value": 162.658203125
      },
      "maxVirtControllerMemoryUsageInMB": {
        "value": 82.58203125
      },
      "maxVirtHandlerCPUUsage": {
        "value": 0.0009542612572204586
      },
      "maxVirtHandlerMemoryUsageInMB": {
        "value": 43.41607666015625
      },
      "minVirtAPIMemoryUsageInMB": {
        "value": 0
      },
      "minVirtControllerMemoryUsageInMB": {
        "value": 0
      },
      "minVirtHandlerCPUUsage": {
        "value": 0.0008254142650884354
      },
      "minVirtHandlerMemoryUsageInMB": {
        "value": 4.523897058823529
      },
      "running-phase-count": {
        "value": 101
      },
      "vmiCreationToRunningSecondsP50": {
        "value": 23.781994579047236,
        "thresholdResult": {
          "thresholdValue": 45,
          "thresholdExceeded": false
        }
      },
      "vmiCreationToRunningSecondsP95": {
        "value": 29.608979432401036,
        "thresholdResult": {
          "thresholdValue": 60,
          "thresholdExceeded": false
        }
      },
      "vmiCreationToRunningSecondsP99": {
        "value": 34.95018156053494
      },
      "vmiDeletionToFailedSecondsP50": {
        "value": 0
      },
      "vmiDeletionToFailedSecondsP95": {
        "value": 0
      },
      "vmiDeletionToFailedSecondsP99": {
        "value": 0
      },
      "vmiDeletionToSucceededSecondsP50": {
        "value": 0
      },
      "vmiDeletionToSucceededSecondsP95": {
        "value": 0
      },
      "vmiDeletionToSucceededSecondsP99": {
        "value": 0
      }
    }
  },
  "VMResult": null
}
