{
  "JobDirCreationTime": "2025-07-04T08:19:37.311Z",
  "VMIResult": {
    "Values": {
      "CREATE-events-count": {
        "value": 149.37667555555555
      },
      "CREATE-pods-count": {
        "value": 127.38111111111112
      },
      "GET-leases-count": {
        "value": 125.3583430655134
      },
      "GET-nodes-count": {
        "value": 26.878016666666667
      },
      "LIST-nodes-count": {
        "value": 32.960229345481146
      },
      "LIST-resourceclaims-count": {
        "value": 5.033146666666666
      },
      "LIST-resourceslices-count": {
        "value": 5.033146666666666
      },
      "LIST-virtualmachineclusterinstancetypes-count": {
        "value": 31.543562678814475
      },
      "LIST-virtualmachineclusterpreferences-count": {
        "value": 31.543562678814475
      },
      "PATCH-nodes-count": {
        "value": 8.183238888888889
      },
      "PATCH-pods-count": {
        "value": 428.9043444444444
      },
      "PATCH-services-count": {
        "value": 131.84091738192458
      },
      "PATCH-validatingadmissionpolicies-count": {
        "value": 32.960229345481146
      },
      "PATCH-validatingadmissionpolicybindings-count": {
        "value": 32.960229345481146
      },
      "PATCH-virtualmachineinstances-count": {
        "value": 35.89291666666667,
        "thresholdResult": {
          "thresholdValue": 254.76222222222225,
          "thresholdMetric": "CREATE-pods-count",
          "thresholdRatio": 0.28177581710178556,
          "thresholdExceeded": true
        }
      },
      "UPDATE-configmaps-count": {
        "value": 32.960229345481146
      },
      "UPDATE-kubevirts-count": {
        "value": 1.136559632602798
      },
      "UPDATE-leases-count": {
        "value": 195.52530730164904
      },
      "UPDATE-virtualmachineinstances-count": {
        "value": 554.1407222222222,
        "thresholdResult": {
          "thresholdValue": 1273.8111111111111,
          "thresholdMetric": "CREATE-pods-count",
          "thresholdRatio": 4.350258192824681,
          "thresholdExceeded": false
        }
      },
      "avgVirtAPICPUUsage": {
        "value": 0.01677930195234259
      },
      "avgVirtAPIMemoryUsageInMB": {
        "value": 132.3064453125
      },
      "avgVirtControllerCPUUsage": {
        "value": 0.022757706053347225
      },
      "avgVirtControllerMemoryUsageInMB": {
        "value": 64.62717013888889
      },
      "avgVirtHandlerCPUUsage": {
        "value": 0.000904054089409524
      },
      "avgVirtHandlerMemoryUsageInMB": {
        "value": 80.16145833333334
      },
      "maxVirtAPIMemoryUsageInMB": {
        "value": 164.283203125
      },
      "maxVirtControllerMemoryUsageInMB": {
        "value": 88.14453125
      },
      "maxVirtHandlerCPUUsage": {
        "value": 0.0010232446425286405
      },
      "maxVirtHandlerMemoryUsageInMB": {
        "value": 80.16145833333334
      },
      "minVirtAPIMemoryUsageInMB": {
        "value": 0
      },
      "minVirtControllerMemoryUsageInMB": {
        "value": 52.05859375
      },
      "minVirtHandlerCPUUsage": {
        "value": 0.0007413738746846101
      },
      "minVirtHandlerMemoryUsageInMB": {
        "value": 80.16145833333334
      },
      "running-phase-count": {
        "value": 26
      },
      "scheduled-phase-count": {
        "value": 68
      },
      "scheduling-phase-count": {
        "value": 7
      },
      "vmiCreationToRunningSecondsP50": {
        "value": 19.89095299813808,
        "thresholdResult": {
          "thresholdValue": 45,
          "thresholdExceeded": false
        }
      },
      "vmiCreationToRunningSecondsP95": {
        "value": 28.988852172377918,
        "thresholdResult": {
          "thresholdValue": 60,
          "thresholdExceeded": false
        }
      },
      "vmiCreationToRunningSecondsP99": {
        "value": 29.79777043447558
      },
      "vmiDeletionToFailedSecondsP50": {
        "value": 0
      },
      "vmiDeletionToFailedSecondsP95": {
        "value": 0
      },
      "vmiDeletionToFailedSecondsP99": {
        "value": 0
      },
      "vmiDeletionToSucceededSecondsP50": {
        "value": 0
      },
      "vmiDeletionToSucceededSecondsP95": {
        "value": 0
      },
      "vmiDeletionToSucceededSecondsP99": {
        "value": 0
      }
    }
  },
  "VMResult": {
    "Values": {
      "CREATE-events-count": {
        "value": 782.2210617412893
      },
      "CREATE-pods-count": {
        "value": 111.11111111111111
      },
      "GET-leases-count": {
        "value": 190
      },
      "GET-nodes-count": {
        "value": 15.555506173388197
      },
      "LIST-nodes-count": {
        "value": 49.999074091220535
      },
      "LIST-resourceclaims-count": {
        "value": 5.555555555555555
      },
      "LIST-resourceslices-count": {
        "value": 6.666666666666667
      },
      "LIST-virtualmachineclusterinstancetypes-count": {
        "value": 49.999074091220535
      },
      "LIST-virtualmachineclusterpreferences-count": {
        "value": 49.999074091220535
      },
      "PATCH-nodes-count": {
        "value": 12.222185185596704
      },
      "PATCH-pods-count": {
        "value": 367.7777777777778
      },
      "PATCH-services-count": {
        "value": 199.99629636488214
      },
      "PATCH-validatingadmissionpolicies-count": {
        "value": 49.999074091220535
      },
      "PATCH-validatingadmissionpolicybindings-count": {
        "value": 49.999074091220535
      },
      "PATCH-virtualmachineinstances-count": {
        "value": 138.88888888888889,
        "thresholdResult": {
          "thresholdValue": 222.22222222222223,
          "thresholdMetric": "CREATE-pods-count",
          "thresholdRatio": 1.25,
          "thresholdExceeded": false
        }
      },
      "UPDATE-configmaps-count": {
        "value": 49.999074091220535
      },
      "UPDATE-leases-count": {
        "value": 298.8861111625505
      },
      "UPDATE-virtualmachineinstances-count": {
        "value": 808.8882098840878,
        "thresholdResult": {
          "thresholdValue": 1111.111111111111,
          "thresholdMetric": "CREATE-pods-count",
          "thresholdRatio": 7.27999388895679,
          "thresholdExceeded": false
        }
      },
      "WATCH-cdiconfigs-count": {
        "value": 1.1111111111111112
      },
      "WATCH-cdis-count": {
        "value": 1.1111111111111112
      },
      "WATCH-clusterrolebindings-count": {
        "value": 2.2222016464715675
      },
      "WATCH-clusterroles-count": {
        "value": 1.1111111111111112
      },
      "WATCH-configmaps-count": {
        "value": 12.222209876680381
      },
      "WATCH-controllerrevisions-count": {
        "value": 1.1111111111111112
      },
      "WATCH-customresourcedefinitions-count": {
        "value": 12.222168725179072
      },
      "WATCH-daemonsets-count": {
        "value": 1.1111111111111112
      },
      "WATCH-datasources-count": {
        "value": 2.2222222222222223
      },
      "WATCH-datavolumes-count": {
        "value": 1.1111111111111112
      },
      "WATCH-deployments-count": {
        "value": 2.2222016464715675
      },
      "WATCH-ingresses-count": {
        "value": 1.1111111111111112
      },
      "WATCH-jobs-count": {
        "value": 2.2222016464715675
      },
      "WATCH-kubevirts-count": {
        "value": 8.888876543347049
      },
      "WATCH-leases-count": {
        "value": 2.2222016464715675
      },
      "WATCH-migrationpolicies-count": {
        "value": 1.1111111111111112
      },
      "WATCH-mutatingwebhookconfigurations-count": {
        "value": 2.2222016464715675
      },
      "WATCH-namespaces-count": {
        "value": 4.444423868693789
      },
      "WATCH-nodes-count": {
        "value": 1.1111111111111112
      },
      "WATCH-persistentvolumeclaims-count": {
        "value": 1.1111111111111112
      },
      "WATCH-poddisruptionbudgets-count": {
        "value": 3.3333127575826786
      },