{
  "JobDirCreationTime": "2026-07-12T09:17:45.061Z",
  "VMIResult": {
    "Values": {
      "CREATE-events-count": {
        "value": 104.15578888888888
      },
      "CREATE-pods-count": {
        "value": 105.8025
      },
      "GET-leases-count": {
        "value": 95.55555555555556
      },
      "LIST-virtualmachineclusterinstancetypes-count": {
        "value": 55.55555555555556
      },
      "LIST-virtualmachineclusterpreferences-count": {
        "value": 55.55555555555556
      },
      "PATCH-nodes-count": {
        "value": 30.000000000000004
      },
      "PATCH-pods-count": {
        "value": 211.653025
      },
      "PATCH-virtualmachineinstances-count": {
        "value": 82.93056666666668,
        "thresholdResult": {
          "thresholdValue": 211.605,
          "thresholdMetric": "CREATE-pods-count",
          "thresholdRatio": 0.7838242637618835,
          "thresholdExceeded": false
        }
      },
      "UPDATE-kubevirts-count": {
        "value": 2.2222222222222223
      },
      "UPDATE-leases-count": {
        "value": 148.88888888888889
      },
      "UPDATE-virtualmachineinstances-count": {
        "value": 423.25802500000003,
        "thresholdResult": {
          "thresholdValue": 1058.0249999999999,
          "thresholdMetric": "CREATE-pods-count",
          "thresholdRatio": 4.000453911769571,
          "thresholdExceeded": false
        }
      },
      "WATCH-cdis-count": {
        "value": 1.1111111111111112
      },
      "WATCH-configmaps-count": {
        "value": 3.3333333333333335
      },
      "WATCH-customresourcedefinitions-count": {
        "value": 3.3333333333333335
      },
      "WATCH-datasources-count": {
        "value": 1.1111111111111112
      },
      "WATCH-kubevirts-count": {
        "value": 3.3333333333333335
      },
      "WATCH-migrationpolicies-count": {
        "value": 1.1111111111111112
      },
      "WATCH-nodes-count": {
        "value": 2.2222222222222223
      },
      "WATCH-poddisruptionbudgets-count": {
        "value": 1.1111111111111112
      },
      "WATCH-servicemonitors-count": {
        "value": 1.1111111111111112
      },
      "WATCH-virtualmachinebackups-count": {
        "value": 1.1111111111111112
      },
      "WATCH-virtualmachinebackuptrackers-count": {
        "value": 1.1111111111111112
      },
      "WATCH-virtualmachineclusterinstancetypes-count": {
        "value": 1.1111111111111112
      },
      "WATCH-virtualmachineclusterpreferences-count": {
        "value": 1.1111111111111112
      },
      "WATCH-virtualmachineinstancepresets-count": {
        "value": 1.1111111111111112
      },
      "WATCH-virtualmachineinstancereplicasets-count": {
        "value": 1.1111111111111112
      },
      "WATCH-virtualmachineinstancetypes-count": {
        "value": 1.1111111111111112
      },
      "WATCH-virtualmachinerestores-count": {
        "value": 1.1111111111111112
      },
      "WATCH-virtualmachines-count": {
        "value": 1.1111111111111112
      },
      "WATCH-virtualmachinesnapshots-count": {
        "value": 1.1111111111111112
      },
      "avgVirtAPICPUUsage": {
        "value": 0.010433772222222226
      },
      "avgVirtAPIMemoryUsageInMB": {
        "value": 151.351953125
      },
      "avgVirtControllerCPUUsage": {
        "value": 0.026049766666666665
      },
      "avgVirtControllerMemoryUsageInMB": {
        "value": 71.803515625
      },
      "avgVirtHandlerCPUUsage": {
        "value": 0.0008727124291346513
      },
      "avgVirtHandlerMemoryUsageInMB": {
        "value": 83.42447916666667
      },
      "maxVirtAPIMemoryUsageInMB": {
        "value": 179.109375
      },
      "maxVirtControllerMemoryUsageInMB": {
        "value": 96.7734375
      },
      "maxVirtHandlerCPUUsage": {
        "value": 0.0009637807692307692
      },
      "maxVirtHandlerMemoryUsageInMB": {
        "value": 83.42447916666667
      },
      "minVirtAPIMemoryUsageInMB": {
        "value": 136.259765625
      },
      "minVirtControllerMemoryUsageInMB": {
        "value": 64.05078125
      },
      "minVirtHandlerCPUUsage": {
        "value": 0.0007092942386831275
      },
      "minVirtHandlerMemoryUsageInMB": {
        "value": 83.42447916666667
      },
      "running-phase-count": {
        "value": 78
      },
      "scheduled-phase-count": {
        "value": 23
      },
      "virtControllerWorkqueueAddRate": {
        "value": 15.677900555555556
      },
      "virtControllerWorkqueueDepth": {
        "value": 0
      },
      "virtControllerWorkqueueP99Latency": {
        "value": 0.06828224678567413
      },
      "vmiCreationToRunningSecondsP50": {
        "value": 15.816404491124779,
        "thresholdResult": {
          "thresholdValue": 45,
          "thresholdExceeded": false
        }
      },
      "vmiCreationToRunningSecondsP95": {
        "value": 26.437792445806252,
        "thresholdResult": {
          "thresholdValue": 60,
          "thresholdExceeded": false
        }
      },
      "vmiCreationToRunningSecondsP99": {
        "value": 29.287558489161253
      },
      "vmiDeletionToFailedSecondsP50": {
        "value": 0
      },
      "vmiDeletionToFailedSecondsP95": {
        "value": 0
      },
      "vmiDeletionToFailedSecondsP99": {
        "value": 0
      },
      "vmiDeletionToSucceededSecondsP50": {
        "value": 0
      },
      "vmiDeletionToSucceededSecondsP95": {
        "value": 0
      },
      "vmiDeletionToSucceededSecondsP99": {
        "value": 0
      }
    }
  },
  "VMResult": {
    "Values": {
      "CREATE-events-count": {
        "value": 763.3299260395023
      },
      "CREATE-pods-count": {
        "value": 111.11111111111111
      },
      "GET-leases-count": {
        "value": 94.44444444444444
      },
      "LIST-virtualmachineclusterinstancetypes-count": {
        "value": 56.66666666666667
      },
      "LIST-virtualmachineclusterpreferences-count": {
        "value": 56.66666666666667
      },
      "PATCH-nodes-count": {
        "value": 21.11092593209856
      },
      "PATCH-pods-count": {
        "value": 170
      },
      "PATCH-virtualmachineinstances-count": {
        "value": 124.44444444444446,
        "thresholdResult": {
          "thresholdValue": 222.22222222222223,
          "thresholdMetric": "CREATE-pods-count",
          "thresholdRatio": 1.12,
          "thresholdExceeded": false
        }
      },
      "UPDATE-leases-count": {
        "value": 148.88888888888889
      },
      "UPDATE-virtualmachineinstances-count": {
        "value": 741.1083334259228,
        "thresholdResult": {
          "thresholdValue": 1111.111111111111,
          "thresholdMetric": "CREATE-pods-count",
          "thresholdRatio": 6.669975000833305,
          "thresholdExceeded": false
        }
      },
      "WATCH-cdis-count": {
        "value": 1.1111111111111112
      },
      "WATCH-configmaps-count": {
        "value": 5.555518519753045
      },
      "WATCH-customresourcedefinitions-count": {
        "value": 2.2222222222222223
      },
      "WATCH-datasources-count": {
        "value": 1.1111111111111112
      },
      "WATCH-datavolumes-count": {
        "value": 1.1111111111111112
      },
      "WATCH-kubevirts-count": {
        "value": 5.555518519753045
      },
      "WATCH-migrationpolicies-count": {
        "value": 1.1111111111111112
      },
      "WATCH-nodes-count": {
        "value": 3.3332962975308233
      },
      "WATCH-persistentvolumeclaims-count": {
        "value": 1.1111111111111112
      },
      "WATCH-plugins-count": {
        "value": 3.3333333333333335
      },
      "WATCH-poddisruptionbudgets-count": {
        "value": 1.1111111111111112
      },
      "WATCH-secrets-count": {
        "value": 1.1111111111111112
      },
      "WATCH-servicemonitors-count": {
        "value": 1.1111111111111112
      },
      "WATCH-storageclasses-count": {
        "value": 1.1111111111111112
      },