{
  "JobDirCreationTime": "2024-04-18T05:08:03.507Z",
  "VMIResult": {
    "Values": {
      "CREATE-events-count": {
        "value": 324.08922222222225
      },
      "GET-endpoints-count": {
        "value": 487.77777777777777
      },
      "GET-leases-count": {
        "value": 785.5555555555554
      },
      "GET-nodes-count": {
        "value": 20
      },
      "LIST-clusterroles-count": {
        "value": 2.2222222222222223
      },
      "LIST-configmaps-count": {
        "value": 4.444444444444445
      },
      "LIST-customresourcedefinitions-count": {
        "value": 4.444444444444445
      },
      "LIST-deployments-count": {
        "value": 1.1111111111111112
      },
      "LIST-kubevirts-count": {
        "value": 2.2222222222222223
      },
      "LIST-mutatingwebhookconfigurations-count": {
        "value": 1.1111111111111112
      },
      "LIST-namespaces-count": {
        "value": 1.1111111111111112
      },
      "LIST-poddisruptionbudgets-count": {
        "value": 1.1111111111111112
      },
      "LIST-pods-count": {
        "value": 1.1111111111111112
      },
      "LIST-rolebindings-count": {
        "value": 1.1111111111111112
      },
      "LIST-roles-count": {
        "value": 1.1111111111111112
      },
      "LIST-routes-count": {
        "value": 1.1111111111111112
      },
      "LIST-secrets-count": {
        "value": 1.1111111111111112
      },
      "LIST-securitycontextconstraints-count": {
        "value": 1.1111111111111112
      },
      "LIST-serviceaccounts-count": {
        "value": 1.1111111111111112
      },
      "LIST-virtualmachineinstances-count": {
        "value": 1.1111111111111112
      },
      "PATCH-nodes-count": {
        "value": 8.88888888888889
      },
      "UPDATE-endpoints-count": {
        "value": 297.77777777777777
      },
      "UPDATE-leases-count": {
        "value": 297.77777777777777
      },
      "UPDATE-virtualmachineinstances-count": {
        "value": 517.5286
      },
      "vmiCreationToRunningSecondsP50": {
        "value": 43.54020783880142
      },
      "vmiCreationToRunningSecondsP95": {
        "value": 49.354020783880145
      },
      "vmiCreationToRunningSecondsP99": {
        "value": 49.87080415677603
      },
      "vmiDeletionToFailedSecondsP50": {
        "value": 0
      },
      "vmiDeletionToFailedSecondsP95": {
        "value": 0
      },
      "vmiDeletionToFailedSecondsP99": {
        "value": 0
      },
      "vmiDeletionToSucceededSecondsP50": {
        "value": 0
      },
      "vmiDeletionToSucceededSecondsP95": {
        "value": 0
      },
      "vmiDeletionToSucceededSecondsP99": {
        "value": 0
      }
    }
  },
  "VMResult": null
}
