{
  "JobDirCreationTime": "2024-12-10T16:20:08.499Z",
  "VMIResult": {
    "Values": {
      "CREATE-events-count": {
        "value": 196.81565
      },
      "CREATE-pods-count": {
        "value": 119.18333333333334
      },
      "CREATE-virtualmachineclusterinstancetypes-count": {
        "value": 31.06965333333333
      },
      "GET-leases-count": {
        "value": 133.68645555555554
      },
      "GET-nodes-count": {
        "value": 34.73108617278601
      },
      "LIST-nodes-count": {
        "value": 6.974933333333333
      },
      "LIST-virtualmachineclusterinstancetypes-count": {
        "value": 5.812444444444445
      },
      "LIST-virtualmachineclusterpreferences-count": {
        "value": 5.812444444444445
      },
      "PATCH-nodes-count": {
        "value": 8.04862820986317
      },
      "PATCH-pods-count": {
        "value": 389.4595
      },
      "PATCH-services-count": {
        "value": 27.899733333333334
      },
      "PATCH-validatingadmissionpolicies-count": {
        "value": 6.974933333333333
      },
      "PATCH-validatingadmissionpolicybindings-count": {
        "value": 6.974933333333333
      },
      "PATCH-virtualmachineinstances-count": {
        "value": 95.54666666666665,
        "thresholdResult": {
          "thresholdValue": 238.36666666666667,
          "thresholdMetric": "CREATE-pods-count",
          "thresholdRatio": 0.8016780869808416,
          "thresholdExceeded": false
        }
      },
      "UPDATE-kubevirts-count": {
        "value": 1.162488888888889
      },
      "UPDATE-leases-count": {
        "value": 210.3065
      },
      "UPDATE-virtualmachineinstances-count": {
        "value": 732.3791222222221,
        "thresholdResult": {
          "thresholdValue": 1191.8333333333335,
          "thresholdMetric": "CREATE-pods-count",
          "thresholdRatio": 6.1449793502074295,
          "thresholdExceeded": false
        }
      },
      "avgVirtAPICPUUsage": {
        "value": 0.009125190186555556
      },
      "avgVirtAPIMemoryUsageInMB": {
        "value": 143.39995659722223
      },
      "avgVirtControllerCPUUsage": {
        "value": 0.020473564953269845
      },
      "avgVirtControllerMemoryUsageInMB": {
        "value": 58.483072916666664
      },
      "avgVirtHandlerCPUUsage": {
        "value": 0.0008454694116453605
      },
      "avgVirtHandlerMemoryUsageInMB": {
        "value": 75.4296875
      },
      "maxVirtAPIMemoryUsageInMB": {
        "value": 157.220703125
      },
      "maxVirtControllerMemoryUsageInMB": {
        "value": 90.1484375
      },
      "maxVirtHandlerCPUUsage": {
        "value": 0.000988759204724868
      },
      "maxVirtHandlerMemoryUsageInMB": {
        "value": 75.4296875
      },
      "minVirtAPIMemoryUsageInMB": {
        "value": 133.3515625
      },
      "minVirtControllerMemoryUsageInMB": {
        "value": 0
      },
      "minVirtHandlerCPUUsage": {
        "value": 0.0007841364148093279
      },
      "minVirtHandlerMemoryUsageInMB": {
        "value": 75.4296875
      },
      "none-none-count": {
        "value": 1.17425
      },
      "running-phase-count": {
        "value": 81
      },
      "scheduled-phase-count": {
        "value": 20
      },
      "vmiCreationToRunningSecondsP50": {
        "value": 15,
        "thresholdResult": {
          "thresholdValue": 45,
          "thresholdExceeded": false
        }
      },
      "vmiCreationToRunningSecondsP95": {
        "value": 19.5,
        "thresholdResult": {
          "thresholdValue": 60,
          "thresholdExceeded": false
        }
      },
      "vmiCreationToRunningSecondsP99": {
        "value": 19.9
      },
      "vmiDeletionToFailedSecondsP50": {
        "value": 0
      },
      "vmiDeletionToFailedSecondsP95": {
        "value": 0
      },
      "vmiDeletionToFailedSecondsP99": {
        "value": 0
      },
      "vmiDeletionToSucceededSecondsP50": {
        "value": 0
      },
      "vmiDeletionToSucceededSecondsP95": {
        "value": 0
      },
      "vmiDeletionToSucceededSecondsP99": {
        "value": 0
      }
    }
  },
  "VMResult": {
    "Values": {
      "CREATE-controllerrevisions-count": {
        "value": 154.38937404173055
      },
      "CREATE-events-count": {
        "value": 845.5530782076512
      },
      "CREATE-pods-count": {
        "value": 111.1102880719402
      },
      "CREATE-virtualmachineinstances-count": {
        "value": 154.99370041997201
      },
      "DELETE-pods-count": {
        "value": 10.865212826239125
      },
      "GET-leases-count": {
        "value": 187.77777777777777
      },
      "GET-nodes-count": {
        "value": 28.888888888888893
      },
      "PATCH-nodes-count": {
        "value": 12.222222222222221
      },
      "PATCH-pods-count": {
        "value": 386.66380249035194
      },
      "PATCH-virtualmachineinstances-count": {
        "value": 187.77638684157895,
        "thresholdResult": {
          "thresholdValue": 222.2205761438804,
          "thresholdMetric": "CREATE-pods-count",
          "thresholdRatio": 1.6900000000000002,
          "thresholdExceeded": false
        }
      },
      "PATCH-virtualmachines-count": {
        "value": 154.38937404173055
      },
      "UPDATE-leases-count": {
        "value": 298.8877777860082
      },
      "UPDATE-virtualmachineinstances-count": {
        "value": 968.8849547616521,
        "thresholdResult": {
          "thresholdValue": 1111.102880719402,
          "thresholdMetric": "CREATE-pods-count",
          "thresholdRatio": 8.720029185185187,
          "thresholdExceeded": false
        }
      },
      "UPDATE-virtualmachines-count": {
        "value": 1346.4394707019533
      },
      "WATCH-cdiconfigs-count": {
        "value": 1.111102880719402
      },
      "WATCH-cdis-count": {
        "value": 1.111102880719402
      },
      "WATCH-clusterrolebindings-count": {
        "value": 1.1111111111111112
      },
      "WATCH-clusterroles-count": {
        "value": 1.1111111111111112
      },
      "WATCH-configmaps-count": {
        "value": 15.555539094772136
      },
      "WATCH-controllerrevisions-count": {
        "value": 1.111102880719402
      },
      "WATCH-customresourcedefinitions-count": {
        "value": 9.99999176960829
      },
      "WATCH-daemonsets-count": {
        "value": 2.2222222222222223
      },
      "WATCH-datasources-count": {
        "value": 3.3333251029416244
      },
      "WATCH-deployments-count": {
        "value": 2.2222222222222223
      },
      "WATCH-ingresses-count": {
        "value": 1.111102880719402
      },
      "WATCH-jobs-count": {
        "value": 2.2222222222222223
      },
      "WATCH-kubevirts-count": {
        "value": 9.99999176960829
      },
      "WATCH-migrationpolicies-count": {
        "value": 1.111102880719402
      },
      "WATCH-mutatingwebhookconfigurations-count": {
        "value": 1.1111111111111112
      },
      "WATCH-namespaces-count": {
        "value": 4.444436214052736
      },
      "WATCH-nodes-count": {
        "value": 1.111102880719402
      },
      "WATCH-poddisruptionbudgets-count": {
        "value": 3.3333251029416244
      },
      "WATCH-pods-count": {
        "value": 4.4444279836610265
      },
      "WATCH-prometheusrules-count": {
        "value": 2.2222222222222223
      },
      "WATCH-resourcequotas-count": {
        "value": 1.111102880719402
      },
      "WATCH-rolebindings-count": {
        "value": 2.2222222222222223
      },
      "WATCH-roles-count": {
        "value": 1.1111111111111112
      },
      "WATCH-secrets-count": {
        "value": 3.3333251029416244
      },
      "WATCH-serviceaccounts-count": {
        "value": 2.2222222222222223
      },
      "WATCH-services-count": {
        "value": 1.1111111111111112
      },
      "WATCH-storageclasses-count": {
        "value": 1.111102880719402
      },
      "WATCH-storageprofiles-count": {
        "value": 1.111102880719402
      },