{
  "JobDirCreationTime": "2022-10-23T05:00:33.621Z",
  "VMIResult": {
    "Values": {
      "CREATE-events-count": {
        "value": 695.3271347770187
      },
      "CREATE-pods-count": {
        "value": 103.57653379982507
      },
      "DELETE-pods-count": {
        "value": 103.57653379982507
      },
      "GET-endpoints-count": {
        "value": 486.6166833277796
      },
      "GET-nodes-count": {
        "value": 12.222222222222221
      },
      "LIST-clusterrolebindings-count": {
        "value": 1.1111111111111112
      },
      "LIST-clusterroles-count": {
        "value": 2.2222222222222223
      },
      "LIST-configmaps-count": {
        "value": 7.778102975808972
      },
      "LIST-customresourcedefinitions-count": {
        "value": 8.889214086920083
      },
      "LIST-daemonsets-count": {
        "value": 2.2222222222222223
      },
      "LIST-deployments-count": {
        "value": 2.2222222222222223
      },
      "LIST-ingresses-count": {
        "value": 1.1107408641563923
      },
      "LIST-jobs-count": {
        "value": 2.2222222222222223
      },
      "LIST-kubevirts-count": {
        "value": 5.555880753586749
      },
      "LIST-migrationpolicies-count": {
        "value": 1.1107408641563923
      },
      "LIST-mutatingwebhookconfigurations-count": {
        "value": 1.1111111111111112
      },
      "LIST-namespaces-count": {
        "value": 1.1111111111111112
      },
      "LIST-nodes-count": {
        "value": 1.1107408641563923
      },
      "LIST-persistentvolumeclaims-count": {
        "value": 1.1107408641563923
      },
      "LIST-poddisruptionbudgets-count": {
        "value": 2.2222222222222223
      },
      "LIST-pods-count": {
        "value": 3.3329630863786144
      },
      "LIST-prometheusrules-count": {
        "value": 2.2222222222222223
      },
      "LIST-rolebindings-count": {
        "value": 2.2222222222222223
      },
      "LIST-secrets-count": {
        "value": 1.1111111111111112
      },
      "LIST-serviceaccounts-count": {
        "value": 1.1111111111111112
      },
      "LIST-services-count": {
        "value": 3.3329630863786144
      },
      "LIST-storageclasses-count": {
        "value": 1.1107408641563923
      },
      "LIST-validatingwebhookconfigurations-count": {
        "value": 1.1111111111111112
      },
      "LIST-virtualmachineexports-count": {
        "value": 1.1107408641563923
      },
      "LIST-virtualmachineinstancemigrations-count": {
        "value": 1.1107408641563923
      },
      "LIST-virtualmachineinstancepresets-count": {
        "value": 1.1111111111111112
      },
      "LIST-virtualmachineinstancereplicasets-count": {
        "value": 1.1107408641563923
      },
      "LIST-virtualmachineinstances-count": {
        "value": 9.99962975304528
      },
      "LIST-virtualmachinerestores-count": {
        "value": 2.222177173298697
      },
      "LIST-virtualmachinesnapshotcontents-count": {
        "value": 1.1107408641563923
      },
      "LIST-virtualmachinesnapshots-count": {
        "value": 1.1107408641563923
      },
      "PATCH-events-count": {
        "value": 131.54900416666666
      },
      "PATCH-nodes-count": {
        "value": 8.88888888888889
      },
      "PATCH-pods-count": {
        "value": 106.84132981381983
      },
      "PATCH-virtualmachineinstances-count": {
        "value": 207.15306759965014
      },
      "UPDATE-endpoints-count": {
        "value": 298.83890555000187
      },
      "UPDATE-virtualmachineinstances-count": {
        "value": 976.6855311322836
      },
      "vmiCreationToRunningSecondsP50": {
        "value": 36.35678314167844
      },
      "vmiCreationToRunningSecondsP95": {
        "value": 52.787508440008054
      },
      "vmiCreationToRunningSecondsP99": {
        "value": 58.55750168800162
      },
      "vmiDeletionToFailedSecondsP50": {
        "value": 0
      },
      "vmiDeletionToFailedSecondsP95": {
        "value": 0
      },
      "vmiDeletionToFailedSecondsP99": {
        "value": 0
      },
      "vmiDeletionToSucceededSecondsP50": {
        "value": 0.913703059231856
      },
      "vmiDeletionToSucceededSecondsP95": {
        "value": 9.487813977001409
      },
      "vmiDeletionToSucceededSecondsP99": {
        "value": 16.634170605337104
      }
    }
  },
  "VMResult": null
}
