{
  "JobDirCreationTime": "2024-11-26T08:22:00.39Z",
  "VMIResult": {
    "Values": {
      "CREATE-deployments-count": {
        "value": 1.0918993176417928
      },
      "CREATE-events-count": {
        "value": 146.8164846466083
      },
      "CREATE-poddisruptionbudgets-count": {
        "value": 1.0918993176417928
      },
      "CREATE-pods-count": {
        "value": 107.87333333333335
      },
      "CREATE-virtualmachineclusterinstancetypes-count": {
        "value": 13.543903951148947
      },
      "GET-leases-count": {
        "value": 127.83459333333333
      },
      "GET-nodes-count": {
        "value": 29.743391739442828
      },
      "LIST-nodes-count": {
        "value": 10.918993176417928
      },
      "LIST-virtualmachineclusterinstancetypes-count": {
        "value": 5.459496588208964
      },
      "LIST-virtualmachineclusterpreferences-count": {
        "value": 5.459496588208964
      },
      "PATCH-nodes-count": {
        "value": 5.710431268194041
      },
      "PATCH-pods-count": {
        "value": 347.1321333333334
      },
      "PATCH-services-count": {
        "value": 43.67597270567171
      },
      "PATCH-virtualmachineinstances-count": {
        "value": 90.77359999999999,
        "thresholdResult": {
          "thresholdValue": 215.7466666666667,
          "thresholdMetric": "CREATE-pods-count",
          "thresholdRatio": 0.8414832210617388,
          "thresholdExceeded": false
        }
      },
      "UPDATE-kubevirts-count": {
        "value": 2.1837986352835856
      },
      "UPDATE-leases-count": {
        "value": 214.15052903474646
      },
      "UPDATE-virtualmachineinstances-count": {
        "value": 507.0095356680443,
        "thresholdResult": {
          "thresholdValue": 1078.7333333333336,
          "thresholdMetric": "CREATE-pods-count",
          "thresholdRatio": 4.7000451362837055,
          "thresholdExceeded": false
        }
      },
      "avgVirtAPICPUUsage": {
        "value": 0.008461561080412698
      },
      "avgVirtAPIMemoryUsageInMB": {
        "value": 128.46918402777777
      },
      "avgVirtControllerCPUUsage": {
        "value": 0.019071723069296293
      },
      "avgVirtControllerMemoryUsageInMB": {
        "value": 54.3544921875
      },
      "maxVirtAPIMemoryUsageInMB": {
        "value": 158.283203125
      },
      "maxVirtControllerMemoryUsageInMB": {
        "value": 86.828125
      },
      "minVirtAPIMemoryUsageInMB": {
        "value": 0
      },
      "minVirtControllerMemoryUsageInMB": {
        "value": 0.05859375
      },
      "none-none-count": {
        "value": 1.1177000000000001
      },
      "running-phase-count": {
        "value": 101
      },
      "vmiCreationToRunningSecondsP50": {
        "value": 15,
        "thresholdResult": {
          "thresholdValue": 45,
          "thresholdExceeded": false
        }
      },
      "vmiCreationToRunningSecondsP95": {
        "value": 19.5,
        "thresholdResult": {
          "thresholdValue": 60,
          "thresholdExceeded": false
        }
      },
      "vmiCreationToRunningSecondsP99": {
        "value": 19.9
      },
      "vmiDeletionToFailedSecondsP50": {
        "value": 0
      },
      "vmiDeletionToFailedSecondsP95": {
        "value": 0
      },
      "vmiDeletionToFailedSecondsP99": {
        "value": 0
      },
      "vmiDeletionToSucceededSecondsP50": {
        "value": 0
      },
      "vmiDeletionToSucceededSecondsP95": {
        "value": 0
      },
      "vmiDeletionToSucceededSecondsP99": {
        "value": 0
      }
    }
  },
  "VMResult": {
    "Values": {
      "CREATE-controllerrevisions-count": {
        "value": 118.13866666666667
      },
      "CREATE-events-count": {
        "value": 803.3333333333334
      },
      "CREATE-pods-count": {
        "value": 111.11111111111111
      },
      "CREATE-virtualmachineinstances-count": {
        "value": 118.13866666666667
      },
      "GET-leases-count": {
        "value": 186.66666666666669
      },
      "GET-nodes-count": {
        "value": 30.000000000000004
      },
      "PATCH-nodes-count": {
        "value": 13.333333333333334
      },
      "PATCH-pods-count": {
        "value": 428.8888888888889
      },
      "PATCH-virtualmachineinstances-count": {
        "value": 200,
        "thresholdResult": {
          "thresholdValue": 222.22222222222223,
          "thresholdMetric": "CREATE-pods-count",
          "thresholdRatio": 1.8,
          "thresholdExceeded": false
        }
      },
      "PATCH-virtualmachines-count": {
        "value": 118.13866666666667
      },
      "UPDATE-leases-count": {
        "value": 297.77777777777777
      },
      "UPDATE-virtualmachineinstances-count": {
        "value": 875.5555555555554,
        "thresholdResult": {
          "thresholdValue": 1111.111111111111,
          "thresholdMetric": "CREATE-pods-count",
          "thresholdRatio": 7.879999999999999,
          "thresholdExceeded": false
        }
      },
      "UPDATE-virtualmachines-count": {
        "value": 1066.3698
      },
      "WATCH-cdiconfigs-count": {
        "value": 1.1111111111111112
      },
      "WATCH-cdis-count": {
        "value": 1.1111111111111112
      },
      "WATCH-clusterrolebindings-count": {
        "value": 2.2222222222222223
      },
      "WATCH-configmaps-count": {
        "value": 16.666633745343688
      },
      "WATCH-controllerrevisions-count": {
        "value": 1.1111111111111112
      },
      "WATCH-customresourcedefinitions-count": {
        "value": 13.333316872671842
      },
      "WATCH-daemonsets-count": {
        "value": 2.2222222222222223
      },
      "WATCH-datasources-count": {
        "value": 2.2222222222222223
      },
      "WATCH-datavolumes-count": {
        "value": 1.1111111111111112
      },
      "WATCH-deployments-count": {
        "value": 1.1111111111111112
      },
      "WATCH-ingresses-count": {
        "value": 1.1111111111111112
      },
      "WATCH-jobs-count": {
        "value": 1.1111111111111112
      },
      "WATCH-kubevirts-count": {
        "value": 9.99998353933851
      },
      "WATCH-migrationpolicies-count": {
        "value": 1.1111111111111112
      },
      "WATCH-mutatingwebhookconfigurations-count": {
        "value": 1.1111111111111112
      },
      "WATCH-namespaces-count": {
        "value": 4.444444444444445
      },
      "WATCH-nodes-count": {
        "value": 1.1111111111111112
      },
      "WATCH-persistentvolumeclaims-count": {
        "value": 1.1111111111111112
      },
      "WATCH-poddisruptionbudgets-count": {
        "value": 3.3333333333333335
      },
      "WATCH-pods-count": {
        "value": 3.3333333333333335
      },
      "WATCH-prometheusrules-count": {
        "value": 2.2222222222222223
      },
      "WATCH-resourcequotas-count": {
        "value": 1.1111111111111112
      },
      "WATCH-rolebindings-count": {
        "value": 2.2222222222222223
      },
      "WATCH-roles-count": {
        "value": 2.2222222222222223
      },
      "WATCH-secrets-count": {
        "value": 3.3333333333333335
      },
      "WATCH-serviceaccounts-count": {
        "value": 2.2222222222222223
      },
      "WATCH-servicemonitors-count": {
        "value": 2.2222222222222223
      },
      "WATCH-services-count": {
        "value": 2.2222222222222223
      },
      "WATCH-storageclasses-count": {
        "value": 1.1111111111111112
      },
      "WATCH-validatingwebhookconfigurations-count": {
        "value": 1.1111111111111112
      },
      "WATCH-virtualmachineclusterinstancetypes-count": {
        "value": 2.2222222222222223
      },
      "WATCH-virtualmachineclusterpreferences-count": {
        "value": 3.3333333333333335
      },
      "WATCH-virtualmachineinstancemigrations-count": {
        "value": 1.1111111111111112
      },
      "WATCH-virtualmachineinstancepresets-count": {
        "value": 2.2222057615607342
      },