{
  "JobDirCreationTime": "2024-07-18T00:17:24.627Z",
  "VMIResult": {
    "Values": {
      "CREATE-events-count": {
        "value": 205.6226388888889
      },
      "CREATE-pods-count": {
        "value": 123.49888888888889
      },
      "DELETE-virtualmachineclusterinstancetypes-count": {
        "value": 1.3739916666666665
      },
      "DELETE-virtualmachineclusterpreferences-count": {
        "value": 1.3739916666666665
      },
      "GET-leases-count": {
        "value": 124.2808
      },
      "GET-nodes-count": {
        "value": 30.81782857590454
      },
      "LIST-clusterrolebindings-count": {
        "value": 1.15515
      },
      "LIST-nodes-count": {
        "value": 6.495966666666666
      },
      "LIST-virtualmachineclusterinstancetypes-count": {
        "value": 1.3739916666666665
      },
      "LIST-virtualmachineclusterpreferences-count": {
        "value": 1.3739916666666665
      },
      "PATCH-nodes-count": {
        "value": 5.976789207095202
      },
      "PATCH-pods-count": {
        "value": 304.34726666666666
      },
      "PATCH-services-count": {
        "value": 25.983866666666664
      },
      "PATCH-virtualmachineinstances-count": {
        "value": 76.94931111111111,
        "thresholdResult": {
          "thresholdValue": 246.99777777777777,
          "thresholdMetric": "CREATE-pods-count",
          "thresholdRatio": 0.623076950759791,
          "thresholdExceeded": false
        }
      },
      "UPDATE-kubevirts-count": {
        "value": 1.2991933333333332
      },
      "UPDATE-leases-count": {
        "value": 199.45150555555554
      },
      "UPDATE-virtualmachineinstances-count": {
        "value": 778.8239444444445,
        "thresholdResult": {
          "thresholdValue": 1234.9888888888888,
          "thresholdMetric": "CREATE-pods-count",
          "thresholdRatio": 6.3063234936886525,
          "thresholdExceeded": false
        }
      },
      "avgVirtAPICPUUsage": {
        "value": 0.026979627301083338
      },
      "avgVirtAPIMemoryUsageInMB": {
        "value": 122.18815104166666
      },
      "avgVirtControllerCPUUsage": {
        "value": 0.012407783516888886
      },
      "avgVirtControllerMemoryUsageInMB": {
        "value": 57.54687499999999
      },
      "maxVirtAPIMemoryUsageInMB": {
        "value": 161.0546875
      },
      "maxVirtControllerMemoryUsageInMB": {
        "value": 88.9921875
      },
      "minVirtAPIMemoryUsageInMB": {
        "value": 0.01171875
      },
      "minVirtControllerMemoryUsageInMB": {
        "value": 0.09765625
      },
      "none-none-count": {
        "value": 2.3642055555555554
      },
      "running-phase-count": {
        "value": 101
      },
      "vmiCreationToRunningSecondsP50": {
        "value": 15.08088477076718,
        "thresholdResult": {
          "thresholdValue": 45,
          "thresholdExceeded": false
        }
      },
      "vmiCreationToRunningSecondsP95": {
        "value": 19.653681064457636,
        "thresholdResult": {
          "thresholdValue": 60,
          "thresholdExceeded": false
        }
      },
      "vmiCreationToRunningSecondsP99": {
        "value": 23.71836660649974
      },
      "vmiDeletionToFailedSecondsP50": {
        "value": 0
      },
      "vmiDeletionToFailedSecondsP95": {
        "value": 0
      },
      "vmiDeletionToFailedSecondsP99": {
        "value": 0
      },
      "vmiDeletionToSucceededSecondsP50": {
        "value": 0
      },
      "vmiDeletionToSucceededSecondsP95": {
        "value": 0
      },
      "vmiDeletionToSucceededSecondsP99": {
        "value": 0
      }
    }
  },
  "VMResult": {
    "Values": {
      "CREATE-events-count": {
        "value": 792.2197448743178
      },
      "CREATE-pods-count": {
        "value": 111.1102880719402
      },
      "GET-leases-count": {
        "value": 190
      },
      "GET-nodes-count": {
        "value": 31.111111111111114
      },
      "LIST-cdis-count": {
        "value": 1.111102880719402
      },
      "LIST-clusterrolebindings-count": {
        "value": 1.1111111111111112
      },
      "LIST-configmaps-count": {
        "value": 14.444395063313463
      },
      "LIST-controllerrevisions-count": {
        "value": 1.111102880719402
      },
      "LIST-customresourcedefinitions-count": {
        "value": 8.888839507757906
      },
      "LIST-daemonsets-count": {
        "value": 1.1111111111111112
      },
      "LIST-datasources-count": {
        "value": 3.3332839522023514
      },
      "LIST-datavolumes-count": {
        "value": 1.111102880719402
      },
      "LIST-deployments-count": {
        "value": 2.2222222222222223
      },
      "LIST-ingresses-count": {
        "value": 1.111102880719402
      },
      "LIST-jobs-count": {
        "value": 2.2222222222222223
      },
      "LIST-kubevirts-count": {
        "value": 11.111061729980127
      },
      "LIST-migrationpolicies-count": {
        "value": 1.111102880719402
      },
      "LIST-mutatingwebhookconfigurations-count": {
        "value": 1.1111111111111112
      },
      "LIST-namespaces-count": {
        "value": 3.3332839522023514
      },
      "LIST-nodes-count": {
        "value": 1.111102880719402
      },
      "LIST-persistentvolumeclaims-count": {
        "value": 1.111102880719402
      },
      "LIST-poddisruptionbudgets-count": {
        "value": 1.111102880719402
      },
      "LIST-pods-count": {
        "value": 4.4444279836610265
      },
      "LIST-prometheusrules-count": {
        "value": 1.1111111111111112
      },
      "LIST-resourcequotas-count": {
        "value": 1.111102880719402
      },
      "LIST-rolebindings-count": {
        "value": 1.1111111111111112
      },
      "LIST-roles-count": {
        "value": 1.1111111111111112
      },
      "LIST-secrets-count": {
        "value": 2.2222139918305133
      },
      "LIST-serviceaccounts-count": {
        "value": 1.1111111111111112
      },
      "LIST-servicemonitors-count": {
        "value": 2.2222222222222223
      },
      "LIST-services-count": {
        "value": 3.3333251029416244
      },
      "LIST-storageclasses-count": {
        "value": 1.111102880719402
      },
      "LIST-storageprofiles-count": {
        "value": 1.111102880719402
      },
      "LIST-validatingwebhookconfigurations-count": {
        "value": 2.2222222222222223
      },
      "LIST-virtualmachineclones-count": {
        "value": 1.111102880719402
      },
      "LIST-virtualmachineclusterinstancetypes-count": {
        "value": 1.111102880719402
      },
      "LIST-virtualmachineexports-count": {
        "value": 1.111102880719402
      },
      "LIST-virtualmachineinstancemigrations-count": {
        "value": 1.111102880719402
      },
      "LIST-virtualmachineinstancepresets-count": {
        "value": 2.2221810714829493
      },
      "LIST-virtualmachineinstancereplicasets-count": {
        "value": 1.111102880719402
      },
      "LIST-virtualmachineinstances-count": {
        "value": 9.999991769608291
      },
      "LIST-virtualmachineinstancetypes-count": {
        "value": 1.111102880719402
      },
      "LIST-virtualmachinepools-count": {
        "value": 1.111102880719402
      },
      "LIST-virtualmachinepreferences-count": {
        "value": 1.111102880719402
      },
      "LIST-virtualmachinerestores-count": {
        "value": 3.3332839522023514
      },
      "LIST-virtualmachines-count": {
        "value": 1.111102880719402
      },
      "LIST-virtualmachinesnapshotcontents-count": {
        "value": 1.111102880719402
      },
      "PATCH-events-count": {
        "value": 1.387
      },
      "PATCH-nodes-count": {
        "value": 13.333333333333334
      },
      "PATCH-pods-count": {
        "value": 273.3313086569729
      },
      "PATCH-virtualmachineinstances-count": {
        "value": 179.99866667654314,
        "thresholdResult": {
          "thresholdValue": 222.2205761438804,
          "thresholdMetric": "CREATE-pods-count",