{
  "JobDirCreationTime": "2025-12-25T06:22:13.726Z",
  "VMIResult": {
    "Values": {
      "CREATE-events-count": {
        "value": 103.11774193548388
      },
      "CREATE-pods-count": {
        "value": 102.09677419354838
      },
      "DELETE-jobs-count": {
        "value": 315.47903225806454
      },
      "GET-leases-count": {
        "value": 1176.8841013824886
      },
      "LIST-nodes-count": {
        "value": 315.47903225806454
      },
      "LIST-virtualmachineclusterinstancetypes-count": {
        "value": 315.47903225806454
      },
      "LIST-virtualmachineclusterpreferences-count": {
        "value": 315.47903225806454
      },
      "PATCH-nodes-count": {
        "value": 88.90522273425499
      },
      "PATCH-pods-count": {
        "value": 102.09677419354838
      },
      "PATCH-services-count": {
        "value": 1261.9161290322581
      },
      "UPDATE-configmaps-count": {
        "value": 315.47903225806454
      },
      "UPDATE-leases-count": {
        "value": 1893.8951612903227
      },
      "UPDATE-virtualmachineinstances-count": {
        "value": 308.3322580645161
      },
      "WATCH-clusterrolebindings-count": {
        "value": 8.102918586789555
      },
      "WATCH-clusterroles-count": {
        "value": 8.102918586789555
      },
      "WATCH-configmaps-count": {
        "value": 64.87196620583718
      },
      "WATCH-controllerrevisions-count": {
        "value": 4.083870967741936
      },
      "WATCH-customresourcedefinitions-count": {
        "value": 49.65468509984639
      },
      "WATCH-daemonsets-count": {
        "value": 9.140092165898619
      },
      "WATCH-deployments-count": {
        "value": 8.102918586789555
      },
      "WATCH-ingresses-count": {
        "value": 4.083870967741936
      },
      "WATCH-jobs-count": {
        "value": 8.086712749615975
      },
      "WATCH-kubevirts-count": {
        "value": 41.53556067588326
      },
      "WATCH-leases-count": {
        "value": 8.102918586789555
      },
      "WATCH-migrationpolicies-count": {
        "value": 4.083870967741936
      },
      "WATCH-mutatingwebhookconfigurations-count": {
        "value": 9.10768049155146
      },
      "WATCH-namespaces-count": {
        "value": 21.31067588325653
      },
      "WATCH-nodes-count": {
        "value": 17.22680491551459
      },
      "WATCH-persistentvolumeclaims-count": {
        "value": 4.083870967741936
      },
      "WATCH-poddisruptionbudgets-count": {
        "value": 12.18678955453149
      },
      "WATCH-pods-count": {
        "value": 15.265898617511521
      },
      "WATCH-prometheusrules-count": {
        "value": 8.119124423963134
      },
      "WATCH-resourcequotas-count": {
        "value": 4.083870967741936
      },
      "WATCH-rolebindings-count": {
        "value": 9.123886328725039
      },
      "WATCH-roles-count": {
        "value": 9.10768049155146
      },
      "WATCH-routes-count": {
        "value": 13.191551459293395
      },
      "WATCH-secrets-count": {
        "value": 12.18678955453149
      },
      "WATCH-securitycontextconstraints-count": {
        "value": 8.102918586789555
      },
      "WATCH-serviceaccounts-count": {
        "value": 10.128648233486944
      },
      "WATCH-servicemonitors-count": {
        "value": 8.102918586789555
      },
      "WATCH-services-count": {
        "value": 12.17058371735791
      },
      "WATCH-storageclasses-count": {
        "value": 4.083870967741936
      },
      "WATCH-validatingwebhookconfigurations-count": {
        "value": 9.123886328725039
      },
      "WATCH-virtualmachinebackups-count": {
        "value": 14.21251920122888
      },
      "WATCH-virtualmachinebackuptrackers-count": {
        "value": 3.0629032258064517
      },
      "WATCH-virtualmachineclones-count": {
        "value": 4.083870967741936
      },
      "WATCH-virtualmachineclusterinstancetypes-count": {
        "value": 12.18678955453149
      },
      "WATCH-virtualmachineclusterpreferences-count": {
        "value": 12.18678955453149
      },
      "WATCH-virtualmachineexports-count": {
        "value": 4.083870967741936
      },
      "WATCH-virtualmachineinstancemigrations-count": {
        "value": 5.10483870967742
      },
      "WATCH-virtualmachineinstancepresets-count": {
        "value": 9.10768049155146
      },
      "WATCH-virtualmachineinstancereplicasets-count": {
        "value": 4.083870967741936
      },
      "WATCH-virtualmachineinstances-count": {
        "value": 43.48026113671275
      },
      "WATCH-virtualmachineinstancetypes-count": {
        "value": 4.083870967741936
      },
      "WATCH-virtualmachinepools-count": {
        "value": 5.10483870967742
      },
      "WATCH-virtualmachinepreferences-count": {
        "value": 4.083870967741936
      },
      "WATCH-virtualmachinerestores-count": {
        "value": 11.165821812596006
      },
      "WATCH-virtualmachines-count": {
        "value": 4.083870967741936
      },
      "WATCH-virtualmachinesnapshotcontents-count": {
        "value": 5.10483870967742
      },
      "WATCH-virtualmachinesnapshots-count": {
        "value": 4.083870967741936
      },
      "WATCH-volumesnapshotclasses-count": {
        "value": 5.10483870967742
      },
      "WATCH-volumesnapshots-count": {
        "value": 5.10483870967742
      },
      "avgVirtAPICPUUsage": {
        "value": 0.004020382868584656
      },
      "avgVirtAPIMemoryUsageInMB": {
        "value": 195.56383356972344
      },
      "avgVirtControllerCPUUsage": {
        "value": 0.009010163027419358
      },
      "avgVirtControllerMemoryUsageInMB": {
        "value": 357.94686259920644
      },
      "failed-phase-count": {
        "value": 20
      },
      "maxVirtAPIMemoryUsageInMB": {
        "value": 225.0634765625
      },
      "maxVirtControllerMemoryUsageInMB": {
        "value": 446.4140625
      },
      "minVirtAPIMemoryUsageInMB": {
        "value": 182.689453125
      },
      "minVirtControllerMemoryUsageInMB": {
        "value": 306.98828125
      },
      "vmiCreationToRunningSecondsP50": {
        "value": 0
      },
      "vmiCreationToRunningSecondsP95": {
        "value": 0
      },
      "vmiCreationToRunningSecondsP99": {
        "value": 0
      },
      "vmiDeletionToFailedSecondsP50": {
        "value": 0
      },
      "vmiDeletionToFailedSecondsP95": {
        "value": 0
      },
      "vmiDeletionToFailedSecondsP99": {
        "value": 0
      },
      "vmiDeletionToSucceededSecondsP50": {
        "value": 0
      },
      "vmiDeletionToSucceededSecondsP95": {
        "value": 0
      },
      "vmiDeletionToSucceededSecondsP99": {
        "value": 0
      }
    }
  },
  "VMResult": null
}
