{
  "JobDirCreationTime": "2025-03-14T16:25:05.003Z",
  "VMIResult": {
    "Values": {
      "CREATE-events-count": {
        "value": 147.4193888888889
      },
      "CREATE-pods-count": {
        "value": 124.08333333333334
      },
      "GET-leases-count": {
        "value": 184.4394323586514
      },
      "GET-nodes-count": {
        "value": 33.33307408271577
      },
      "LIST-nodes-count": {
        "value": 1.1111111111111112
      },
      "LIST-virtualmachineclusterinstancetypes-count": {
        "value": 1.1111111111111112
      },
      "LIST-virtualmachineclusterpreferences-count": {
        "value": 1.1111111111111112
      },
      "PATCH-nodes-count": {
        "value": 14.444333337036914
      },
      "PATCH-pods-count": {
        "value": 415.32916666666665
      },
      "PATCH-services-count": {
        "value": 4.444444444444445
      },
      "PATCH-validatingadmissionpolicies-count": {
        "value": 1.1111111111111112
      },
      "PATCH-validatingadmissionpolicybindings-count": {
        "value": 1.1111111111111112
      },
      "PATCH-virtualmachineinstances-count": {
        "value": 44.07916666666666,
        "thresholdResult": {
          "thresholdValue": 248.16666666666669,
          "thresholdMetric": "CREATE-pods-count",
          "thresholdRatio": 0.3552384150436534,
          "thresholdExceeded": true
        }
      },
      "UPDATE-leases-count": {
        "value": 298.8888888888889
      },
      "UPDATE-virtualmachineinstances-count": {
        "value": 640.3031333333333,
        "thresholdResult": {
          "thresholdValue": 1240.8333333333335,
          "thresholdMetric": "CREATE-pods-count",
          "thresholdRatio": 5.160267024848891,
          "thresholdExceeded": false
        }
      },
      "WATCH-clusterrolebindings-count": {
        "value": 2.222164612040693
      },
      "WATCH-clusterroles-count": {
        "value": 1.1110535009295817
      },
      "WATCH-configmaps-count": {
        "value": 3.3332757231518038
      },
      "WATCH-controllerrevisions-count": {
        "value": 1.1111111111111112
      },
      "WATCH-customresourcedefinitions-count": {
        "value": 5.555440335192497
      },
      "WATCH-datasources-count": {
        "value": 1.1111111111111112
      },
      "WATCH-jobs-count": {
        "value": 2.222164612040693
      },
      "WATCH-kubevirts-count": {
        "value": 6.666666666666666
      },
      "WATCH-mutatingwebhookconfigurations-count": {
        "value": 1.1110535009295817
      },
      "WATCH-namespaces-count": {
        "value": 3.333275723151804
      },
      "WATCH-poddisruptionbudgets-count": {
        "value": 2.222164612040693
      },
      "WATCH-pods-count": {
        "value": 1.1111111111111112
      },
      "WATCH-rolebindings-count": {
        "value": 1.1111111111111112
      },
      "WATCH-roles-count": {
        "value": 1.1110535009295817
      },
      "WATCH-secrets-count": {
        "value": 1.1111111111111112
      },
      "WATCH-serviceaccounts-count": {
        "value": 2.222164612040693
      },
      "WATCH-servicemonitors-count": {
        "value": 2.222164612040693
      },
      "WATCH-storageclasses-count": {
        "value": 1.1111111111111112
      },
      "WATCH-storageprofiles-count": {
        "value": 1.1111111111111112
      },
      "WATCH-validatingadmissionpolicies-count": {
        "value": 1.1111111111111112
      },
      "WATCH-validatingadmissionpolicybindings-count": {
        "value": 1.1110535009295817
      },
      "WATCH-validatingwebhookconfigurations-count": {
        "value": 2.222164612040693
      },
      "WATCH-virtualmachineclusterinstancetypes-count": {
        "value": 1.1111111111111112
      },
      "WATCH-virtualmachineclusterpreferences-count": {
        "value": 1.1111111111111112
      },
      "WATCH-virtualmachinepools-count": {
        "value": 1.1111111111111112
      },
      "WATCH-virtualmachinerestores-count": {
        "value": 1.1111111111111112
      },
      "WATCH-virtualmachinesnapshotcontents-count": {
        "value": 1.1111111111111112
      },
      "avgVirtAPICPUUsage": {
        "value": 0.01088920185185185
      },
      "avgVirtAPIMemoryUsageInMB": {
        "value": 133.50644531249998
      },
      "avgVirtControllerCPUUsage": {
        "value": 0.025884788888888885
      },
      "avgVirtControllerMemoryUsageInMB": {
        "value": 61.50234375
      },
      "avgVirtHandlerCPUUsage": {
        "value": 0.0009168480465864726
      },
      "avgVirtHandlerMemoryUsageInMB": {
        "value": 17.94152436828218
      },
      "maxVirtAPIMemoryUsageInMB": {
        "value": 159.71875
      },
      "maxVirtControllerMemoryUsageInMB": {
        "value": 82.10546875
      },
      "maxVirtHandlerCPUUsage": {
        "value": 0.0010349515432098767
      },
      "maxVirtHandlerMemoryUsageInMB": {
        "value": 60.02000144675926
      },
      "minVirtAPIMemoryUsageInMB": {
        "value": 123.052734375
      },
      "minVirtControllerMemoryUsageInMB": {
        "value": 56.2109375
      },
      "minVirtHandlerCPUUsage": {
        "value": 0.0008758519943019943
      },
      "minVirtHandlerMemoryUsageInMB": {
        "value": 3.1954627403846154
      },
      "running-phase-count": {
        "value": 101
      },
      "vmiCreationToRunningSecondsP50": {
        "value": 16.135409614082597,
        "thresholdResult": {
          "thresholdValue": 45,
          "thresholdExceeded": false
        }
      },
      "vmiCreationToRunningSecondsP95": {
        "value": 27.29815146094215,
        "thresholdResult": {
          "thresholdValue": 60,
          "thresholdExceeded": false
        }
      },
      "vmiCreationToRunningSecondsP99": {
        "value": 29.45963029218843
      },
      "vmiDeletionToFailedSecondsP50": {
        "value": 0
      },
      "vmiDeletionToFailedSecondsP95": {
        "value": 0
      },
      "vmiDeletionToFailedSecondsP99": {
        "value": 0
      },
      "vmiDeletionToSucceededSecondsP50": {
        "value": 0
      },
      "vmiDeletionToSucceededSecondsP95": {
        "value": 0
      },
      "vmiDeletionToSucceededSecondsP99": {
        "value": 0
      }
    }
  },
  "VMResult": {
    "Values": {
      "CREATE-events-count": {
        "value": 828.8888888888889
      },
      "CREATE-pods-count": {
        "value": 111.11111111111111
      },
      "GET-leases-count": {
        "value": 184.4433827278462
      },
      "GET-nodes-count": {
        "value": 31.111111111111114
      },
      "PATCH-nodes-count": {
        "value": 13.333333333333334
      },
      "PATCH-pods-count": {
        "value": 374.44444444444446
      },
      "PATCH-virtualmachineinstances-count": {
        "value": 148.88888888888889,
        "thresholdResult": {
          "thresholdValue": 222.22222222222223,
          "thresholdMetric": "CREATE-pods-count",
          "thresholdRatio": 1.3399999999999999,
          "thresholdExceeded": false
        }
      },
      "UPDATE-leases-count": {
        "value": 298.8888888888889
      },
      "UPDATE-virtualmachineinstances-count": {
        "value": 901.1111111111112,
        "thresholdResult": {
          "thresholdValue": 1111.111111111111,
          "thresholdMetric": "CREATE-pods-count",
          "thresholdRatio": 8.110000000000001,
          "thresholdExceeded": false
        }
      },
      "WATCH-cdiconfigs-count": {
        "value": 1.1111111111111112
      },
      "WATCH-clusterrolebindings-count": {
        "value": 2.2222098766803824
      },
      "WATCH-configmaps-count": {
        "value": 10
      },
      "WATCH-controllerrevisions-count": {
        "value": 1.1111111111111112
      },
      "WATCH-customresourcedefinitions-count": {
        "value": 3.3333333333333335
      },
      "WATCH-daemonsets-count": {
        "value": 1.1111111111111112
      },
      "WATCH-datasources-count": {
        "value": 2.2222222222222223
      },