{
  "JobDirCreationTime": "2025-09-27T08:24:57.684Z",
  "VMIResult": {
    "Values": {
      "CREATE-events-count": {
        "value": 288.64277142857145
      },
      "CREATE-pods-count": {
        "value": 124.31416666666667
      },
      "CREATE-virtualmachineclusterpreferences-count": {
        "value": 12.023061111111112
      },
      "GET-leases-count": {
        "value": 153.5944761904762
      },
      "GET-nodes-count": {
        "value": 32.294266666666665
      },
      "LIST-nodes-count": {
        "value": 40.65065833333333
      },
      "LIST-virtualmachineclusterinstancetypes-count": {
        "value": 32.22487916666667
      },
      "LIST-virtualmachineclusterpreferences-count": {
        "value": 32.25700476190477
      },
      "PATCH-nodes-count": {
        "value": 11.566809523809523
      },
      "PATCH-pods-count": {
        "value": 248.86147499999996
      },
      "PATCH-services-count": {
        "value": 162.60263333333333
      },
      "PATCH-validatingadmissionpolicies-count": {
        "value": 40.65065833333333
      },
      "PATCH-validatingadmissionpolicybindings-count": {
        "value": 40.65065833333333
      },
      "PATCH-virtualmachineinstances-count": {
        "value": 45.56908888888889,
        "thresholdResult": {
          "thresholdValue": 248.62833333333333,
          "thresholdMetric": "CREATE-pods-count",
          "thresholdRatio": 0.36656392518060205,
          "thresholdExceeded": true
        }
      },
      "UPDATE-configmaps-count": {
        "value": 40.65065833333333
      },
      "UPDATE-kubevirts-count": {
        "value": 1.0697541666666666
      },
      "UPDATE-leases-count": {
        "value": 247.1560220238095
      },
      "UPDATE-virtualmachineinstances-count": {
        "value": 795.6280722222223,
        "thresholdResult": {
          "thresholdValue": 1243.1416666666667,
          "thresholdMetric": "CREATE-pods-count",
          "thresholdRatio": 6.400140012647169,
          "thresholdExceeded": false
        }
      },
      "WATCH-customresourcedefinitions-count": {
        "value": 1.0697541666666666
      },
      "WATCH-serviceaccounts-count": {
        "value": 1.0697541666666666
      },
      "avgVirtAPICPUUsage": {
        "value": 0.009992342592592594
      },
      "avgVirtAPIMemoryUsageInMB": {
        "value": 143.5783203125
      },
      "avgVirtControllerCPUUsage": {
        "value": 0.024335543135944444
      },
      "avgVirtControllerMemoryUsageInMB": {
        "value": 63.75824652777778
      },
      "avgVirtHandlerCPUUsage": {
        "value": 0.0008876390956241414
      },
      "avgVirtHandlerMemoryUsageInMB": {
        "value": 10.4721844633954
      },
      "maxVirtAPIMemoryUsageInMB": {
        "value": 159.904296875
      },
      "maxVirtControllerMemoryUsageInMB": {
        "value": 84.2578125
      },
      "maxVirtHandlerCPUUsage": {
        "value": 0.0009366548370629042
      },
      "maxVirtHandlerMemoryUsageInMB": {
        "value": 26.266493055555554
      },
      "minVirtAPIMemoryUsageInMB": {
        "value": 134.380859375
      },
      "minVirtControllerMemoryUsageInMB": {
        "value": 49.953125
      },
      "minVirtHandlerCPUUsage": {
        "value": 0.0007812434419351851
      },
      "minVirtHandlerMemoryUsageInMB": {
        "value": 3.456580528846154
      },
      "none-none-count": {
        "value": 1.204652380952381
      },
      "running-phase-count": {
        "value": 101
      },
      "vmiCreationToRunningSecondsP50": {
        "value": 19.656350154879526,
        "thresholdResult": {
          "thresholdValue": 45,
          "thresholdExceeded": false
        }
      },
      "vmiCreationToRunningSecondsP95": {
        "value": 28.963098796945033,
        "thresholdResult": {
          "thresholdValue": 60,
          "thresholdExceeded": false
        }
      },
      "vmiCreationToRunningSecondsP99": {
        "value": 29.792619759389005
      },
      "vmiDeletionToFailedSecondsP50": {
        "value": 0
      },
      "vmiDeletionToFailedSecondsP95": {
        "value": 0
      },
      "vmiDeletionToFailedSecondsP99": {
        "value": 0
      },
      "vmiDeletionToSucceededSecondsP50": {
        "value": 0
      },
      "vmiDeletionToSucceededSecondsP95": {
        "value": 0
      },
      "vmiDeletionToSucceededSecondsP99": {
        "value": 0
      }
    }
  },
  "VMResult": null
}
