{
  "JobDirCreationTime": "2024-10-31T05:09:55.703Z",
  "VMIResult": {
    "Values": {
      "CREATE-events-count": {
        "value": 573.7013000000001
      },
      "CREATE-pods-count": {
        "value": 107.932
      },
      "DELETE-pods-count": {
        "value": 107.49170000000001
      },
      "GET-leases-count": {
        "value": 187.77777777777777
      },
      "GET-nodes-count": {
        "value": 23.333333333333336
      },
      "PATCH-nodes-count": {
        "value": 10
      },
      "PATCH-pods-count": {
        "value": 323.86532
      },
      "PATCH-virtualmachineinstances-count": {
        "value": 217.1567
      },
      "UPDATE-leases-count": {
        "value": 300
      },
      "UPDATE-virtualmachineinstances-count": {
        "value": 910.7328155555556
      },
      "WATCH-clusterrolebindings-count": {
        "value": 2.2222222222222223
      },
      "WATCH-clusterroles-count": {
        "value": 1.1111111111111112
      },
      "WATCH-configmaps-count": {
        "value": 13.333333333333332
      },
      "WATCH-customresourcedefinitions-count": {
        "value": 10
      },
      "WATCH-daemonsets-count": {
        "value": 2.2222222222222223
      },
      "WATCH-deployments-count": {
        "value": 2.2222222222222223
      },
      "WATCH-ingresses-count": {
        "value": 1.1111111111111112
      },
      "WATCH-jobs-count": {
        "value": 2.2222222222222223
      },
      "WATCH-kubevirts-count": {
        "value": 7.777777777777777
      },
      "WATCH-migrationpolicies-count": {
        "value": 1.1111111111111112
      },
      "WATCH-mutatingwebhookconfigurations-count": {
        "value": 2.2222222222222223
      },
      "WATCH-namespaces-count": {
        "value": 5.555555555555555
      },
      "WATCH-nodes-count": {
        "value": 1.1111111111111112
      },
      "WATCH-persistentvolumeclaims-count": {
        "value": 1.1111111111111112
      },
      "WATCH-poddisruptionbudgets-count": {
        "value": 3.3333333333333335
      },
      "WATCH-pods-count": {
        "value": 2.2222222222222223
      },
      "WATCH-prometheusrules-count": {
        "value": 2.2222222222222223
      },
      "WATCH-resourcequotas-count": {
        "value": 1.1111111111111112
      },
      "WATCH-rolebindings-count": {
        "value": 2.2222222222222223
      },
      "WATCH-roles-count": {
        "value": 1.1111111111111112
      },
      "WATCH-routes-count": {
        "value": 3.3333333333333335
      },
      "WATCH-secrets-count": {
        "value": 3.3333333333333335
      },
      "WATCH-securitycontextconstraints-count": {
        "value": 1.1111111111111112
      },
      "WATCH-serviceaccounts-count": {
        "value": 2.2222222222222223
      },
      "WATCH-servicemonitors-count": {
        "value": 1.1111111111111112
      },
      "WATCH-services-count": {
        "value": 3.3333333333333335
      },
      "WATCH-validatingwebhookconfigurations-count": {
        "value": 1.1111111111111112
      },
      "WATCH-virtualmachineclusterinstancetypes-count": {
        "value": 1.1111111111111112
      },
      "WATCH-virtualmachineclusterpreferences-count": {
        "value": 2.2222222222222223
      },
      "WATCH-virtualmachineexports-count": {
        "value": 1.1111111111111112
      },
      "WATCH-virtualmachineinstancemigrations-count": {
        "value": 1.1111111111111112
      },
      "WATCH-virtualmachineinstancepresets-count": {
        "value": 1.1111111111111112
      },
      "WATCH-virtualmachineinstancereplicasets-count": {
        "value": 1.1111111111111112
      },
      "WATCH-virtualmachineinstances-count": {
        "value": 4.444444444444445
      },
      "WATCH-virtualmachineinstancetypes-count": {
        "value": 1.1111111111111112
      },
      "WATCH-virtualmachinepools-count": {
        "value": 1.1111111111111112
      },
      "WATCH-virtualmachinerestores-count": {
        "value": 2.2222222222222223
      },
      "WATCH-virtualmachines-count": {
        "value": 1.1111111111111112
      },
      "WATCH-virtualmachinesnapshotcontents-count": {
        "value": 1.1111111111111112
      },
      "WATCH-virtualmachinesnapshots-count": {
        "value": 1.1111111111111112
      },
      "WATCH-volumesnapshotclasses-count": {
        "value": 1.1111111111111112
      },
      "WATCH-volumesnapshots-count": {
        "value": 1.1111111111111112
      },
      "avgVirtAPICPUUsage": {
        "value": 0.04758533078888889
      },
      "avgVirtAPIMemoryUsageInMB": {
        "value": 162.97333984375
      },
      "avgVirtControllerCPUUsage": {
        "value": 0.03719102864444444
      },
      "avgVirtControllerMemoryUsageInMB": {
        "value": 92.92265625
      },
      "maxVirtAPIMemoryUsageInMB": {
        "value": 182.01171875
      },
      "maxVirtControllerMemoryUsageInMB": {
        "value": 120.68359375
      },
      "minVirtAPIMemoryUsageInMB": {
        "value": 143.76953125
      },
      "minVirtControllerMemoryUsageInMB": {
        "value": 77.88671875
      },
      "running-phase-count": {
        "value": 20
      },
      "succeeded-phase-count": {
        "value": 49
      },
      "vmiCreationToRunningSecondsP50": {
        "value": 43.16762797697186
      },
      "vmiCreationToRunningSecondsP95": {
        "value": 49.84617456240307
      },
      "vmiCreationToRunningSecondsP99": {
        "value": 57.47699351217045
      },
      "vmiDeletionToFailedSecondsP50": {
        "value": 0
      },
      "vmiDeletionToFailedSecondsP95": {
        "value": 0
      },
      "vmiDeletionToFailedSecondsP99": {
        "value": 0
      },
      "vmiDeletionToSucceededSecondsP50": {
        "value": 0.7853473284117285
      },
      "vmiDeletionToSucceededSecondsP95": {
        "value": 8.730827926808695
      },
      "vmiDeletionToSucceededSecondsP99": {
        "value": 11.907974048681861
      }
    }
  },
  "VMResult": null
}
