{
  "JobDirCreationTime": "2023-11-17T05:01:08.138Z",
  "VMIResult": {
    "Values": {
      "CREATE-events-count": {
        "value": 670.743212962963
      },
      "CREATE-pods-count": {
        "value": 101.45733333333334
      },
      "DELETE-pods-count": {
        "value": 101.57166666666669
      },
      "DELETE-virtualmachineclusterinstancetypes-count": {
        "value": 1.1111111111111112
      },
      "DELETE-virtualmachineclusterpreferences-count": {
        "value": 1.1111111111111112
      },
      "GET-endpoints-count": {
        "value": 485.55555555555554
      },
      "GET-leases-count": {
        "value": 783.3333333333334
      },
      "GET-nodes-count": {
        "value": 17.77777777777778
      },
      "LIST-clusterroles-count": {
        "value": 1.1111111111111112
      },
      "LIST-configmaps-count": {
        "value": 4.444444444444445
      },
      "LIST-customresourcedefinitions-count": {
        "value": 5.555555555555555
      },
      "LIST-daemonsets-count": {
        "value": 2.2222222222222223
      },
      "LIST-deployments-count": {
        "value": 1.1111111111111112
      },
      "LIST-jobs-count": {
        "value": 1.1111111111111112
      },
      "LIST-kubevirts-count": {
        "value": 2.2222222222222223
      },
      "LIST-mutatingwebhookconfigurations-count": {
        "value": 2.2222222222222223
      },
      "LIST-namespaces-count": {
        "value": 4.444444444444445
      },
      "LIST-nodes-count": {
        "value": 2.2222222222222223
      },
      "LIST-poddisruptionbudgets-count": {
        "value": 2.2222222222222223
      },
      "LIST-pods-count": {
        "value": 1.1111111111111112
      },
      "LIST-prometheusrules-count": {
        "value": 2.2222222222222223
      },
      "LIST-rolebindings-count": {
        "value": 1.1111111111111112
      },
      "LIST-roles-count": {
        "value": 1.1111111111111112
      },
      "LIST-routes-count": {
        "value": 1.1111111111111112
      },
      "LIST-secrets-count": {
        "value": 2.2222222222222223
      },
      "LIST-securitycontextconstraints-count": {
        "value": 1.1111111111111112
      },
      "LIST-servicemonitors-count": {
        "value": 1.1111111111111112
      },
      "LIST-services-count": {
        "value": 1.1111111111111112
      },
      "LIST-validatingwebhookconfigurations-count": {
        "value": 1.1111111111111112
      },
      "LIST-virtualmachineclusterinstancetypes-count": {
        "value": 2.2222222222222223
      },
      "LIST-virtualmachineclusterpreferences-count": {
        "value": 1.1111111111111112
      },
      "LIST-virtualmachineinstancepresets-count": {
        "value": 1.1111111111111112
      },
      "LIST-virtualmachineinstances-count": {
        "value": 3.3333333333333335
      },
      "LIST-virtualmachinepools-count": {
        "value": 1.1111111111111112
      },
      "LIST-virtualmachinesnapshotcontents-count": {
        "value": 1.1111111111111112
      },
      "LIST-virtualmachinesnapshots-count": {
        "value": 1.1111111111111112
      },
      "LIST-volumesnapshots-count": {
        "value": 1.1111111111111112
      },
      "PATCH-events-count": {
        "value": 38.17477777777778
      },
      "PATCH-nodes-count": {
        "value": 8.88888888888889
      },
      "PATCH-pods-count": {
        "value": 202.91924
      },
      "PATCH-services-count": {
        "value": 4.444444444444445
      },
      "PATCH-virtualmachineinstances-count": {
        "value": 203.14333333333337
      },
      "UPDATE-endpoints-count": {
        "value": 297.77777777777777
      },
      "UPDATE-leases-count": {
        "value": 297.77777777777777
      },
      "UPDATE-virtualmachineinstances-count": {
        "value": 1113.7223233333334
      },
      "vmiCreationToRunningSecondsP50": {
        "value": 44.06285526075933
      },
      "vmiCreationToRunningSecondsP95": {
        "value": 49.74378552607593
      },
      "vmiCreationToRunningSecondsP99": {
        "value": 56.63352280573831
      },
      "vmiDeletionToFailedSecondsP50": {
        "value": 0
      },
      "vmiDeletionToFailedSecondsP95": {
        "value": 0
      },
      "vmiDeletionToFailedSecondsP99": {
        "value": 0
      },
      "vmiDeletionToSucceededSecondsP50": {
        "value": 0.6979125545276823
      },
      "vmiDeletionToSucceededSecondsP95": {
        "value": 1.9751421043037412
      },
      "vmiDeletionToSucceededSecondsP99": {
        "value": 14.950284208607508
      }
    }
  },
  "VMResult": null
}
