{
  "JobDirCreationTime": "2025-11-02T06:22:19.313Z",
  "VMIResult": {
    "Values": {
      "CREATE-events-count": {
        "value": 188.89523809523808
      },
      "CREATE-pods-count": {
        "value": 100.47619047619048
      },
      "DELETE-jobs-count": {
        "value": 315.47903225806454
      },
      "DELETE-pods-count": {
        "value": 208.2541559139785
      },
      "GET-leases-count": {
        "value": 1182.2806451612903
      },
      "GET-nodes-count": {
        "value": 79.63548387096775
      },
      "LIST-nodes-count": {
        "value": 315.47903225806454
      },
      "LIST-virtualmachineclusterinstancetypes-count": {
        "value": 315.47903225806454
      },
      "LIST-virtualmachineclusterpreferences-count": {
        "value": 315.47903225806454
      },
      "PATCH-events-count": {
        "value": 120.14629462365592
      },
      "PATCH-nodes-count": {
        "value": 57.1741935483871
      },
      "PATCH-pods-count": {
        "value": 100.47619047619048
      },
      "PATCH-services-count": {
        "value": 1261.9161290322581
      },
      "UPDATE-configmaps-count": {
        "value": 315.47903225806454
      },
      "UPDATE-leases-count": {
        "value": 1893.9275729646697
      },
      "UPDATE-virtualmachineinstances-count": {
        "value": 450.1333333333333
      },
      "WATCH-clusterrolebindings-count": {
        "value": 7.146774193548387
      },
      "WATCH-clusterroles-count": {
        "value": 8.167741935483871
      },
      "WATCH-configmaps-count": {
        "value": 65.22849462365592
      },
      "WATCH-controllerrevisions-count": {
        "value": 4.019047619047619
      },
      "WATCH-customresourcedefinitions-count": {
        "value": 46.89969278033794
      },
      "WATCH-daemonsets-count": {
        "value": 8.167741935483871
      },
      "WATCH-deployments-count": {
        "value": 10.20967741935484
      },
      "WATCH-ingresses-count": {
        "value": 3.0142857142857142
      },
      "WATCH-jobs-count": {
        "value": 9.188709677419356
      },
      "WATCH-kubevirts-count": {
        "value": 37.7109831029186
      },
      "WATCH-leases-count": {
        "value": 6.125806451612903
      },
      "WATCH-migrationpolicies-count": {
        "value": 4.019047619047619
      },
      "WATCH-mutatingwebhookconfigurations-count": {
        "value": 7.146774193548387
      },
      "WATCH-namespaces-count": {
        "value": 21.375499231950847
      },
      "WATCH-nodes-count": {
        "value": 4.019047619047619
      },
      "WATCH-persistentvolumeclaims-count": {
        "value": 4.019047619047619
      },
      "WATCH-poddisruptionbudgets-count": {
        "value": 12.18678955453149
      },
      "WATCH-pods-count": {
        "value": 15.184869431643625
      },
      "WATCH-prometheusrules-count": {
        "value": 8.167741935483871
      },
      "WATCH-resourcequotas-count": {
        "value": 5.023809523809524
      },
      "WATCH-rolebindings-count": {
        "value": 8.167741935483871
      },
      "WATCH-roles-count": {
        "value": 8.167741935483871
      },
      "WATCH-routes-count": {
        "value": 11.165821812596006
      },
      "WATCH-secrets-count": {
        "value": 12.18678955453149
      },
      "WATCH-securitycontextconstraints-count": {
        "value": 9.188709677419356
      },
      "WATCH-serviceaccounts-count": {
        "value": 7.146774193548387
      },
      "WATCH-servicemonitors-count": {
        "value": 8.167741935483871
      },
      "WATCH-services-count": {
        "value": 13.191551459293395
      },
      "WATCH-storageclasses-count": {
        "value": 4.019047619047619
      },
      "WATCH-validatingwebhookconfigurations-count": {
        "value": 7.146774193548387
      },
      "WATCH-virtualmachineclones-count": {
        "value": 6.0285714285714285
      },
      "WATCH-virtualmachineclusterinstancetypes-count": {
        "value": 11.182027649769585
      },
      "WATCH-virtualmachineclusterpreferences-count": {
        "value": 11.165821812596006
      },
      "WATCH-virtualmachineexports-count": {
        "value": 4.019047619047619
      },
      "WATCH-virtualmachineinstancemigrations-count": {
        "value": 4.019047619047619
      },
      "WATCH-virtualmachineinstancepresets-count": {
        "value": 8.167741935483871
      },
      "WATCH-virtualmachineinstancereplicasets-count": {
        "value": 5.023809523809524
      },
      "WATCH-virtualmachineinstances-count": {
        "value": 42.79961597542243
      },
      "WATCH-virtualmachineinstancetypes-count": {
        "value": 4.019047619047619
      },
      "WATCH-virtualmachinepools-count": {
        "value": 4.019047619047619
      },
      "WATCH-virtualmachinepreferences-count": {
        "value": 4.019047619047619
      },
      "WATCH-virtualmachinerestores-count": {
        "value": 13.207757296466974
      },
      "WATCH-virtualmachines-count": {
        "value": 4.019047619047619
      },
      "WATCH-virtualmachinesnapshotcontents-count": {
        "value": 5.023809523809524
      },
      "WATCH-virtualmachinesnapshots-count": {
        "value": 3.0142857142857142
      },
      "WATCH-volumesnapshotclasses-count": {
        "value": 4.019047619047619
      },
      "WATCH-volumesnapshots-count": {
        "value": 5.023809523809524
      },
      "avgVirtAPICPUUsage": {
        "value": 0.00406770501911589
      },
      "avgVirtAPIMemoryUsageInMB": {
        "value": 182.11092049734933
      },
      "avgVirtControllerCPUUsage": {
        "value": 0.009051670956451614
      },
      "avgVirtControllerMemoryUsageInMB": {
        "value": 337.49565972222223
      },
      "failed-phase-count": {
        "value": 28
      },
      "maxVirtAPIMemoryUsageInMB": {
        "value": 215.134765625
      },
      "maxVirtControllerMemoryUsageInMB": {
        "value": 424.609375
      },
      "minVirtAPIMemoryUsageInMB": {
        "value": 174.7041015625
      },
      "minVirtControllerMemoryUsageInMB": {
        "value": 280.8671875
      },
      "scheduling-phase-count": {
        "value": 13
      },
      "vmiCreationToRunningSecondsP50": {
        "value": 0
      },
      "vmiCreationToRunningSecondsP95": {
        "value": 0
      },
      "vmiCreationToRunningSecondsP99": {
        "value": 0
      },
      "vmiDeletionToFailedSecondsP50": {
        "value": 0.25
      },
      "vmiDeletionToFailedSecondsP95": {
        "value": 0.475
      },
      "vmiDeletionToFailedSecondsP99": {
        "value": 0.49499999999999994
      },
      "vmiDeletionToSucceededSecondsP50": {
        "value": 0
      },
      "vmiDeletionToSucceededSecondsP95": {
        "value": 0
      },
      "vmiDeletionToSucceededSecondsP99": {
        "value": 0
      }
    }
  },
  "VMResult": null
}
