{
  "JobDirCreationTime": "2025-05-21T08:21:14.87Z",
  "VMIResult": {
    "Values": {
      "CREATE-events-count": {
        "value": 156.83568095238095
      },
      "CREATE-pods-count": {
        "value": 102.33083333333333
      },
      "CREATE-virtualmachineclusterinstancetypes-count": {
        "value": 20.748211111111114
      },
      "GET-leases-count": {
        "value": 135.45515
      },
      "GET-nodes-count": {
        "value": 34.39419206349206
      },
      "LIST-nodes-count": {
        "value": 7.552066666666667
      },
      "LIST-virtualmachineclusterinstancetypes-count": {
        "value": 5.394333333333333
      },
      "LIST-virtualmachineclusterpreferences-count": {
        "value": 4.368044444444445
      },
      "PATCH-nodes-count": {
        "value": 7.707639682539682
      },
      "PATCH-pods-count": {
        "value": 334.35182499999996
      },
      "PATCH-services-count": {
        "value": 30.208266666666667
      },
      "PATCH-validatingadmissionpolicies-count": {
        "value": 7.552066666666667
      },
      "PATCH-validatingadmissionpolicybindings-count": {
        "value": 7.552066666666667
      },
      "PATCH-virtualmachineinstances-count": {
        "value": 102.77444444444444,
        "thresholdResult": {
          "thresholdValue": 204.66166666666666,
          "thresholdMetric": "CREATE-pods-count",
          "thresholdRatio": 1.0043350679033962,
          "thresholdExceeded": false
        }
      },
      "UPDATE-kubevirts-count": {
        "value": 1.0788666666666666
      },
      "UPDATE-leases-count": {
        "value": 226.5795
      },
      "UPDATE-virtualmachineinstances-count": {
        "value": 665.3001916666667,
        "thresholdResult": {
          "thresholdValue": 1023.3083333333333,
          "thresholdMetric": "CREATE-pods-count",
          "thresholdRatio": 6.501463635105092,
          "thresholdExceeded": false
        }
      },
      "WATCH-configmaps-count": {
        "value": 1.0788666666666666
      },
      "WATCH-customresourcedefinitions-count": {
        "value": 1.0788666666666666
      },
      "WATCH-deployments-count": {
        "value": 1.0788666666666666
      },
      "WATCH-poddisruptionbudgets-count": {
        "value": 1.0788666666666666
      },
      "WATCH-rolebindings-count": {
        "value": 1.0788666666666666
      },
      "WATCH-secrets-count": {
        "value": 1.0788666666666666
      },
      "WATCH-validatingadmissionpolicies-count": {
        "value": 1.0788666666666666
      },
      "avgVirtAPICPUUsage": {
        "value": 0.009675051643982756
      },
      "avgVirtAPIMemoryUsageInMB": {
        "value": 127.20781249999999
      },
      "avgVirtControllerCPUUsage": {
        "value": 0.024945323022686594
      },
      "avgVirtControllerMemoryUsageInMB": {
        "value": 56.93315972222222
      },
      "avgVirtHandlerCPUUsage": {
        "value": 0.0008455116564271287
      },
      "avgVirtHandlerMemoryUsageInMB": {
        "value": 13.154283247735714
      },
      "maxVirtAPIMemoryUsageInMB": {
        "value": 162.107421875
      },
      "maxVirtControllerMemoryUsageInMB": {
        "value": 85.7890625
      },
      "maxVirtHandlerCPUUsage": {
        "value": 0.000982224534476922
      },
      "maxVirtHandlerMemoryUsageInMB": {
        "value": 30.81022677951389
      },
      "minVirtAPIMemoryUsageInMB": {
        "value": 0
      },
      "minVirtControllerMemoryUsageInMB": {
        "value": 0
      },
      "minVirtHandlerCPUUsage": {
        "value": 0.0007476456127222223
      },
      "minVirtHandlerMemoryUsageInMB": {
        "value": 3.1085987580128203
      },
      "none-none-count": {
        "value": 1.0790333333333333
      },
      "running-phase-count": {
        "value": 101
      },
      "vmiCreationToRunningSecondsP50": {
        "value": 23.607287569150657,
        "thresholdResult": {
          "thresholdValue": 45,
          "thresholdExceeded": false
        }
      },
      "vmiCreationToRunningSecondsP95": {
        "value": 29.360728756915066,
        "thresholdResult": {
          "thresholdValue": 60,
          "thresholdExceeded": false
        }
      },
      "vmiCreationToRunningSecondsP99": {
        "value": 29.872145751383016
      },
      "vmiDeletionToFailedSecondsP50": {
        "value": 0
      },
      "vmiDeletionToFailedSecondsP95": {
        "value": 0
      },
      "vmiDeletionToFailedSecondsP99": {
        "value": 0
      },
      "vmiDeletionToSucceededSecondsP50": {
        "value": 0
      },
      "vmiDeletionToSucceededSecondsP95": {
        "value": 0
      },
      "vmiDeletionToSucceededSecondsP99": {
        "value": 0
      }
    }
  },
  "VMResult": {
    "Values": {
      "CREATE-controllerrevisions-count": {
        "value": 15.663666666666668
      },
      "CREATE-events-count": {
        "value": 907.7768065915561
      },
      "CREATE-pods-count": {
        "value": 111.11111111111111
      },
      "CREATE-virtualmachineinstances-count": {
        "value": 15.663666666666668
      },
      "GET-leases-count": {
        "value": 181.11111111111111
      },
      "GET-nodes-count": {
        "value": 28.888847736930348
      },
      "PATCH-events-count": {
        "value": 2.6902666666666666
      },
      "PATCH-nodes-count": {
        "value": 12.222205761438806
      },
      "PATCH-pods-count": {
        "value": 386.6666666666667
      },
      "PATCH-virtualmachineinstances-count": {
        "value": 223.33333333333334,
        "thresholdResult": {
          "thresholdValue": 222.22222222222223,
          "thresholdMetric": "CREATE-pods-count",
          "thresholdRatio": 2.0100000000000002,
          "thresholdExceeded": false
        }
      },
      "PATCH-virtualmachines-count": {
        "value": 15.663666666666668
      },
      "UPDATE-leases-count": {
        "value": 297.77777777777777
      },
      "UPDATE-virtualmachineinstances-count": {
        "value": 959.9991687304376,
        "thresholdResult": {
          "thresholdValue": 1111.111111111111,
          "thresholdMetric": "CREATE-pods-count",
          "thresholdRatio": 8.639992518573939,
          "thresholdExceeded": false
        }
      },
      "UPDATE-virtualmachines-count": {
        "value": 545.0956
      },
      "WATCH-cdis-count": {
        "value": 1.1111111111111112
      },
      "WATCH-clusterroles-count": {
        "value": 1.1111111111111112
      },
      "WATCH-configmaps-count": {
        "value": 12.222213991830513
      },
      "WATCH-controllerrevisions-count": {
        "value": 1.1111111111111112
      },
      "WATCH-customresourcedefinitions-count": {
        "value": 11.111102880719402
      },
      "WATCH-daemonsets-count": {
        "value": 2.2222222222222223
      },
      "WATCH-datasources-count": {
        "value": 2.2222222222222223
      },
      "WATCH-datavolumes-count": {
        "value": 1.1111111111111112
      },
      "WATCH-deployments-count": {
        "value": 1.1111111111111112
      },
      "WATCH-ingresses-count": {
        "value": 1.1111111111111112
      },
      "WATCH-kubevirts-count": {
        "value": 7.777769547386068
      },
      "WATCH-migrationpolicies-count": {
        "value": 1.1111111111111112
      },
      "WATCH-mutatingwebhookconfigurations-count": {
        "value": 1.1111111111111112
      },
      "WATCH-namespaces-count": {
        "value": 2.2222222222222223
      },
      "WATCH-nodes-count": {
        "value": 1.1111111111111112
      },
      "WATCH-persistentvolumeclaims-count": {
        "value": 1.1111111111111112
      },
      "WATCH-poddisruptionbudgets-count": {
        "value": 1.1111111111111112
      },
      "WATCH-pods-count": {
        "value": 4.444444444444445
      },
      "WATCH-prometheusrules-count": {
        "value": 1.1111111111111112
      },
      "WATCH-roles-count": {
        "value": 1.1111111111111112
      },