{
  "JobDirCreationTime": "2025-08-30T08:57:09.269Z",
  "VMIResult": {
    "Values": {
      "CREATE-events-count": {
        "value": 127.85580714285713
      },
      "CREATE-pods-count": {
        "value": 101.73833333333333
      },
      "CREATE-virtualmachineclusterinstancetypes-count": {
        "value": 21.193444444444445
      },
      "GET-leases-count": {
        "value": 140.92101761573474
      },
      "GET-nodes-count": {
        "value": 27.859527777777778
      },
      "LIST-nodes-count": {
        "value": 38.46333333333333
      },
      "LIST-virtualmachineclusterinstancetypes-count": {
        "value": 32.85323809523809
      },
      "LIST-virtualmachineclusterpreferences-count": {
        "value": 32.85323809523809
      },
      "PATCH-nodes-count": {
        "value": 8.480238888888888
      },
      "PATCH-pods-count": {
        "value": 328.38481666666667
      },
      "PATCH-services-count": {
        "value": 153.85333333333332
      },
      "PATCH-validatingadmissionpolicies-count": {
        "value": 38.46333333333333
      },
      "PATCH-validatingadmissionpolicybindings-count": {
        "value": 38.46333333333333
      },
      "PATCH-virtualmachineinstances-count": {
        "value": 99.96475555555556,
        "thresholdResult": {
          "thresholdValue": 203.47666666666666,
          "thresholdMetric": "CREATE-pods-count",
          "thresholdRatio": 0.9825672613294454,
          "thresholdExceeded": false
        }
      },
      "UPDATE-configmaps-count": {
        "value": 38.46333333333333
      },
      "UPDATE-kubevirts-count": {
        "value": 1.098952380952381
      },
      "UPDATE-leases-count": {
        "value": 228.333
      },
      "UPDATE-virtualmachineinstances-count": {
        "value": 438.0048,
        "thresholdResult": {
          "thresholdValue": 1017.3833333333333,
          "thresholdMetric": "CREATE-pods-count",
          "thresholdRatio": 4.305209114886228,
          "thresholdExceeded": false
        }
      },
      "avgVirtAPICPUUsage": {
        "value": 0.010155688832041668
      },
      "avgVirtAPIMemoryUsageInMB": {
        "value": 125.77734375
      },
      "avgVirtControllerCPUUsage": {
        "value": 0.02383407385825397
      },
      "avgVirtControllerMemoryUsageInMB": {
        "value": 57.02430555555556
      },
      "avgVirtHandlerCPUUsage": {
        "value": 0.0008454384470890943
      },
      "avgVirtHandlerMemoryUsageInMB": {
        "value": 10.61559985940156
      },
      "maxVirtAPIMemoryUsageInMB": {
        "value": 161.09765625
      },
      "maxVirtControllerMemoryUsageInMB": {
        "value": 86.25390625
      },
      "maxVirtHandlerCPUUsage": {
        "value": 0.0008940853973333332
      },
      "maxVirtHandlerMemoryUsageInMB": {
        "value": 28.97035590277778
      },
      "minVirtAPIMemoryUsageInMB": {
        "value": 0
      },
      "minVirtControllerMemoryUsageInMB": {
        "value": 0
      },
      "minVirtHandlerCPUUsage": {
        "value": 0.0007937304734249085
      },
      "minVirtHandlerMemoryUsageInMB": {
        "value": 2.8923143041939
      },
      "none-none-count": {
        "value": 1.102004761904762
      },
      "running-phase-count": {
        "value": 99
      },
      "scheduled-phase-count": {
        "value": 2
      },
      "vmiCreationToRunningSecondsP50": {
        "value": 23.881435469742055,
        "thresholdResult": {
          "thresholdValue": 45,
          "thresholdExceeded": false
        }
      },
      "vmiCreationToRunningSecondsP95": {
        "value": 29.743452280114965,
        "thresholdResult": {
          "thresholdValue": 60,
          "thresholdExceeded": false
        }
      },
      "vmiCreationToRunningSecondsP99": {
        "value": 36.700324949203754
      },
      "vmiDeletionToFailedSecondsP50": {
        "value": 0
      },
      "vmiDeletionToFailedSecondsP95": {
        "value": 0
      },
      "vmiDeletionToFailedSecondsP99": {
        "value": 0
      },
      "vmiDeletionToSucceededSecondsP50": {
        "value": 0
      },
      "vmiDeletionToSucceededSecondsP95": {
        "value": 0
      },
      "vmiDeletionToSucceededSecondsP99": {
        "value": 0
      }
    }
  },
  "VMResult": null
}
