{
  "JobDirCreationTime": "2024-03-22T05:01:00.702Z",
  "VMIResult": {
    "Values": {
      "CREATE-events-count": {
        "value": 628.8804111111111
      },
      "CREATE-pods-count": {
        "value": 101.01
      },
      "DELETE-pods-count": {
        "value": 101.01249999999999
      },
      "DELETE-virtualmachineclusterinstancetypes-count": {
        "value": 1.1111111111111112
      },
      "DELETE-virtualmachineclusterpreferences-count": {
        "value": 1.1111111111111112
      },
      "GET-endpoints-count": {
        "value": 492.22222222222223
      },
      "GET-leases-count": {
        "value": 790
      },
      "GET-nodes-count": {
        "value": 18.88888888888889
      },
      "LIST-clusterrolebindings-count": {
        "value": 1.1111111111111112
      },
      "LIST-clusterroles-count": {
        "value": 2.2222222222222223
      },
      "LIST-configmaps-count": {
        "value": 3.3333333333333335
      },
      "LIST-customresourcedefinitions-count": {
        "value": 2.2222222222222223
      },
      "LIST-deployments-count": {
        "value": 1.1111111111111112
      },
      "LIST-jobs-count": {
        "value": 1.1111111111111112
      },
      "LIST-kubevirts-count": {
        "value": 1.1111111111111112
      },
      "LIST-nodes-count": {
        "value": 1.1111111111111112
      },
      "LIST-prometheusrules-count": {
        "value": 1.1111111111111112
      },
      "LIST-routes-count": {
        "value": 1.1111111111111112
      },
      "LIST-secrets-count": {
        "value": 1.1111111111111112
      },
      "LIST-serviceaccounts-count": {
        "value": 1.1111111111111112
      },
      "LIST-servicemonitors-count": {
        "value": 1.1111111111111112
      },
      "LIST-services-count": {
        "value": 1.1111111111111112
      },
      "LIST-validatingwebhookconfigurations-count": {
        "value": 1.1111111111111112
      },
      "LIST-virtualmachineclusterinstancetypes-count": {
        "value": 1.1111111111111112
      },
      "LIST-virtualmachineclusterpreferences-count": {
        "value": 1.1111111111111112
      },
      "LIST-virtualmachinerestores-count": {
        "value": 1.1111111111111112
      },
      "LIST-virtualmachines-count": {
        "value": 1.1111111111111112
      },
      "LIST-virtualmachinesnapshots-count": {
        "value": 1.1111111111111112
      },
      "PATCH-events-count": {
        "value": 5.630177777777778
      },
      "PATCH-nodes-count": {
        "value": 8.88888888888889
      },
      "PATCH-pods-count": {
        "value": 202.02009999999996
      },
      "PATCH-services-count": {
        "value": 4.444444444444445
      },
      "PATCH-virtualmachineinstances-count": {
        "value": 202.02499999999998
      },
      "UPDATE-endpoints-count": {
        "value": 297.77777777777777
      },
      "UPDATE-leases-count": {
        "value": 297.77777777777777
      },
      "UPDATE-virtualmachineinstances-count": {
        "value": 1056.5451388888887
      },
      "vmiCreationToRunningSecondsP50": {
        "value": 43.260878622056296
      },
      "vmiCreationToRunningSecondsP95": {
        "value": 49.84782699264041
      },
      "vmiCreationToRunningSecondsP99": {
        "value": 57.475003124609394
      },
      "vmiDeletionToFailedSecondsP50": {
        "value": 0
      },
      "vmiDeletionToFailedSecondsP95": {
        "value": 0
      },
      "vmiDeletionToFailedSecondsP99": {
        "value": 0
      },
      "vmiDeletionToSucceededSecondsP50": {
        "value": 0.684375390576178
      },
      "vmiDeletionToSucceededSecondsP95": {
        "value": 0.9684375390576179
      },
      "vmiDeletionToSucceededSecondsP99": {
        "value": 0.9936875078115235
      }
    }
  },
  "VMResult": null
}
