{
  "JobDirCreationTime": "2025-03-04T00:18:53.697Z",
  "VMIResult": {
    "Values": {
      "CREATE-events-count": {
        "value": 296.04349523809526
      },
      "CREATE-pods-count": {
        "value": 110.69666666666669
      },
      "GET-leases-count": {
        "value": 155.43859464285714
      },
      "GET-nodes-count": {
        "value": 33.81236190476191
      },
      "LIST-nodes-count": {
        "value": 10.859485714285714
      },
      "LIST-virtualmachineclusterinstancetypes-count": {
        "value": 6.033047619047619
      },
      "LIST-virtualmachineclusterpreferences-count": {
        "value": 6.033047619047619
      },
      "PATCH-nodes-count": {
        "value": 7.632385714285714
      },
      "PATCH-pods-count": {
        "value": 358.41720000000004
      },
      "PATCH-services-count": {
        "value": 43.43794285714286
      },
      "PATCH-validatingadmissionpolicies-count": {
        "value": 10.859485714285714
      },
      "PATCH-validatingadmissionpolicybindings-count": {
        "value": 10.859485714285714
      },
      "PATCH-virtualmachineinstances-count": {
        "value": 108.28244444444444,
        "thresholdResult": {
          "thresholdValue": 221.39333333333337,
          "thresholdMetric": "CREATE-pods-count",
          "thresholdRatio": 0.9781906511287098,
          "thresholdExceeded": false
        }
      },
      "UPDATE-kubevirts-count": {
        "value": 1.2066095238095238
      },
      "UPDATE-leases-count": {
        "value": 243.45659047619046
      },
      "UPDATE-virtualmachineinstances-count": {
        "value": 751.1969833333334,
        "thresholdResult": {
          "thresholdValue": 1106.966666666667,
          "thresholdMetric": "CREATE-pods-count",
          "thresholdRatio": 6.786084946851756,
          "thresholdExceeded": false
        }
      },
      "avgVirtAPICPUUsage": {
        "value": 0.007877654726812502
      },
      "avgVirtAPIMemoryUsageInMB": {
        "value": 132.40859375
      },
      "avgVirtControllerCPUUsage": {
        "value": 0.021268312562571428
      },
      "avgVirtControllerMemoryUsageInMB": {
        "value": 58.431857638888886
      },
      "avgVirtHandlerCPUUsage": {
        "value": 0.000681759638045516
      },
      "avgVirtHandlerMemoryUsageInMB": {
        "value": 16.62325977750208
      },
      "maxVirtAPIMemoryUsageInMB": {
        "value": 157.88671875
      },
      "maxVirtControllerMemoryUsageInMB": {
        "value": 86.18359375
      },
      "maxVirtHandlerCPUUsage": {
        "value": 0.0007209186510714286
      },
      "maxVirtHandlerMemoryUsageInMB": {
        "value": 47.68045683551198
      },
      "minVirtAPIMemoryUsageInMB": {
        "value": 64.94921875
      },
      "minVirtControllerMemoryUsageInMB": {
        "value": 41.7421875
      },
      "minVirtHandlerCPUUsage": {
        "value": 0.0005837496085399305
      },
      "minVirtHandlerMemoryUsageInMB": {
        "value": 4.275472005208333
      },
      "none-none-count": {
        "value": 2.298752380952381
      },
      "running-phase-count": {
        "value": 101
      },
      "vmiCreationToRunningSecondsP50": {
        "value": 23.15058871482329,
        "thresholdResult": {
          "thresholdValue": 45,
          "thresholdExceeded": false
        }
      },
      "vmiCreationToRunningSecondsP95": {
        "value": 29.869882257035343,
        "thresholdResult": {
          "thresholdValue": 60,
          "thresholdExceeded": false
        }
      },
      "vmiCreationToRunningSecondsP99": {
        "value": 37.57786217481994
      },
      "vmiDeletionToFailedSecondsP50": {
        "value": 0
      },
      "vmiDeletionToFailedSecondsP95": {
        "value": 0
      },
      "vmiDeletionToFailedSecondsP99": {
        "value": 0
      },
      "vmiDeletionToSucceededSecondsP50": {
        "value": 0
      },
      "vmiDeletionToSucceededSecondsP95": {
        "value": 0
      },
      "vmiDeletionToSucceededSecondsP99": {
        "value": 0
      }
    }
  },
  "VMResult": {
    "Values": {
      "CREATE-controllerrevisions-count": {
        "value": 4.5944
      },
      "CREATE-events-count": {
        "value": 743.3333333333334
      },
      "CREATE-pods-count": {
        "value": 111.11111111111111
      },
      "CREATE-virtualmachineinstances-count": {
        "value": 4.5944
      },
      "GET-leases-count": {
        "value": 185.55724282959974
      },
      "GET-nodes-count": {
        "value": 27.77777777777778
      },
      "PATCH-nodes-count": {
        "value": 12.222222222222223
      },
      "PATCH-pods-count": {
        "value": 367.7777777777778
      },
      "PATCH-virtualmachineinstances-count": {
        "value": 223.33333333333334,
        "thresholdResult": {
          "thresholdValue": 222.22222222222223,
          "thresholdMetric": "CREATE-pods-count",
          "thresholdRatio": 2.0100000000000002,
          "thresholdExceeded": false
        }
      },
      "PATCH-virtualmachines-count": {
        "value": 4.5944
      },
      "UPDATE-leases-count": {
        "value": 298.8888888888889
      },
      "UPDATE-virtualmachineinstances-count": {
        "value": 756.6666666666666,
        "thresholdResult": {
          "thresholdValue": 1111.111111111111,
          "thresholdMetric": "CREATE-pods-count",
          "thresholdRatio": 6.81,
          "thresholdExceeded": false
        }
      },
      "UPDATE-virtualmachines-count": {
        "value": 453.31413333333336
      },
      "WATCH-cdiconfigs-count": {
        "value": 1.1111111111111112
      },
      "WATCH-cdis-count": {
        "value": 1.1111111111111112
      },
      "WATCH-clusterrolebindings-count": {
        "value": 1.1111111111111112
      },
      "WATCH-configmaps-count": {
        "value": 13.333349794360615
      },
      "WATCH-controllerrevisions-count": {
        "value": 1.1111111111111112
      },
      "WATCH-customresourcedefinitions-count": {
        "value": 8.888917695915264
      },
      "WATCH-daemonsets-count": {
        "value": 1.1111111111111112
      },
      "WATCH-datasources-count": {
        "value": 3.333341563846975
      },
      "WATCH-datavolumes-count": {
        "value": 1.1111111111111112
      },
      "WATCH-deployments-count": {
        "value": 2.2222222222222223
      },
      "WATCH-ingresses-count": {
        "value": 1.1111111111111112
      },
      "WATCH-jobs-count": {
        "value": 2.2222222222222223
      },
      "WATCH-kubevirts-count": {
        "value": 10.000028807026375
      },
      "WATCH-migrationpolicies-count": {
        "value": 1.1111111111111112
      },
      "WATCH-mutatingwebhookconfigurations-count": {
        "value": 1.1111111111111112
      },
      "WATCH-namespaces-count": {
        "value": 4.444444444444445
      },
      "WATCH-nodes-count": {
        "value": 1.1111111111111112
      },
      "WATCH-poddisruptionbudgets-count": {
        "value": 3.3333333333333335
      },
      "WATCH-pods-count": {
        "value": 4.444444444444445
      },
      "WATCH-resourcequotas-count": {
        "value": 1.1111111111111112
      },
      "WATCH-rolebindings-count": {
        "value": 2.2222222222222223
      },
      "WATCH-secrets-count": {
        "value": 3.3333333333333335
      },
      "WATCH-serviceaccounts-count": {
        "value": 1.1111111111111112
      },
      "WATCH-servicemonitors-count": {
        "value": 2.2222222222222223
      },
      "WATCH-services-count": {
        "value": 3.3333333333333335
      },
      "WATCH-storageclasses-count": {
        "value": 1.1111111111111112
      },
      "WATCH-storageprofiles-count": {
        "value": 1.1111111111111112
      },
      "WATCH-validatingadmissionpolicies-count": {
        "value": 1.1111111111111112
      },
      "WATCH-validatingadmissionpolicybindings-count": {
        "value": 2.2222222222222223
      },