{
  "JobDirCreationTime": "2025-02-12T05:43:22.829Z",
  "VMIResult": {
    "Values": {
      "CREATE-events-count": {
        "value": 788.3351666666667
      },
      "CREATE-pods-count": {
        "value": 119.69266666666665
      },
      "DELETE-pods-count": {
        "value": 115.73022499999999
      },
      "GET-leases-count": {
        "value": 190
      },
      "GET-nodes-count": {
        "value": 23.333333333333336
      },
      "PATCH-events-count": {
        "value": 28.674999999999994
      },
      "PATCH-nodes-count": {
        "value": 10
      },
      "PATCH-pods-count": {
        "value": 360.45185333333336
      },
      "PATCH-virtualmachineinstances-count": {
        "value": 240.09605833333333
      },
      "UPDATE-leases-count": {
        "value": 298.8888888888889
      },
      "UPDATE-virtualmachineinstances-count": {
        "value": 986.5365566666666
      },
      "WATCH-clusterrolebindings-count": {
        "value": 2.2222222222222223
      },
      "WATCH-clusterroles-count": {
        "value": 1.1111111111111112
      },
      "WATCH-configmaps-count": {
        "value": 6.666666666666667
      },
      "WATCH-controllerrevisions-count": {
        "value": 1.1111111111111112
      },
      "WATCH-customresourcedefinitions-count": {
        "value": 7.777777777777777
      },
      "WATCH-daemonsets-count": {
        "value": 1.1111111111111112
      },
      "WATCH-ingresses-count": {
        "value": 1.1111111111111112
      },
      "WATCH-kubevirts-count": {
        "value": 5.555555555555555
      },
      "WATCH-migrationpolicies-count": {
        "value": 1.1111111111111112
      },
      "WATCH-mutatingwebhookconfigurations-count": {
        "value": 2.2222222222222223
      },
      "WATCH-namespaces-count": {
        "value": 3.3333333333333335
      },
      "WATCH-persistentvolumeclaims-count": {
        "value": 1.1111111111111112
      },
      "WATCH-poddisruptionbudgets-count": {
        "value": 1.1111111111111112
      },
      "WATCH-pods-count": {
        "value": 1.1111111111111112
      },
      "WATCH-prometheusrules-count": {
        "value": 1.1111111111111112
      },
      "WATCH-rolebindings-count": {
        "value": 1.1111111111111112
      },
      "WATCH-roles-count": {
        "value": 1.1111111111111112
      },
      "WATCH-routes-count": {
        "value": 3.3333333333333335
      },
      "WATCH-secrets-count": {
        "value": 1.1111111111111112
      },
      "WATCH-securitycontextconstraints-count": {
        "value": 2.2222222222222223
      },
      "WATCH-servicemonitors-count": {
        "value": 1.1111111111111112
      },
      "WATCH-services-count": {
        "value": 2.2222222222222223
      },
      "WATCH-storageclasses-count": {
        "value": 1.1111111111111112
      },
      "WATCH-virtualmachineclones-count": {
        "value": 1.1111111111111112
      },
      "WATCH-virtualmachineclusterinstancetypes-count": {
        "value": 1.1111111111111112
      },
      "WATCH-virtualmachineclusterpreferences-count": {
        "value": 1.1111111111111112
      },
      "WATCH-virtualmachineinstancemigrations-count": {
        "value": 1.1111111111111112
      },
      "WATCH-virtualmachineinstancepresets-count": {
        "value": 1.1111111111111112
      },
      "WATCH-virtualmachineinstances-count": {
        "value": 6.666666666666667
      },
      "WATCH-virtualmachinepools-count": {
        "value": 1.1111111111111112
      },
      "WATCH-virtualmachinepreferences-count": {
        "value": 1.1111111111111112
      },
      "WATCH-virtualmachinerestores-count": {
        "value": 3.3333333333333335
      },
      "WATCH-virtualmachines-count": {
        "value": 1.1111111111111112
      },
      "WATCH-volumesnapshotclasses-count": {
        "value": 1.1111111111111112
      },
      "WATCH-volumesnapshots-count": {
        "value": 1.1111111111111112
      },
      "avgVirtAPICPUUsage": {
        "value": 0.02510471342777778
      },
      "avgVirtAPIMemoryUsageInMB": {
        "value": 167.9412109375
      },
      "avgVirtControllerCPUUsage": {
        "value": 0.03717132663333333
      },
      "avgVirtControllerMemoryUsageInMB": {
        "value": 92.33515625
      },
      "avgVirtHandlerMemoryUsageInMB": {
        "value": 36.90746970886945
      },
      "maxVirtAPIMemoryUsageInMB": {
        "value": 192.033203125
      },
      "maxVirtControllerMemoryUsageInMB": {
        "value": 119.74609375
      },
      "maxVirtHandlerMemoryUsageInMB": {
        "value": 62.42597966269841
      },
      "minVirtAPIMemoryUsageInMB": {
        "value": 150.419921875
      },
      "minVirtControllerMemoryUsageInMB": {
        "value": 76.796875
      },
      "minVirtHandlerMemoryUsageInMB": {
        "value": 21.49535228587963
      },
      "vmiCreationToRunningSecondsP50": {
        "value": 45.902371192944145
      },
      "vmiCreationToRunningSecondsP95": {
        "value": 57.98378805585015
      },
      "vmiCreationToRunningSecondsP99": {
        "value": 59.596757611170034
      },
      "vmiDeletionToFailedSecondsP50": {
        "value": 0
      },
      "vmiDeletionToFailedSecondsP95": {
        "value": 0
      },
      "vmiDeletionToFailedSecondsP99": {
        "value": 0
      },
      "vmiDeletionToSucceededSecondsP50": {
        "value": 0.6839911885399892
      },
      "vmiDeletionToSucceededSecondsP95": {
        "value": 0.9683991188539989
      },
      "vmiDeletionToSucceededSecondsP99": {
        "value": 0.9936798237707998
      }
    }
  },
  "VMResult": null
}
