{
  "JobDirCreationTime": "2025-08-11T16:20:19.814Z",
  "VMIResult": {
    "Values": {
      "CREATE-events-count": {
        "value": 166.76341428571428
      },
      "CREATE-pods-count": {
        "value": 114.81416666666668
      },
      "GET-leases-count": {
        "value": 158.81431099249073
      },
      "GET-nodes-count": {
        "value": 29.38143858631647
      },
      "LIST-nodes-count": {
        "value": 38.243361904761905
      },
      "LIST-virtualmachineclusterinstancetypes-count": {
        "value": 35.76141428571428
      },
      "LIST-virtualmachineclusterpreferences-count": {
        "value": 35.76141428571428
      },
      "PATCH-nodes-count": {
        "value": 9.394096989089617
      },
      "PATCH-pods-count": {
        "value": 385.41560000000004
      },
      "PATCH-services-count": {
        "value": 152.97344761904762
      },
      "PATCH-validatingadmissionpolicies-count": {
        "value": 38.243361904761905
      },
      "PATCH-validatingadmissionpolicybindings-count": {
        "value": 38.243361904761905
      },
      "PATCH-virtualmachineinstances-count": {
        "value": 100.47186666666667,
        "thresholdResult": {
          "thresholdValue": 229.62833333333336,
          "thresholdMetric": "CREATE-pods-count",
          "thresholdRatio": 0.8750824883688859,
          "thresholdExceeded": false
        }
      },
      "UPDATE-configmaps-count": {
        "value": 38.243361904761905
      },
      "UPDATE-kubevirts-count": {
        "value": 1.1248047619047619
      },
      "UPDATE-leases-count": {
        "value": 236.61782857142856
      },
      "UPDATE-virtualmachineinstances-count": {
        "value": 562.2476666666668,
        "thresholdResult": {
          "thresholdValue": 1148.1416666666669,
          "thresholdMetric": "CREATE-pods-count",
          "thresholdRatio": 4.897023450938836,
          "thresholdExceeded": false
        }
      },
      "avgVirtAPICPUUsage": {
        "value": 0.019960460340629628
      },
      "avgVirtAPIMemoryUsageInMB": {
        "value": 132.0720703125
      },
      "avgVirtControllerCPUUsage": {
        "value": 0.027889119914583333
      },
      "avgVirtControllerMemoryUsageInMB": {
        "value": 62.533420138888886
      },
      "avgVirtHandlerCPUUsage": {
        "value": 0.0009516301197472778
      },
      "avgVirtHandlerMemoryUsageInMB": {
        "value": 11.943980670660357
      },
      "maxVirtAPIMemoryUsageInMB": {
        "value": 162.37109375
      },
      "maxVirtControllerMemoryUsageInMB": {
        "value": 85.96484375
      },
      "maxVirtHandlerCPUUsage": {
        "value": 0.0009977933172653063
      },
      "maxVirtHandlerMemoryUsageInMB": {
        "value": 27.16980034722222
      },
      "minVirtAPIMemoryUsageInMB": {
        "value": 66.119140625
      },
      "minVirtControllerMemoryUsageInMB": {
        "value": 46.2734375
      },
      "minVirtHandlerCPUUsage": {
        "value": 0.0009213563655010681
      },
      "minVirtHandlerMemoryUsageInMB": {
        "value": 4.782797475961538
      },
      "none-none-count": {
        "value": 1.183247619047619
      },
      "running-phase-count": {
        "value": 101
      },
      "vmiCreationToRunningSecondsP50": {
        "value": 23.041153692044595,
        "thresholdResult": {
          "thresholdValue": 45,
          "thresholdExceeded": false
        }
      },
      "vmiCreationToRunningSecondsP95": {
        "value": 31.243145564275576,
        "thresholdResult": {
          "thresholdValue": 60,
          "thresholdExceeded": false
        }
      },
      "vmiCreationToRunningSecondsP99": {
        "value": 38.24862911285513
      },
      "vmiDeletionToFailedSecondsP50": {
        "value": 0
      },
      "vmiDeletionToFailedSecondsP95": {
        "value": 0
      },
      "vmiDeletionToFailedSecondsP99": {
        "value": 0
      },
      "vmiDeletionToSucceededSecondsP50": {
        "value": 0
      },
      "vmiDeletionToSucceededSecondsP95": {
        "value": 0
      },
      "vmiDeletionToSucceededSecondsP99": {
        "value": 0
      }
    }
  },
  "VMResult": null
}
