{
  "JobDirCreationTime": "2026-05-18T23:32:39.393Z",
  "VMIResult": {
    "Values": {
      "CREATE-events-count": {
        "value": 15616.979787749287
      },
      "CREATE-pods-count": {
        "value": 8063.985754985754
      },
      "DELETE-pods-count": {
        "value": 6415.736002010913
      },
      "GET-leases-count": {
        "value": 2205.779338775854
      },
      "GET-mutatingwebhookconfigurations-count": {
        "value": 589.8233618233618
      },
      "LIST-virtualmachineclusterinstancetypes-count": {
        "value": 589.8233618233618
      },
      "LIST-virtualmachineclusterpreferences-count": {
        "value": 589.8233618233618
      },
      "PATCH-nodes-count": {
        "value": 55.54843304843304
      },
      "PATCH-pods-count": {
        "value": 17969.438754187544
      },
      "PATCH-services-count": {
        "value": 2359.293447293447
      },
      "PATCH-validatingadmissionpolicies-count": {
        "value": 589.8233618233618
      },
      "PATCH-validatingadmissionpolicybindings-count": {
        "value": 589.8233618233618
      },
      "PATCH-virtualmachineinstances-count": {
        "value": 17429.43618922447,
        "thresholdResult": {
          "thresholdValue": 16127.971509971509,
          "thresholdMetric": "CREATE-pods-count",
          "thresholdRatio": 2.1613922344106697,
          "thresholdExceeded": false
        }
      },
      "UPDATE-configmaps-count": {
        "value": 589.8233618233618
      },
      "UPDATE-leases-count": {
        "value": 3532.8803418803413
      },
      "UPDATE-virtualmachineinstances-count": {
        "value": 27182.477407824623,
        "thresholdResult": {
          "thresholdValue": 80639.85754985754,
          "thresholdMetric": "CREATE-pods-count",
          "thresholdRatio": 3.3708488871050397,
          "thresholdExceeded": false
        }
      },
      "WATCH-cdiconfigs-count": {
        "value": 9.08974358974359
      },
      "WATCH-cdis-count": {
        "value": 8.079772079772079
      },
      "WATCH-clusterrolebindings-count": {
        "value": 13.129638261877053
      },
      "WATCH-clusterroles-count": {
        "value": 15.149584159235882
      },
      "WATCH-configmaps-count": {
        "value": 110.08692767717636
      },
      "WATCH-controllerrevisions-count": {
        "value": 7.069800569800569
      },
      "WATCH-customresourcedefinitions-count": {
        "value": 70.69803015604006
      },
      "WATCH-daemonsets-count": {
        "value": 16.159557107915294
      },
      "WATCH-datasources-count": {
        "value": 22.219373219373217
      },
      "WATCH-datavolumes-count": {
        "value": 8.079772079772079
      },
      "WATCH-deployments-count": {
        "value": 16.159557107915294
      },
      "WATCH-ingresses-count": {
        "value": 7.069800569800569
      },
      "WATCH-jobs-count": {
        "value": 15.149582720527977
      },
      "WATCH-kubevirts-count": {
        "value": 52.51852858947384
      },
      "WATCH-leases-count": {
        "value": 14.139611210556467
      },
      "WATCH-migrationpolicies-count": {
        "value": 8.079772079772079
      },
      "WATCH-mutatingwebhookconfigurations-count": {
        "value": 16.159557107915294
      },
      "WATCH-namespaces-count": {
        "value": 39.38890039855212
      },
      "WATCH-nodes-count": {
        "value": 15.149572649572647
      },
      "WATCH-persistentvolumeclaims-count": {
        "value": 8.079772079772079
      },
      "WATCH-poddisruptionbudgets-count": {
        "value": 25.249299258950977
      },
      "WATCH-pods-count": {
        "value": 30.29915680880853
      },
      "WATCH-prometheusrules-count": {
        "value": 16.159555669207393
      },
      "WATCH-resourcequotas-count": {
        "value": 8.079772079772079
      },
      "WATCH-rolebindings-count": {
        "value": 16.159555669207393
      },
      "WATCH-roles-count": {
        "value": 17.169528617886805
      },
      "WATCH-secrets-count": {
        "value": 25.24930069765888
      },
      "WATCH-serviceaccounts-count": {
        "value": 16.159555669207393
      },
      "WATCH-servicemonitors-count": {
        "value": 15.149584159235882
      },
      "WATCH-services-count": {
        "value": 21.209411780357037
      },
      "WATCH-storageclasses-count": {
        "value": 7.069800569800569
      },
      "WATCH-storageprofiles-count": {
        "value": 8.079772079772079
      },
      "WATCH-validatingadmissionpolicies-count": {
        "value": 17.1695271791789
      },
      "WATCH-validatingadmissionpolicybindings-count": {
        "value": 17.169528617886805
      },
      "WATCH-validatingwebhookconfigurations-count": {
        "value": 16.159555669207393
      },
      "WATCH-virtualmachinebackups-count": {
        "value": 22.219373219373217
      },
      "WATCH-virtualmachinebackuptrackers-count": {
        "value": 16.159544159544158
      },
      "WATCH-virtualmachineclones-count": {
        "value": 7.069800569800569
      },
      "WATCH-virtualmachineclusterinstancetypes-count": {
        "value": 24.23932774897947
      },
      "WATCH-virtualmachineclusterpreferences-count": {
        "value": 23.229356239007963
      },
      "WATCH-virtualmachineexports-count": {
        "value": 7.069800569800569
      },
      "WATCH-virtualmachineinstancemigrations-count": {
        "value": 9.08974358974359
      },
      "WATCH-virtualmachineinstancepresets-count": {
        "value": 17.16951566951567
      },
      "WATCH-virtualmachineinstancereplicasets-count": {
        "value": 6.05982905982906
      },
      "WATCH-virtualmachineinstances-count": {
        "value": 33.32905982905983
      },
      "WATCH-virtualmachineinstancetypes-count": {
        "value": 8.079772079772079
      },
      "WATCH-virtualmachinepools-count": {
        "value": 8.079772079772079
      },
      "WATCH-virtualmachinepreferences-count": {
        "value": 7.069800569800569
      },
      "WATCH-virtualmachinerestores-count": {
        "value": 23.229344729344724
      },
      "WATCH-virtualmachines-count": {
        "value": 9.08974358974359
      },
      "WATCH-virtualmachinesnapshotcontents-count": {
        "value": 8.079772079772079
      },
      "WATCH-virtualmachinesnapshots-count": {
        "value": 8.079772079772079
      },
      "avgVirtAPICPUUsage": {
        "value": 0.031179626923076922
      },
      "avgVirtAPIMemoryUsageInMB": {
        "value": 179.61596265889824
      },
      "avgVirtControllerCPUUsage": {
        "value": 0.34540219772079767
      },
      "avgVirtControllerMemoryUsageInMB": {
        "value": 1399.2657243114409
      },
      "maxVirtAPIMemoryUsageInMB": {
        "value": 181.302734375
      },
      "maxVirtControllerMemoryUsageInMB": {
        "value": 2245.0234375
      },
      "minVirtAPIMemoryUsageInMB": {
        "value": 134.890625
      },
      "minVirtControllerMemoryUsageInMB": {
        "value": 450.0078125
      },
      "virtControllerWorkqueueAddRate": {
        "value": 231.87058539092416
      },
      "virtControllerWorkqueueDepth": {
        "value": 0.019617278458886358
      },
      "virtControllerWorkqueueP99Latency": {
        "value": 0.49331384245770993
      },
      "vmiCreationToRunningSecondsP50": {
        "value": 0.571965865967555,
        "thresholdResult": {
          "thresholdValue": 45,
          "thresholdExceeded": false
        }
      },
      "vmiCreationToRunningSecondsP95": {
        "value": 0.9888779778626264,
        "thresholdResult": {
          "thresholdValue": 60,
          "thresholdExceeded": false
        }
      },
      "vmiCreationToRunningSecondsP99": {
        "value": 1.744153083445712
      },
      "vmiDeletionToFailedSecondsP50": {
        "value": 0
      },
      "vmiDeletionToFailedSecondsP95": {
        "value": 0
      },
      "vmiDeletionToFailedSecondsP99": {
        "value": 0
      },