{
  "JobDirCreationTime": "2024-10-14T05:04:32.358Z",
  "VMIResult": {
    "Values": {
      "CREATE-events-count": {
        "value": 670.5643111111111
      },
      "CREATE-pods-count": {
        "value": 108.598
      },
      "DELETE-pods-count": {
        "value": 110.4975
      },
      "GET-leases-count": {
        "value": 186.66666666666669
      },
      "GET-nodes-count": {
        "value": 21.111111111111114
      },
      "PATCH-nodes-count": {
        "value": 8.88888888888889
      },
      "PATCH-pods-count": {
        "value": 218.56527999999994
      },
      "PATCH-virtualmachineinstances-count": {
        "value": 220.995
      },
      "UPDATE-leases-count": {
        "value": 297.77777777777777
      },
      "UPDATE-virtualmachineinstances-count": {
        "value": 1088.4420066666667
      },
      "WATCH-clusterrolebindings-count": {
        "value": 2.2222222222222223
      },
      "WATCH-clusterroles-count": {
        "value": 1.1111111111111112
      },
      "WATCH-configmaps-count": {
        "value": 10
      },
      "WATCH-customresourcedefinitions-count": {
        "value": 3.3333333333333335
      },
      "WATCH-daemonsets-count": {
        "value": 2.2222222222222223
      },
      "WATCH-deployments-count": {
        "value": 2.2222222222222223
      },
      "WATCH-ingresses-count": {
        "value": 1.1111111111111112
      },
      "WATCH-jobs-count": {
        "value": 2.2222222222222223
      },
      "WATCH-kubevirts-count": {
        "value": 4.444444444444445
      },
      "WATCH-mutatingwebhookconfigurations-count": {
        "value": 2.2222222222222223
      },
      "WATCH-namespaces-count": {
        "value": 4.444444444444445
      },
      "WATCH-poddisruptionbudgets-count": {
        "value": 3.3333333333333335
      },
      "WATCH-pods-count": {
        "value": 2.2222222222222223
      },
      "WATCH-prometheusrules-count": {
        "value": 1.1111111111111112
      },
      "WATCH-resourcequotas-count": {
        "value": 1.1111111111111112
      },
      "WATCH-rolebindings-count": {
        "value": 1.1111111111111112
      },
      "WATCH-roles-count": {
        "value": 1.1111111111111112
      },
      "WATCH-routes-count": {
        "value": 2.2222222222222223
      },
      "WATCH-secrets-count": {
        "value": 2.2222222222222223
      },
      "WATCH-securitycontextconstraints-count": {
        "value": 2.2222222222222223
      },
      "WATCH-serviceaccounts-count": {
        "value": 2.2222222222222223
      },
      "WATCH-services-count": {
        "value": 1.1111111111111112
      },
      "WATCH-validatingwebhookconfigurations-count": {
        "value": 2.2222222222222223
      },
      "WATCH-virtualmachineclusterinstancetypes-count": {
        "value": 1.1111111111111112
      },
      "WATCH-virtualmachineclusterpreferences-count": {
        "value": 1.1111111111111112
      },
      "WATCH-virtualmachineinstancepresets-count": {
        "value": 2.2222222222222223
      },
      "WATCH-virtualmachineinstances-count": {
        "value": 4.444444444444445
      },
      "WATCH-virtualmachinepools-count": {
        "value": 1.1111111111111112
      },
      "WATCH-virtualmachinepreferences-count": {
        "value": 1.1111111111111112
      },
      "WATCH-virtualmachinerestores-count": {
        "value": 3.3333333333333335
      },
      "WATCH-virtualmachinesnapshots-count": {
        "value": 1.1111111111111112
      },
      "avgVirtAPICPUUsage": {
        "value": 0.04998798271851851
      },
      "avgVirtAPIMemoryUsageInMB": {
        "value": 183.13066406250002
      },
      "avgVirtControllerCPUUsage": {
        "value": 0.03768893322222222
      },
      "avgVirtControllerMemoryUsageInMB": {
        "value": 97.438671875
      },
      "maxVirtAPIMemoryUsageInMB": {
        "value": 218.6875
      },
      "maxVirtControllerMemoryUsageInMB": {
        "value": 121.82421875
      },
      "minVirtAPIMemoryUsageInMB": {
        "value": 178.00390625
      },
      "minVirtControllerMemoryUsageInMB": {
        "value": 82.31640625
      },
      "running-phase-count": {
        "value": 8
      },
      "succeeded-phase-count": {
        "value": 26
      },
      "vmiCreationToRunningSecondsP50": {
        "value": 43.152156220977204
      },
      "vmiCreationToRunningSecondsP95": {
        "value": 53.69292107125732
      },
      "vmiCreationToRunningSecondsP99": {
        "value": 58.73858421425145
      },
      "vmiDeletionToFailedSecondsP50": {
        "value": 0
      },
      "vmiDeletionToFailedSecondsP95": {
        "value": 0
      },
      "vmiDeletionToFailedSecondsP99": {
        "value": 0
      },
      "vmiDeletionToSucceededSecondsP50": {
        "value": 0.6749069520539781
      },
      "vmiDeletionToSucceededSecondsP95": {
        "value": 0.9739272421721998
      },
      "vmiDeletionToSucceededSecondsP99": {
        "value": 1.070867371401193
      }
    }
  },
  "VMResult": null
}
