{
  "JobDirCreationTime": "2025-01-27T05:05:27.783Z",
  "VMIResult": {
    "Values": {
      "CREATE-events-count": {
        "value": 777.5658129629629
      },
      "CREATE-pods-count": {
        "value": 116.84733333333335
      },
      "DELETE-pods-count": {
        "value": 120.80916666666668
      },
      "GET-leases-count": {
        "value": 186.66666666666669
      },
      "GET-nodes-count": {
        "value": 21.111111111111114
      },
      "PATCH-events-count": {
        "value": 52.437383333333344
      },
      "PATCH-nodes-count": {
        "value": 8.88888888888889
      },
      "PATCH-pods-count": {
        "value": 354.1758933333333
      },
      "PATCH-virtualmachineinstances-count": {
        "value": 241.61833333333337
      },
      "UPDATE-leases-count": {
        "value": 298.8888888888889
      },
      "UPDATE-virtualmachineinstances-count": {
        "value": 961.4261966666666
      },
      "WATCH-clusterrolebindings-count": {
        "value": 1.1111111111111112
      },
      "WATCH-clusterroles-count": {
        "value": 2.2222222222222223
      },
      "WATCH-configmaps-count": {
        "value": 6.666666666666666
      },
      "WATCH-customresourcedefinitions-count": {
        "value": 5.555555555555555
      },
      "WATCH-ingresses-count": {
        "value": 1.1111111111111112
      },
      "WATCH-jobs-count": {
        "value": 1.1111111111111112
      },
      "WATCH-kubevirts-count": {
        "value": 3.3333333333333335
      },
      "WATCH-migrationpolicies-count": {
        "value": 1.1111111111111112
      },
      "WATCH-mutatingwebhookconfigurations-count": {
        "value": 2.2222222222222223
      },
      "WATCH-namespaces-count": {
        "value": 2.2222222222222223
      },
      "WATCH-poddisruptionbudgets-count": {
        "value": 1.1111111111111112
      },
      "WATCH-pods-count": {
        "value": 2.2222222222222223
      },
      "WATCH-prometheusrules-count": {
        "value": 1.1111111111111112
      },
      "WATCH-rolebindings-count": {
        "value": 1.1111111111111112
      },
      "WATCH-roles-count": {
        "value": 2.2222222222222223
      },
      "WATCH-routes-count": {
        "value": 2.2222222222222223
      },
      "WATCH-secrets-count": {
        "value": 2.2222222222222223
      },
      "WATCH-securitycontextconstraints-count": {
        "value": 1.1111111111111112
      },
      "WATCH-serviceaccounts-count": {
        "value": 1.1111111111111112
      },
      "WATCH-servicemonitors-count": {
        "value": 1.1111111111111112
      },
      "WATCH-services-count": {
        "value": 1.1111111111111112
      },
      "WATCH-validatingwebhookconfigurations-count": {
        "value": 1.1111111111111112
      },
      "WATCH-virtualmachineclones-count": {
        "value": 1.1111111111111112
      },
      "WATCH-virtualmachineclusterinstancetypes-count": {
        "value": 1.1111111111111112
      },
      "WATCH-virtualmachineclusterpreferences-count": {
        "value": 2.2222222222222223
      },
      "WATCH-virtualmachineexports-count": {
        "value": 1.1111111111111112
      },
      "WATCH-virtualmachineinstancemigrations-count": {
        "value": 1.1111111111111112
      },
      "WATCH-virtualmachineinstancepresets-count": {
        "value": 1.1111111111111112
      },
      "WATCH-virtualmachineinstances-count": {
        "value": 4.444444444444445
      },
      "WATCH-virtualmachinerestores-count": {
        "value": 1.1111111111111112
      },
      "WATCH-virtualmachinesnapshots-count": {
        "value": 1.1111111111111112
      },
      "avgVirtAPICPUUsage": {
        "value": 0.02475121223240741
      },
      "avgVirtAPIMemoryUsageInMB": {
        "value": 167.3298828125
      },
      "avgVirtControllerCPUUsage": {
        "value": 0.03544324747407408
      },
      "avgVirtControllerMemoryUsageInMB": {
        "value": 96.703515625
      },
      "avgVirtHandlerCPUUsage": {
        "value": 0.005292790011561084
      },
      "avgVirtHandlerMemoryUsageInMB": {
        "value": 31.207180614104757
      },
      "maxVirtAPIMemoryUsageInMB": {
        "value": 183.919921875
      },
      "maxVirtControllerMemoryUsageInMB": {
        "value": 123.421875
      },
      "maxVirtHandlerCPUUsage": {
        "value": 0.00651583294006734
      },
      "maxVirtHandlerMemoryUsageInMB": {
        "value": 44.18109809027778
      },
      "minVirtAPIMemoryUsageInMB": {
        "value": 156.1474609375
      },
      "minVirtControllerMemoryUsageInMB": {
        "value": 81.09765625
      },
      "minVirtHandlerCPUUsage": {
        "value": 0.0030571366085048015
      },
      "minVirtHandlerMemoryUsageInMB": {
        "value": 22.692108585858584
      },
      "succeeded-phase-count": {
        "value": 50
      },
      "vmiCreationToRunningSecondsP50": {
        "value": 44.350392597378104
      },
      "vmiCreationToRunningSecondsP95": {
        "value": 55.798555805180925
      },
      "vmiCreationToRunningSecondsP99": {
        "value": 59.159711161036185
      },
      "vmiDeletionToFailedSecondsP50": {
        "value": 0
      },
      "vmiDeletionToFailedSecondsP95": {
        "value": 0
      },
      "vmiDeletionToFailedSecondsP99": {
        "value": 0
      },
      "vmiDeletionToSucceededSecondsP50": {
        "value": 0.7676497428997551
      },
      "vmiDeletionToSucceededSecondsP95": {
        "value": 7.7545927590095065
      },
      "vmiDeletionToSucceededSecondsP99": {
        "value": 9.995362996246353
      }
    }
  },
  "VMResult": null
}
