{
  "JobDirCreationTime": "2024-11-19T05:05:50.643Z",
  "VMIResult": {
    "Values": {
      "CREATE-events-count": {
        "value": 607.9078814814815
      },
      "CREATE-pods-count": {
        "value": 102.49466666666666
      },
      "DELETE-pods-count": {
        "value": 102.86833333333334
      },
      "GET-leases-count": {
        "value": 187.77777777777777
      },
      "GET-nodes-count": {
        "value": 24.444444444444446
      },
      "PATCH-events-count": {
        "value": 8.9176
      },
      "PATCH-nodes-count": {
        "value": 10
      },
      "PATCH-pods-count": {
        "value": 307.4989466666666
      },
      "PATCH-virtualmachineinstances-count": {
        "value": 205.73666666666668
      },
      "UPDATE-leases-count": {
        "value": 298.8888888888889
      },
      "UPDATE-virtualmachineinstances-count": {
        "value": 971.3826133333333
      },
      "WATCH-clusterroles-count": {
        "value": 1.1111111111111112
      },
      "WATCH-configmaps-count": {
        "value": 4.444444444444445
      },
      "WATCH-customresourcedefinitions-count": {
        "value": 4.444444444444445
      },
      "WATCH-deployments-count": {
        "value": 1.1111111111111112
      },
      "WATCH-jobs-count": {
        "value": 2.2222222222222223
      },
      "WATCH-kubevirts-count": {
        "value": 6.666666666666666
      },
      "WATCH-migrationpolicies-count": {
        "value": 1.1111111111111112
      },
      "WATCH-poddisruptionbudgets-count": {
        "value": 1.1111111111111112
      },
      "WATCH-pods-count": {
        "value": 2.2222222222222223
      },
      "WATCH-prometheusrules-count": {
        "value": 1.1111111111111112
      },
      "WATCH-rolebindings-count": {
        "value": 2.2222222222222223
      },
      "WATCH-roles-count": {
        "value": 2.2222222222222223
      },
      "WATCH-routes-count": {
        "value": 3.3333333333333335
      },
      "WATCH-securitycontextconstraints-count": {
        "value": 1.1111111111111112
      },
      "WATCH-serviceaccounts-count": {
        "value": 2.2222222222222223
      },
      "WATCH-servicemonitors-count": {
        "value": 2.2222222222222223
      },
      "WATCH-services-count": {
        "value": 2.2222222222222223
      },
      "WATCH-validatingwebhookconfigurations-count": {
        "value": 2.2222222222222223
      },
      "WATCH-virtualmachineclones-count": {
        "value": 1.1111111111111112
      },
      "WATCH-virtualmachineclusterpreferences-count": {
        "value": 1.1111111111111112
      },
      "WATCH-virtualmachineinstancemigrations-count": {
        "value": 1.1111111111111112
      },
      "WATCH-virtualmachineinstancepresets-count": {
        "value": 1.1111111111111112
      },
      "WATCH-virtualmachineinstances-count": {
        "value": 4.444444444444445
      },
      "WATCH-virtualmachineinstancetypes-count": {
        "value": 1.1111111111111112
      },
      "WATCH-virtualmachinepools-count": {
        "value": 1.1111111111111112
      },
      "WATCH-virtualmachinerestores-count": {
        "value": 1.1111111111111112
      },
      "WATCH-virtualmachinesnapshots-count": {
        "value": 1.1111111111111112
      },
      "WATCH-volumesnapshots-count": {
        "value": 1.1111111111111112
      },
      "avgVirtAPICPUUsage": {
        "value": 0.02202584011481482
      },
      "avgVirtAPIMemoryUsageInMB": {
        "value": 169.560546875
      },
      "avgVirtControllerCPUUsage": {
        "value": 0.036068306144444444
      },
      "avgVirtControllerMemoryUsageInMB": {
        "value": 100.413671875
      },
      "maxVirtAPIMemoryUsageInMB": {
        "value": 189.228515625
      },
      "maxVirtControllerMemoryUsageInMB": {
        "value": 125.09375
      },
      "minVirtAPIMemoryUsageInMB": {
        "value": 155.939453125
      },
      "minVirtControllerMemoryUsageInMB": {
        "value": 79.12890625
      },
      "succeeded-phase-count": {
        "value": 11
      },
      "vmiCreationToRunningSecondsP50": {
        "value": 43.953091989395965
      },
      "vmiCreationToRunningSecondsP95": {
        "value": 56.11609002571191
      },
      "vmiCreationToRunningSecondsP99": {
        "value": 59.22321800514238
      },
      "vmiDeletionToFailedSecondsP50": {
        "value": 0
      },
      "vmiDeletionToFailedSecondsP95": {
        "value": 0
      },
      "vmiDeletionToFailedSecondsP99": {
        "value": 0
      },
      "vmiDeletionToSucceededSecondsP50": {
        "value": 0.6766055311049666
      },
      "vmiDeletionToSucceededSecondsP95": {
        "value": 0.9795505090994365
      },
      "vmiDeletionToSucceededSecondsP99": {
        "value": 1.4904186722368498
      }
    }
  },
  "VMResult": null
}
