{
  "JobDirCreationTime": "2024-09-08T05:00:23.547Z",
  "VMIResult": {
    "Values": {
      "CREATE-events-count": {
        "value": 627.3960444444444
      },
      "CREATE-pods-count": {
        "value": 115.39916666666667
      },
      "DELETE-pods-count": {
        "value": 90.39916666666666
      },
      "GET-leases-count": {
        "value": 188.8888888888889
      },
      "GET-nodes-count": {
        "value": 21.111111111111114
      },
      "LIST-clusterroles-count": {
        "value": 1.1111111111111112
      },
      "LIST-configmaps-count": {
        "value": 1.1111111111111112
      },
      "LIST-nodes-count": {
        "value": 1.1111111111111112
      },
      "LIST-roles-count": {
        "value": 1.1111111111111112
      },
      "LIST-servicemonitors-count": {
        "value": 1.1111111111111112
      },
      "LIST-validatingwebhookconfigurations-count": {
        "value": 1.1111111111111112
      },
      "LIST-virtualmachineclusterinstancetypes-count": {
        "value": 1.1111111111111112
      },
      "LIST-virtualmachineclusterpreferences-count": {
        "value": 1.1111111111111112
      },
      "PATCH-events-count": {
        "value": 10.550866666666668
      },
      "PATCH-nodes-count": {
        "value": 6.666666666666667
      },
      "PATCH-pods-count": {
        "value": 230.79833333333335
      },
      "PATCH-services-count": {
        "value": 4.444444444444445
      },
      "PATCH-virtualmachineinstances-count": {
        "value": 210.59805555555556
      },
      "UPDATE-leases-count": {
        "value": 300
      },
      "UPDATE-virtualmachineinstances-count": {
        "value": 1122.3532500000001
      },
      "avgVirtAPICPUUsage": {
        "value": 0.04513434700925926
      },
      "avgVirtAPIMemoryUsageInMB": {
        "value": 194.3349609375
      },
      "avgVirtControllerCPUUsage": {
        "value": 0.036360987403703714
      },
      "avgVirtControllerMemoryUsageInMB": {
        "value": 122.340234375
      },
      "maxVirtAPIMemoryUsageInMB": {
        "value": 220.6953125
      },
      "maxVirtControllerMemoryUsageInMB": {
        "value": 149.73828125
      },
      "minVirtAPIMemoryUsageInMB": {
        "value": 178.34765625
      },
      "minVirtControllerMemoryUsageInMB": {
        "value": 97.98046875
      },
      "running-phase-count": {
        "value": 35
      },
      "succeeded-phase-count": {
        "value": 40
      },
      "vmiCreationToRunningSecondsP50": {
        "value": 43.082933286104456
      },
      "vmiCreationToRunningSecondsP95": {
        "value": 49.565436185753306
      },
      "vmiCreationToRunningSecondsP99": {
        "value": 54.95805330027316
      },
      "vmiDeletionToFailedSecondsP50": {
        "value": 0
      },
      "vmiDeletionToFailedSecondsP95": {
        "value": 0
      },
      "vmiDeletionToFailedSecondsP99": {
        "value": 0
      },
      "vmiDeletionToSucceededSecondsP50": {
        "value": 0.6372787841219455
      },
      "vmiDeletionToSucceededSecondsP95": {
        "value": 0.9739551511394673
      },
      "vmiDeletionToSucceededSecondsP99": {
        "value": 1.3416106600546271
      }
    }
  },
  "VMResult": null
}
