{
  "JobDirCreationTime": "2024-12-19T05:06:31.814Z",
  "VMIResult": {
    "Values": {
      "CREATE-events-count": {
        "value": 532.6734851851852
      },
      "CREATE-pods-count": {
        "value": 110.77583333333334
      },
      "DELETE-pods-count": {
        "value": 108.38272222222221
      },
      "GET-leases-count": {
        "value": 185.55555555555554
      },
      "GET-nodes-count": {
        "value": 24.444444444444446
      },
      "PATCH-nodes-count": {
        "value": 10
      },
      "PATCH-pods-count": {
        "value": 338.8162916666667
      },
      "PATCH-virtualmachineinstances-count": {
        "value": 222.41716666666665
      },
      "UPDATE-leases-count": {
        "value": 298.8888888888889
      },
      "UPDATE-virtualmachineinstances-count": {
        "value": 1022.2679750000001
      },
      "WATCH-clusterrolebindings-count": {
        "value": 1.1111111111111112
      },
      "WATCH-clusterroles-count": {
        "value": 1.1111111111111112
      },
      "WATCH-configmaps-count": {
        "value": 7.777777777777778
      },
      "WATCH-customresourcedefinitions-count": {
        "value": 3.3333333333333335
      },
      "WATCH-ingresses-count": {
        "value": 1.1111111111111112
      },
      "WATCH-kubevirts-count": {
        "value": 4.444444444444445
      },
      "WATCH-migrationpolicies-count": {
        "value": 1.1111111111111112
      },
      "WATCH-mutatingwebhookconfigurations-count": {
        "value": 1.1111111111111112
      },
      "WATCH-namespaces-count": {
        "value": 2.2222222222222223
      },
      "WATCH-poddisruptionbudgets-count": {
        "value": 2.2222222222222223
      },
      "WATCH-pods-count": {
        "value": 1.1111111111111112
      },
      "WATCH-prometheusrules-count": {
        "value": 2.2222222222222223
      },
      "WATCH-resourcequotas-count": {
        "value": 1.1111111111111112
      },
      "WATCH-rolebindings-count": {
        "value": 1.1111111111111112
      },
      "WATCH-roles-count": {
        "value": 2.2222222222222223
      },
      "WATCH-routes-count": {
        "value": 1.1111111111111112
      },
      "WATCH-secrets-count": {
        "value": 2.2222222222222223
      },
      "WATCH-serviceaccounts-count": {
        "value": 2.2222222222222223
      },
      "WATCH-servicemonitors-count": {
        "value": 2.2222222222222223
      },
      "WATCH-services-count": {
        "value": 3.3333333333333335
      },
      "WATCH-storageclasses-count": {
        "value": 1.1111111111111112
      },
      "WATCH-validatingwebhookconfigurations-count": {
        "value": 1.1111111111111112
      },
      "WATCH-virtualmachineclones-count": {
        "value": 1.1111111111111112
      },
      "WATCH-virtualmachineclusterpreferences-count": {
        "value": 2.2222222222222223
      },
      "WATCH-virtualmachineinstancepresets-count": {
        "value": 1.1111111111111112
      },
      "WATCH-virtualmachineinstances-count": {
        "value": 3.3333333333333335
      },
      "WATCH-virtualmachinerestores-count": {
        "value": 2.2222222222222223
      },
      "WATCH-virtualmachinesnapshots-count": {
        "value": 1.1111111111111112
      },
      "WATCH-volumesnapshots-count": {
        "value": 1.1111111111111112
      },
      "avgVirtAPICPUUsage": {
        "value": 0.02417375002777778
      },
      "avgVirtAPIMemoryUsageInMB": {
        "value": 169.792578125
      },
      "avgVirtControllerCPUUsage": {
        "value": 0.036447473662962956
      },
      "avgVirtControllerMemoryUsageInMB": {
        "value": 104.088671875
      },
      "avgVirtHandlerMemoryUsageInMB": {
        "value": 24.417937040553156
      },
      "maxVirtAPIMemoryUsageInMB": {
        "value": 187.1953125
      },
      "maxVirtControllerMemoryUsageInMB": {
        "value": 132.5390625
      },
      "maxVirtHandlerMemoryUsageInMB": {
        "value": 50.63184232026144
      },
      "minVirtAPIMemoryUsageInMB": {
        "value": 158.009765625
      },
      "minVirtControllerMemoryUsageInMB": {
        "value": 85.265625
      },
      "minVirtHandlerMemoryUsageInMB": {
        "value": 10.73367919921875
      },
      "vmiCreationToRunningSecondsP50": {
        "value": 43.18346715649406
      },
      "vmiCreationToRunningSecondsP95": {
        "value": 49.318346715649405
      },
      "vmiCreationToRunningSecondsP99": {
        "value": 49.863669343129885
      },
      "vmiDeletionToFailedSecondsP50": {
        "value": 0
      },
      "vmiDeletionToFailedSecondsP95": {
        "value": 0
      },
      "vmiDeletionToFailedSecondsP99": {
        "value": 0
      },
      "vmiDeletionToSucceededSecondsP50": {
        "value": 0.728887575631044
      },
      "vmiDeletionToSucceededSecondsP95": {
        "value": 7.628603559878506
      },
      "vmiDeletionToSucceededSecondsP99": {
        "value": 9.525720711975703
      }
    }
  },
  "VMResult": null
}
