{
  "JobDirCreationTime": "2025-05-19T16:19:05.457Z",
  "VMIResult": {
    "Values": {
      "CREATE-events-count": {
        "value": 182.71724902353887
      },
      "CREATE-pods-count": {
        "value": 104.42500000000001
      },
      "CREATE-virtualmachineclusterinstancetypes-count": {
        "value": 32.11911111111111
      },
      "GET-leases-count": {
        "value": 146.26291428571426
      },
      "GET-nodes-count": {
        "value": 35.616371206169916
      },
      "LIST-nodes-count": {
        "value": 6.553142857142857
      },
      "LIST-virtualmachineclusterinstancetypes-count": {
        "value": 5.460952380952381
      },
      "LIST-virtualmachineclusterpreferences-count": {
        "value": 5.460952380952381
      },
      "PATCH-nodes-count": {
        "value": 8.012757880907559
      },
      "PATCH-pods-count": {
        "value": 337.06275000000005
      },
      "PATCH-services-count": {
        "value": 26.21257142857143
      },
      "PATCH-validatingadmissionpolicies-count": {
        "value": 6.553142857142857
      },
      "PATCH-validatingadmissionpolicybindings-count": {
        "value": 6.553142857142857
      },
      "PATCH-virtualmachineinstances-count": {
        "value": 101.38399999999999,
        "thresholdResult": {
          "thresholdValue": 208.85000000000002,
          "thresholdMetric": "CREATE-pods-count",
          "thresholdRatio": 0.9708786210198704,
          "thresholdExceeded": false
        }
      },
      "UPDATE-kubevirts-count": {
        "value": 1.0921904761904762
      },
      "UPDATE-leases-count": {
        "value": 228.14280952380952
      },
      "UPDATE-virtualmachineinstances-count": {
        "value": 538.42625176617,
        "thresholdResult": {
          "thresholdValue": 1044.25,
          "thresholdMetric": "CREATE-pods-count",
          "thresholdRatio": 5.156104876860617,
          "thresholdExceeded": false
        }
      },
      "avgVirtAPICPUUsage": {
        "value": 0.010058674087152778
      },
      "avgVirtAPIMemoryUsageInMB": {
        "value": 126.10429687499999
      },
      "avgVirtControllerCPUUsage": {
        "value": 0.024609112187500004
      },
      "avgVirtControllerMemoryUsageInMB": {
        "value": 62.61892361111111
      },
      "avgVirtHandlerCPUUsage": {
        "value": 0.0007573096391174561
      },
      "avgVirtHandlerMemoryUsageInMB": {
        "value": 9.519623257921207
      },
      "maxVirtAPIMemoryUsageInMB": {
        "value": 159.755859375
      },
      "maxVirtControllerMemoryUsageInMB": {
        "value": 82.8515625
      },
      "maxVirtHandlerCPUUsage": {
        "value": 0.0008252300336933332
      },
      "maxVirtHandlerMemoryUsageInMB": {
        "value": 25.13234375
      },
      "minVirtAPIMemoryUsageInMB": {
        "value": 0
      },
      "minVirtControllerMemoryUsageInMB": {
        "value": 48.01953125
      },
      "minVirtHandlerCPUUsage": {
        "value": 0.0007102071087058857
      },
      "minVirtHandlerMemoryUsageInMB": {
        "value": 3.174482876305793
      },
      "none-none-count": {
        "value": 2.1941714285714284
      },
      "running-phase-count": {
        "value": 101
      },
      "vmiCreationToRunningSecondsP50": {
        "value": 22.998655333516545,
        "thresholdResult": {
          "thresholdValue": 45,
          "thresholdExceeded": false
        }
      },
      "vmiCreationToRunningSecondsP95": {
        "value": 29.71552942562129,
        "thresholdResult": {
          "thresholdValue": 60,
          "thresholdExceeded": false
        }
      },
      "vmiCreationToRunningSecondsP99": {
        "value": 36.768122409945796
      },
      "vmiDeletionToFailedSecondsP50": {
        "value": 0
      },
      "vmiDeletionToFailedSecondsP95": {
        "value": 0
      },
      "vmiDeletionToFailedSecondsP99": {
        "value": 0
      },
      "vmiDeletionToSucceededSecondsP50": {
        "value": 0
      },
      "vmiDeletionToSucceededSecondsP95": {
        "value": 0
      },
      "vmiDeletionToSucceededSecondsP99": {
        "value": 0
      }
    }
  },
  "VMResult": {
    "Values": {
      "CREATE-controllerrevisions-count": {
        "value": 29.36428476203173
      },
      "CREATE-events-count": {
        "value": 882.2140906442903
      },
      "CREATE-pods-count": {
        "value": 111.10946504496229
      },
      "CREATE-virtualmachineinstances-count": {
        "value": 29.36428476203173
      },
      "GET-leases-count": {
        "value": 183.33333333333334
      },
      "GET-nodes-count": {
        "value": 28.888773663618338
      },
      "PATCH-nodes-count": {
        "value": 12.222172839963415
      },
      "PATCH-pods-count": {
        "value": 366.66123464837557
      },
      "PATCH-virtualmachineinstances-count": {
        "value": 223.3300247403742,
        "thresholdResult": {
          "thresholdValue": 222.21893008992458,
          "thresholdMetric": "CREATE-pods-count",
          "thresholdRatio": 2.01,
          "thresholdExceeded": false
        }
      },
      "PATCH-virtualmachines-count": {
        "value": 29.36428476203173
      },
      "UPDATE-leases-count": {
        "value": 298.8866831602495
      },
      "UPDATE-virtualmachineinstances-count": {
        "value": 926.6565351189126,
        "thresholdResult": {
          "thresholdValue": 1111.0946504496228,
          "thresholdMetric": "CREATE-pods-count",
          "thresholdRatio": 8.340032370274896,
          "thresholdExceeded": false
        }
      },
      "UPDATE-virtualmachines-count": {
        "value": 642.7515664578057
      },
      "WATCH-cdis-count": {
        "value": 1.1110946504496229
      },
      "WATCH-clusterrolebindings-count": {
        "value": 1.1111111111111112
      },
      "WATCH-clusterroles-count": {
        "value": 2.2222222222222223
      },
      "WATCH-configmaps-count": {
        "value": 12.22217284014631
      },
      "WATCH-controllerrevisions-count": {
        "value": 1.1110946504496229
      },
      "WATCH-customresourcedefinitions-count": {
        "value": 8.88886008268556
      },
      "WATCH-daemonsets-count": {
        "value": 2.2222222222222223
      },
      "WATCH-datasources-count": {
        "value": 2.2222222222222223
      },
      "WATCH-datavolumes-count": {
        "value": 1.1110946504496229
      },
      "WATCH-deployments-count": {
        "value": 2.2222222222222223
      },
      "WATCH-ingresses-count": {
        "value": 1.1110946504496229
      },
      "WATCH-jobs-count": {
        "value": 2.2222222222222223
      },
      "WATCH-kubevirts-count": {
        "value": 8.888855967474464
      },
      "WATCH-migrationpolicies-count": {
        "value": 1.1110946504496229
      },
      "WATCH-mutatingwebhookconfigurations-count": {
        "value": 1.1111111111111112
      },
      "WATCH-namespaces-count": {
        "value": 5.555539094894067
      },
      "WATCH-nodes-count": {
        "value": 1.1110946504496229
      },
      "WATCH-persistentvolumeclaims-count": {
        "value": 1.1110946504496229
      },
      "WATCH-poddisruptionbudgets-count": {
        "value": 2.2222057615607342
      },
      "WATCH-pods-count": {
        "value": 3.333300412010357
      },
      "WATCH-prometheusrules-count": {
        "value": 2.2222222222222223
      },
      "WATCH-roles-count": {
        "value": 1.1111111111111112
      },
      "WATCH-secrets-count": {
        "value": 1.1110946504496229
      },
      "WATCH-serviceaccounts-count": {
        "value": 1.1111111111111112
      },
      "WATCH-servicemonitors-count": {
        "value": 2.2222222222222223
      },
      "WATCH-services-count": {
        "value": 2.2222057615607342
      },
      "WATCH-storageclasses-count": {
        "value": 1.1110946504496229
      },
      "WATCH-storageprofiles-count": {
        "value": 1.1110946504496229
      },