{
  "JobDirCreationTime": "2023-03-10T05:06:31.228Z",
  "VMIResult": {
    "Values": {
      "CREATE-events-count": {
        "value": 535.3639629629629
      },
      "CREATE-pods-count": {
        "value": 103.97166666666666
      },
      "DELETE-pods-count": {
        "value": 101.84335555555555
      },
      "GET-endpoints-count": {
        "value": 478.9008398148148
      },
      "GET-nodes-count": {
        "value": 21.329444444444444
      },
      "LIST-clusterrolebindings-count": {
        "value": 1.1111111111111112
      },
      "LIST-nodes-count": {
        "value": 7.777777777777779
      },
      "LIST-services-count": {
        "value": 1.1111111111111112
      },
      "LIST-validatingwebhookconfigurations-count": {
        "value": 1.1111111111111112
      },
      "PATCH-events-count": {
        "value": 14.665866666666668
      },
      "PATCH-nodes-count": {
        "value": 7.850555555555555
      },
      "PATCH-pods-count": {
        "value": 207.94333333333333
      },
      "PATCH-services-count": {
        "value": 31.111111111111114
      },
      "PATCH-virtualmachineinstances-count": {
        "value": 206.80557777777778
      },
      "UPDATE-endpoints-count": {
        "value": 295.7697925925926
      },
      "UPDATE-kubevirts-count": {
        "value": 1.1111111111111112
      },
      "UPDATE-virtualmachineinstances-count": {
        "value": 1040.9405666666664
      },
      "vmiCreationToRunningSecondsP50": {
        "value": 43.08480220101026
      },
      "vmiCreationToRunningSecondsP95": {
        "value": 49.308480220101025
      },
      "vmiCreationToRunningSecondsP99": {
        "value": 49.861696044020206
      },
      "vmiDeletionToFailedSecondsP50": {
        "value": 0
      },
      "vmiDeletionToFailedSecondsP95": {
        "value": 0
      },
      "vmiDeletionToFailedSecondsP99": {
        "value": 0
      },
      "vmiDeletionToSucceededSecondsP50": {
        "value": 0.7683926615234469
      },
      "vmiDeletionToSucceededSecondsP95": {
        "value": 4.2259528033687435
      },
      "vmiDeletionToSucceededSecondsP99": {
        "value": 8.48396853557917
      }
    }
  },
  "VMResult": null
}
