{
  "JobDirCreationTime": "2026-02-11T13:18:55.451Z",
  "VMIResult": {
    "Values": {
      "CREATE-events-count": {
        "value": 16043.057204273504
      },
      "CREATE-pods-count": {
        "value": 8021.027350427349
      },
      "DELETE-pods-count": {
        "value": 4672.55314
      },
      "GET-leases-count": {
        "value": 2221.169800569801
      },
      "LIST-virtualmachineclusterinstancetypes-count": {
        "value": 598.2404558404559
      },
      "LIST-virtualmachineclusterpreferences-count": {
        "value": 598.2404558404559
      },
      "PATCH-nodes-count": {
        "value": 56.59031339031339
      },
      "PATCH-pods-count": {
        "value": 17771.37059487179
      },
      "PATCH-services-count": {
        "value": 2392.9618233618235
      },
      "PATCH-validatingadmissionpolicies-count": {
        "value": 598.2404558404559
      },
      "PATCH-validatingadmissionpolicybindings-count": {
        "value": 598.2404558404559
      },
      "PATCH-virtualmachineinstances-count": {
        "value": 11713.2438,
        "thresholdResult": {
          "thresholdValue": 16042.054700854698,
          "thresholdMetric": "CREATE-pods-count",
          "thresholdRatio": 1.460317149944132,
          "thresholdExceeded": false
        }
      },
      "UPDATE-configmaps-count": {
        "value": 598.2404558404559
      },
      "UPDATE-leases-count": {
        "value": 3532.852421652422
      },
      "UPDATE-virtualmachineinstances-count": {
        "value": 27006.569047147837,
        "thresholdResult": {
          "thresholdValue": 80210.27350427349,
          "thresholdMetric": "CREATE-pods-count",
          "thresholdRatio": 3.366971320164987,
          "thresholdExceeded": false
        }
      },
      "WATCH-cdiconfigs-count": {
        "value": 8.084330484330485
      },
      "WATCH-cdis-count": {
        "value": 8.084330484330485
      },
      "WATCH-clusterrolebindings-count": {
        "value": 15.15811965811966
      },
      "WATCH-clusterroles-count": {
        "value": 17.17920227920228
      },
      "WATCH-configmaps-count": {
        "value": 100.92605936453471
      },
      "WATCH-controllerrevisions-count": {
        "value": 8.084330484330485
      },
      "WATCH-customresourcedefinitions-count": {
        "value": 69.65903262784657
      },
      "WATCH-daemonsets-count": {
        "value": 15.15811965811966
      },
      "WATCH-datasources-count": {
        "value": 24.193261747372347
      },
      "WATCH-datavolumes-count": {
        "value": 7.073789173789174
      },
      "WATCH-deployments-count": {
        "value": 16.16866096866097
      },
      "WATCH-ingresses-count": {
        "value": 8.084330484330485
      },
      "WATCH-jobs-count": {
        "value": 15.15811965811966
      },
      "WATCH-kubevirts-count": {
        "value": 53.490371659185605
      },
      "WATCH-leases-count": {
        "value": 17.17920227920228
      },
      "WATCH-migrationpolicies-count": {
        "value": 7.073789173789174
      },
      "WATCH-mutatingwebhookconfigurations-count": {
        "value": 14.147578347578348
      },
      "WATCH-namespaces-count": {
        "value": 39.34279331160725
      },
      "WATCH-nodes-count": {
        "value": 15.15811965811966
      },
      "WATCH-persistentvolumeclaims-count": {
        "value": 7.073789173789174
      },
      "WATCH-poddisruptionbudgets-count": {
        "value": 24.252991452991452
      },
      "WATCH-pods-count": {
        "value": 31.32678062678063
      },
      "WATCH-prometheusrules-count": {
        "value": 15.15811965811966
      },
      "WATCH-resourcequotas-count": {
        "value": 7.073789173789174
      },
      "WATCH-rolebindings-count": {
        "value": 15.15811965811966
      },
      "WATCH-roles-count": {
        "value": 17.17920227920228
      },
      "WATCH-secrets-count": {
        "value": 25.263532763532766
      },
      "WATCH-serviceaccounts-count": {
        "value": 16.16866096866097
      },
      "WATCH-servicemonitors-count": {
        "value": 17.17920227920228
      },
      "WATCH-services-count": {
        "value": 24.252991452991452
      },
      "WATCH-storageclasses-count": {
        "value": 9.094871794871795
      },
      "WATCH-storageprofiles-count": {
        "value": 9.094871794871795
      },
      "WATCH-validatingadmissionpolicies-count": {
        "value": 16.16866096866097
      },
      "WATCH-validatingadmissionpolicybindings-count": {
        "value": 15.15811965811966
      },
      "WATCH-validatingwebhookconfigurations-count": {
        "value": 14.147578347578348
      },
      "WATCH-virtualmachinebackups-count": {
        "value": 22.172130757342956
      },
      "WATCH-virtualmachinebackuptrackers-count": {
        "value": 18.18974358974359
      },
      "WATCH-virtualmachineclones-count": {
        "value": 8.084330484330485
      },
      "WATCH-virtualmachineclusterinstancetypes-count": {
        "value": 25.263532763532766
      },
      "WATCH-virtualmachineclusterpreferences-count": {
        "value": 24.252991452991452
      },
      "WATCH-virtualmachineexports-count": {
        "value": 8.084330484330485
      },
      "WATCH-virtualmachineinstancemigrations-count": {
        "value": 9.094871794871795
      },
      "WATCH-virtualmachineinstancepresets-count": {
        "value": 16.100343169157114
      },
      "WATCH-virtualmachineinstancereplicasets-count": {
        "value": 7.073789173789174
      },
      "WATCH-virtualmachineinstances-count": {
        "value": 31.326780626780625
      },
      "WATCH-virtualmachineinstancetypes-count": {
        "value": 8.084330484330485
      },
      "WATCH-virtualmachinepools-count": {
        "value": 7.073789173789174
      },
      "WATCH-virtualmachinepreferences-count": {
        "value": 9.094871794871795
      },
      "WATCH-virtualmachinerestores-count": {
        "value": 23.18269625235765
      },
      "WATCH-virtualmachines-count": {
        "value": 9.094871794871795
      },
      "WATCH-virtualmachinesnapshotcontents-count": {
        "value": 7.073789173789174
      },
      "WATCH-virtualmachinesnapshots-count": {
        "value": 7.073789173789174
      },
      "avgVirtAPICPUUsage": {
        "value": 0.032914625068891305
      },
      "avgVirtAPIMemoryUsageInMB": {
        "value": 171.19792213760502
      },
      "avgVirtControllerCPUUsage": {
        "value": 0.3787186732079152
      },
      "avgVirtControllerMemoryUsageInMB": {
        "value": 1373.1884191176468
      },
      "maxVirtAPIMemoryUsageInMB": {
        "value": 176.1796875
      },
      "maxVirtControllerMemoryUsageInMB": {
        "value": 2102.92578125
      },
      "minVirtAPIMemoryUsageInMB": {
        "value": 145.619140625
      },
      "minVirtControllerMemoryUsageInMB": {
        "value": 498.38671875
      },
      "virtControllerWorkqueueAddRate": {
        "value": 231.2946831392365
      },
      "virtControllerWorkqueueDepth": {
        "value": 0.029676588377321393
      },
      "virtControllerWorkqueueP99Latency": {
        "value": 0.25468739495810944
      },
      "vmiCreationToRunningSecondsP50": {
        "value": 0.6855662110618931,
        "thresholdResult": {
          "thresholdValue": 45,
          "thresholdExceeded": false
        }
      },
      "vmiCreationToRunningSecondsP95": {
        "value": 1.784137811745318,
        "thresholdResult": {
          "thresholdValue": 60,
          "thresholdExceeded": false
        }
      },
      "vmiCreationToRunningSecondsP99": {
        "value": 1.9576952413078486
      },
      "vmiDeletionToFailedSecondsP50": {
        "value": 0
      },
      "vmiDeletionToFailedSecondsP95": {
        "value": 0
      },
      "vmiDeletionToFailedSecondsP99": {
        "value": 0
      },
      "vmiDeletionToSucceededSecondsP50": {
        "value": 0
      },
      "vmiDeletionToSucceededSecondsP95": {
        "value": 0
      },