{
  "JobDirCreationTime": "2024-02-28T05:07:38.785Z",
  "VMIResult": {
    "Values": {
      "CREATE-events-count": {
        "value": 497.41502500000007
      },
      "CREATE-pods-count": {
        "value": 120.32583333333334
      },
      "DELETE-pods-count": {
        "value": 46.2764
      },
      "GET-endpoints-count": {
        "value": 487.7777777777777
      },
      "GET-leases-count": {
        "value": 785.5555555555555
      },
      "GET-nodes-count": {
        "value": 22.222222222222225
      },
      "LIST-clusterrolebindings-count": {
        "value": 1.1111111111111112
      },
      "LIST-clusterroles-count": {
        "value": 1.1111111111111112
      },
      "LIST-configmaps-count": {
        "value": 5.555555555555555
      },
      "LIST-customresourcedefinitions-count": {
        "value": 2.2222222222222223
      },
      "LIST-namespaces-count": {
        "value": 1.1111111111111112
      },
      "LIST-pods-count": {
        "value": 1.1111111111111112
      },
      "LIST-prometheusrules-count": {
        "value": 2.2222222222222223
      },
      "LIST-rolebindings-count": {
        "value": 2.2222222222222223
      },
      "LIST-roles-count": {
        "value": 1.1111111111111112
      },
      "LIST-routes-count": {
        "value": 1.1111111111111112
      },
      "LIST-secrets-count": {
        "value": 2.2222222222222223
      },
      "LIST-securitycontextconstraints-count": {
        "value": 2.2222222222222223
      },
      "LIST-serviceaccounts-count": {
        "value": 1.1111111111111112
      },
      "LIST-validatingwebhookconfigurations-count": {
        "value": 1.1111111111111112
      },
      "LIST-virtualmachineclones-count": {
        "value": 1.1111111111111112
      },
      "LIST-virtualmachineexports-count": {
        "value": 1.1111111111111112
      },
      "LIST-virtualmachinesnapshotcontents-count": {
        "value": 1.1111111111111112
      },
      "PATCH-events-count": {
        "value": 3.6023750000000003
      },
      "PATCH-nodes-count": {
        "value": 10
      },
      "PATCH-pods-count": {
        "value": 240.84492499999996
      },
      "PATCH-virtualmachineinstances-count": {
        "value": 173.04417777777778
      },
      "UPDATE-endpoints-count": {
        "value": 297.77777777777777
      },
      "UPDATE-leases-count": {
        "value": 297.77777777777777
      },
      "UPDATE-virtualmachineinstances-count": {
        "value": 1143.7896583333336
      },
      "vmiCreationToRunningSecondsP50": {
        "value": 44.339396930551914
      },
      "vmiCreationToRunningSecondsP95": {
        "value": 57.03543775825037
      },
      "vmiCreationToRunningSecondsP99": {
        "value": 59.40708755165008
      },
      "vmiDeletionToFailedSecondsP50": {
        "value": 0
      },
      "vmiDeletionToFailedSecondsP95": {
        "value": 0
      },
      "vmiDeletionToFailedSecondsP99": {
        "value": 0
      },
      "vmiDeletionToSucceededSecondsP50": {
        "value": 0.7779901752937554
      },
      "vmiDeletionToSucceededSecondsP95": {
        "value": 1.503414729675209
      },
      "vmiDeletionToSucceededSecondsP99": {
        "value": 1.9006829459350423
      }
    }
  },
  "VMResult": null
}
