{
  "JobDirCreationTime": "2026-02-10T06:20:20.263Z",
  "VMIResult": {
    "Values": {
      "CREATE-events-count": {
        "value": 170.8095238095238
      },
      "CREATE-pods-count": {
        "value": 100.47619047619048
      },
      "DELETE-jobs-count": {
        "value": 315.4952380952381
      },
      "DELETE-pods-count": {
        "value": 164.43684838709675
      },
      "GET-leases-count": {
        "value": 1176.1548387096775
      },
      "LIST-nodes-count": {
        "value": 315.4952380952381
      },
      "LIST-virtualmachineclusterinstancetypes-count": {
        "value": 315.4952380952381
      },
      "LIST-virtualmachineclusterpreferences-count": {
        "value": 315.4952380952381
      },
      "PATCH-events-count": {
        "value": 94.95
      },
      "PATCH-nodes-count": {
        "value": 92.9242703533026
      },
      "PATCH-pods-count": {
        "value": 101.48095238095237
      },
      "PATCH-services-count": {
        "value": 1261.9809523809524
      },
      "UPDATE-configmaps-count": {
        "value": 315.4952380952381
      },
      "UPDATE-leases-count": {
        "value": 1892.9714285714285
      },
      "UPDATE-virtualmachineinstances-count": {
        "value": 420.9952380952381
      },
      "WATCH-clusterrolebindings-count": {
        "value": 8.102918586789555
      },
      "WATCH-clusterroles-count": {
        "value": 8.102918586789555
      },
      "WATCH-configmaps-count": {
        "value": 61.809062980030724
      },
      "WATCH-controllerrevisions-count": {
        "value": 4.019047619047619
      },
      "WATCH-customresourcedefinitions-count": {
        "value": 47.645161290322584
      },
      "WATCH-daemonsets-count": {
        "value": 8.102918586789555
      },
      "WATCH-deployments-count": {
        "value": 8.102918586789555
      },
      "WATCH-ingresses-count": {
        "value": 3.0142857142857142
      },
      "WATCH-jobs-count": {
        "value": 9.10768049155146
      },
      "WATCH-kubevirts-count": {
        "value": 35.42596006144393
      },
      "WATCH-leases-count": {
        "value": 8.086712749615975
      },
      "WATCH-migrationpolicies-count": {
        "value": 4.019047619047619
      },
      "WATCH-mutatingwebhookconfigurations-count": {
        "value": 9.123886328725039
      },
      "WATCH-namespaces-count": {
        "value": 20.289708141321043
      },
      "WATCH-nodes-count": {
        "value": 17.145775729646697
      },
      "WATCH-persistentvolumeclaims-count": {
        "value": 4.019047619047619
      },
      "WATCH-poddisruptionbudgets-count": {
        "value": 13.126728110599078
      },
      "WATCH-pods-count": {
        "value": 15.136251920122888
      },
      "WATCH-prometheusrules-count": {
        "value": 9.123886328725039
      },
      "WATCH-resourcequotas-count": {
        "value": 5.023809523809524
      },
      "WATCH-rolebindings-count": {
        "value": 8.102918586789555
      },
      "WATCH-roles-count": {
        "value": 9.123886328725039
      },
      "WATCH-routes-count": {
        "value": 12.121966205837174
      },
      "WATCH-secrets-count": {
        "value": 13.126728110599078
      },
      "WATCH-securitycontextconstraints-count": {
        "value": 8.102918586789555
      },
      "WATCH-serviceaccounts-count": {
        "value": 9.123886328725039
      },
      "WATCH-servicemonitors-count": {
        "value": 7.09815668202765
      },
      "WATCH-services-count": {
        "value": 13.142933947772658
      },
      "WATCH-storageclasses-count": {
        "value": 3.0142857142857142
      },
      "WATCH-validatingwebhookconfigurations-count": {
        "value": 8.102918586789555
      },
      "WATCH-virtualmachinebackups-count": {
        "value": 14.21251920122888
      },
      "WATCH-virtualmachinebackuptrackers-count": {
        "value": 15.136251920122888
      },
      "WATCH-virtualmachineclones-count": {
        "value": 4.019047619047619
      },
      "WATCH-virtualmachineclusterinstancetypes-count": {
        "value": 13.142933947772658
      },
      "WATCH-virtualmachineclusterpreferences-count": {
        "value": 13.142933947772658
      },
      "WATCH-virtualmachineexports-count": {
        "value": 5.023809523809524
      },
      "WATCH-virtualmachineinstancemigrations-count": {
        "value": 4.019047619047619
      },
      "WATCH-virtualmachineinstancepresets-count": {
        "value": 8.167741935483871
      },
      "WATCH-virtualmachineinstancereplicasets-count": {
        "value": 4.019047619047619
      },
      "WATCH-virtualmachineinstances-count": {
        "value": 41.389708141321044
      },
      "WATCH-virtualmachineinstancetypes-count": {
        "value": 4.019047619047619
      },
      "WATCH-virtualmachinepools-count": {
        "value": 4.019047619047619
      },
      "WATCH-virtualmachinepreferences-count": {
        "value": 4.019047619047619
      },
      "WATCH-virtualmachinerestores-count": {
        "value": 13.207757296466974
      },
      "WATCH-virtualmachines-count": {
        "value": 5.023809523809524
      },
      "WATCH-virtualmachinesnapshotcontents-count": {
        "value": 4.019047619047619
      },
      "WATCH-virtualmachinesnapshots-count": {
        "value": 5.023809523809524
      },
      "WATCH-volumesnapshotclasses-count": {
        "value": 4.019047619047619
      },
      "WATCH-volumesnapshots-count": {
        "value": 5.023809523809524
      },
      "avgVirtAPICPUUsage": {
        "value": 0.004146760931948712
      },
      "avgVirtAPIMemoryUsageInMB": {
        "value": 194.01556105840774
      },
      "avgVirtControllerCPUUsage": {
        "value": 0.008660184563440861
      },
      "avgVirtControllerMemoryUsageInMB": {
        "value": 366.41635664682536
      },
      "failed-phase-count": {
        "value": 22
      },
      "maxVirtAPIMemoryUsageInMB": {
        "value": 225.3671875
      },
      "maxVirtControllerMemoryUsageInMB": {
        "value": 453.55078125
      },
      "minVirtAPIMemoryUsageInMB": {
        "value": 184.0234375
      },
      "minVirtControllerMemoryUsageInMB": {
        "value": 320.23828125
      },
      "scheduling-phase-count": {
        "value": 31
      },
      "virtControllerWorkqueueAddRate": {
        "value": 1.6952380952380954
      },
      "virtControllerWorkqueueDepth": {
        "value": 0
      },
      "virtControllerWorkqueueP99Latency": {
        "value": 0.0792546762589927
      },
      "vmiCreationToRunningSecondsP50": {
        "value": 0
      },
      "vmiCreationToRunningSecondsP95": {
        "value": 0
      },
      "vmiCreationToRunningSecondsP99": {
        "value": 0
      },
      "vmiDeletionToFailedSecondsP50": {
        "value": 0.25362336168796434
      },
      "vmiDeletionToFailedSecondsP95": {
        "value": 0.48188438720713217
      },
      "vmiDeletionToFailedSecondsP99": {
        "value": 0.6500164991388775
      },
      "vmiDeletionToSucceededSecondsP50": {
        "value": 0
      },
      "vmiDeletionToSucceededSecondsP95": {
        "value": 0
      },
      "vmiDeletionToSucceededSecondsP99": {
        "value": 0
      }
    }
  },
  "VMResult": null
}
