{
  "JobDirCreationTime": "2025-09-20T16:22:58.685Z",
  "VMIResult": {
    "Values": {
      "CREATE-events-count": {
        "value": 163.77818222222223
      },
      "CREATE-pods-count": {
        "value": 124.60333333333334
      },
      "GET-leases-count": {
        "value": 127.48906666666667
      },
      "GET-nodes-count": {
        "value": 27.572361111111107
      },
      "LIST-nodes-count": {
        "value": 36.364333333333335
      },
      "LIST-virtualmachineclusterinstancetypes-count": {
        "value": 34.864333333333335
      },
      "LIST-virtualmachineclusterpreferences-count": {
        "value": 34.864333333333335
      },
      "PATCH-nodes-count": {
        "value": 9.662088888888889
      },
      "PATCH-pods-count": {
        "value": 250.67873333333333
      },
      "PATCH-services-count": {
        "value": 145.45733333333334
      },
      "PATCH-validatingadmissionpolicies-count": {
        "value": 36.364333333333335
      },
      "PATCH-validatingadmissionpolicybindings-count": {
        "value": 36.364333333333335
      },
      "PATCH-virtualmachineinstances-count": {
        "value": 36.4972,
        "thresholdResult": {
          "thresholdValue": 249.20666666666668,
          "thresholdMetric": "CREATE-pods-count",
          "thresholdRatio": 0.29290709183809954,
          "thresholdExceeded": true
        }
      },
      "UPDATE-configmaps-count": {
        "value": 36.364333333333335
      },
      "UPDATE-kubevirts-count": {
        "value": 1.2121444444444445
      },
      "UPDATE-leases-count": {
        "value": 205.755
      },
      "UPDATE-virtualmachineinstances-count": {
        "value": 772.96175,
        "thresholdResult": {
          "thresholdValue": 1246.0333333333333,
          "thresholdMetric": "CREATE-pods-count",
          "thresholdRatio": 6.203379390599503,
          "thresholdExceeded": false
        }
      },
      "avgVirtAPICPUUsage": {
        "value": 0.009354333681962963
      },
      "avgVirtAPIMemoryUsageInMB": {
        "value": 136.738671875
      },
      "avgVirtControllerCPUUsage": {
        "value": 0.024565172817666667
      },
      "avgVirtControllerMemoryUsageInMB": {
        "value": 65.71440972222223
      },
      "avgVirtHandlerCPUUsage": {
        "value": 0.0008601934916978086
      },
      "avgVirtHandlerMemoryUsageInMB": {
        "value": 10.62052259806166
      },
      "maxVirtAPIMemoryUsageInMB": {
        "value": 161.12109375
      },
      "maxVirtControllerMemoryUsageInMB": {
        "value": 88.3828125
      },
      "maxVirtHandlerCPUUsage": {
        "value": 0.0009397066666731335
      },
      "maxVirtHandlerMemoryUsageInMB": {
        "value": 26.964543269230766
      },
      "minVirtAPIMemoryUsageInMB": {
        "value": 65.181640625
      },
      "minVirtControllerMemoryUsageInMB": {
        "value": 50.140625
      },
      "minVirtHandlerCPUUsage": {
        "value": 0.0007661756876746031
      },
      "minVirtHandlerMemoryUsageInMB": {
        "value": 3.215205439814815
      },
      "running-phase-count": {
        "value": 101
      },
      "vmiCreationToRunningSecondsP50": {
        "value": 20.596391943824806,
        "thresholdResult": {
          "thresholdValue": 45,
          "thresholdExceeded": false
        }
      },
      "vmiCreationToRunningSecondsP95": {
        "value": 29.059639194382477,
        "thresholdResult": {
          "thresholdValue": 60,
          "thresholdExceeded": false
        }
      },
      "vmiCreationToRunningSecondsP99": {
        "value": 29.811927838876496
      },
      "vmiDeletionToFailedSecondsP50": {
        "value": 0
      },
      "vmiDeletionToFailedSecondsP95": {
        "value": 0
      },
      "vmiDeletionToFailedSecondsP99": {
        "value": 0
      },
      "vmiDeletionToSucceededSecondsP50": {
        "value": 0
      },
      "vmiDeletionToSucceededSecondsP95": {
        "value": 0
      },
      "vmiDeletionToSucceededSecondsP99": {
        "value": 0
      }
    }
  },
  "VMResult": null
}
