{
  "JobDirCreationTime": "2026-03-13T16:21:42.128Z",
  "VMIResult": {
    "Values": {
      "CREATE-events-count": {
        "value": 151.44708333333332
      },
      "CREATE-pods-count": {
        "value": 127.45000000000002
      },
      "GET-leases-count": {
        "value": 115.93297393868285
      },
      "GET-mutatingwebhookconfigurations-count": {
        "value": 28.762499999999996
      },
      "LIST-nodes-count": {
        "value": 28.762499999999996
      },
      "LIST-virtualmachineclusterinstancetypes-count": {
        "value": 28.762499999999996
      },
      "LIST-virtualmachineclusterpreferences-count": {
        "value": 28.762499999999996
      },
      "PATCH-nodes-count": {
        "value": 11.094739810895192
      },
      "PATCH-pods-count": {
        "value": 227.081
      },
      "PATCH-services-count": {
        "value": 115.04999999999998
      },
      "PATCH-validatingadmissionpolicies-count": {
        "value": 28.762499999999996
      },
      "PATCH-validatingadmissionpolicybindings-count": {
        "value": 28.762499999999996
      },
      "PATCH-virtualmachineinstances-count": {
        "value": 49.886250000000004,
        "thresholdResult": {
          "thresholdValue": 254.90000000000003,
          "thresholdMetric": "CREATE-pods-count",
          "thresholdRatio": 0.3914182032169478,
          "thresholdExceeded": true
        }
      },
      "UPDATE-configmaps-count": {
        "value": 28.762499999999996
      },
      "UPDATE-leases-count": {
        "value": 180.69
      },
      "UPDATE-virtualmachineinstances-count": {
        "value": 527.7449111111112,
        "thresholdResult": {
          "thresholdValue": 1274.5000000000002,
          "thresholdMetric": "CREATE-pods-count",
          "thresholdRatio": 4.140799616407305,
          "thresholdExceeded": false
        }
      },
      "avgVirtAPICPUUsage": {
        "value": 0.01201957387531746
      },
      "avgVirtAPIMemoryUsageInMB": {
        "value": 136.15798611111111
      },
      "avgVirtControllerCPUUsage": {
        "value": 0.02805273243042858
      },
      "avgVirtControllerMemoryUsageInMB": {
        "value": 66.11279296875
      },
      "avgVirtHandlerCPUUsage": {
        "value": 0.0010777281848460512
      },
      "avgVirtHandlerMemoryUsageInMB": {
        "value": 21.907630874171403
      },
      "maxVirtAPIMemoryUsageInMB": {
        "value": 168.3984375
      },
      "maxVirtControllerMemoryUsageInMB": {
        "value": 91.34375
      },
      "maxVirtHandlerCPUUsage": {
        "value": 0.0011813971961025641
      },
      "maxVirtHandlerMemoryUsageInMB": {
        "value": 65.28774414062501
      },
      "minVirtAPIMemoryUsageInMB": {
        "value": 0
      },
      "minVirtControllerMemoryUsageInMB": {
        "value": 48.2734375
      },
      "minVirtHandlerCPUUsage": {
        "value": 0.00098021010415873
      },
      "minVirtHandlerMemoryUsageInMB": {
        "value": 5.55859375
      },
      "running-phase-count": {
        "value": 101
      },
      "virtControllerWorkqueueAddRate": {
        "value": 17.274885555555556
      },
      "virtControllerWorkqueueDepth": {
        "value": 0
      },
      "virtControllerWorkqueueP99Latency": {
        "value": 0.06994437196034765
      },
      "vmiCreationToRunningSecondsP50": {
        "value": 15.399404078796366,
        "thresholdResult": {
          "thresholdValue": 45,
          "thresholdExceeded": false
        }
      },
      "vmiCreationToRunningSecondsP95": {
        "value": 23.240674838539604,
        "thresholdResult": {
          "thresholdValue": 60,
          "thresholdExceeded": false
        }
      },
      "vmiCreationToRunningSecondsP99": {
        "value": 28.64813496770791
      },
      "vmiDeletionToFailedSecondsP50": {
        "value": 0
      },
      "vmiDeletionToFailedSecondsP95": {
        "value": 0
      },
      "vmiDeletionToFailedSecondsP99": {
        "value": 0
      },
      "vmiDeletionToSucceededSecondsP50": {
        "value": 0
      },
      "vmiDeletionToSucceededSecondsP95": {
        "value": 0
      },
      "vmiDeletionToSucceededSecondsP99": {
        "value": 0
      }
    }
  },
  "VMResult": {
    "Values": {
      "CREATE-events-count": {
        "value": 796.6652222382713
      },
      "CREATE-pods-count": {
        "value": 111.11111111111111
      },
      "GET-leases-count": {
        "value": 185.5527902053931
      },
      "GET-mutatingwebhookconfigurations-count": {
        "value": 50
      },
      "LIST-nodes-count": {
        "value": 50
      },
      "LIST-virtualmachineclusterinstancetypes-count": {
        "value": 50
      },
      "LIST-virtualmachineclusterpreferences-count": {
        "value": 50
      },
      "PATCH-nodes-count": {
        "value": 22.22216049451302
      },
      "PATCH-pods-count": {
        "value": 186.66666666666669
      },
      "PATCH-services-count": {
        "value": 200
      },
      "PATCH-validatingadmissionpolicies-count": {
        "value": 50
      },
      "PATCH-validatingadmissionpolicybindings-count": {
        "value": 50
      },
      "PATCH-virtualmachineinstances-count": {
        "value": 146.66666666666669,
        "thresholdResult": {
          "thresholdValue": 222.22222222222223,
          "thresholdMetric": "CREATE-pods-count",
          "thresholdRatio": 1.32,
          "thresholdExceeded": false
        }
      },
      "UPDATE-configmaps-count": {
        "value": 50
      },
      "UPDATE-leases-count": {
        "value": 298.8888888888889
      },
      "UPDATE-virtualmachineinstances-count": {
        "value": 817.7767160611796,
        "thresholdResult": {
          "thresholdValue": 1111.111111111111,
          "thresholdMetric": "CREATE-pods-count",
          "thresholdRatio": 7.359990444550617,
          "thresholdExceeded": false
        }
      },
      "WATCH-cdis-count": {
        "value": 1.1111111111111112
      },
      "WATCH-clusterrolebindings-count": {
        "value": 1.1110781902758438
      },
      "WATCH-clusterroles-count": {
        "value": 2.2221893013869547
      },
      "WATCH-configmaps-count": {
        "value": 14.444366257232069
      },
      "WATCH-controllerrevisions-count": {
        "value": 1.1111111111111112
      },
      "WATCH-customresourcedefinitions-count": {
        "value": 13.333255146120958
      },
      "WATCH-daemonsets-count": {
        "value": 2.2221893013869547
      },
      "WATCH-datasources-count": {
        "value": 1.1111111111111112
      },
      "WATCH-datavolumes-count": {
        "value": 1.1111111111111112
      },
      "WATCH-deployments-count": {
        "value": 2.2221893013869547
      },
      "WATCH-jobs-count": {
        "value": 2.2221893013869547
      },
      "WATCH-kubevirts-count": {
        "value": 8.888876543347049
      },
      "WATCH-leases-count": {
        "value": 2.2221893013869547
      },
      "WATCH-migrationpolicies-count": {
        "value": 1.1111111111111112
      },
      "WATCH-namespaces-count": {
        "value": 1.1111111111111112
      },
      "WATCH-nodes-count": {
        "value": 5.555543210013715
      },
      "WATCH-persistentvolumeclaims-count": {
        "value": 1.1111111111111112
      },
      "WATCH-poddisruptionbudgets-count": {
        "value": 2.2222222222222223
      },
      "WATCH-pods-count": {
        "value": 3.3333004124980663
      },
      "WATCH-prometheusrules-count": {
        "value": 1.1111111111111112
      },
      "WATCH-resourcequotas-count": {
        "value": 1.1111111111111112
      },
      "WATCH-rolebindings-count": {
        "value": 1.1111111111111112
      },
      "WATCH-secrets-count": {
        "value": 2.2221893013869547
      },
      "WATCH-serviceaccounts-count": {
        "value": 2.2221893013869547
      },
      "WATCH-servicemonitors-count": {
        "value": 1.1110781902758438
      },
      "WATCH-services-count": {
        "value": 2.2221893013869547
      },