{
  "JobDirCreationTime": "2024-04-06T08:16:34.742Z",
  "VMIResult": {
    "Values": {
      "CREATE-events-count": {
        "value": 121.58437659983443
      },
      "CREATE-pods-count": {
        "value": 98.35445485150495
      },
      "DELETE-virtualmachineclusterinstancetypes-count": {
        "value": 2.341333333333333
      },
      "DELETE-virtualmachineclusterpreferences-count": {
        "value": 2.341333333333333
      },
      "GET-endpoints-count": {
        "value": 279.52656391260143
      },
      "GET-leases-count": {
        "value": 451.99527449186957
      },
      "GET-nodes-count": {
        "value": 33.50305892222807
      },
      "LIST-nodes-count": {
        "value": 5.682666666666666
      },
      "LIST-virtualmachineclusterinstancetypes-count": {
        "value": 2.341333333333333
      },
      "LIST-virtualmachineclusterpreferences-count": {
        "value": 2.341333333333333
      },
      "PATCH-nodes-count": {
        "value": 7.1319853759269005
      },
      "PATCH-pods-count": {
        "value": 161.83567214426185
      },
      "PATCH-services-count": {
        "value": 22.730666666666664
      },
      "PATCH-virtualmachineinstances-count": {
        "value": 6.812206259791339,
        "thresholdResult": {
          "thresholdValue": 196.7089097030099,
          "thresholdMetric": "CREATE-pods-count",
          "thresholdRatio": 0.06926179673382739,
          "thresholdExceeded": true
        }
      },
      "UPDATE-endpoints-count": {
        "value": 172.4687105792681
      },
      "UPDATE-kubevirts-count": {
        "value": 1.1365333333333332
      },
      "UPDATE-leases-count": {
        "value": 172.4687105792681
      },
      "UPDATE-virtualmachineinstances-count": {
        "value": 623.6462310442276,
        "thresholdResult": {
          "thresholdValue": 983.5445485150495,
          "thresholdMetric": "CREATE-pods-count",
          "thresholdRatio": 6.340803088033028,
          "thresholdExceeded": false
        }
      },
      "none-none-count": {
        "value": 1.1645466666666666
      },
      "running-phase-count": {
        "value": 101
      },
      "vmiCreationToRunningSecondsP50": {
        "value": 13.333333333333332,
        "thresholdResult": {
          "thresholdValue": 45,
          "thresholdExceeded": false
        }
      },
      "vmiCreationToRunningSecondsP95": {
        "value": 19.333333333333336,
        "thresholdResult": {
          "thresholdValue": 60,
          "thresholdExceeded": false
        }
      },
      "vmiCreationToRunningSecondsP99": {
        "value": 19.866666666666667
      },
      "vmiDeletionToFailedSecondsP50": {
        "value": 0
      },
      "vmiDeletionToFailedSecondsP95": {
        "value": 0
      },
      "vmiDeletionToFailedSecondsP99": {
        "value": 0
      },
      "vmiDeletionToSucceededSecondsP50": {
        "value": 0
      },
      "vmiDeletionToSucceededSecondsP95": {
        "value": 0
      },
      "vmiDeletionToSucceededSecondsP99": {
        "value": 0
      }
    }
  },
  "VMResult": {
    "Values": {
      "CREATE-events-count": {
        "value": 698.8888888888889
      },
      "CREATE-pods-count": {
        "value": 66.66666666666667
      },
      "GET-endpoints-count": {
        "value": 482.2222222222222
      },
      "GET-leases-count": {
        "value": 780
      },
      "GET-nodes-count": {
        "value": 27.77777777777778
      },
      "LIST-cdiconfigs-count": {
        "value": 1.1111111111111112
      },
      "LIST-cdis-count": {
        "value": 1.1111111111111112
      },
      "LIST-clusterrolebindings-count": {
        "value": 2.2222222222222223
      },
      "LIST-clusterroles-count": {
        "value": 2.2222222222222223
      },
      "LIST-configmaps-count": {
        "value": 14.444403292943132
      },
      "LIST-controllerrevisions-count": {
        "value": 1.1111111111111112
      },
      "LIST-customresourcedefinitions-count": {
        "value": 8.888868313138232
      },
      "LIST-daemonsets-count": {
        "value": 2.2222222222222223
      },
      "LIST-datasources-count": {
        "value": 3.3333127575826786
      },
      "LIST-datavolumes-count": {
        "value": 1.1111111111111112
      },
      "LIST-deployments-count": {
        "value": 2.2222222222222223
      },
      "LIST-ingresses-count": {
        "value": 1.1111111111111112
      },
      "LIST-jobs-count": {
        "value": 1.1111111111111112
      },
      "LIST-kubevirts-count": {
        "value": 8.888868313138232
      },
      "LIST-migrationpolicies-count": {
        "value": 1.1111111111111112
      },
      "LIST-mutatingwebhookconfigurations-count": {
        "value": 2.2222222222222223
      },
      "LIST-namespaces-count": {
        "value": 4.444423868693789
      },
      "LIST-nodes-count": {
        "value": 1.1111111111111112
      },
      "LIST-persistentvolumeclaims-count": {
        "value": 1.1111111111111112
      },
      "LIST-poddisruptionbudgets-count": {
        "value": 1.1111111111111112
      },
      "LIST-pods-count": {
        "value": 2.2222222222222223
      },
      "LIST-prometheusrules-count": {
        "value": 1.1111111111111112
      },
      "LIST-rolebindings-count": {
        "value": 2.2222222222222223
      },
      "LIST-roles-count": {
        "value": 1.1111111111111112
      },
      "LIST-secrets-count": {
        "value": 3.3333333333333335
      },
      "LIST-serviceaccounts-count": {
        "value": 1.1111111111111112
      },
      "LIST-services-count": {
        "value": 3.3333333333333335
      },
      "LIST-storageclasses-count": {
        "value": 1.1111111111111112
      },
      "LIST-validatingwebhookconfigurations-count": {
        "value": 2.2222222222222223
      },
      "LIST-virtualmachineclones-count": {
        "value": 1.1111111111111112
      },
      "LIST-virtualmachineclusterinstancetypes-count": {
        "value": 1.1111111111111112
      },
      "LIST-virtualmachineexports-count": {
        "value": 1.1111111111111112
      },
      "LIST-virtualmachineinstancemigrations-count": {
        "value": 1.1111111111111112
      },
      "LIST-virtualmachineinstancepresets-count": {
        "value": 2.2222016464715675
      },
      "LIST-virtualmachineinstances-count": {
        "value": 7.777777777777779
      },
      "LIST-virtualmachineinstancetypes-count": {
        "value": 1.1111111111111112
      },
      "LIST-virtualmachinepools-count": {
        "value": 1.1111111111111112
      },
      "LIST-virtualmachinepreferences-count": {
        "value": 1.1111111111111112
      },
      "LIST-virtualmachinerestores-count": {
        "value": 3.3333127575826786
      },
      "LIST-virtualmachines-count": {
        "value": 1.1111111111111112
      },
      "LIST-virtualmachinesnapshotcontents-count": {
        "value": 1.1111111111111112
      },
      "PATCH-nodes-count": {
        "value": 12.222222222222223
      },
      "PATCH-pods-count": {
        "value": 117.77777777777779
      },
      "PATCH-virtualmachineinstances-count": {
        "value": 115.55555555555556,
        "thresholdResult": {
          "thresholdValue": 133.33333333333334,
          "thresholdMetric": "CREATE-pods-count",
          "thresholdRatio": 1.7333333333333332,
          "thresholdExceeded": false
        }
      },
      "UPDATE-endpoints-count": {
        "value": 297.77777777777777
      },
      "UPDATE-leases-count": {
        "value": 297.77777777777777
      },
      "UPDATE-virtualmachineinstances-count": {
        "value": 745.5555555555557,
        "thresholdResult": {
          "thresholdValue": 666.6666666666667,
          "thresholdMetric": "CREATE-pods-count",
          "thresholdRatio": 11.183333333333334,
          "thresholdExceeded": false
        }
      },
      "running-phase-count": {
        "value": 100
      },
      "vmiCreationToRunningSecondsP50": {
        "value": 7.5,