{
  "JobDirCreationTime": "2025-07-11T05:37:07.32Z",
  "VMIResult": {
    "Values": {
      "CREATE-events-count": {
        "value": 103.11774193548388
      },
      "CREATE-pods-count": {
        "value": 102.09677419354838
      },
      "DELETE-jobs-count": {
        "value": 315.47903225806454
      },
      "GET-leases-count": {
        "value": 1187.0289554531491
      },
      "GET-nodes-count": {
        "value": 75.74608294930876
      },
      "LIST-nodes-count": {
        "value": 315.47903225806454
      },
      "LIST-resourceclaims-count": {
        "value": 41.85967741935484
      },
      "LIST-resourceslices-count": {
        "value": 41.85967741935484
      },
      "LIST-virtualmachineclusterinstancetypes-count": {
        "value": 315.47903225806454
      },
      "LIST-virtualmachineclusterpreferences-count": {
        "value": 315.47903225806454
      },
      "PATCH-nodes-count": {
        "value": 57.563133640553
      },
      "PATCH-pods-count": {
        "value": 206.23548387096776
      },
      "PATCH-services-count": {
        "value": 1261.9161290322581
      },
      "UPDATE-configmaps-count": {
        "value": 315.47903225806454
      },
      "UPDATE-leases-count": {
        "value": 1894.9161290322581
      },
      "UPDATE-virtualmachineinstances-count": {
        "value": 308.3322580645161
      },
      "WATCH-clusterrolebindings-count": {
        "value": 7.08195084485407
      },
      "WATCH-clusterroles-count": {
        "value": 9.123886328725039
      },
      "WATCH-configmaps-count": {
        "value": 59.92918586789555
      },
      "WATCH-controllerrevisions-count": {
        "value": 4.083870967741936
      },
      "WATCH-customresourcedefinitions-count": {
        "value": 44.66328725038403
      },
      "WATCH-daemonsets-count": {
        "value": 9.10768049155146
      },
      "WATCH-deployments-count": {
        "value": 8.102918586789555
      },
      "WATCH-ingresses-count": {
        "value": 4.083870967741936
      },
      "WATCH-jobs-count": {
        "value": 8.102918586789555
      },
      "WATCH-kubevirts-count": {
        "value": 36.560368663594474
      },
      "WATCH-leases-count": {
        "value": 8.102918586789555
      },
      "WATCH-migrationpolicies-count": {
        "value": 4.083870967741936
      },
      "WATCH-mutatingwebhookconfigurations-count": {
        "value": 8.102918586789555
      },
      "WATCH-namespaces-count": {
        "value": 20.35453149001536
      },
      "WATCH-nodes-count": {
        "value": 4.083870967741936
      },
      "WATCH-persistentvolumeclaims-count": {
        "value": 4.083870967741936
      },
      "WATCH-poddisruptionbudgets-count": {
        "value": 12.18678955453149
      },
      "WATCH-pods-count": {
        "value": 17.29162826420891
      },
      "WATCH-prometheusrules-count": {
        "value": 7.09815668202765
      },
      "WATCH-resourcequotas-count": {
        "value": 4.083870967741936
      },
      "WATCH-rolebindings-count": {
        "value": 8.102918586789555
      },
      "WATCH-roles-count": {
        "value": 8.102918586789555
      },
      "WATCH-routes-count": {
        "value": 11.165821812596006
      },
      "WATCH-secrets-count": {
        "value": 12.18678955453149
      },
      "WATCH-securitycontextconstraints-count": {
        "value": 8.102918586789555
      },
      "WATCH-serviceaccounts-count": {
        "value": 7.09815668202765
      },
      "WATCH-servicemonitors-count": {
        "value": 8.102918586789555
      },
      "WATCH-services-count": {
        "value": 13.223963133640554
      },
      "WATCH-storageclasses-count": {
        "value": 4.083870967741936
      },
      "WATCH-validatingwebhookconfigurations-count": {
        "value": 9.10768049155146
      },
      "WATCH-virtualmachineclones-count": {
        "value": 5.10483870967742
      },
      "WATCH-virtualmachineclusterinstancetypes-count": {
        "value": 10.144854070660521
      },
      "WATCH-virtualmachineclusterpreferences-count": {
        "value": 12.17058371735791
      },
      "WATCH-virtualmachineexports-count": {
        "value": 5.10483870967742
      },
      "WATCH-virtualmachineinstancemigrations-count": {
        "value": 4.083870967741936
      },
      "WATCH-virtualmachineinstancepresets-count": {
        "value": 9.188709677419356
      },
      "WATCH-virtualmachineinstancereplicasets-count": {
        "value": 5.10483870967742
      },
      "WATCH-virtualmachineinstances-count": {
        "value": 41.45453149001536
      },
      "WATCH-virtualmachineinstancetypes-count": {
        "value": 4.083870967741936
      },
      "WATCH-virtualmachinepools-count": {
        "value": 5.10483870967742
      },
      "WATCH-virtualmachinepreferences-count": {
        "value": 4.083870967741936
      },
      "WATCH-virtualmachinerestores-count": {
        "value": 12.251612903225807
      },
      "WATCH-virtualmachines-count": {
        "value": 4.083870967741936
      },
      "WATCH-virtualmachinesnapshotcontents-count": {
        "value": 4.083870967741936
      },
      "WATCH-virtualmachinesnapshots-count": {
        "value": 4.083870967741936
      },
      "WATCH-volumesnapshotclasses-count": {
        "value": 4.083870967741936
      },
      "WATCH-volumesnapshots-count": {
        "value": 4.083870967741936
      },
      "avgVirtAPICPUUsage": {
        "value": 0.0039134081117276846
      },
      "avgVirtAPIMemoryUsageInMB": {
        "value": 186.27855912465898
      },
      "avgVirtControllerCPUUsage": {
        "value": 0.008549274665591399
      },
      "avgVirtControllerMemoryUsageInMB": {
        "value": 308.56944444444434
      },
      "failed-phase-count": {
        "value": 11
      },
      "maxVirtAPIMemoryUsageInMB": {
        "value": 214.4013671875
      },
      "maxVirtControllerMemoryUsageInMB": {
        "value": 384.421875
      },
      "minVirtAPIMemoryUsageInMB": {
        "value": 171.8515625
      },
      "minVirtControllerMemoryUsageInMB": {
        "value": 254.30859375
      },
      "vmiCreationToRunningSecondsP50": {
        "value": 0
      },
      "vmiCreationToRunningSecondsP95": {
        "value": 0
      },
      "vmiCreationToRunningSecondsP99": {
        "value": 0
      },
      "vmiDeletionToFailedSecondsP50": {
        "value": 0
      },
      "vmiDeletionToFailedSecondsP95": {
        "value": 0
      },
      "vmiDeletionToFailedSecondsP99": {
        "value": 0
      },
      "vmiDeletionToSucceededSecondsP50": {
        "value": 0
      },
      "vmiDeletionToSucceededSecondsP95": {
        "value": 0
      },
      "vmiDeletionToSucceededSecondsP99": {
        "value": 0
      }
    }
  },
  "VMResult": null
}
