{
  "JobDirCreationTime": "2026-03-12T06:26:04.867Z",
  "VMIResult": {
    "Values": {
      "CREATE-events-count": {
        "value": 145.9983870967742
      },
      "CREATE-pods-count": {
        "value": 101.59994623655915
      },
      "DELETE-jobs-count": {
        "value": 315.47903225806454
      },
      "DELETE-pods-count": {
        "value": 103.45804262295081
      },
      "GET-leases-count": {
        "value": 1200.6580645161291
      },
      "GET-mutatingwebhookconfigurations-count": {
        "value": 315.47903225806454
      },
      "LIST-nodes-count": {
        "value": 315.47903225806454
      },
      "LIST-virtualmachineclusterinstancetypes-count": {
        "value": 315.47903225806454
      },
      "LIST-virtualmachineclusterpreferences-count": {
        "value": 315.47903225806454
      },
      "PATCH-events-count": {
        "value": 60.857672131147545
      },
      "PATCH-nodes-count": {
        "value": 90.86612903225807
      },
      "PATCH-pods-count": {
        "value": 101.59994623655915
      },
      "PATCH-services-count": {
        "value": 1261.9161290322581
      },
      "UPDATE-configmaps-count": {
        "value": 315.47903225806454
      },
      "UPDATE-leases-count": {
        "value": 1893.8951612903227
      },
      "UPDATE-virtualmachineinstances-count": {
        "value": 381.25579784946234
      },
      "WATCH-clusterrolebindings-count": {
        "value": 8.167741935483871
      },
      "WATCH-clusterroles-count": {
        "value": 8.167741935483871
      },
      "WATCH-configmaps-count": {
        "value": 70.31712749615976
      },
      "WATCH-controllerrevisions-count": {
        "value": 4.083870967741936
      },
      "WATCH-customresourcedefinitions-count": {
        "value": 47.90445468509985
      },
      "WATCH-daemonsets-count": {
        "value": 8.167741935483871
      },
      "WATCH-deployments-count": {
        "value": 9.188709677419356
      },
      "WATCH-ingresses-count": {
        "value": 4.083870967741936
      },
      "WATCH-jobs-count": {
        "value": 9.188709677419356
      },
      "WATCH-kubevirts-count": {
        "value": 37.7109831029186
      },
      "WATCH-leases-count": {
        "value": 10.20967741935484
      },
      "WATCH-migrationpolicies-count": {
        "value": 5.10483870967742
      },
      "WATCH-mutatingwebhookconfigurations-count": {
        "value": 8.167741935483871
      },
      "WATCH-namespaces-count": {
        "value": 21.375499231950847
      },
      "WATCH-nodes-count": {
        "value": 18.37741935483871
      },
      "WATCH-persistentvolumeclaims-count": {
        "value": 5.10483870967742
      },
      "WATCH-poddisruptionbudgets-count": {
        "value": 12.251612903225807
      },
      "WATCH-pods-count": {
        "value": 17.35645161290323
      },
      "WATCH-prometheusrules-count": {
        "value": 9.188709677419356
      },
      "WATCH-resourcequotas-count": {
        "value": 4.083870967741936
      },
      "WATCH-rolebindings-count": {
        "value": 8.167741935483871
      },
      "WATCH-roles-count": {
        "value": 9.188709677419356
      },
      "WATCH-routes-count": {
        "value": 13.272580645161291
      },
      "WATCH-secrets-count": {
        "value": 12.251612903225807
      },
      "WATCH-securitycontextconstraints-count": {
        "value": 8.167741935483871
      },
      "WATCH-serviceaccounts-count": {
        "value": 9.188709677419356
      },
      "WATCH-servicemonitors-count": {
        "value": 9.188709677419356
      },
      "WATCH-services-count": {
        "value": 14.293548387096775
      },
      "WATCH-storageclasses-count": {
        "value": 4.083870967741936
      },
      "WATCH-validatingwebhookconfigurations-count": {
        "value": 8.167741935483871
      },
      "WATCH-virtualmachinebackups-count": {
        "value": 12.18678955453149
      },
      "WATCH-virtualmachinebackuptrackers-count": {
        "value": 16.335483870967742
      },
      "WATCH-virtualmachineclones-count": {
        "value": 4.083870967741936
      },
      "WATCH-virtualmachineclusterinstancetypes-count": {
        "value": 12.251612903225807
      },
      "WATCH-virtualmachineclusterpreferences-count": {
        "value": 12.251612903225807
      },
      "WATCH-virtualmachineexports-count": {
        "value": 3.0629032258064517
      },
      "WATCH-virtualmachineinstancemigrations-count": {
        "value": 4.083870967741936
      },
      "WATCH-virtualmachineinstancepresets-count": {
        "value": 10.128648233486944
      },
      "WATCH-virtualmachineinstancereplicasets-count": {
        "value": 4.083870967741936
      },
      "WATCH-virtualmachineinstances-count": {
        "value": 39.81774193548387
      },
      "WATCH-virtualmachineinstancetypes-count": {
        "value": 5.10483870967742
      },
      "WATCH-virtualmachinepools-count": {
        "value": 4.083870967741936
      },
      "WATCH-virtualmachinepreferences-count": {
        "value": 4.083870967741936
      },
      "WATCH-virtualmachinerestores-count": {
        "value": 12.18678955453149
      },
      "WATCH-virtualmachines-count": {
        "value": 5.10483870967742
      },
      "WATCH-virtualmachinesnapshotcontents-count": {
        "value": 4.083870967741936
      },
      "WATCH-virtualmachinesnapshots-count": {
        "value": 4.083870967741936
      },
      "WATCH-volumesnapshotclasses-count": {
        "value": 3.0629032258064517
      },
      "WATCH-volumesnapshots-count": {
        "value": 4.083870967741936
      },
      "avgVirtAPICPUUsage": {
        "value": 0.004121368365456988
      },
      "avgVirtAPIMemoryUsageInMB": {
        "value": 185.89084201388889
      },
      "avgVirtControllerCPUUsage": {
        "value": 0.008969528275268817
      },
      "avgVirtControllerMemoryUsageInMB": {
        "value": 360.5985863095238
      },
      "failed-phase-count": {
        "value": 11
      },
      "maxVirtAPIMemoryUsageInMB": {
        "value": 221.6162109375
      },
      "maxVirtControllerMemoryUsageInMB": {
        "value": 450.4921875
      },
      "minVirtAPIMemoryUsageInMB": {
        "value": 177.166015625
      },
      "minVirtControllerMemoryUsageInMB": {
        "value": 310.38671875
      },
      "scheduling-phase-count": {
        "value": 59
      },
      "virtControllerWorkqueueAddRate": {
        "value": 1.7038749285135926
      },
      "virtControllerWorkqueueDepth": {
        "value": 0
      },
      "virtControllerWorkqueueP99Latency": {
        "value": 0.08043946522126193
      },
      "vmiCreationToRunningSecondsP50": {
        "value": 0
      },
      "vmiCreationToRunningSecondsP95": {
        "value": 0
      },
      "vmiCreationToRunningSecondsP99": {
        "value": 0
      },
      "vmiDeletionToFailedSecondsP50": {
        "value": 0.25
      },
      "vmiDeletionToFailedSecondsP95": {
        "value": 0.47500000000000003
      },
      "vmiDeletionToFailedSecondsP99": {
        "value": 0.495
      },
      "vmiDeletionToSucceededSecondsP50": {
        "value": 0
      },
      "vmiDeletionToSucceededSecondsP95": {
        "value": 0
      },
      "vmiDeletionToSucceededSecondsP99": {
        "value": 0
      }
    }
  },
  "VMResult": null
}
