{
  "JobDirCreationTime": "2026-04-22T14:09:59.597Z",
  "VMIResult": {
    "Values": {
      "CREATE-events-count": {
        "value": 16033.447486894585
      },
      "CREATE-pods-count": {
        "value": 8016.2227920227915
      },
      "DELETE-pods-count": {
        "value": 4855.08212
      },
      "GET-leases-count": {
        "value": 2194.048717948718
      },
      "GET-mutatingwebhookconfigurations-count": {
        "value": 590.5119658119658
      },
      "LIST-virtualmachineclusterinstancetypes-count": {
        "value": 590.5119658119658
      },
      "LIST-virtualmachineclusterpreferences-count": {
        "value": 590.5119658119658
      },
      "PATCH-nodes-count": {
        "value": 58.34700854700854
      },
      "PATCH-pods-count": {
        "value": 17956.116753907554
      },
      "PATCH-services-count": {
        "value": 2362.047863247863
      },
      "PATCH-validatingadmissionpolicies-count": {
        "value": 590.5119658119658
      },
      "PATCH-validatingadmissionpolicybindings-count": {
        "value": 590.5119658119658
      },
      "PATCH-virtualmachineinstances-count": {
        "value": 11214.07228,
        "thresholdResult": {
          "thresholdValue": 16032.445584045583,
          "thresholdMetric": "CREATE-pods-count",
          "thresholdRatio": 1.3989222319468833,
          "thresholdExceeded": false
        }
      },
      "UPDATE-configmaps-count": {
        "value": 590.5119658119658
      },
      "UPDATE-leases-count": {
        "value": 3520.940170940171
      },
      "UPDATE-virtualmachineinstances-count": {
        "value": 26859.08529475695,
        "thresholdResult": {
          "thresholdValue": 80162.22792022792,
          "thresholdMetric": "CREATE-pods-count",
          "thresholdRatio": 3.3505911688838435,
          "thresholdExceeded": false
        }
      },
      "WATCH-cdiconfigs-count": {
        "value": 8.047863247863248
      },
      "WATCH-cdis-count": {
        "value": 8.047863247863248
      },
      "WATCH-clusterrolebindings-count": {
        "value": 14.083760683760683
      },
      "WATCH-clusterroles-count": {
        "value": 16.095726495726495
      },
      "WATCH-configmaps-count": {
        "value": 111.78551429413498
      },
      "WATCH-controllerrevisions-count": {
        "value": 6.035897435897436
      },
      "WATCH-customresourcedefinitions-count": {
        "value": 71.49416445623342
      },
      "WATCH-daemonsets-count": {
        "value": 15.08974358974359
      },
      "WATCH-datasources-count": {
        "value": 25.218950781019743
      },
      "WATCH-datavolumes-count": {
        "value": 7.041880341880342
      },
      "WATCH-deployments-count": {
        "value": 15.08974358974359
      },
      "WATCH-ingresses-count": {
        "value": 8.047863247863248
      },
      "WATCH-jobs-count": {
        "value": 18.107692307692307
      },
      "WATCH-kubevirts-count": {
        "value": 57.41040377247273
      },
      "WATCH-leases-count": {
        "value": 15.08974358974359
      },
      "WATCH-migrationpolicies-count": {
        "value": 7.041880341880342
      },
      "WATCH-mutatingwebhookconfigurations-count": {
        "value": 16.095726495726495
      },
      "WATCH-namespaces-count": {
        "value": 39.294039198349545
      },
      "WATCH-nodes-count": {
        "value": 16.095726495726495
      },
      "WATCH-persistentvolumeclaims-count": {
        "value": 8.047863247863248
      },
      "WATCH-poddisruptionbudgets-count": {
        "value": 25.149572649572647
      },
      "WATCH-pods-count": {
        "value": 33.197435897435895
      },
      "WATCH-prometheusrules-count": {
        "value": 15.08974358974359
      },
      "WATCH-resourcequotas-count": {
        "value": 8.047863247863248
      },
      "WATCH-rolebindings-count": {
        "value": 15.08974358974359
      },
      "WATCH-roles-count": {
        "value": 15.08974358974359
      },
      "WATCH-secrets-count": {
        "value": 22.13162393162393
      },
      "WATCH-serviceaccounts-count": {
        "value": 15.08974358974359
      },
      "WATCH-servicemonitors-count": {
        "value": 15.08974358974359
      },
      "WATCH-services-count": {
        "value": 23.13760683760684
      },
      "WATCH-storageclasses-count": {
        "value": 7.041880341880342
      },
      "WATCH-storageprofiles-count": {
        "value": 8.047863247863248
      },
      "WATCH-validatingadmissionpolicies-count": {
        "value": 16.095726495726495
      },
      "WATCH-validatingadmissionpolicybindings-count": {
        "value": 17.1017094017094
      },
      "WATCH-validatingwebhookconfigurations-count": {
        "value": 15.08974358974359
      },
      "WATCH-virtualmachinebackups-count": {
        "value": 23.19831270262305
      },
      "WATCH-virtualmachinebackuptrackers-count": {
        "value": 15.08974358974359
      },
      "WATCH-virtualmachineclones-count": {
        "value": 8.047863247863248
      },
      "WATCH-virtualmachineclusterinstancetypes-count": {
        "value": 24.143589743589743
      },
      "WATCH-virtualmachineclusterpreferences-count": {
        "value": 23.13760683760684
      },
      "WATCH-virtualmachineexports-count": {
        "value": 8.047863247863248
      },
      "WATCH-virtualmachineinstancemigrations-count": {
        "value": 8.047863247863248
      },
      "WATCH-virtualmachineinstancepresets-count": {
        "value": 16.16510462717359
      },
      "WATCH-virtualmachineinstancereplicasets-count": {
        "value": 9.053846153846154
      },
      "WATCH-virtualmachineinstances-count": {
        "value": 34.2034188034188
      },
      "WATCH-virtualmachineinstancetypes-count": {
        "value": 8.047863247863248
      },
      "WATCH-virtualmachinepools-count": {
        "value": 8.047863247863248
      },
      "WATCH-virtualmachinepreferences-count": {
        "value": 8.047863247863248
      },
      "WATCH-virtualmachinerestores-count": {
        "value": 25.218950781019746
      },
      "WATCH-virtualmachines-count": {
        "value": 8.047863247863248
      },
      "WATCH-virtualmachinesnapshotcontents-count": {
        "value": 7.041880341880342
      },
      "WATCH-virtualmachinesnapshots-count": {
        "value": 7.041880341880342
      },
      "avgVirtAPICPUUsage": {
        "value": 0.02912929045584045
      },
      "avgVirtAPIMemoryUsageInMB": {
        "value": 174.38150489936442
      },
      "avgVirtControllerCPUUsage": {
        "value": 0.3248870814814815
      },
      "avgVirtControllerMemoryUsageInMB": {
        "value": 1381.3521252648304
      },
      "maxVirtAPIMemoryUsageInMB": {
        "value": 178.740234375
      },
      "maxVirtControllerMemoryUsageInMB": {
        "value": 2103.5546875
      },
      "minVirtAPIMemoryUsageInMB": {
        "value": 127.18359375
      },
      "minVirtControllerMemoryUsageInMB": {
        "value": 455.75390625
      },
      "virtControllerWorkqueueAddRate": {
        "value": 231.37732997052558
      },
      "virtControllerWorkqueueDepth": {
        "value": 0.0022699583098336994
      },
      "virtControllerWorkqueueP99Latency": {
        "value": 0.5089698656113532
      },
      "vmiCreationToRunningSecondsP50": {
        "value": 0.670109943005352,
        "thresholdResult": {
          "thresholdValue": 45,
          "thresholdExceeded": false
        }
      },
      "vmiCreationToRunningSecondsP95": {
        "value": 1.7753790538808265,
        "thresholdResult": {
          "thresholdValue": 60,
          "thresholdExceeded": false
        }
      },
      "vmiCreationToRunningSecondsP99": {
        "value": 1.9550758107761652
      },
      "vmiDeletionToFailedSecondsP50": {
        "value": 0
      },
      "vmiDeletionToFailedSecondsP95": {
        "value": 0
      },
      "vmiDeletionToFailedSecondsP99": {
        "value": 0
      },