{
  "JobDirCreationTime": "2023-08-29T05:08:48.038Z",
  "VMIResult": {
    "Values": {
      "CREATE-events-count": {
        "value": 640.106838888889
      },
      "CREATE-pods-count": {
        "value": 111.92800000000001
      },
      "DELETE-pods-count": {
        "value": 104.4306
      },
      "GET-endpoints-count": {
        "value": 484.44444444444446
      },
      "GET-leases-count": {
        "value": 782.2222222222223
      },
      "GET-nodes-count": {
        "value": 13.333333333333334
      },
      "LIST-clusterroles-count": {
        "value": 1.1111111111111112
      },
      "LIST-configmaps-count": {
        "value": 6.666666666666667
      },
      "LIST-customresourcedefinitions-count": {
        "value": 6.666666666666666
      },
      "LIST-daemonsets-count": {
        "value": 2.2222222222222223
      },
      "LIST-deployments-count": {
        "value": 1.1111111111111112
      },
      "LIST-ingresses-count": {
        "value": 1.1111111111111112
      },
      "LIST-jobs-count": {
        "value": 2.2222222222222223
      },
      "LIST-kubevirts-count": {
        "value": 7.777777777777777
      },
      "LIST-mutatingwebhookconfigurations-count": {
        "value": 2.2222222222222223
      },
      "LIST-namespaces-count": {
        "value": 5.555555555555555
      },
      "LIST-persistentvolumeclaims-count": {
        "value": 1.1111111111111112
      },
      "LIST-poddisruptionbudgets-count": {
        "value": 3.3333333333333335
      },
      "LIST-pods-count": {
        "value": 3.3333333333333335
      },
      "LIST-prometheusrules-count": {
        "value": 1.1111111111111112
      },
      "LIST-resourcequotas-count": {
        "value": 1.1111111111111112
      },
      "LIST-rolebindings-count": {
        "value": 2.2222222222222223
      },
      "LIST-roles-count": {
        "value": 1.1111111111111112
      },
      "LIST-routes-count": {
        "value": 1.1111111111111112
      },
      "LIST-secrets-count": {
        "value": 3.3333333333333335
      },
      "LIST-securitycontextconstraints-count": {
        "value": 1.1111111111111112
      },
      "LIST-serviceaccounts-count": {
        "value": 1.1111111111111112
      },
      "LIST-servicemonitors-count": {
        "value": 1.1111111111111112
      },
      "LIST-services-count": {
        "value": 2.2222222222222223
      },
      "LIST-validatingwebhookconfigurations-count": {
        "value": 2.2222222222222223
      },
      "LIST-virtualmachineclusterpreferences-count": {
        "value": 1.1111111111111112
      },
      "LIST-virtualmachineinstancemigrations-count": {
        "value": 1.1111111111111112
      },
      "LIST-virtualmachineinstancepresets-count": {
        "value": 2.2222222222222223
      },
      "LIST-virtualmachineinstancereplicasets-count": {
        "value": 1.1111111111111112
      },
      "LIST-virtualmachineinstances-count": {
        "value": 4.444444444444445
      },
      "LIST-virtualmachinepools-count": {
        "value": 1.1111111111111112
      },
      "LIST-virtualmachinesnapshots-count": {
        "value": 1.1111111111111112
      },
      "LIST-volumesnapshotclasses-count": {
        "value": 1.1111111111111112
      },
      "LIST-volumesnapshots-count": {
        "value": 1.1111111111111112
      },
      "PATCH-events-count": {
        "value": 27.6773
      },
      "PATCH-nodes-count": {
        "value": 10
      },
      "PATCH-pods-count": {
        "value": 223.96527999999998
      },
      "PATCH-virtualmachineinstances-count": {
        "value": 219.0906
      },
      "UPDATE-endpoints-count": {
        "value": 297.77777777777777
      },
      "UPDATE-leases-count": {
        "value": 297.77777777777777
      },
      "UPDATE-virtualmachineinstances-count": {
        "value": 1052.3167455555556
      },
      "vmiCreationToRunningSecondsP50": {
        "value": 45.23637750014664
      },
      "vmiCreationToRunningSecondsP95": {
        "value": 57.34526797373515
      },
      "vmiCreationToRunningSecondsP99": {
        "value": 59.46905359474703
      },
      "vmiDeletionToFailedSecondsP50": {
        "value": 0
      },
      "vmiDeletionToFailedSecondsP95": {
        "value": 0
      },
      "vmiDeletionToFailedSecondsP99": {
        "value": 0
      },
      "vmiDeletionToSucceededSecondsP50": {
        "value": 0.7022899374835593
      },
      "vmiDeletionToSucceededSecondsP95": {
        "value": 0.984542012503288
      },
      "vmiDeletionToSucceededSecondsP99": {
        "value": 1.6056009150096706
      }
    }
  },
  "VMResult": null
}
