{
  "JobDirCreationTime": "2026-05-30T22:09:04.759Z",
  "VMIResult": {
    "Values": {
      "CREATE-events-count": {
        "value": 15753.743111594202
      },
      "CREATE-pods-count": {
        "value": 8029.922898550724
      },
      "DELETE-pods-count": {
        "value": 7331.147260392793
      },
      "GET-leases-count": {
        "value": 2183.5495652173913
      },
      "GET-mutatingwebhookconfigurations-count": {
        "value": 579.9892289917514
      },
      "LIST-virtualmachineclusterinstancetypes-count": {
        "value": 579.9892289917514
      },
      "LIST-virtualmachineclusterpreferences-count": {
        "value": 579.9892289917514
      },
      "PATCH-nodes-count": {
        "value": 55.573913043478264
      },
      "PATCH-pods-count": {
        "value": 17257.192921439102
      },
      "PATCH-services-count": {
        "value": 2319.9569159670054
      },
      "PATCH-validatingadmissionpolicies-count": {
        "value": 579.9892289917514
      },
      "PATCH-validatingadmissionpolicybindings-count": {
        "value": 579.9892289917514
      },
      "PATCH-virtualmachineinstances-count": {
        "value": 15746.75699536783,
        "thresholdResult": {
          "thresholdValue": 16059.845797101449,
          "thresholdMetric": "CREATE-pods-count",
          "thresholdRatio": 1.9610097374919844,
          "thresholdExceeded": false
        }
      },
      "UPDATE-configmaps-count": {
        "value": 579.9892289917514
      },
      "UPDATE-leases-count": {
        "value": 3476.9050788653612
      },
      "UPDATE-virtualmachineinstances-count": {
        "value": 26815.72478085509,
        "thresholdResult": {
          "thresholdValue": 80299.22898550724,
          "thresholdMetric": "CREATE-pods-count",
          "thresholdRatio": 3.3394747520794885,
          "thresholdExceeded": false
        }
      },
      "WATCH-cdiconfigs-count": {
        "value": 7.073043478260869
      },
      "WATCH-cdis-count": {
        "value": 7.073043478260869
      },
      "WATCH-clusterrolebindings-count": {
        "value": 16.166951835667493
      },
      "WATCH-clusterroles-count": {
        "value": 15.156517053058797
      },
      "WATCH-configmaps-count": {
        "value": 111.14781261450057
      },
      "WATCH-controllerrevisions-count": {
        "value": 8.083478260869565
      },
      "WATCH-customresourcedefinitions-count": {
        "value": 70.73042541046543
      },
      "WATCH-daemonsets-count": {
        "value": 15.156517053058797
      },
      "WATCH-datasources-count": {
        "value": 22.229565217391304
      },
      "WATCH-datavolumes-count": {
        "value": 7.073043478260869
      },
      "WATCH-deployments-count": {
        "value": 15.156517053058797
      },
      "WATCH-ingresses-count": {
        "value": 8.083478260869565
      },
      "WATCH-jobs-count": {
        "value": 16.166952421426448
      },
      "WATCH-kubevirts-count": {
        "value": 55.57390835740663
      },
      "WATCH-leases-count": {
        "value": 14.146082856209055
      },
      "WATCH-migrationpolicies-count": {
        "value": 9.093913043478262
      },
      "WATCH-mutatingwebhookconfigurations-count": {
        "value": 16.166951835667493
      },
      "WATCH-namespaces-count": {
        "value": 40.4173866182762
      },
      "WATCH-nodes-count": {
        "value": 15.156521739130435
      },
      "WATCH-persistentvolumeclaims-count": {
        "value": 6.062608695652174
      },
      "WATCH-poddisruptionbudgets-count": {
        "value": 24.25043009653706
      },
      "WATCH-pods-count": {
        "value": 30.313039377948186
      },
      "WATCH-prometheusrules-count": {
        "value": 15.156517638817753
      },
      "WATCH-resourcequotas-count": {
        "value": 8.083478260869565
      },
      "WATCH-rolebindings-count": {
        "value": 16.166951835667493
      },
      "WATCH-roles-count": {
        "value": 14.146082856209055
      },
      "WATCH-secrets-count": {
        "value": 22.229561117078624
      },
      "WATCH-serviceaccounts-count": {
        "value": 15.156517053058797
      },
      "WATCH-servicemonitors-count": {
        "value": 15.156517053058797
      },
      "WATCH-services-count": {
        "value": 24.25043009653706
      },
      "WATCH-storageclasses-count": {
        "value": 8.083478260869565
      },
      "WATCH-storageprofiles-count": {
        "value": 8.083478260869565
      },
      "WATCH-validatingadmissionpolicies-count": {
        "value": 15.156517638817753
      },
      "WATCH-validatingadmissionpolicybindings-count": {
        "value": 16.166951835667493
      },
      "WATCH-validatingwebhookconfigurations-count": {
        "value": 15.156517638817753
      },
      "WATCH-virtualmachinebackups-count": {
        "value": 22.229565217391304
      },
      "WATCH-virtualmachinebackuptrackers-count": {
        "value": 15.156521739130435
      },
      "WATCH-virtualmachineclones-count": {
        "value": 8.083478260869565
      },
      "WATCH-virtualmachineclusterinstancetypes-count": {
        "value": 23.23999589968732
      },
      "WATCH-virtualmachineclusterpreferences-count": {
        "value": 25.260864879145757
      },
      "WATCH-virtualmachineexports-count": {
        "value": 8.083478260869565
      },
      "WATCH-virtualmachineinstancemigrations-count": {
        "value": 7.073043478260869
      },
      "WATCH-virtualmachineinstancepresets-count": {
        "value": 14.146086956521739
      },
      "WATCH-virtualmachineinstancereplicasets-count": {
        "value": 8.083478260869565
      },
      "WATCH-virtualmachineinstances-count": {
        "value": 33.34434782608696
      },
      "WATCH-virtualmachineinstancetypes-count": {
        "value": 9.093913043478262
      },
      "WATCH-virtualmachinepools-count": {
        "value": 7.073043478260869
      },
      "WATCH-virtualmachinepreferences-count": {
        "value": 8.083478260869565
      },
      "WATCH-virtualmachinerestores-count": {
        "value": 23.240000000000002
      },
      "WATCH-virtualmachines-count": {
        "value": 8.083478260869565
      },
      "WATCH-virtualmachinesnapshotcontents-count": {
        "value": 8.083478260869565
      },
      "WATCH-virtualmachinesnapshots-count": {
        "value": 7.073043478260869
      },
      "avgVirtAPICPUUsage": {
        "value": 0.029302024347826087
      },
      "avgVirtAPIMemoryUsageInMB": {
        "value": 175.83002761314657
      },
      "avgVirtControllerCPUUsage": {
        "value": 0.2589804060869565
      },
      "avgVirtControllerMemoryUsageInMB": {
        "value": 1267.4296201508625
      },
      "maxVirtAPIMemoryUsageInMB": {
        "value": 176.5859375
      },
      "maxVirtControllerMemoryUsageInMB": {
        "value": 2048.0078125
      },
      "minVirtAPIMemoryUsageInMB": {
        "value": 172.306640625
      },
      "minVirtControllerMemoryUsageInMB": {
        "value": 459.140625
      },
      "virtControllerWorkqueueAddRate": {
        "value": 231.564715249736
      },
      "virtControllerWorkqueueDepth": {
        "value": 0.03195677143356033
      },
      "virtControllerWorkqueueP99Latency": {
        "value": 0.7113829558958352
      },
      "vmiCreationToRunningSecondsP50": {
        "value": 0.6056226404181122,
        "thresholdResult": {
          "thresholdValue": 45,
          "thresholdExceeded": false
        }
      },
      "vmiCreationToRunningSecondsP95": {
        "value": 0.9926843883161609,
        "thresholdResult": {
          "thresholdValue": 60,
          "thresholdExceeded": false
        }
      },
      "vmiCreationToRunningSecondsP99": {
        "value": 1.7590061326005586
      },
      "vmiDeletionToFailedSecondsP50": {
        "value": 0
      },
      "vmiDeletionToFailedSecondsP95": {
        "value": 0
      },
      "vmiDeletionToFailedSecondsP99": {
        "value": 0
      },