{
  "JobDirCreationTime": "2022-03-22T05:06:00.882Z",
  "VMIResult": {
    "Values": {
      "CREATE-events-count": {
        "value": 551.4476435185186
      },
      "CREATE-pods-count": {
        "value": 109.09814814814816
      },
      "DELETE-pods-count": {
        "value": 109.09814814814816
      },
      "GET-endpoints-count": {
        "value": 516.1022222222223
      },
      "GET-nodes-count": {
        "value": 13.191718931565376
      },
      "LIST-clusterrolebindings-count": {
        "value": 2.2377777777777776
      },
      "LIST-clusterroles-count": {
        "value": 2.2377777777777776
      },
      "LIST-configmaps-count": {
        "value": 12.013485288446901
      },
      "LIST-controllerrevisions-count": {
        "value": 1.1777777777777778
      },
      "LIST-customresourcedefinitions-count": {
        "value": 9.775707510669122
      },
      "LIST-daemonsets-count": {
        "value": 2.2377777777777776
      },
      "LIST-deployments-count": {
        "value": 2.2377777777777776
      },
      "LIST-jobs-count": {
        "value": 2.2377777777777776
      },
      "LIST-kubevirts-count": {
        "value": 6.4779297328913445
      },
      "LIST-limitranges-count": {
        "value": 1.06
      },
      "LIST-migrationpolicies-count": {
        "value": 1.1777777777777778
      },
      "LIST-mutatingwebhookconfigurations-count": {
        "value": 2.2377777777777776
      },
      "LIST-namespaces-count": {
        "value": 2.2377777777777776
      },
      "LIST-nodes-count": {
        "value": 1.1777777777777778
      },
      "LIST-persistentvolumeclaims-count": {
        "value": 1.1777777777777778
      },
      "LIST-poddisruptionbudgets-count": {
        "value": 3.4155555555555557
      },
      "LIST-pods-count": {
        "value": 4.593333333333334
      },
      "LIST-prometheusrules-count": {
        "value": 2.2377777777777776
      },
      "LIST-rolebindings-count": {
        "value": 2.2377777777777776
      },
      "LIST-roles-count": {
        "value": 2.2377777777777776
      },
      "LIST-secrets-count": {
        "value": 2.2377777777777776
      },
      "LIST-serviceaccounts-count": {
        "value": 2.2377777777777776
      },
      "LIST-servicemonitors-count": {
        "value": 1.1777777777777778
      },
      "LIST-services-count": {
        "value": 2.2377777777777776
      },
      "LIST-validatingwebhookconfigurations-count": {
        "value": 2.2377777777777776
      },
      "LIST-virtualmachineclusterflavors-count": {
        "value": 3.297777777777778
      },
      "LIST-virtualmachineflavors-count": {
        "value": 3.297777777777778
      },
      "LIST-virtualmachineinstancemigrations-count": {
        "value": 1.1777777777777778
      },
      "LIST-virtualmachineinstancepresets-count": {
        "value": 2.12
      },
      "LIST-virtualmachineinstancereplicasets-count": {
        "value": 1.1777777777777778
      },
      "LIST-virtualmachineinstances-count": {
        "value": 11.189040844002456
      },
      "LIST-virtualmachinepools-count": {
        "value": 1.1777777777777778
      },
      "LIST-virtualmachinerestores-count": {
        "value": 2.2377777777777776
      },
      "LIST-virtualmachinesnapshotcontents-count": {
        "value": 1.1777777777777778
      },
      "LIST-virtualmachinesnapshots-count": {
        "value": 1.1777777777777778
      },
      "PATCH-nodes-count": {
        "value": 9.893789198674032
      },
      "PATCH-pods-count": {
        "value": 113.71256481481483
      },
      "PATCH-services-count": {
        "value": 24.733333333333334
      },
      "PATCH-virtualmachineinstances-count": {
        "value": 160.9042777777778
      },
      "UPDATE-endpoints-count": {
        "value": 316.8222222222222
      },
      "UPDATE-virtualmachineinstances-count": {
        "value": 1134.6499722222225
      },
      "vmiCreationToRunningSecondsP50": {
        "value": 40.98883167609291
      },
      "vmiCreationToRunningSecondsP95": {
        "value": 49.09888316760929
      },
      "vmiCreationToRunningSecondsP99": {
        "value": 49.819776633521855
      }
    }
  },
  "VMResult": null
}
