{
  "JobDirCreationTime": "2023-05-27T05:08:12.019Z",
  "VMIResult": {
    "Values": {
      "CREATE-events-count": {
        "value": 622.3835944444445
      },
      "CREATE-pods-count": {
        "value": 123.95666666666665
      },
      "DELETE-pods-count": {
        "value": 68.91662222222222
      },
      "GET-endpoints-count": {
        "value": 484.4444444444444
      },
      "GET-leases-count": {
        "value": 782.2222222222222
      },
      "GET-nodes-count": {
        "value": 16.666666666666668
      },
      "LIST-clusterroles-count": {
        "value": 1.1111111111111112
      },
      "LIST-customresourcedefinitions-count": {
        "value": 3.3333333333333335
      },
      "LIST-jobs-count": {
        "value": 1.1111111111111112
      },
      "LIST-mutatingwebhookconfigurations-count": {
        "value": 1.1111111111111112
      },
      "LIST-nodes-count": {
        "value": 2.2222222222222223
      },
      "LIST-poddisruptionbudgets-count": {
        "value": 1.1111111111111112
      },
      "LIST-roles-count": {
        "value": 1.1111111111111112
      },
      "LIST-serviceaccounts-count": {
        "value": 1.1111111111111112
      },
      "LIST-services-count": {
        "value": 1.1111111111111112
      },
      "PATCH-events-count": {
        "value": 29.397133333333333
      },
      "PATCH-nodes-count": {
        "value": 7.777777777777778
      },
      "PATCH-pods-count": {
        "value": 248.14289999999997
      },
      "PATCH-services-count": {
        "value": 8.88888888888889
      },
      "PATCH-virtualmachineinstances-count": {
        "value": 200.52551111111114
      },
      "UPDATE-endpoints-count": {
        "value": 297.77777777777777
      },
      "UPDATE-leases-count": {
        "value": 297.77777777777777
      },
      "UPDATE-virtualmachineinstances-count": {
        "value": 1121.4710166666664
      },
      "vmiCreationToRunningSecondsP50": {
        "value": 43.815623688479036
      },
      "vmiCreationToRunningSecondsP95": {
        "value": 49.8615623688479
      },
      "vmiCreationToRunningSecondsP99": {
        "value": 57.48085888317962
      },
      "vmiDeletionToFailedSecondsP50": {
        "value": 0
      },
      "vmiDeletionToFailedSecondsP95": {
        "value": 0
      },
      "vmiDeletionToFailedSecondsP99": {
        "value": 0
      },
      "vmiDeletionToSucceededSecondsP50": {
        "value": 0.7239272313021095
      },
      "vmiDeletionToSucceededSecondsP95": {
        "value": 0.9880363843489453
      },
      "vmiDeletionToSucceededSecondsP99": {
        "value": 1.6623435532718562
      }
    }
  },
  "VMResult": null
}
