{
  "JobDirCreationTime": "2024-12-27T08:19:39.466Z",
  "VMIResult": {
    "Values": {
      "CREATE-deployments-count": {
        "value": 1.2218777777777776
      },
      "CREATE-events-count": {
        "value": 118.52465555555557
      },
      "CREATE-poddisruptionbudgets-count": {
        "value": 1.2218777777777776
      },
      "CREATE-pods-count": {
        "value": 93.58
      },
      "CREATE-virtualmachineclusterpreferences-count": {
        "value": 39.9845
      },
      "GET-leases-count": {
        "value": 125.96084888888889
      },
      "GET-nodes-count": {
        "value": 33.94647333333334
      },
      "LIST-nodes-count": {
        "value": 10.996899999999998
      },
      "LIST-virtualmachineclusterinstancetypes-count": {
        "value": 6.109388888888888
      },
      "LIST-virtualmachineclusterpreferences-count": {
        "value": 6.109388888888888
      },
      "PATCH-nodes-count": {
        "value": 7.315585555555556
      },
      "PATCH-pods-count": {
        "value": 255.30916666666667
      },
      "PATCH-services-count": {
        "value": 43.98759999999999
      },
      "PATCH-validatingadmissionpolicies-count": {
        "value": 10.996899999999998
      },
      "PATCH-validatingadmissionpolicybindings-count": {
        "value": 10.996899999999998
      },
      "UPDATE-kubevirts-count": {
        "value": 2.4437555555555552
      },
      "UPDATE-leases-count": {
        "value": 204.05999999999997
      },
      "UPDATE-virtualmachineinstances-count": {
        "value": 388.6324888888889,
        "thresholdResult": {
          "thresholdValue": 935.8,
          "thresholdMetric": "CREATE-pods-count",
          "thresholdRatio": 4.152943886395478,
          "thresholdExceeded": false
        }
      },
      "avgVirtAPICPUUsage": {
        "value": 0.007830136732507938
      },
      "avgVirtAPIMemoryUsageInMB": {
        "value": 141.88037109375
      },
      "avgVirtControllerCPUUsage": {
        "value": 0.020669148501333334
      },
      "avgVirtControllerMemoryUsageInMB": {
        "value": 63.79017857142857
      },
      "avgVirtHandlerCPUUsage": {
        "value": 0.0007622237180107305
      },
      "avgVirtHandlerMemoryUsageInMB": {
        "value": 15.403211805555555
      },
      "maxVirtAPIMemoryUsageInMB": {
        "value": 155.875
      },
      "maxVirtControllerMemoryUsageInMB": {
        "value": 88.05859375
      },
      "maxVirtHandlerCPUUsage": {
        "value": 0.0007938821209602062
      },
      "maxVirtHandlerMemoryUsageInMB": {
        "value": 33.82769097222222
      },
      "minVirtAPIMemoryUsageInMB": {
        "value": 138.474609375
      },
      "minVirtControllerMemoryUsageInMB": {
        "value": 52.1015625
      },
      "minVirtHandlerCPUUsage": {
        "value": 0.0007172869448111112
      },
      "minVirtHandlerMemoryUsageInMB": {
        "value": 5.0390625
      },
      "none-none-count": {
        "value": 1.2981933333333333
      },
      "running-phase-count": {
        "value": 101
      },
      "vmiCreationToRunningSecondsP50": {
        "value": 0,
        "thresholdResult": {
          "thresholdValue": 45,
          "thresholdExceeded": false
        }
      },
      "vmiCreationToRunningSecondsP95": {
        "value": 0,
        "thresholdResult": {
          "thresholdValue": 60,
          "thresholdExceeded": false
        }
      },
      "vmiCreationToRunningSecondsP99": {
        "value": 0
      },
      "vmiDeletionToFailedSecondsP50": {
        "value": 0
      },
      "vmiDeletionToFailedSecondsP95": {
        "value": 0
      },
      "vmiDeletionToFailedSecondsP99": {
        "value": 0
      },
      "vmiDeletionToSucceededSecondsP50": {
        "value": 0
      },
      "vmiDeletionToSucceededSecondsP95": {
        "value": 0
      },
      "vmiDeletionToSucceededSecondsP99": {
        "value": 0
      }
    }
  },
  "VMResult": {
    "Values": {
      "CREATE-events-count": {
        "value": 692.2222222222222
      },
      "CREATE-pods-count": {
        "value": 75.55555555555556
      },
      "GET-leases-count": {
        "value": 191.11111111111114
      },
      "GET-nodes-count": {
        "value": 25.555555555555557
      },
      "PATCH-nodes-count": {
        "value": 11.11111111111111
      },
      "PATCH-pods-count": {
        "value": 211.11111111111114
      },
      "PATCH-virtualmachineinstances-count": {
        "value": 113.33333333333334,
        "thresholdResult": {
          "thresholdValue": 151.11111111111111,
          "thresholdMetric": "CREATE-pods-count",
          "thresholdRatio": 1.5,
          "thresholdExceeded": false
        }
      },
      "UPDATE-leases-count": {
        "value": 298.8844774969631
      },
      "UPDATE-virtualmachineinstances-count": {
        "value": 617.7777777777777,
        "thresholdResult": {
          "thresholdValue": 755.5555555555555,
          "thresholdMetric": "CREATE-pods-count",
          "thresholdRatio": 8.176470588235293,
          "thresholdExceeded": false
        }
      },
      "WATCH-cdiconfigs-count": {
        "value": 1.1111111111111112
      },
      "WATCH-cdis-count": {
        "value": 1.1111111111111112
      },
      "WATCH-clusterrolebindings-count": {
        "value": 2.2221893013869547
      },
      "WATCH-clusterroles-count": {
        "value": 2.2221893013869547
      },
      "WATCH-configmaps-count": {
        "value": 15.555489713885018
      },
      "WATCH-controllerrevisions-count": {
        "value": 1.1111111111111112
      },
      "WATCH-customresourcedefinitions-count": {
        "value": 12.222189301386953
      },
      "WATCH-daemonsets-count": {
        "value": 2.2221893013869547
      },
      "WATCH-datasources-count": {
        "value": 3.3333333333333335
      },
      "WATCH-datavolumes-count": {
        "value": 1.1111111111111112
      },
      "WATCH-deployments-count": {
        "value": 2.2221893013869547
      },
      "WATCH-ingresses-count": {
        "value": 1.1111111111111112
      },
      "WATCH-kubevirts-count": {
        "value": 9.999967079164731
      },
      "WATCH-mutatingwebhookconfigurations-count": {
        "value": 2.2221893013869547
      },
      "WATCH-namespaces-count": {
        "value": 4.444411523609177
      },
      "WATCH-nodes-count": {
        "value": 1.1111111111111112
      },
      "WATCH-persistentvolumeclaims-count": {
        "value": 1.1111111111111112
      },
      "WATCH-poddisruptionbudgets-count": {
        "value": 1.1110781902758438
      },
      "WATCH-pods-count": {
        "value": 4.444411523609177
      },
      "WATCH-prometheusrules-count": {
        "value": 2.2221893013869547
      },
      "WATCH-resourcequotas-count": {
        "value": 1.1111111111111112
      },
      "WATCH-rolebindings-count": {
        "value": 1.1111111111111112
      },
      "WATCH-roles-count": {
        "value": 2.2221893013869547
      },
      "WATCH-secrets-count": {
        "value": 2.2221893013869547
      },
      "WATCH-serviceaccounts-count": {
        "value": 1.1111111111111112
      },
      "WATCH-servicemonitors-count": {
        "value": 2.2221893013869547
      },
      "WATCH-services-count": {
        "value": 2.2222222222222223
      },
      "WATCH-storageclasses-count": {
        "value": 1.1111111111111112
      },
      "WATCH-storageprofiles-count": {
        "value": 1.1111111111111112
      },
      "WATCH-validatingadmissionpolicies-count": {
        "value": 2.2221893013869547
      },
      "WATCH-validatingadmissionpolicybindings-count": {
        "value": 2.2221893013869547
      },
      "WATCH-validatingwebhookconfigurations-count": {
        "value": 1.1111111111111112
      },
      "WATCH-virtualmachineclusterinstancetypes-count": {
        "value": 3.333300412498066
      },
      "WATCH-virtualmachineclusterpreferences-count": {
        "value": 2.2221893013869547
      },