{
  "JobDirCreationTime": "2025-08-11T08:19:49.446Z",
  "VMIResult": {
    "Values": {
      "CREATE-events-count": {
        "value": 148.49194964435685
      },
      "CREATE-pods-count": {
        "value": 106.69666666666666
      },
      "CREATE-virtualmachineclusterinstancetypes-count": {
        "value": 17.76791111111111
      },
      "GET-leases-count": {
        "value": 144.4448189106641
      },
      "GET-nodes-count": {
        "value": 26.716776762037547
      },
      "LIST-nodes-count": {
        "value": 37.22012380952381
      },
      "LIST-virtualmachineclusterinstancetypes-count": {
        "value": 31.698428571428572
      },
      "LIST-virtualmachineclusterpreferences-count": {
        "value": 31.698428571428572
      },
      "PATCH-nodes-count": {
        "value": 7.9550873427857685
      },
      "PATCH-pods-count": {
        "value": 344.4002333333333
      },
      "PATCH-services-count": {
        "value": 148.88049523809525
      },
      "PATCH-validatingadmissionpolicies-count": {
        "value": 37.22012380952381
      },
      "PATCH-validatingadmissionpolicybindings-count": {
        "value": 37.22012380952381
      },
      "PATCH-virtualmachineinstances-count": {
        "value": 94.60813333333333,
        "thresholdResult": {
          "thresholdValue": 213.39333333333332,
          "thresholdMetric": "CREATE-pods-count",
          "thresholdRatio": 0.8867018651004405,
          "thresholdExceeded": false
        }
      },
      "UPDATE-configmaps-count": {
        "value": 37.22012380952381
      },
      "UPDATE-kubevirts-count": {
        "value": 1.094709523809524
      },
      "UPDATE-leases-count": {
        "value": 229.75851904761907
      },
      "UPDATE-virtualmachineinstances-count": {
        "value": 589.0514774792923,
        "thresholdResult": {
          "thresholdValue": 1066.9666666666667,
          "thresholdMetric": "CREATE-pods-count",
          "thresholdRatio": 5.520804874997273,
          "thresholdExceeded": false
        }
      },
      "avgVirtAPICPUUsage": {
        "value": 0.010378087742069445
      },
      "avgVirtAPIMemoryUsageInMB": {
        "value": 142.61870659722223
      },
      "avgVirtControllerCPUUsage": {
        "value": 0.025516726619238095
      },
      "avgVirtControllerMemoryUsageInMB": {
        "value": 55.54861111111111
      },
      "avgVirtHandlerCPUUsage": {
        "value": 0.0008803299939561319
      },
      "avgVirtHandlerMemoryUsageInMB": {
        "value": 12.697996871473435
      },
      "maxVirtAPIMemoryUsageInMB": {
        "value": 164.083984375
      },
      "maxVirtControllerMemoryUsageInMB": {
        "value": 83.59765625
      },
      "maxVirtHandlerCPUUsage": {
        "value": 0.0009273123802222222
      },
      "maxVirtHandlerMemoryUsageInMB": {
        "value": 30.430282451923077
      },
      "minVirtAPIMemoryUsageInMB": {
        "value": 129.3515625
      },
      "minVirtControllerMemoryUsageInMB": {
        "value": 0
      },
      "minVirtHandlerCPUUsage": {
        "value": 0.0008576413352849585
      },
      "minVirtHandlerMemoryUsageInMB": {
        "value": 4.634121159511785
      },
      "none-none-count": {
        "value": 2.202152380952381
      },
      "running-phase-count": {
        "value": 88
      },
      "scheduled-phase-count": {
        "value": 13
      },
      "vmiCreationToRunningSecondsP50": {
        "value": 21.693709379350818,
        "thresholdResult": {
          "thresholdValue": 45,
          "thresholdExceeded": false
        }
      },
      "vmiCreationToRunningSecondsP95": {
        "value": 29.16937093793508,
        "thresholdResult": {
          "thresholdValue": 60,
          "thresholdExceeded": false
        }
      },
      "vmiCreationToRunningSecondsP99": {
        "value": 29.833874187587014
      },
      "vmiDeletionToFailedSecondsP50": {
        "value": 0
      },
      "vmiDeletionToFailedSecondsP95": {
        "value": 0
      },
      "vmiDeletionToFailedSecondsP99": {
        "value": 0
      },
      "vmiDeletionToSucceededSecondsP50": {
        "value": 0
      },
      "vmiDeletionToSucceededSecondsP95": {
        "value": 0
      },
      "vmiDeletionToSucceededSecondsP99": {
        "value": 0
      }
    }
  },
  "VMResult": null
}
