{
  "JobDirCreationTime": "2023-08-03T18:36:17.897Z",
  "VMIResult": {
    "Values": {
      "CREATE-deployments-count": {
        "value": 1.1376000000000002
      },
      "CREATE-events-count": {
        "value": 145.0857601634417
      },
      "CREATE-poddisruptionbudgets-count": {
        "value": 1.1376000000000002
      },
      "CREATE-pods-count": {
        "value": 116.95391264735619
      },
      "GET-endpoints-count": {
        "value": 359.42995522491293
      },
      "GET-leases-count": {
        "value": 581.4849937831592
      },
      "GET-nodes-count": {
        "value": 27.157698861269267
      },
      "LIST-nodes-count": {
        "value": 11.376000000000001
      },
      "PATCH-nodes-count": {
        "value": 8.196468509311979
      },
      "PATCH-pods-count": {
        "value": 239.84358171906996
      },
      "PATCH-services-count": {
        "value": 45.504000000000005
      },
      "PATCH-virtualmachineinstances-count": {
        "value": 69.41280846194016,
        "thresholdResult": {
          "thresholdValue": 233.90782529471238,
          "thresholdMetric": "CREATE-pods-count",
          "thresholdRatio": 0.5935056544130871,
          "thresholdExceeded": false
        }
      },
      "UPDATE-endpoints-count": {
        "value": 222.05503855824628
      },
      "UPDATE-kubevirts-count": {
        "value": 2.2752000000000003
      },
      "UPDATE-leases-count": {
        "value": 222.05503855824628
      },
      "UPDATE-virtualmachineinstances-count": {
        "value": 649.2685965701143,
        "thresholdResult": {
          "thresholdValue": 1169.539126473562,
          "thresholdMetric": "CREATE-pods-count",
          "thresholdRatio": 5.551491026450848,
          "thresholdExceeded": false
        }
      },
      "none-none-count": {
        "value": 1.1293055555555556
      },
      "running-phase-count": {
        "value": 101
      },
      "vmiCreationToRunningSecondsP50": {
        "value": 18.72894455696613,
        "thresholdResult": {
          "thresholdValue": 45,
          "thresholdExceeded": false
        }
      },
      "vmiCreationToRunningSecondsP95": {
        "value": 28.829569007581597,
        "thresholdResult": {
          "thresholdValue": 60,
          "thresholdExceeded": false
        }
      },
      "vmiCreationToRunningSecondsP99": {
        "value": 29.76591380151632
      },
      "vmiDeletionToFailedSecondsP50": {
        "value": 0
      },
      "vmiDeletionToFailedSecondsP95": {
        "value": 0
      },
      "vmiDeletionToFailedSecondsP99": {
        "value": 0
      },
      "vmiDeletionToSucceededSecondsP50": {
        "value": 0
      },
      "vmiDeletionToSucceededSecondsP95": {
        "value": 0
      },
      "vmiDeletionToSucceededSecondsP99": {
        "value": 0
      }
    }
  },
  "VMResult": {
    "Values": {
      "CREATE-controllerrevisions-count": {
        "value": 158.97467342042123
      },
      "CREATE-events-count": {
        "value": 815.5616586071236
      },
      "CREATE-pods-count": {
        "value": 111.1119341624753
      },
      "CREATE-virtualmachineinstances-count": {
        "value": 158.97467342042123
      },
      "GET-endpoints-count": {
        "value": 486.6749223492544
      },
      "GET-leases-count": {
        "value": 782.2315725631244
      },
      "GET-nodes-count": {
        "value": 17.77792593208375
      },
      "LIST-cdiconfigs-count": {
        "value": 1.111119341624753
      },
      "LIST-cdis-count": {
        "value": 1.111119341624753
      },
      "LIST-clusterrolebindings-count": {
        "value": 1.1111111111111112
      },
      "LIST-clusterroles-count": {
        "value": 1.1111111111111112
      },
      "LIST-configmaps-count": {
        "value": 14.444514405075504
      },
      "LIST-controllerrevisions-count": {
        "value": 1.111119341624753
      },
      "LIST-customresourcedefinitions-count": {
        "value": 10.000127579713967
      },
      "LIST-daemonsets-count": {
        "value": 1.1111111111111112
      },
      "LIST-datasources-count": {
        "value": 1.111119341624753
      },
      "LIST-datavolumes-count": {
        "value": 1.111119341624753
      },
      "LIST-deployments-count": {
        "value": 1.1111111111111112
      },
      "LIST-ingresses-count": {
        "value": 1.111119341624753
      },
      "LIST-jobs-count": {
        "value": 1.1111111111111112
      },
      "LIST-kubevirts-count": {
        "value": 8.889024699116499
      },
      "LIST-migrationpolicies-count": {
        "value": 1.111119341624753
      },
      "LIST-mutatingwebhookconfigurations-count": {
        "value": 2.2222222222222223
      },
      "LIST-namespaces-count": {
        "value": 5.55557201658284
      },
      "LIST-nodes-count": {
        "value": 1.111119341624753
      },
      "LIST-persistentvolumeclaims-count": {
        "value": 1.111119341624753
      },
      "LIST-poddisruptionbudgets-count": {
        "value": 3.333341563846975
      },
      "LIST-pods-count": {
        "value": 3.333341563846975
      },
      "LIST-prometheusrules-count": {
        "value": 2.2222222222222223
      },
      "LIST-resourcequotas-count": {
        "value": 1.111119341624753
      },
      "LIST-rolebindings-count": {
        "value": 1.1111111111111112
      },
      "LIST-roles-count": {
        "value": 1.1111111111111112
      },
      "LIST-secrets-count": {
        "value": 2.222230452735864
      },
      "LIST-serviceaccounts-count": {
        "value": 2.2222222222222223
      },
      "LIST-servicemonitors-count": {
        "value": 2.2222222222222223
      },
      "LIST-services-count": {
        "value": 2.222230452735864
      },
      "LIST-validatingwebhookconfigurations-count": {
        "value": 1.1111111111111112
      },
      "LIST-virtualmachineclones-count": {
        "value": 1.111119341624753
      },
      "LIST-virtualmachineclusterinstancetypes-count": {
        "value": 1.111119341624753
      },
      "LIST-virtualmachineclusterpreferences-count": {
        "value": 1.111119341624753
      },
      "LIST-virtualmachineexports-count": {
        "value": 1.111119341624753
      },
      "LIST-virtualmachineinstancemigrations-count": {
        "value": 1.111119341624753
      },
      "LIST-virtualmachineinstancepresets-count": {
        "value": 1.111119341624753
      },
      "LIST-virtualmachineinstancereplicasets-count": {
        "value": 1.111119341624753
      },
      "LIST-virtualmachineinstances-count": {
        "value": 8.888962966041875
      },
      "LIST-virtualmachineinstancetypes-count": {
        "value": 1.111119341624753
      },
      "LIST-virtualmachinepools-count": {
        "value": 1.111119341624753
      },
      "LIST-virtualmachinepreferences-count": {
        "value": 1.111119341624753
      },
      "LIST-virtualmachinerestores-count": {
        "value": 2.222230452735864
      },
      "LIST-virtualmachines-count": {
        "value": 1.111119341624753
      },
      "LIST-virtualmachinesnapshotcontents-count": {
        "value": 1.111119341624753
      },
      "LIST-virtualmachinesnapshots-count": {
        "value": 1.111119341624753
      },
      "PATCH-nodes-count": {
        "value": 13.333444449062814
      },
      "PATCH-pods-count": {
        "value": 222.2238683249506
      },
      "PATCH-virtualmachineinstances-count": {
        "value": 162.22342387721392,
        "thresholdResult": {
          "thresholdValue": 222.2238683249506,
          "thresholdMetric": "CREATE-pods-count",
          "thresholdRatio": 1.46,
          "thresholdExceeded": false
        }
      },
      "PATCH-virtualmachines-count": {
        "value": 158.97467342042123
      },
      "UPDATE-endpoints-count": {
        "value": 295.55665021386994
      },
      "UPDATE-leases-count": {
        "value": 295.55665021386994
      },
      "UPDATE-virtualmachineinstances-count": {
        "value": 958.8955104218453,