{
  "JobDirCreationTime": "2026-06-02T16:53:05.369Z",
  "VMIResult": {
    "Values": {
      "CREATE-events-count": {
        "value": 116.19576474867038
      },
      "CREATE-pods-count": {
        "value": 109.64221192626913
      },
      "GET-leases-count": {
        "value": 187.77777777777777
      },
      "GET-mutatingwebhookconfigurations-count": {
        "value": 49.999444450617204
      },
      "LIST-nodes-count": {
        "value": 49.999444450617204
      },
      "LIST-virtualmachineclusterinstancetypes-count": {
        "value": 49.999444450617204
      },
      "LIST-virtualmachineclusterpreferences-count": {
        "value": 49.999444450617204
      },
      "PATCH-nodes-count": {
        "value": 25.555555555555557
      },
      "PATCH-pods-count": {
        "value": 219.37084597180092
      },
      "PATCH-services-count": {
        "value": 199.99777780246882
      },
      "PATCH-validatingadmissionpolicies-count": {
        "value": 49.999444450617204
      },
      "PATCH-validatingadmissionpolicybindings-count": {
        "value": 49.999444450617204
      },
      "PATCH-virtualmachineinstances-count": {
        "value": 100.25531087507221,
        "thresholdResult": {
          "thresholdValue": 219.28442385253825,
          "thresholdMetric": "CREATE-pods-count",
          "thresholdRatio": 0.9143860664037925,
          "thresholdExceeded": false
        }
      },
      "UPDATE-configmaps-count": {
        "value": 49.999444450617204
      },
      "UPDATE-leases-count": {
        "value": 297.7739177465318
      },
      "UPDATE-virtualmachineinstances-count": {
        "value": 459.2878698243391,
        "thresholdResult": {
          "thresholdValue": 1096.4221192626912,
          "thresholdMetric": "CREATE-pods-count",
          "thresholdRatio": 4.188969391945462,
          "thresholdExceeded": false
        }
      },
      "WATCH-clusterrolebindings-count": {
        "value": 2.2222098766803824
      },
      "WATCH-configmaps-count": {
        "value": 2.2222098766803824
      },
      "WATCH-customresourcedefinitions-count": {
        "value": 4.444444444444445
      },
      "WATCH-daemonsets-count": {
        "value": 1.1110987655692712
      },
      "WATCH-jobs-count": {
        "value": 1.1111111111111112
      },
      "WATCH-kubevirts-count": {
        "value": 1.1111111111111112
      },
      "WATCH-leases-count": {
        "value": 1.1110987655692712
      },
      "WATCH-migrationpolicies-count": {
        "value": 1.1110946504496229
      },
      "WATCH-mutatingwebhookconfigurations-count": {
        "value": 2.2222098766803824
      },
      "WATCH-nodes-count": {
        "value": 1.1110946504496229
      },
      "WATCH-pods-count": {
        "value": 1.1110987655692712
      },
      "WATCH-prometheusrules-count": {
        "value": 1.1110987655692712
      },
      "WATCH-rolebindings-count": {
        "value": 1.1110987655692712
      },
      "WATCH-secrets-count": {
        "value": 2.222193416018894
      },
      "WATCH-storageclasses-count": {
        "value": 1.1110946504496229
      },
      "WATCH-virtualmachinebackuptrackers-count": {
        "value": 1.1110946504496229
      },
      "WATCH-virtualmachineclones-count": {
        "value": 1.1110946504496229
      },
      "WATCH-virtualmachineinstancemigrations-count": {
        "value": 1.1110946504496229
      },
      "WATCH-virtualmachineinstancepresets-count": {
        "value": 1.1111111111111112
      },
      "WATCH-virtualmachineinstances-count": {
        "value": 1.1111111111111112
      },
      "avgVirtAPICPUUsage": {
        "value": 0.009963510921170553
      },
      "avgVirtAPIMemoryUsageInMB": {
        "value": 153.82187499999998
      },
      "avgVirtControllerCPUUsage": {
        "value": 0.028084899231925812
      },
      "avgVirtControllerMemoryUsageInMB": {
        "value": 70.022265625
      },
      "avgVirtHandlerCPUUsage": {
        "value": 0.0010009883118975548
      },
      "avgVirtHandlerMemoryUsageInMB": {
        "value": 82.06901041666667
      },
      "maxVirtAPIMemoryUsageInMB": {
        "value": 173.19140625
      },
      "maxVirtControllerMemoryUsageInMB": {
        "value": 97.609375
      },
      "maxVirtHandlerCPUUsage": {
        "value": 0.001011945299145299
      },
      "maxVirtHandlerMemoryUsageInMB": {
        "value": 82.06901041666667
      },
      "minVirtAPIMemoryUsageInMB": {
        "value": 143.69921875
      },
      "minVirtControllerMemoryUsageInMB": {
        "value": 57.6484375
      },
      "minVirtHandlerCPUUsage": {
        "value": 0.0009788106995884773
      },
      "minVirtHandlerMemoryUsageInMB": {
        "value": 82.06901041666667
      },
      "running-phase-count": {
        "value": 90
      },
      "scheduled-phase-count": {
        "value": 11
      },
      "virtControllerWorkqueueAddRate": {
        "value": 15.955916666666665
      },
      "virtControllerWorkqueueDepth": {
        "value": 0.0034614197530864195
      },
      "virtControllerWorkqueueP99Latency": {
        "value": 0.0663671135056712
      },
      "vmiCreationToRunningSecondsP50": {
        "value": 20.615562265723916,
        "thresholdResult": {
          "thresholdValue": 45,
          "thresholdExceeded": false
        }
      },
      "vmiCreationToRunningSecondsP95": {
        "value": 29.061556226572392,
        "thresholdResult": {
          "thresholdValue": 60,
          "thresholdExceeded": false
        }
      },
      "vmiCreationToRunningSecondsP99": {
        "value": 29.81231124531448
      },
      "vmiDeletionToFailedSecondsP50": {
        "value": 0
      },
      "vmiDeletionToFailedSecondsP95": {
        "value": 0
      },
      "vmiDeletionToFailedSecondsP99": {
        "value": 0
      },
      "vmiDeletionToSucceededSecondsP50": {
        "value": 0
      },
      "vmiDeletionToSucceededSecondsP95": {
        "value": 0
      },
      "vmiDeletionToSucceededSecondsP99": {
        "value": 0
      }
    }
  },
  "VMResult": {
    "Values": {
      "CREATE-events-count": {
        "value": 852.2124487926325
      },
      "CREATE-pods-count": {
        "value": 111.1082305273567
      },
      "GET-leases-count": {
        "value": 191.11111111111114
      },
      "GET-mutatingwebhookconfigurations-count": {
        "value": 50
      },
      "LIST-nodes-count": {
        "value": 50
      },
      "LIST-virtualmachineclusterinstancetypes-count": {
        "value": 50
      },
      "LIST-virtualmachineclusterpreferences-count": {
        "value": 50
      },
      "PATCH-nodes-count": {
        "value": 19.99995884804146
      },
      "PATCH-pods-count": {
        "value": 209.99455569670417
      },
      "PATCH-services-count": {
        "value": 200
      },
      "PATCH-validatingadmissionpolicies-count": {
        "value": 50
      },
      "PATCH-validatingadmissionpolicybindings-count": {
        "value": 50
      },
      "PATCH-virtualmachineinstances-count": {
        "value": 163.32909887521436,
        "thresholdResult": {
          "thresholdValue": 222.2164610547134,
          "thresholdMetric": "CREATE-pods-count",
          "thresholdRatio": 1.4700000000000002,
          "thresholdExceeded": false
        }
      },
      "UPDATE-configmaps-count": {
        "value": 50
      },
      "UPDATE-leases-count": {
        "value": 297.7739177955468
      },
      "UPDATE-virtualmachineinstances-count": {
        "value": 951.0967040584729,
        "thresholdResult": {
          "thresholdValue": 1111.082305273567,
          "thresholdMetric": "CREATE-pods-count",
          "thresholdRatio": 8.560092259090537,
          "thresholdExceeded": false
        }
      },
      "WATCH-clusterrolebindings-count": {
        "value": 1.1111111111111112
      },
      "WATCH-configmaps-count": {
        "value": 8.888794240984549
      },
      "WATCH-controllerrevisions-count": {
        "value": 1.111082305273567
      },