{
  "JobDirCreationTime": "2025-12-04T16:22:17.351Z",
  "VMIResult": {
    "Values": {
      "CREATE-events-count": {
        "value": 143.87472962962963
      },
      "CREATE-pods-count": {
        "value": 113.09333333333333
      },
      "GET-leases-count": {
        "value": 184.44444444444446
      },
      "LIST-nodes-count": {
        "value": 48.88888888888889
      },
      "LIST-virtualmachineclusterinstancetypes-count": {
        "value": 48.88888888888889
      },
      "LIST-virtualmachineclusterpreferences-count": {
        "value": 48.88888888888889
      },
      "PATCH-nodes-count": {
        "value": 15.555555555555555
      },
      "PATCH-pods-count": {
        "value": 225.06573333333336
      },
      "PATCH-services-count": {
        "value": 195.55555555555557
      },
      "PATCH-validatingadmissionpolicies-count": {
        "value": 48.88888888888889
      },
      "PATCH-validatingadmissionpolicybindings-count": {
        "value": 48.88888888888889
      },
      "PATCH-virtualmachineinstances-count": {
        "value": 43.96604444444444,
        "thresholdResult": {
          "thresholdValue": 226.18666666666667,
          "thresholdMetric": "CREATE-pods-count",
          "thresholdRatio": 0.38875894050145404,
          "thresholdExceeded": true
        }
      },
      "UPDATE-configmaps-count": {
        "value": 48.88888888888889
      },
      "UPDATE-leases-count": {
        "value": 300
      },
      "UPDATE-virtualmachineinstances-count": {
        "value": 497.5879,
        "thresholdResult": {
          "thresholdValue": 1130.9333333333334,
          "thresholdMetric": "CREATE-pods-count",
          "thresholdRatio": 4.399798691346381,
          "thresholdExceeded": false
        }
      },
      "WATCH-configmaps-count": {
        "value": 4.444444444444445
      },
      "WATCH-customresourcedefinitions-count": {
        "value": 6.666666666666666
      },
      "WATCH-daemonsets-count": {
        "value": 1.1111111111111112
      },
      "WATCH-datasources-count": {
        "value": 2.2222222222222223
      },
      "WATCH-deployments-count": {
        "value": 1.1111111111111112
      },
      "WATCH-jobs-count": {
        "value": 2.2222222222222223
      },
      "WATCH-kubevirts-count": {
        "value": 2.2222222222222223
      },
      "WATCH-migrationpolicies-count": {
        "value": 1.1111111111111112
      },
      "WATCH-namespaces-count": {
        "value": 2.2222222222222223
      },
      "WATCH-nodes-count": {
        "value": 2.2222222222222223
      },
      "WATCH-poddisruptionbudgets-count": {
        "value": 1.1111111111111112
      },
      "WATCH-prometheusrules-count": {
        "value": 1.1111111111111112
      },
      "WATCH-rolebindings-count": {
        "value": 1.1111111111111112
      },
      "WATCH-roles-count": {
        "value": 1.1111111111111112
      },
      "WATCH-secrets-count": {
        "value": 2.2222222222222223
      },
      "WATCH-services-count": {
        "value": 1.1111111111111112
      },
      "WATCH-storageclasses-count": {
        "value": 1.1111111111111112
      },
      "WATCH-validatingadmissionpolicies-count": {
        "value": 2.2222222222222223
      },
      "WATCH-validatingwebhookconfigurations-count": {
        "value": 1.1111111111111112
      },
      "WATCH-virtualmachineclusterinstancetypes-count": {
        "value": 1.1111111111111112
      },
      "WATCH-virtualmachineexports-count": {
        "value": 1.1111111111111112
      },
      "WATCH-virtualmachineinstancemigrations-count": {
        "value": 1.1111111111111112
      },
      "WATCH-virtualmachineinstancepresets-count": {
        "value": 1.1111111111111112
      },
      "WATCH-virtualmachineinstances-count": {
        "value": 4.444444444444445
      },
      "WATCH-virtualmachinepools-count": {
        "value": 1.1111111111111112
      },
      "WATCH-virtualmachinepreferences-count": {
        "value": 1.1111111111111112
      },
      "avgVirtAPICPUUsage": {
        "value": 0.009535414814814815
      },
      "avgVirtAPIMemoryUsageInMB": {
        "value": 137.68496093750002
      },
      "avgVirtControllerCPUUsage": {
        "value": 0.026680911111111115
      },
      "avgVirtControllerMemoryUsageInMB": {
        "value": 64.732421875
      },
      "avgVirtHandlerCPUUsage": {
        "value": 0.0009235065773787256
      },
      "avgVirtHandlerMemoryUsageInMB": {
        "value": 14.526614669329515
      },
      "maxVirtAPIMemoryUsageInMB": {
        "value": 166.578125
      },
      "maxVirtControllerMemoryUsageInMB": {
        "value": 89.12890625
      },
      "maxVirtHandlerCPUUsage": {
        "value": 0.0009382323232323234
      },
      "maxVirtHandlerMemoryUsageInMB": {
        "value": 39.56748798076923
      },
      "minVirtAPIMemoryUsageInMB": {
        "value": 124.708984375
      },
      "minVirtControllerMemoryUsageInMB": {
        "value": 56.73046875
      },
      "minVirtHandlerCPUUsage": {
        "value": 0.0009004817777777778
      },
      "minVirtHandlerMemoryUsageInMB": {
        "value": 5.720341435185185
      },
      "running-phase-count": {
        "value": 101
      },
      "vmiCreationToRunningSecondsP50": {
        "value": 24.98071460161938,
        "thresholdResult": {
          "thresholdValue": 45,
          "thresholdExceeded": false
        }
      },
      "vmiCreationToRunningSecondsP95": {
        "value": 29.713357743076816,
        "thresholdResult": {
          "thresholdValue": 60,
          "thresholdExceeded": false
        }
      },
      "vmiCreationToRunningSecondsP99": {
        "value": 35.60339555555554
      },
      "vmiDeletionToFailedSecondsP50": {
        "value": 0
      },
      "vmiDeletionToFailedSecondsP95": {
        "value": 0
      },
      "vmiDeletionToFailedSecondsP99": {
        "value": 0
      },
      "vmiDeletionToSucceededSecondsP50": {
        "value": 0
      },
      "vmiDeletionToSucceededSecondsP95": {
        "value": 0
      },
      "vmiDeletionToSucceededSecondsP99": {
        "value": 0
      }
    }
  },
  "VMResult": null
}
