{
  "JobDirCreationTime": "2025-03-18T16:19:50.601Z",
  "VMIResult": {
    "Values": {
      "CREATE-events-count": {
        "value": 156.49734074074075
      },
      "CREATE-pods-count": {
        "value": 107.63833333333332
      },
      "GET-leases-count": {
        "value": 182.2215720212772
      },
      "GET-nodes-count": {
        "value": 27.77777777777778
      },
      "LIST-nodes-count": {
        "value": 2.2222222222222223
      },
      "LIST-virtualmachineclusterinstancetypes-count": {
        "value": 2.2222222222222223
      },
      "LIST-virtualmachineclusterpreferences-count": {
        "value": 2.2222222222222223
      },
      "PATCH-nodes-count": {
        "value": 12.222222222222221
      },
      "PATCH-pods-count": {
        "value": 349.5745833333333
      },
      "PATCH-services-count": {
        "value": 8.88888888888889
      },
      "PATCH-validatingadmissionpolicies-count": {
        "value": 2.2222222222222223
      },
      "PATCH-validatingadmissionpolicybindings-count": {
        "value": 2.2222222222222223
      },
      "PATCH-virtualmachineinstances-count": {
        "value": 95.70046666666667,
        "thresholdResult": {
          "thresholdValue": 215.27666666666664,
          "thresholdMetric": "CREATE-pods-count",
          "thresholdRatio": 0.8890927953176534,
          "thresholdExceeded": false
        }
      },
      "UPDATE-leases-count": {
        "value": 300
      },
      "UPDATE-virtualmachineinstances-count": {
        "value": 512.6550666666666,
        "thresholdResult": {
          "thresholdValue": 1076.3833333333332,
          "thresholdMetric": "CREATE-pods-count",
          "thresholdRatio": 4.762755523899478,
          "thresholdExceeded": false
        }
      },
      "WATCH-clusterrolebindings-count": {
        "value": 1.1111111111111112
      },
      "WATCH-clusterroles-count": {
        "value": 1.1111111111111112
      },
      "WATCH-configmaps-count": {
        "value": 2.222185185992969
      },
      "WATCH-customresourcedefinitions-count": {
        "value": 3.333325102941625
      },
      "WATCH-daemonsets-count": {
        "value": 2.2222139918305137
      },
      "WATCH-datasources-count": {
        "value": 1.1111111111111112
      },
      "WATCH-datavolumes-count": {
        "value": 1.1111111111111112
      },
      "WATCH-deployments-count": {
        "value": 2.2222139918305137
      },
      "WATCH-kubevirts-count": {
        "value": 3.333325102941625
      },
      "WATCH-persistentvolumeclaims-count": {
        "value": 1.1111111111111112
      },
      "WATCH-poddisruptionbudgets-count": {
        "value": 1.1111028807194023
      },
      "WATCH-pods-count": {
        "value": 2.2222222222222223
      },
      "WATCH-prometheusrules-count": {
        "value": 1.1111028807194023
      },
      "WATCH-rolebindings-count": {
        "value": 1.1111028807194023
      },
      "WATCH-roles-count": {
        "value": 1.1111111111111112
      },
      "WATCH-secrets-count": {
        "value": 1.1111028807194023
      },
      "WATCH-servicemonitors-count": {
        "value": 1.1111111111111112
      },
      "WATCH-storageclasses-count": {
        "value": 1.1111111111111112
      },
      "WATCH-validatingwebhookconfigurations-count": {
        "value": 1.1111111111111112
      },
      "WATCH-virtualmachineclusterinstancetypes-count": {
        "value": 1.1111111111111112
      },
      "WATCH-virtualmachineinstances-count": {
        "value": 3.3333333333333335
      },
      "WATCH-virtualmachinerestores-count": {
        "value": 1.111082305273567
      },
      "WATCH-virtualmachinesnapshotcontents-count": {
        "value": 1.1111111111111112
      },
      "avgVirtAPICPUUsage": {
        "value": 0.007616533333333332
      },
      "avgVirtAPIMemoryUsageInMB": {
        "value": 138.61757812500002
      },
      "avgVirtControllerCPUUsage": {
        "value": 0.02262502222222222
      },
      "avgVirtControllerMemoryUsageInMB": {
        "value": 58.436328125
      },
      "avgVirtHandlerCPUUsage": {
        "value": 0.0007272272623852484
      },
      "avgVirtHandlerMemoryUsageInMB": {
        "value": 11.821973630030273
      },
      "maxVirtAPIMemoryUsageInMB": {
        "value": 161.142578125
      },
      "maxVirtControllerMemoryUsageInMB": {
        "value": 81.36328125
      },
      "maxVirtHandlerCPUUsage": {
        "value": 0.000795271193415638
      },
      "maxVirtHandlerMemoryUsageInMB": {
        "value": 30.98041087962963
      },
      "minVirtAPIMemoryUsageInMB": {
        "value": 122.208984375
      },
      "minVirtControllerMemoryUsageInMB": {
        "value": 53.19140625
      },
      "minVirtHandlerCPUUsage": {
        "value": 0.0006655694444444443
      },
      "minVirtHandlerMemoryUsageInMB": {
        "value": 3.971546140491453
      },
      "running-phase-count": {
        "value": 101
      },
      "vmiCreationToRunningSecondsP50": {
        "value": 21.013793181158043,
        "thresholdResult": {
          "thresholdValue": 45,
          "thresholdExceeded": false
        }
      },
      "vmiCreationToRunningSecondsP95": {
        "value": 29.101379318115804,
        "thresholdResult": {
          "thresholdValue": 60,
          "thresholdExceeded": false
        }
      },
      "vmiCreationToRunningSecondsP99": {
        "value": 29.820275863623163
      },
      "vmiDeletionToFailedSecondsP50": {
        "value": 0
      },
      "vmiDeletionToFailedSecondsP95": {
        "value": 0
      },
      "vmiDeletionToFailedSecondsP99": {
        "value": 0
      },
      "vmiDeletionToSucceededSecondsP50": {
        "value": 0
      },
      "vmiDeletionToSucceededSecondsP95": {
        "value": 0
      },
      "vmiDeletionToSucceededSecondsP99": {
        "value": 0
      }
    }
  },
  "VMResult": {
    "Values": {
      "CREATE-controllerrevisions-count": {
        "value": 67.05986666666666
      },
      "CREATE-events-count": {
        "value": 810.0000000000001
      },
      "CREATE-pods-count": {
        "value": 111.11111111111111
      },
      "CREATE-virtualmachineinstances-count": {
        "value": 67.05986666666666
      },
      "GET-leases-count": {
        "value": 190
      },
      "GET-nodes-count": {
        "value": 28.888888888888893
      },
      "PATCH-events-count": {
        "value": 1.4807833333333333
      },
      "PATCH-nodes-count": {
        "value": 12.222222222222223
      },
      "PATCH-pods-count": {
        "value": 372.22222222222223
      },
      "PATCH-virtualmachineinstances-count": {
        "value": 212.22222222222223,
        "thresholdResult": {
          "thresholdValue": 222.22222222222223,
          "thresholdMetric": "CREATE-pods-count",
          "thresholdRatio": 1.91,
          "thresholdExceeded": false
        }
      },
      "PATCH-virtualmachines-count": {
        "value": 67.05986666666666
      },
      "UPDATE-leases-count": {
        "value": 300
      },
      "UPDATE-virtualmachineinstances-count": {
        "value": 864.4444444444445,
        "thresholdResult": {
          "thresholdValue": 1111.111111111111,
          "thresholdMetric": "CREATE-pods-count",
          "thresholdRatio": 7.78,
          "thresholdExceeded": false
        }
      },
      "UPDATE-virtualmachines-count": {
        "value": 949.4265333333333
      },
      "WATCH-cdiconfigs-count": {
        "value": 1.1111111111111112
      },
      "WATCH-clusterrolebindings-count": {
        "value": 1.1111111111111112
      },
      "WATCH-configmaps-count": {
        "value": 10
      },
      "WATCH-controllerrevisions-count": {
        "value": 1.1111111111111112
      },
      "WATCH-customresourcedefinitions-count": {
        "value": 6.666666666666666
      },
      "WATCH-daemonsets-count": {
        "value": 2.2222222222222223
      },
      "WATCH-datasources-count": {
        "value": 2.2222222222222223
      },