{
  "JobDirCreationTime": "2026-01-19T21:22:57.391Z",
  "VMIResult": null,
  "VMResult": {
    "Values": {
      "CREATE-controllerrevisions-count": {
        "value": 8003.871269451235
      },
      "CREATE-events-count": {
        "value": 32231.111111111113
      },
      "CREATE-pods-count": {
        "value": 8057.777777777778
      },
      "CREATE-virtualmachineinstances-count": {
        "value": 8003.871269451235
      },
      "DELETE-pods-count": {
        "value": 8057.777777777778
      },
      "DELETE-virtualmachineinstances-count": {
        "value": 6244.525466666668
      },
      "GET-leases-count": {
        "value": 2248.7294117647057
      },
      "LIST-configmaps-count": {
        "value": 1.0072222222222222
      },
      "LIST-virtualmachineclusterinstancetypes-count": {
        "value": 609.3687673680363
      },
      "LIST-virtualmachineclusterpreferences-count": {
        "value": 609.3687673680363
      },
      "PATCH-nodes-count": {
        "value": 57.41163477131402
      },
      "PATCH-pods-count": {
        "value": 17933.591666666667
      },
      "PATCH-services-count": {
        "value": 2437.475069472145
      },
      "PATCH-validatingadmissionpolicies-count": {
        "value": 609.3687673680363
      },
      "PATCH-validatingadmissionpolicybindings-count": {
        "value": 609.3687673680363
      },
      "PATCH-virtualmachineinstances-count": {
        "value": 17751.284444444445,
        "thresholdResult": {
          "thresholdValue": 16115.555555555557,
          "thresholdMetric": "CREATE-pods-count",
          "thresholdRatio": 2.203,
          "thresholdExceeded": false
        }
      },
      "PATCH-virtualmachines-count": {
        "value": 15950.374062499212
      },
      "UPDATE-configmaps-count": {
        "value": 609.3687673680363
      },
      "UPDATE-leases-count": {
        "value": 3612.904103383712
      },
      "UPDATE-virtualmachineinstances-count": {
        "value": 27278.599444444448,
        "thresholdResult": {
          "thresholdValue": 80577.77777777778,
          "thresholdMetric": "CREATE-pods-count",
          "thresholdRatio": 3.3853750000000002,
          "thresholdExceeded": false
        }
      },
      "UPDATE-virtualmachines-count": {
        "value": 78372.29443642718
      },
      "WATCH-cdiconfigs-count": {
        "value": 8.057777777777778
      },
      "WATCH-cdis-count": {
        "value": 8.057777777777778
      },
      "WATCH-clusterrolebindings-count": {
        "value": 16.191724192201878
      },
      "WATCH-clusterroles-count": {
        "value": 17.19894529528954
      },
      "WATCH-configmaps-count": {
        "value": 115.02642973981612
      },
      "WATCH-controllerrevisions-count": {
        "value": 9.065
      },
      "WATCH-customresourcedefinitions-count": {
        "value": 70.70020189893555
      },
      "WATCH-daemonsets-count": {
        "value": 15.167572746269933
      },
      "WATCH-datasources-count": {
        "value": 24.17332885679261
      },
      "WATCH-datavolumes-count": {
        "value": 9.065
      },
      "WATCH-deployments-count": {
        "value": 15.176037917692074
      },
      "WATCH-ingresses-count": {
        "value": 8.057777777777778
      },
      "WATCH-jobs-count": {
        "value": 16.183259020779737
      },
      "WATCH-kubevirts-count": {
        "value": 54.508478825868224
      },
      "WATCH-leases-count": {
        "value": 16.191724192201878
      },
      "WATCH-migrationpolicies-count": {
        "value": 8.057777777777778
      },
      "WATCH-mutatingwebhookconfigurations-count": {
        "value": 15.167572746269933
      },
      "WATCH-namespaces-count": {
        "value": 39.34090160306255
      },
      "WATCH-nodes-count": {
        "value": 17.122773301237054
      },
      "WATCH-persistentvolumeclaims-count": {
        "value": 7.0505555555555555
      },
      "WATCH-poddisruptionbudgets-count": {
        "value": 25.248257901645175
      },
      "WATCH-pods-count": {
        "value": 32.29881345720074
      },
      "WATCH-prometheusrules-count": {
        "value": 16.183259020779737
      },
      "WATCH-resourcequotas-count": {
        "value": 8.057777777777778
      },
      "WATCH-rolebindings-count": {
        "value": 16.191724192201878
      },
      "WATCH-roles-count": {
        "value": 16.183259020779737
      },
      "WATCH-secrets-count": {
        "value": 23.23381569546985
      },
      "WATCH-serviceaccounts-count": {
        "value": 16.183259020779737
      },
      "WATCH-servicemonitors-count": {
        "value": 16.183259020779737
      },
      "WATCH-services-count": {
        "value": 25.256721953932757
      },
      "WATCH-storageclasses-count": {
        "value": 7.0505555555555555
      },
      "WATCH-storageprofiles-count": {
        "value": 8.057777777777778
      },
      "WATCH-validatingadmissionpolicies-count": {
        "value": 15.176037917692074
      },
      "WATCH-validatingadmissionpolicybindings-count": {
        "value": 16.183259020779737
      },
      "WATCH-validatingwebhookconfigurations-count": {
        "value": 17.1904801238674
      },
      "WATCH-virtualmachinebackups-count": {
        "value": 26.187772741669466
      },
      "WATCH-virtualmachinebackuptrackers-count": {
        "value": 8.057777777777778
      },
      "WATCH-virtualmachineclones-count": {
        "value": 9.065
      },
      "WATCH-virtualmachineclusterinstancetypes-count": {
        "value": 26.26394417615498
      },
      "WATCH-virtualmachineclusterpreferences-count": {
        "value": 24.23257162713537
      },
      "WATCH-virtualmachineexports-count": {
        "value": 7.0505555555555555
      },
      "WATCH-virtualmachineinstancemigrations-count": {
        "value": 8.057777777777778
      },
      "WATCH-virtualmachineinstancepresets-count": {
        "value": 15.108329416360203
      },
      "WATCH-virtualmachineinstancereplicasets-count": {
        "value": 9.065
      },
      "WATCH-virtualmachineinstances-count": {
        "value": 34.24554100679821
      },
      "WATCH-virtualmachineinstancetypes-count": {
        "value": 8.057777777777778
      },
      "WATCH-virtualmachinepools-count": {
        "value": 8.057777777777778
      },
      "WATCH-virtualmachinepreferences-count": {
        "value": 7.0505555555555555
      },
      "WATCH-virtualmachinerestores-count": {
        "value": 25.180550519447245
      },
      "WATCH-virtualmachines-count": {
        "value": 7.0505555555555555
      },
      "WATCH-virtualmachinesnapshotcontents-count": {
        "value": 7.0505555555555555
      },
      "WATCH-virtualmachinesnapshots-count": {
        "value": 8.057777777777778
      },
      "avgVirtAPICPUUsage": {
        "value": 0.05518603666666667
      },
      "avgVirtAPIMemoryUsageInMB": {
        "value": 174.6970880681818
      },
      "avgVirtControllerCPUUsage": {
        "value": 0.3599071055555556
      },
      "avgVirtControllerMemoryUsageInMB": {
        "value": 1961.3431366219006
      },
      "maxVirtAPIMemoryUsageInMB": {
        "value": 177.794921875
      },
      "maxVirtControllerMemoryUsageInMB": {
        "value": 2685.15234375
      },
      "minVirtAPIMemoryUsageInMB": {
        "value": 166.916015625
      },
      "minVirtControllerMemoryUsageInMB": {
        "value": 1106.2734375
      },
      "virtControllerWorkqueueAddRate": {
        "value": 302.8115451408031
      },
      "virtControllerWorkqueueDepth": {
        "value": 0.621831194940839
      },
      "virtControllerWorkqueueP99Latency": {
        "value": 7.118661832429655
      },
      "vmiCreationToRunningSecondsP50": {
        "value": 0.6393528183716075,
        "thresholdResult": {
          "thresholdValue": 45,
          "thresholdExceeded": false
        }
      },
      "vmiCreationToRunningSecondsP95": {
        "value": 1.676923076923077,
        "thresholdResult": {
          "thresholdValue": 60,