{
  "JobDirCreationTime": "2025-04-14T08:19:33.994Z",
  "VMIResult": {
    "Values": {
      "CREATE-events-count": {
        "value": 159.24794814814814
      },
      "CREATE-pods-count": {
        "value": 107.49666666666668
      },
      "GET-leases-count": {
        "value": 188.8881728448102
      },
      "GET-nodes-count": {
        "value": 36.66666666666667
      },
      "LIST-nodes-count": {
        "value": 1.1110905353604563
      },
      "LIST-virtualmachineclusterinstancetypes-count": {
        "value": 1.1110905353604563
      },
      "LIST-virtualmachineclusterpreferences-count": {
        "value": 1.1110905353604563
      },
      "PATCH-nodes-count": {
        "value": 16.666666666666668
      },
      "PATCH-pods-count": {
        "value": 346.98423333333335
      },
      "PATCH-services-count": {
        "value": 4.444362141441825
      },
      "PATCH-validatingadmissionpolicies-count": {
        "value": 1.1110905353604563
      },
      "PATCH-validatingadmissionpolicybindings-count": {
        "value": 1.1110905353604563
      },
      "PATCH-virtualmachineinstances-count": {
        "value": 96.62275555555556,
        "thresholdResult": {
          "thresholdValue": 214.99333333333337,
          "thresholdMetric": "CREATE-pods-count",
          "thresholdRatio": 0.8988442018873969,
          "thresholdExceeded": false
        }
      },
      "UPDATE-leases-count": {
        "value": 297.77502062719003
      },
      "UPDATE-virtualmachineinstances-count": {
        "value": 526.8470833333333,
        "thresholdResult": {
          "thresholdValue": 1074.966666666667,
          "thresholdMetric": "CREATE-pods-count",
          "thresholdRatio": 4.901055071475084,
          "thresholdExceeded": false
        }
      },
      "WATCH-clusterroles-count": {
        "value": 1.111102880719402
      },
      "WATCH-configmaps-count": {
        "value": 5.555489712879119
      },
      "WATCH-customresourcedefinitions-count": {
        "value": 5.555506173662536
      },
      "WATCH-deployments-count": {
        "value": 1.111102880719402
      },
      "WATCH-kubevirts-count": {
        "value": 4.444436214052736
      },
      "WATCH-migrationpolicies-count": {
        "value": 1.1111111111111112
      },
      "WATCH-mutatingwebhookconfigurations-count": {
        "value": 1.1110905353604563
      },
      "WATCH-namespaces-count": {
        "value": 1.1111111111111112
      },
      "WATCH-poddisruptionbudgets-count": {
        "value": 1.1110905353604563
      },
      "WATCH-pods-count": {
        "value": 1.1110905353604563
      },
      "WATCH-prometheusrules-count": {
        "value": 1.1110905353604563
      },
      "WATCH-rolebindings-count": {
        "value": 1.111102880719402
      },
      "WATCH-roles-count": {
        "value": 1.111102880719402
      },
      "WATCH-secrets-count": {
        "value": 2.2221934160798584
      },
      "WATCH-serviceaccounts-count": {
        "value": 1.111102880719402
      },
      "WATCH-services-count": {
        "value": 1.1110905353604563
      },
      "WATCH-validatingadmissionpolicies-count": {
        "value": 1.1110905353604563
      },
      "WATCH-validatingadmissionpolicybindings-count": {
        "value": 1.1110905353604563
      },
      "WATCH-virtualmachineclusterinstancetypes-count": {
        "value": 1.1111111111111112
      },
      "WATCH-virtualmachineinstances-count": {
        "value": 2.2222222222222223
      },
      "avgVirtAPICPUUsage": {
        "value": 0.0101009462962963
      },
      "avgVirtAPIMemoryUsageInMB": {
        "value": 139.034765625
      },
      "avgVirtControllerCPUUsage": {
        "value": 0.02532537777777778
      },
      "avgVirtControllerMemoryUsageInMB": {
        "value": 64.50625
      },
      "avgVirtHandlerCPUUsage": {
        "value": 0.0007439896078262705
      },
      "avgVirtHandlerMemoryUsageInMB": {
        "value": 15.316776565028198
      },
      "maxVirtAPIMemoryUsageInMB": {
        "value": 163.146484375
      },
      "maxVirtControllerMemoryUsageInMB": {
        "value": 84.10546875
      },
      "maxVirtHandlerCPUUsage": {
        "value": 0.0007675801097393689
      },
      "maxVirtHandlerMemoryUsageInMB": {
        "value": 34.50261863425926
      },
      "minVirtAPIMemoryUsageInMB": {
        "value": 126.068359375
      },
      "minVirtControllerMemoryUsageInMB": {
        "value": 58.3125
      },
      "minVirtHandlerCPUUsage": {
        "value": 0.0007219503703703704
      },
      "minVirtHandlerMemoryUsageInMB": {
        "value": 5.381416015625
      },
      "running-phase-count": {
        "value": 89
      },
      "scheduled-phase-count": {
        "value": 12
      },
      "vmiCreationToRunningSecondsP50": {
        "value": 20.91171621300746,
        "thresholdResult": {
          "thresholdValue": 45,
          "thresholdExceeded": false
        }
      },
      "vmiCreationToRunningSecondsP95": {
        "value": 29.091171621300745,
        "thresholdResult": {
          "thresholdValue": 60,
          "thresholdExceeded": false
        }
      },
      "vmiCreationToRunningSecondsP99": {
        "value": 29.81823432426015
      },
      "vmiDeletionToFailedSecondsP50": {
        "value": 0
      },
      "vmiDeletionToFailedSecondsP95": {
        "value": 0
      },
      "vmiDeletionToFailedSecondsP99": {
        "value": 0
      },
      "vmiDeletionToSucceededSecondsP50": {
        "value": 0
      },
      "vmiDeletionToSucceededSecondsP95": {
        "value": 0
      },
      "vmiDeletionToSucceededSecondsP99": {
        "value": 0
      }
    }
  },
  "VMResult": {
    "Values": {
      "CREATE-controllerrevisions-count": {
        "value": 65.22236666666667
      },
      "CREATE-events-count": {
        "value": 877.7777777777778
      },
      "CREATE-pods-count": {
        "value": 111.11111111111111
      },
      "CREATE-virtualmachineinstances-count": {
        "value": 65.22236666666667
      },
      "GET-leases-count": {
        "value": 184.4437530915409
      },
      "GET-nodes-count": {
        "value": 33.333333333333336
      },
      "PATCH-nodes-count": {
        "value": 13.333333333333334
      },
      "PATCH-pods-count": {
        "value": 400
      },
      "PATCH-virtualmachineinstances-count": {
        "value": 222.22222222222223,
        "thresholdResult": {
          "thresholdValue": 222.22222222222223,
          "thresholdMetric": "CREATE-pods-count",
          "thresholdRatio": 2,
          "thresholdExceeded": false
        }
      },
      "PATCH-virtualmachines-count": {
        "value": 65.22236666666667
      },
      "UPDATE-leases-count": {
        "value": 300
      },
      "UPDATE-virtualmachineinstances-count": {
        "value": 901.1111111111111,
        "thresholdResult": {
          "thresholdValue": 1111.111111111111,
          "thresholdMetric": "CREATE-pods-count",
          "thresholdRatio": 8.11,
          "thresholdExceeded": false
        }
      },
      "UPDATE-virtualmachines-count": {
        "value": 930.7408
      },
      "WATCH-cdiconfigs-count": {
        "value": 1.1111111111111112
      },
      "WATCH-clusterroles-count": {
        "value": 2.2222222222222223
      },
      "WATCH-configmaps-count": {
        "value": 5.555555555555555
      },
      "WATCH-controllerrevisions-count": {
        "value": 1.1111111111111112
      },
      "WATCH-customresourcedefinitions-count": {
        "value": 4.444444444444445
      },
      "WATCH-daemonsets-count": {
        "value": 1.1111111111111112
      },
      "WATCH-deployments-count": {
        "value": 1.1111111111111112
      },
      "WATCH-jobs-count": {
        "value": 2.2222222222222223
      },
      "WATCH-kubevirts-count": {
        "value": 6.6666584362749575
      },
      "WATCH-namespaces-count": {
        "value": 4.444444444444445
      },
      "WATCH-nodes-count": {
        "value": 1.1111111111111112
      },