{
  "JobDirCreationTime": "2022-10-06T05:05:15.966Z",
  "VMIResult": {
    "Values": {
      "CREATE-events-count": {
        "value": 705.3106107936508
      },
      "CREATE-pods-count": {
        "value": 107.25750000000001
      },
      "DELETE-pods-count": {
        "value": 108.15142857142857
      },
      "GET-endpoints-count": {
        "value": 487.77777777777777
      },
      "GET-nodes-count": {
        "value": 13.333333333333334
      },
      "LIST-clusterrolebindings-count": {
        "value": 2.2222222222222223
      },
      "LIST-clusterroles-count": {
        "value": 1.1111111111111112
      },
      "LIST-configmaps-count": {
        "value": 7.777777777777779
      },
      "LIST-customresourcedefinitions-count": {
        "value": 10
      },
      "LIST-daemonsets-count": {
        "value": 2.2222222222222223
      },
      "LIST-ingresses-count": {
        "value": 1.1111111111111112
      },
      "LIST-jobs-count": {
        "value": 2.2222222222222223
      },
      "LIST-kubevirts-count": {
        "value": 6.666666666666666
      },
      "LIST-migrationpolicies-count": {
        "value": 1.1111111111111112
      },
      "LIST-mutatingwebhookconfigurations-count": {
        "value": 1.1111111111111112
      },
      "LIST-namespaces-count": {
        "value": 2.2222222222222223
      },
      "LIST-nodes-count": {
        "value": 1.1111111111111112
      },
      "LIST-poddisruptionbudgets-count": {
        "value": 2.2222222222222223
      },
      "LIST-pods-count": {
        "value": 2.2222222222222223
      },
      "LIST-prometheusrules-count": {
        "value": 2.2222222222222223
      },
      "LIST-rolebindings-count": {
        "value": 2.2222222222222223
      },
      "LIST-roles-count": {
        "value": 1.1111111111111112
      },
      "LIST-secrets-count": {
        "value": 3.3333333333333335
      },
      "LIST-serviceaccounts-count": {
        "value": 1.1111111111111112
      },
      "LIST-servicemonitors-count": {
        "value": 2.2222222222222223
      },
      "LIST-services-count": {
        "value": 3.3333333333333335
      },
      "LIST-storageclasses-count": {
        "value": 1.1111111111111112
      },
      "LIST-validatingwebhookconfigurations-count": {
        "value": 2.2222222222222223
      },
      "LIST-virtualmachineclones-count": {
        "value": 1.1111111111111112
      },
      "LIST-virtualmachineexports-count": {
        "value": 1.1111111111111112
      },
      "LIST-virtualmachineinstancepresets-count": {
        "value": 2.2222222222222223
      },
      "LIST-virtualmachineinstances-count": {
        "value": 11.111111111111112
      },
      "LIST-virtualmachinepools-count": {
        "value": 1.1111111111111112
      },
      "LIST-virtualmachinerestores-count": {
        "value": 1.1111111111111112
      },
      "LIST-virtualmachinesnapshotcontents-count": {
        "value": 1.1111111111111112
      },
      "PATCH-events-count": {
        "value": 161.98993809523807
      },
      "PATCH-nodes-count": {
        "value": 10
      },
      "PATCH-pods-count": {
        "value": 108.382575
      },
      "PATCH-virtualmachineinstances-count": {
        "value": 216.30285714285714
      },
      "UPDATE-endpoints-count": {
        "value": 298.8888888888889
      },
      "UPDATE-virtualmachineinstances-count": {
        "value": 989.6234466666667
      },
      "vmiCreationToRunningSecondsP50": {
        "value": 35.3650882532572
      },
      "vmiCreationToRunningSecondsP95": {
        "value": 55.79444755530669
      },
      "vmiCreationToRunningSecondsP99": {
        "value": 59.15888951106133
      }
    }
  },
  "VMResult": null
}
