{
  "JobDirCreationTime": "2025-12-31T06:26:09.26Z",
  "VMIResult": {
    "Values": {
      "CREATE-events-count": {
        "value": 138.8516129032258
      },
      "CREATE-pods-count": {
        "value": 101.69112903225806
      },
      "DELETE-jobs-count": {
        "value": 316.5
      },
      "DELETE-pods-count": {
        "value": 63.95894262295082
      },
      "GET-leases-count": {
        "value": 1185.6190476190477
      },
      "LIST-nodes-count": {
        "value": 316.5
      },
      "LIST-virtualmachineclusterinstancetypes-count": {
        "value": 316.5
      },
      "LIST-virtualmachineclusterpreferences-count": {
        "value": 316.5
      },
      "PATCH-events-count": {
        "value": 28.426196721311477
      },
      "PATCH-nodes-count": {
        "value": 92.42188940092166
      },
      "PATCH-pods-count": {
        "value": 101.69112903225806
      },
      "PATCH-services-count": {
        "value": 1266
      },
      "UPDATE-configmaps-count": {
        "value": 316.5
      },
      "UPDATE-leases-count": {
        "value": 1892.8741935483872
      },
      "UPDATE-virtualmachineinstances-count": {
        "value": 356.4258629032258
      },
      "WATCH-clusterrolebindings-count": {
        "value": 10.128648233486944
      },
      "WATCH-clusterroles-count": {
        "value": 8.102918586789555
      },
      "WATCH-configmaps-count": {
        "value": 62.92726574500768
      },
      "WATCH-controllerrevisions-count": {
        "value": 4.083870967741936
      },
      "WATCH-customresourcedefinitions-count": {
        "value": 47.645161290322584
      },
      "WATCH-daemonsets-count": {
        "value": 9.10768049155146
      },
      "WATCH-deployments-count": {
        "value": 7.08195084485407
      },
      "WATCH-ingresses-count": {
        "value": 5.10483870967742
      },
      "WATCH-jobs-count": {
        "value": 8.102918586789555
      },
      "WATCH-kubevirts-count": {
        "value": 38.50506912442397
      },
      "WATCH-leases-count": {
        "value": 8.102918586789555
      },
      "WATCH-migrationpolicies-count": {
        "value": 5.10483870967742
      },
      "WATCH-mutatingwebhookconfigurations-count": {
        "value": 9.10768049155146
      },
      "WATCH-namespaces-count": {
        "value": 22.315437788018436
      },
      "WATCH-nodes-count": {
        "value": 16.254454685099844
      },
      "WATCH-persistentvolumeclaims-count": {
        "value": 4.083870967741936
      },
      "WATCH-poddisruptionbudgets-count": {
        "value": 11.165821812596006
      },
      "WATCH-pods-count": {
        "value": 16.270660522273424
      },
      "WATCH-prometheusrules-count": {
        "value": 9.123886328725039
      },
      "WATCH-resourcequotas-count": {
        "value": 5.10483870967742
      },
      "WATCH-rolebindings-count": {
        "value": 8.102918586789555
      },
      "WATCH-roles-count": {
        "value": 9.123886328725039
      },
      "WATCH-routes-count": {
        "value": 12.20299539170507
      },
      "WATCH-secrets-count": {
        "value": 14.228725038402459
      },
      "WATCH-securitycontextconstraints-count": {
        "value": 9.123886328725039
      },
      "WATCH-serviceaccounts-count": {
        "value": 7.08195084485407
      },
      "WATCH-servicemonitors-count": {
        "value": 8.102918586789555
      },
      "WATCH-services-count": {
        "value": 12.18678955453149
      },
      "WATCH-storageclasses-count": {
        "value": 4.083870967741936
      },
      "WATCH-validatingwebhookconfigurations-count": {
        "value": 9.123886328725039
      },
      "WATCH-virtualmachinebackups-count": {
        "value": 13.191551459293395
      },
      "WATCH-virtualmachinebackuptrackers-count": {
        "value": 4.083870967741936
      },
      "WATCH-virtualmachineclones-count": {
        "value": 4.083870967741936
      },
      "WATCH-virtualmachineclusterinstancetypes-count": {
        "value": 14.21251920122888
      },
      "WATCH-virtualmachineclusterpreferences-count": {
        "value": 13.191551459293395
      },
      "WATCH-virtualmachineexports-count": {
        "value": 4.083870967741936
      },
      "WATCH-virtualmachineinstancemigrations-count": {
        "value": 4.083870967741936
      },
      "WATCH-virtualmachineinstancepresets-count": {
        "value": 9.123886328725039
      },
      "WATCH-virtualmachineinstancereplicasets-count": {
        "value": 4.083870967741936
      },
      "WATCH-virtualmachineinstances-count": {
        "value": 42.68617511520738
      },
      "WATCH-virtualmachineinstancetypes-count": {
        "value": 4.083870967741936
      },
      "WATCH-virtualmachinepools-count": {
        "value": 4.083870967741936
      },
      "WATCH-virtualmachinepreferences-count": {
        "value": 4.083870967741936
      },
      "WATCH-virtualmachinerestores-count": {
        "value": 13.207757296466974
      },
      "WATCH-virtualmachines-count": {
        "value": 4.083870967741936
      },
      "WATCH-virtualmachinesnapshotcontents-count": {
        "value": 5.10483870967742
      },
      "WATCH-virtualmachinesnapshots-count": {
        "value": 4.083870967741936
      },
      "WATCH-volumesnapshotclasses-count": {
        "value": 4.083870967741936
      },
      "WATCH-volumesnapshots-count": {
        "value": 5.10483870967742
      },
      "avgVirtAPICPUUsage": {
        "value": 0.004088737825672043
      },
      "avgVirtAPIMemoryUsageInMB": {
        "value": 181.83578249007934
      },
      "avgVirtControllerCPUUsage": {
        "value": 0.008463638729032257
      },
      "avgVirtControllerMemoryUsageInMB": {
        "value": 364.64211309523813
      },
      "failed-phase-count": {
        "value": 10
      },
      "maxVirtAPIMemoryUsageInMB": {
        "value": 201.05859375
      },
      "maxVirtControllerMemoryUsageInMB": {
        "value": 424.58984375
      },
      "minVirtAPIMemoryUsageInMB": {
        "value": 176.38671875
      },
      "minVirtControllerMemoryUsageInMB": {
        "value": 314.9609375
      },
      "vmiCreationToRunningSecondsP50": {
        "value": 0
      },
      "vmiCreationToRunningSecondsP95": {
        "value": 0
      },
      "vmiCreationToRunningSecondsP99": {
        "value": 0
      },
      "vmiDeletionToFailedSecondsP50": {
        "value": 0.25
      },
      "vmiDeletionToFailedSecondsP95": {
        "value": 0.475
      },
      "vmiDeletionToFailedSecondsP99": {
        "value": 0.495
      },
      "vmiDeletionToSucceededSecondsP50": {
        "value": 0
      },
      "vmiDeletionToSucceededSecondsP95": {
        "value": 0
      },
      "vmiDeletionToSucceededSecondsP99": {
        "value": 0
      }
    }
  },
  "VMResult": null
}
