{
  "JobDirCreationTime": "2023-08-19T05:01:54.329Z",
  "VMIResult": {
    "Values": {
      "CREATE-events-count": {
        "value": 680.0358796296297
      },
      "CREATE-pods-count": {
        "value": 104.19333333333334
      },
      "DELETE-pods-count": {
        "value": 104.99166666666669
      },
      "GET-endpoints-count": {
        "value": 485.55555555555554
      },
      "GET-leases-count": {
        "value": 783.3333333333334
      },
      "GET-nodes-count": {
        "value": 8.88888888888889
      },
      "LIST-clusterroles-count": {
        "value": 1.1111111111111112
      },
      "LIST-configmaps-count": {
        "value": 4.444444444444445
      },
      "LIST-controllerrevisions-count": {
        "value": 1.1111111111111112
      },
      "LIST-customresourcedefinitions-count": {
        "value": 7.777777777777777
      },
      "LIST-deployments-count": {
        "value": 2.2222222222222223
      },
      "LIST-jobs-count": {
        "value": 1.1111111111111112
      },
      "LIST-kubevirts-count": {
        "value": 2.2222222222222223
      },
      "LIST-migrationpolicies-count": {
        "value": 1.1111111111111112
      },
      "LIST-mutatingwebhookconfigurations-count": {
        "value": 1.1111111111111112
      },
      "LIST-namespaces-count": {
        "value": 3.3333333333333335
      },
      "LIST-nodes-count": {
        "value": 2.2222222222222223
      },
      "LIST-persistentvolumeclaims-count": {
        "value": 1.1111111111111112
      },
      "LIST-poddisruptionbudgets-count": {
        "value": 2.2222222222222223
      },
      "LIST-pods-count": {
        "value": 3.3333333333333335
      },
      "LIST-prometheusrules-count": {
        "value": 1.1111111111111112
      },
      "LIST-rolebindings-count": {
        "value": 1.1111111111111112
      },
      "LIST-routes-count": {
        "value": 1.1111111111111112
      },
      "LIST-secrets-count": {
        "value": 1.1111111111111112
      },
      "LIST-securitycontextconstraints-count": {
        "value": 1.1111111111111112
      },
      "LIST-serviceaccounts-count": {
        "value": 2.2222222222222223
      },
      "LIST-services-count": {
        "value": 2.2222222222222223
      },
      "LIST-validatingwebhookconfigurations-count": {
        "value": 2.2222222222222223
      },
      "LIST-virtualmachineclusterinstancetypes-count": {
        "value": 1.1111111111111112
      },
      "LIST-virtualmachineclusterpreferences-count": {
        "value": 1.1111111111111112
      },
      "LIST-virtualmachineinstances-count": {
        "value": 6.666666666666667
      },
      "LIST-virtualmachinerestores-count": {
        "value": 1.1111111111111112
      },
      "LIST-virtualmachines-count": {
        "value": 1.1111111111111112
      },
      "LIST-virtualmachinesnapshotcontents-count": {
        "value": 1.1111111111111112
      },
      "LIST-volumesnapshots-count": {
        "value": 1.1111111111111112
      },
      "PATCH-events-count": {
        "value": 20.10715
      },
      "PATCH-nodes-count": {
        "value": 7.777777777777778
      },
      "PATCH-pods-count": {
        "value": 209.63848888888887
      },
      "PATCH-services-count": {
        "value": 4.444444444444445
      },
      "PATCH-virtualmachineinstances-count": {
        "value": 209.98333333333338
      },
      "UPDATE-endpoints-count": {
        "value": 297.77777777777777
      },
      "UPDATE-leases-count": {
        "value": 297.77777777777777
      },
      "UPDATE-virtualmachineinstances-count": {
        "value": 1084.7039166666666
      },
      "vmiCreationToRunningSecondsP50": {
        "value": 44.43857939402713
      },
      "vmiCreationToRunningSecondsP95": {
        "value": 56.84494951518551
      },
      "vmiCreationToRunningSecondsP99": {
        "value": 59.368989903037104
      },
      "vmiDeletionToFailedSecondsP50": {
        "value": 0
      },
      "vmiDeletionToFailedSecondsP95": {
        "value": 0
      },
      "vmiDeletionToFailedSecondsP99": {
        "value": 0
      },
      "vmiDeletionToSucceededSecondsP50": {
        "value": 0.8045835483899189
      },
      "vmiDeletionToSucceededSecondsP95": {
        "value": 9.62568543724887
      },
      "vmiDeletionToSucceededSecondsP99": {
        "value": 17.475959612148422
      }
    }
  },
  "VMResult": null
}
