{
  "JobDirCreationTime": "2025-09-04T08:19:02.713Z",
  "VMIResult": {
    "Values": {
      "CREATE-deployments-count": {
        "value": 1.1059087017385978
      },
      "CREATE-events-count": {
        "value": 203.2423169247504
      },
      "CREATE-poddisruptionbudgets-count": {
        "value": 1.1059087017385978
      },
      "CREATE-pods-count": {
        "value": 109.25333333333333
      },
      "CREATE-virtualmachineclusterinstancetypes-count": {
        "value": 49.072026319151654
      },
      "GET-leases-count": {
        "value": 144.83129042531914
      },
      "GET-nodes-count": {
        "value": 27.871061564450926
      },
      "LIST-nodes-count": {
        "value": 44.23634806954391
      },
      "LIST-virtualmachineclusterinstancetypes-count": {
        "value": 32.30226105215794
      },
      "LIST-virtualmachineclusterpreferences-count": {
        "value": 32.30226105215794
      },
      "PATCH-nodes-count": {
        "value": 7.751153077371467
      },
      "PATCH-pods-count": {
        "value": 353.74080000000004
      },
      "PATCH-services-count": {
        "value": 176.94539227817563
      },
      "PATCH-validatingadmissionpolicies-count": {
        "value": 44.23634806954391
      },
      "PATCH-validatingadmissionpolicybindings-count": {
        "value": 44.23634806954391
      },
      "PATCH-virtualmachineinstances-count": {
        "value": 88.6935111111111,
        "thresholdResult": {
          "thresholdValue": 218.50666666666666,
          "thresholdMetric": "CREATE-pods-count",
          "thresholdRatio": 0.811815149296233,
          "thresholdExceeded": false
        }
      },
      "UPDATE-configmaps-count": {
        "value": 44.23634806954391
      },
      "UPDATE-kubevirts-count": {
        "value": 2.2118174034771956
      },
      "UPDATE-leases-count": {
        "value": 248.55513550689312
      },
      "UPDATE-virtualmachineinstances-count": {
        "value": 621.5099095121698,
        "thresholdResult": {
          "thresholdValue": 1092.5333333333333,
          "thresholdMetric": "CREATE-pods-count",
          "thresholdRatio": 5.6887043218712146,
          "thresholdExceeded": false
        }
      },
      "avgVirtAPICPUUsage": {
        "value": 0.010651197916666666
      },
      "avgVirtAPIMemoryUsageInMB": {
        "value": 143.87934027777777
      },
      "avgVirtControllerCPUUsage": {
        "value": 0.025880865555174597
      },
      "avgVirtControllerMemoryUsageInMB": {
        "value": 60.20361328125
      },
      "avgVirtHandlerCPUUsage": {
        "value": 0.0008728548289309707
      },
      "avgVirtHandlerMemoryUsageInMB": {
        "value": 28.421427408854168
      },
      "maxVirtAPIMemoryUsageInMB": {
        "value": 162.28125
      },
      "maxVirtControllerMemoryUsageInMB": {
        "value": 84.03515625
      },
      "maxVirtHandlerCPUUsage": {
        "value": 0.0009983485772234431
      },
      "maxVirtHandlerMemoryUsageInMB": {
        "value": 48.138020833333336
      },
      "minVirtAPIMemoryUsageInMB": {
        "value": 138.66015625
      },
      "minVirtControllerMemoryUsageInMB": {
        "value": 46.1171875
      },
      "minVirtHandlerCPUUsage": {
        "value": 0.0008129320942222223
      },
      "minVirtHandlerMemoryUsageInMB": {
        "value": 11.876302083333334
      },
      "none-none-count": {
        "value": 1.1185904761904761
      },
      "running-phase-count": {
        "value": 80
      },
      "scheduled-phase-count": {
        "value": 21
      },
      "vmiCreationToRunningSecondsP50": {
        "value": 21.659768032016796,
        "thresholdResult": {
          "thresholdValue": 45,
          "thresholdExceeded": false
        }
      },
      "vmiCreationToRunningSecondsP95": {
        "value": 29.16597680320168,
        "thresholdResult": {
          "thresholdValue": 60,
          "thresholdExceeded": false
        }
      },
      "vmiCreationToRunningSecondsP99": {
        "value": 29.833195360640335
      },
      "vmiDeletionToFailedSecondsP50": {
        "value": 0
      },
      "vmiDeletionToFailedSecondsP95": {
        "value": 0
      },
      "vmiDeletionToFailedSecondsP99": {
        "value": 0
      },
      "vmiDeletionToSucceededSecondsP50": {
        "value": 0
      },
      "vmiDeletionToSucceededSecondsP95": {
        "value": 0
      },
      "vmiDeletionToSucceededSecondsP99": {
        "value": 0
      }
    }
  },
  "VMResult": null
}
