{
  "JobDirCreationTime": "2023-05-08T05:00:40.25Z",
  "VMIResult": {
    "Values": {
      "CREATE-events-count": {
        "value": 697.88985
      },
      "CREATE-pods-count": {
        "value": 112.37733333333333
      },
      "DELETE-pods-count": {
        "value": 115.22166666666666
      },
      "GET-endpoints-count": {
        "value": 439.34293749999995
      },
      "GET-nodes-count": {
        "value": 21.2466
      },
      "LIST-nodes-count": {
        "value": 4.589650000000001
      },
      "PATCH-events-count": {
        "value": 10.160744444444447
      },
      "PATCH-nodes-count": {
        "value": 7.0822
      },
      "PATCH-pods-count": {
        "value": 224.86844000000002
      },
      "PATCH-services-count": {
        "value": 18.358600000000003
      },
      "PATCH-virtualmachineinstances-count": {
        "value": 230.44333333333333
      },
      "UPDATE-endpoints-count": {
        "value": 273.0750875
      },
      "UPDATE-kubevirts-count": {
        "value": 1.1474125000000002
      },
      "UPDATE-virtualmachineinstances-count": {
        "value": 1102.3695155555554
      },
      "none-none-count": {
        "value": 2.293441666666667
      },
      "vmiCreationToRunningSecondsP50": {
        "value": 43.91823777951629
      },
      "vmiCreationToRunningSecondsP95": {
        "value": 49.73797762410547
      },
      "vmiCreationToRunningSecondsP99": {
        "value": 56.637483645348475
      },
      "vmiDeletionToFailedSecondsP50": {
        "value": 0
      },
      "vmiDeletionToFailedSecondsP95": {
        "value": 0
      },
      "vmiDeletionToFailedSecondsP99": {
        "value": 0
      },
      "vmiDeletionToSucceededSecondsP50": {
        "value": 0.7333056185766107
      },
      "vmiDeletionToSucceededSecondsP95": {
        "value": 1.351556367005677
      },
      "vmiDeletionToSucceededSecondsP99": {
        "value": 5.406225468022731
      }
    }
  },
  "VMResult": null
}
