{
  "JobDirCreationTime": "2025-03-21T05:21:40.944Z",
  "VMIResult": {
    "Values": {
      "CREATE-events-count": {
        "value": 722.0719185185186
      },
      "CREATE-pods-count": {
        "value": 103.57933333333334
      },
      "DELETE-pods-count": {
        "value": 405.6167305555556
      },
      "GET-leases-count": {
        "value": 190
      },
      "GET-nodes-count": {
        "value": 23.333333333333336
      },
      "PATCH-events-count": {
        "value": 254.03706111111111
      },
      "PATCH-nodes-count": {
        "value": 10
      },
      "PATCH-pods-count": {
        "value": 310.738
      },
      "PATCH-virtualmachineinstances-count": {
        "value": 208.44833333333335
      },
      "UPDATE-leases-count": {
        "value": 300
      },
      "UPDATE-virtualmachineinstances-count": {
        "value": 1000.88172
      },
      "WATCH-clusterrolebindings-count": {
        "value": 2.2222222222222223
      },
      "WATCH-clusterroles-count": {
        "value": 2.2222222222222223
      },
      "WATCH-configmaps-count": {
        "value": 11.11111111111111
      },
      "WATCH-controllerrevisions-count": {
        "value": 1.1111111111111112
      },
      "WATCH-customresourcedefinitions-count": {
        "value": 7.777777777777779
      },
      "WATCH-daemonsets-count": {
        "value": 1.1111111111111114
      },
      "WATCH-deployments-count": {
        "value": 2.2222222222222223
      },
      "WATCH-jobs-count": {
        "value": 1.1111111111111114
      },
      "WATCH-kubevirts-count": {
        "value": 6.666666666666668
      },
      "WATCH-mutatingwebhookconfigurations-count": {
        "value": 2.2222222222222223
      },
      "WATCH-namespaces-count": {
        "value": 4.444444444444445
      },
      "WATCH-nodes-count": {
        "value": 1.1111111111111112
      },
      "WATCH-persistentvolumeclaims-count": {
        "value": 1.1111111111111112
      },
      "WATCH-poddisruptionbudgets-count": {
        "value": 2.2222222222222223
      },
      "WATCH-pods-count": {
        "value": 2.2222222222222223
      },
      "WATCH-prometheusrules-count": {
        "value": 2.2222222222222223
      },
      "WATCH-roles-count": {
        "value": 1.1111111111111114
      },
      "WATCH-routes-count": {
        "value": 1.1111111111111112
      },
      "WATCH-secrets-count": {
        "value": 3.3333333333333335
      },
      "WATCH-securitycontextconstraints-count": {
        "value": 1.1111111111111114
      },
      "WATCH-serviceaccounts-count": {
        "value": 2.2222222222222223
      },
      "WATCH-services-count": {
        "value": 1.1111111111111112
      },
      "WATCH-storageclasses-count": {
        "value": 1.1111111111111112
      },
      "WATCH-validatingwebhookconfigurations-count": {
        "value": 2.2222222222222223
      },
      "WATCH-virtualmachineclones-count": {
        "value": 1.1111111111111112
      },
      "WATCH-virtualmachineclusterinstancetypes-count": {
        "value": 1.1111111111111112
      },
      "WATCH-virtualmachineclusterpreferences-count": {
        "value": 3.3333333333333335
      },
      "WATCH-virtualmachineinstancemigrations-count": {
        "value": 1.1111111111111112
      },
      "WATCH-virtualmachineinstancepresets-count": {
        "value": 1.1111111111111112
      },
      "WATCH-virtualmachineinstancereplicasets-count": {
        "value": 1.1111111111111112
      },
      "WATCH-virtualmachineinstances-count": {
        "value": 3.3333333333333335
      },
      "WATCH-virtualmachineinstancetypes-count": {
        "value": 1.1111111111111112
      },
      "WATCH-virtualmachinepools-count": {
        "value": 1.1111111111111112
      },
      "WATCH-virtualmachinepreferences-count": {
        "value": 1.1111111111111112
      },
      "WATCH-virtualmachinerestores-count": {
        "value": 1.1111111111111112
      },
      "WATCH-virtualmachines-count": {
        "value": 1.1111111111111112
      },
      "WATCH-virtualmachinesnapshotcontents-count": {
        "value": 1.1111111111111112
      },
      "WATCH-volumesnapshotclasses-count": {
        "value": 1.1111111111111112
      },
      "WATCH-volumesnapshots-count": {
        "value": 1.1111111111111112
      },
      "avgVirtAPICPUUsage": {
        "value": 0.025385861175000003
      },
      "avgVirtAPIMemoryUsageInMB": {
        "value": 172.0431640625
      },
      "avgVirtControllerCPUUsage": {
        "value": 0.03818947920740741
      },
      "avgVirtControllerMemoryUsageInMB": {
        "value": 90.36835937500001
      },
      "avgVirtHandlerCPUUsage": {
        "value": 0.06496289349197532
      },
      "avgVirtHandlerMemoryUsageInMB": {
        "value": 41.95013777756776
      },
      "maxVirtAPIMemoryUsageInMB": {
        "value": 193.099609375
      },
      "maxVirtControllerMemoryUsageInMB": {
        "value": 114.79296875
      },
      "maxVirtHandlerCPUUsage": {
        "value": 0.08249562817037037
      },
      "maxVirtHandlerMemoryUsageInMB": {
        "value": 102.98079427083333
      },
      "minVirtAPIMemoryUsageInMB": {
        "value": 155.857421875
      },
      "minVirtControllerMemoryUsageInMB": {
        "value": 70.515625
      },
      "minVirtHandlerCPUUsage": {
        "value": 0.036219089642592586
      },
      "minVirtHandlerMemoryUsageInMB": {
        "value": 8.34600830078125
      },
      "succeeded-phase-count": {
        "value": 4
      },
      "vmiCreationToRunningSecondsP50": {
        "value": 45.88961569441598
      },
      "vmiCreationToRunningSecondsP95": {
        "value": 57.980624692215166
      },
      "vmiCreationToRunningSecondsP99": {
        "value": 59.59612493844304
      },
      "vmiDeletionToFailedSecondsP50": {
        "value": 0
      },
      "vmiDeletionToFailedSecondsP95": {
        "value": 0
      },
      "vmiDeletionToFailedSecondsP99": {
        "value": 0
      },
      "vmiDeletionToSucceededSecondsP50": {
        "value": 0.8472784899216267
      },
      "vmiDeletionToSucceededSecondsP95": {
        "value": 9.691635803099388
      },
      "vmiDeletionToSucceededSecondsP99": {
        "value": 17.475780865268977
      }
    }
  },
  "VMResult": null
}
