{
  "JobDirCreationTime": "2025-08-18T08:19:49.067Z",
  "VMIResult": {
    "Values": {
      "CREATE-events-count": {
        "value": 127.64927222222222
      },
      "CREATE-pods-count": {
        "value": 106.71916666666668
      },
      "CREATE-virtualmachineclusterpreferences-count": {
        "value": 33.19142666666667
      },
      "GET-leases-count": {
        "value": 136.62940052619496
      },
      "GET-nodes-count": {
        "value": 28.85153987896498
      },
      "LIST-nodes-count": {
        "value": 35.684338888888895
      },
      "LIST-virtualmachineclusterinstancetypes-count": {
        "value": 31.973349999999996
      },
      "LIST-virtualmachineclusterpreferences-count": {
        "value": 31.973349999999996
      },
      "PATCH-nodes-count": {
        "value": 8.087870917799519
      },
      "PATCH-pods-count": {
        "value": 334.9581833333334
      },
      "PATCH-services-count": {
        "value": 142.73735555555558
      },
      "PATCH-validatingadmissionpolicies-count": {
        "value": 35.684338888888895
      },
      "PATCH-validatingadmissionpolicybindings-count": {
        "value": 35.684338888888895
      },
      "PATCH-virtualmachineinstances-count": {
        "value": 93.55797777777778,
        "thresholdResult": {
          "thresholdValue": 213.43833333333336,
          "thresholdMetric": "CREATE-pods-count",
          "thresholdRatio": 0.8766745534099101,
          "thresholdExceeded": false
        }
      },
      "UPDATE-configmaps-count": {
        "value": 35.684338888888895
      },
      "UPDATE-kubevirts-count": {
        "value": 1.2304944444444446
      },
      "UPDATE-leases-count": {
        "value": 211.676
      },
      "UPDATE-virtualmachineinstances-count": {
        "value": 612.6767603306336,
        "thresholdResult": {
          "thresholdValue": 1067.1916666666668,
          "thresholdMetric": "CREATE-pods-count",
          "thresholdRatio": 5.741018970325232,
          "thresholdExceeded": false
        }
      },
      "avgVirtAPICPUUsage": {
        "value": 0.009838181391555555
      },
      "avgVirtAPIMemoryUsageInMB": {
        "value": 126.40390625
      },
      "avgVirtControllerCPUUsage": {
        "value": 0.026049810101333334
      },
      "avgVirtControllerMemoryUsageInMB": {
        "value": 54.60894097222222
      },
      "avgVirtHandlerCPUUsage": {
        "value": 0.0008774959827197299
      },
      "avgVirtHandlerMemoryUsageInMB": {
        "value": 13.335853725087125
      },
      "maxVirtAPIMemoryUsageInMB": {
        "value": 160.396484375
      },
      "maxVirtControllerMemoryUsageInMB": {
        "value": 84.0546875
      },
      "maxVirtHandlerCPUUsage": {
        "value": 0.0009052755457301587
      },
      "maxVirtHandlerMemoryUsageInMB": {
        "value": 28.15155498798077
      },
      "minVirtAPIMemoryUsageInMB": {
        "value": 0
      },
      "minVirtControllerMemoryUsageInMB": {
        "value": 0
      },
      "minVirtHandlerCPUUsage": {
        "value": 0.0008372424190597128
      },
      "minVirtHandlerMemoryUsageInMB": {
        "value": 4.912232349537037
      },
      "running-phase-count": {
        "value": 87
      },
      "scheduled-phase-count": {
        "value": 14
      },
      "vmiCreationToRunningSecondsP50": {
        "value": 22.365145852767554,
        "thresholdResult": {
          "thresholdValue": 45,
          "thresholdExceeded": false
        }
      },
      "vmiCreationToRunningSecondsP95": {
        "value": 29.23651458527676,
        "thresholdResult": {
          "thresholdValue": 60,
          "thresholdExceeded": false
        }
      },
      "vmiCreationToRunningSecondsP99": {
        "value": 29.84730291705535
      },
      "vmiDeletionToFailedSecondsP50": {
        "value": 0
      },
      "vmiDeletionToFailedSecondsP95": {
        "value": 0
      },
      "vmiDeletionToFailedSecondsP99": {
        "value": 0
      },
      "vmiDeletionToSucceededSecondsP50": {
        "value": 0
      },
      "vmiDeletionToSucceededSecondsP95": {
        "value": 0
      },
      "vmiDeletionToSucceededSecondsP99": {
        "value": 0
      }
    }
  },
  "VMResult": null
}
