{
  "JobDirCreationTime": "2025-12-03T06:14:44.289Z",
  "VMIResult": {
    "Values": {
      "CREATE-events-count": {
        "value": 169.8047619047619
      },
      "CREATE-pods-count": {
        "value": 100.47619047619048
      },
      "DELETE-jobs-count": {
        "value": 318.541935483871
      },
      "DELETE-pods-count": {
        "value": 159.77546129032257
      },
      "GET-leases-count": {
        "value": 1184.3225806451615
      },
      "LIST-nodes-count": {
        "value": 318.541935483871
      },
      "LIST-virtualmachineclusterinstancetypes-count": {
        "value": 318.541935483871
      },
      "LIST-virtualmachineclusterpreferences-count": {
        "value": 318.541935483871
      },
      "PATCH-events-count": {
        "value": 91.01133870967742
      },
      "PATCH-nodes-count": {
        "value": 92.94047619047619
      },
      "PATCH-pods-count": {
        "value": 100.47619047619048
      },
      "PATCH-services-count": {
        "value": 1274.167741935484
      },
      "UPDATE-configmaps-count": {
        "value": 318.541935483871
      },
      "UPDATE-leases-count": {
        "value": 1894.9485407066054
      },
      "UPDATE-virtualmachineinstances-count": {
        "value": 416.9761904761905
      },
      "WATCH-clusterrolebindings-count": {
        "value": 9.188709677419356
      },
      "WATCH-clusterroles-count": {
        "value": 7.146774193548387
      },
      "WATCH-configmaps-count": {
        "value": 64.06167434715822
      },
      "WATCH-controllerrevisions-count": {
        "value": 4.019047619047619
      },
      "WATCH-customresourcedefinitions-count": {
        "value": 47.74239631336407
      },
      "WATCH-daemonsets-count": {
        "value": 8.167741935483871
      },
      "WATCH-deployments-count": {
        "value": 8.167741935483871
      },
      "WATCH-ingresses-count": {
        "value": 4.019047619047619
      },
      "WATCH-jobs-count": {
        "value": 8.167741935483871
      },
      "WATCH-kubevirts-count": {
        "value": 41.64900153609832
      },
      "WATCH-leases-count": {
        "value": 8.167741935483871
      },
      "WATCH-migrationpolicies-count": {
        "value": 4.019047619047619
      },
      "WATCH-mutatingwebhookconfigurations-count": {
        "value": 10.20967741935484
      },
      "WATCH-namespaces-count": {
        "value": 20.35453149001536
      },
      "WATCH-nodes-count": {
        "value": 16.141013824884794
      },
      "WATCH-persistentvolumeclaims-count": {
        "value": 4.019047619047619
      },
      "WATCH-poddisruptionbudgets-count": {
        "value": 13.207757296466974
      },
      "WATCH-pods-count": {
        "value": 16.22204301075269
      },
      "WATCH-prometheusrules-count": {
        "value": 8.167741935483871
      },
      "WATCH-resourcequotas-count": {
        "value": 5.023809523809524
      },
      "WATCH-rolebindings-count": {
        "value": 8.167741935483871
      },
      "WATCH-roles-count": {
        "value": 8.167741935483871
      },
      "WATCH-routes-count": {
        "value": 12.18678955453149
      },
      "WATCH-secrets-count": {
        "value": 14.21251920122888
      },
      "WATCH-securitycontextconstraints-count": {
        "value": 8.167741935483871
      },
      "WATCH-serviceaccounts-count": {
        "value": 9.188709677419356
      },
      "WATCH-servicemonitors-count": {
        "value": 8.167741935483871
      },
      "WATCH-services-count": {
        "value": 12.18678955453149
      },
      "WATCH-storageclasses-count": {
        "value": 5.023809523809524
      },
      "WATCH-validatingwebhookconfigurations-count": {
        "value": 9.188709677419356
      },
      "WATCH-virtualmachineclones-count": {
        "value": 4.019047619047619
      },
      "WATCH-virtualmachineclusterinstancetypes-count": {
        "value": 11.182027649769585
      },
      "WATCH-virtualmachineclusterpreferences-count": {
        "value": 13.207757296466974
      },
      "WATCH-virtualmachineexports-count": {
        "value": 4.019047619047619
      },
      "WATCH-virtualmachineinstancemigrations-count": {
        "value": 5.023809523809524
      },
      "WATCH-virtualmachineinstancepresets-count": {
        "value": 8.167741935483871
      },
      "WATCH-virtualmachineinstancereplicasets-count": {
        "value": 5.023809523809524
      },
      "WATCH-virtualmachineinstances-count": {
        "value": 41.389708141321044
      },
      "WATCH-virtualmachineinstancetypes-count": {
        "value": 5.023809523809524
      },
      "WATCH-virtualmachinepools-count": {
        "value": 4.019047619047619
      },
      "WATCH-virtualmachinepreferences-count": {
        "value": 4.019047619047619
      },
      "WATCH-virtualmachinerestores-count": {
        "value": 13.207757296466974
      },
      "WATCH-virtualmachines-count": {
        "value": 4.019047619047619
      },
      "WATCH-virtualmachinesnapshotcontents-count": {
        "value": 5.023809523809524
      },
      "WATCH-virtualmachinesnapshots-count": {
        "value": 4.019047619047619
      },
      "WATCH-volumesnapshotclasses-count": {
        "value": 4.019047619047619
      },
      "WATCH-volumesnapshots-count": {
        "value": 5.023809523809524
      },
      "avgVirtAPICPUUsage": {
        "value": 0.003902070705510753
      },
      "avgVirtAPIMemoryUsageInMB": {
        "value": 174.1863219246032
      },
      "avgVirtControllerCPUUsage": {
        "value": 0.00920488663924731
      },
      "avgVirtControllerMemoryUsageInMB": {
        "value": 334.2835441468254
      },
      "failed-phase-count": {
        "value": 23
      },
      "maxVirtAPIMemoryUsageInMB": {
        "value": 206.2060546875
      },
      "maxVirtControllerMemoryUsageInMB": {
        "value": 419.94921875
      },
      "minVirtAPIMemoryUsageInMB": {
        "value": 165.478515625
      },
      "minVirtControllerMemoryUsageInMB": {
        "value": 277.9375
      },
      "scheduling-phase-count": {
        "value": 32
      },
      "vmiCreationToRunningSecondsP50": {
        "value": 0
      },
      "vmiCreationToRunningSecondsP95": {
        "value": 0
      },
      "vmiCreationToRunningSecondsP99": {
        "value": 0
      },
      "vmiDeletionToFailedSecondsP50": {
        "value": 0.25
      },
      "vmiDeletionToFailedSecondsP95": {
        "value": 0.475
      },
      "vmiDeletionToFailedSecondsP99": {
        "value": 0.495
      },
      "vmiDeletionToSucceededSecondsP50": {
        "value": 0
      },
      "vmiDeletionToSucceededSecondsP95": {
        "value": 0
      },
      "vmiDeletionToSucceededSecondsP99": {
        "value": 0
      }
    }
  },
  "VMResult": null
}
