{
  "JobDirCreationTime": "2025-05-12T16:20:30.927Z",
  "VMIResult": {
    "Values": {
      "CREATE-events-count": {
        "value": 164.11707466326973
      },
      "CREATE-pods-count": {
        "value": 112.70416666666667
      },
      "GET-leases-count": {
        "value": 126.79505555555556
      },
      "GET-nodes-count": {
        "value": 34.84503216619388
      },
      "LIST-nodes-count": {
        "value": 3.6624400000000006
      },
      "LIST-virtualmachineclusterinstancetypes-count": {
        "value": 3.6624400000000006
      },
      "LIST-virtualmachineclusterpreferences-count": {
        "value": 3.6624400000000006
      },
      "PATCH-nodes-count": {
        "value": 8.149416374881804
      },
      "PATCH-pods-count": {
        "value": 367.1555833333333
      },
      "PATCH-services-count": {
        "value": 14.649760000000002
      },
      "PATCH-validatingadmissionpolicies-count": {
        "value": 3.6624400000000006
      },
      "PATCH-validatingadmissionpolicybindings-count": {
        "value": 3.6624400000000006
      },
      "PATCH-virtualmachineinstances-count": {
        "value": 86.54811111111111,
        "thresholdResult": {
          "thresholdValue": 225.40833333333333,
          "thresholdMetric": "CREATE-pods-count",
          "thresholdRatio": 0.7679229053446215,
          "thresholdExceeded": false
        }
      },
      "UPDATE-leases-count": {
        "value": 196.08350000000002
      },
      "UPDATE-virtualmachineinstances-count": {
        "value": 642.6655940139956,
        "thresholdResult": {
          "thresholdValue": 1127.0416666666667,
          "thresholdMetric": "CREATE-pods-count",
          "thresholdRatio": 5.702234558148506,
          "thresholdExceeded": false
        }
      },
      "WATCH-kubevirts-count": {
        "value": 1.1262222222222222
      },
      "WATCH-validatingadmissionpolicies-count": {
        "value": 1.2208133333333335
      },
      "avgVirtAPICPUUsage": {
        "value": 0.01067502988097594
      },
      "avgVirtAPIMemoryUsageInMB": {
        "value": 142.00564236111111
      },
      "avgVirtControllerCPUUsage": {
        "value": 0.026411681400925698
      },
      "avgVirtControllerMemoryUsageInMB": {
        "value": 63.361328125
      },
      "avgVirtHandlerCPUUsage": {
        "value": 0.0007738862756888978
      },
      "avgVirtHandlerMemoryUsageInMB": {
        "value": 54.4794921875
      },
      "maxVirtAPIMemoryUsageInMB": {
        "value": 160.720703125
      },
      "maxVirtControllerMemoryUsageInMB": {
        "value": 86.91796875
      },
      "maxVirtHandlerCPUUsage": {
        "value": 0.0008292025395982905
      },
      "maxVirtHandlerMemoryUsageInMB": {
        "value": 54.4794921875
      },
      "minVirtAPIMemoryUsageInMB": {
        "value": 136.044921875
      },
      "minVirtControllerMemoryUsageInMB": {
        "value": 50.05078125
      },
      "minVirtHandlerCPUUsage": {
        "value": 0.0007526760045697367
      },
      "minVirtHandlerMemoryUsageInMB": {
        "value": 54.4794921875
      },
      "running-phase-count": {
        "value": 75
      },
      "scheduled-phase-count": {
        "value": 26
      },
      "vmiCreationToRunningSecondsP50": {
        "value": 19.358126291508484,
        "thresholdResult": {
          "thresholdValue": 45,
          "thresholdExceeded": false
        }
      },
      "vmiCreationToRunningSecondsP95": {
        "value": 28.926358982558376,
        "thresholdResult": {
          "thresholdValue": 60,
          "thresholdExceeded": false
        }
      },
      "vmiCreationToRunningSecondsP99": {
        "value": 29.78527179651168
      },
      "vmiDeletionToFailedSecondsP50": {
        "value": 0
      },
      "vmiDeletionToFailedSecondsP95": {
        "value": 0
      },
      "vmiDeletionToFailedSecondsP99": {
        "value": 0
      },
      "vmiDeletionToSucceededSecondsP50": {
        "value": 0
      },
      "vmiDeletionToSucceededSecondsP95": {
        "value": 0
      },
      "vmiDeletionToSucceededSecondsP99": {
        "value": 0
      }
    }
  },
  "VMResult": {
    "Values": {
      "CREATE-controllerrevisions-count": {
        "value": 134.55096666666668
      },
      "CREATE-events-count": {
        "value": 916.6588645342928
      },
      "CREATE-pods-count": {
        "value": 111.11111111111111
      },
      "CREATE-virtualmachineinstances-count": {
        "value": 134.55096666666668
      },
      "DELETE-pods-count": {
        "value": 107.5188
      },
      "GET-leases-count": {
        "value": 188.8878395178325
      },
      "GET-nodes-count": {
        "value": 23.33292594419971
      },
      "PATCH-events-count": {
        "value": 92.5188
      },
      "PATCH-nodes-count": {
        "value": 11.110934164227642
      },
      "PATCH-pods-count": {
        "value": 372.22222222222223
      },
      "PATCH-virtualmachineinstances-count": {
        "value": 201.11111111111111,
        "thresholdResult": {
          "thresholdValue": 222.22222222222223,
          "thresholdMetric": "CREATE-pods-count",
          "thresholdRatio": 1.81,
          "thresholdExceeded": false
        }
      },
      "PATCH-virtualmachines-count": {
        "value": 134.55096666666668
      },
      "UPDATE-leases-count": {
        "value": 297.77777777777777
      },
      "UPDATE-virtualmachineinstances-count": {
        "value": 985.548284268191,
        "thresholdResult": {
          "thresholdValue": 1111.111111111111,
          "thresholdMetric": "CREATE-pods-count",
          "thresholdRatio": 8.869934558413718,
          "thresholdExceeded": false
        }
      },
      "UPDATE-virtualmachines-count": {
        "value": 1312.0284666666669
      },
      "WATCH-cdiconfigs-count": {
        "value": 1.1111111111111112
      },
      "WATCH-cdis-count": {
        "value": 1.1111111111111112
      },
      "WATCH-clusterrolebindings-count": {
        "value": 1.1111111111111112
      },
      "WATCH-clusterroles-count": {
        "value": 1.1110987655692715
      },
      "WATCH-configmaps-count": {
        "value": 14.444296300441852
      },
      "WATCH-controllerrevisions-count": {
        "value": 1.1111111111111112
      },
      "WATCH-customresourcedefinitions-count": {
        "value": 11.111037039810878
      },
      "WATCH-daemonsets-count": {
        "value": 1.1110987655692715
      },
      "WATCH-datasources-count": {
        "value": 3.3333086425239937
      },
      "WATCH-deployments-count": {
        "value": 1.1111111111111112
      },
      "WATCH-ingresses-count": {
        "value": 1.1111111111111112
      },
      "WATCH-jobs-count": {
        "value": 2.222209876680383
      },
      "WATCH-kubevirts-count": {
        "value": 9.999913583432267
      },
      "WATCH-migrationpolicies-count": {
        "value": 1.1111111111111112
      },
      "WATCH-mutatingwebhookconfigurations-count": {
        "value": 2.222209876680383
      },
      "WATCH-namespaces-count": {
        "value": 5.555518519204377
      },
      "WATCH-nodes-count": {
        "value": 1.1111111111111112
      },
      "WATCH-persistentvolumeclaims-count": {
        "value": 1.1111111111111112
      },
      "WATCH-poddisruptionbudgets-count": {
        "value": 3.333320987791494
      },
      "WATCH-pods-count": {
        "value": 2.2222222222222223
      },
      "WATCH-prometheusrules-count": {
        "value": 2.222209876680383
      },
      "WATCH-resourcequotas-count": {
        "value": 1.1111111111111112
      },
      "WATCH-roles-count": {
        "value": 1.1110987655692715
      },
      "WATCH-secrets-count": {
        "value": 1.1111111111111112
      },
      "WATCH-serviceaccounts-count": {
        "value": 2.222209876680383
      },
      "WATCH-servicemonitors-count": {
        "value": 2.222209876680383
      },
      "WATCH-services-count": {
        "value": 2.2222222222222223
      },