{
  "JobDirCreationTime": "2026-05-26T23:35:00.939Z",
  "VMIResult": {
    "Values": {
      "CREATE-events-count": {
        "value": 15508.945533333335
      },
      "CREATE-pods-count": {
        "value": 8061.266666666666
      },
      "DELETE-pods-count": {
        "value": 4758.610524034936
      },
      "GET-leases-count": {
        "value": 2190.73844802834
      },
      "GET-mutatingwebhookconfigurations-count": {
        "value": 595.2655172413794
      },
      "LIST-virtualmachineclusterinstancetypes-count": {
        "value": 595.2655172413794
      },
      "LIST-virtualmachineclusterpreferences-count": {
        "value": 595.2655172413794
      },
      "PATCH-nodes-count": {
        "value": 54.66724137931035
      },
      "PATCH-pods-count": {
        "value": 17468.654268405797
      },
      "PATCH-services-count": {
        "value": 2381.0620689655175
      },
      "PATCH-validatingadmissionpolicies-count": {
        "value": 595.2655172413794
      },
      "PATCH-validatingadmissionpolicybindings-count": {
        "value": 595.2655172413794
      },
      "PATCH-virtualmachineinstances-count": {
        "value": 9974.0046669778,
        "thresholdResult": {
          "thresholdValue": 16122.533333333333,
          "thresholdMetric": "CREATE-pods-count",
          "thresholdRatio": 1.2372751180928308,
          "thresholdExceeded": false
        }
      },
      "UPDATE-configmaps-count": {
        "value": 595.2655172413794
      },
      "UPDATE-leases-count": {
        "value": 3510.8517241379313
      },
      "UPDATE-virtualmachineinstances-count": {
        "value": 26811.572205239816,
        "thresholdResult": {
          "thresholdValue": 80612.66666666666,
          "thresholdMetric": "CREATE-pods-count",
          "thresholdRatio": 3.3259750996832365,
          "thresholdExceeded": false
        }
      },
      "WATCH-cdiconfigs-count": {
        "value": 9.111206896551725
      },
      "WATCH-cdis-count": {
        "value": 7.086494252873564
      },
      "WATCH-clusterrolebindings-count": {
        "value": 15.185340173077059
      },
      "WATCH-clusterroles-count": {
        "value": 16.197696494916137
      },
      "WATCH-configmaps-count": {
        "value": 109.07477185631956
      },
      "WATCH-controllerrevisions-count": {
        "value": 8.098850574712644
      },
      "WATCH-customresourcedefinitions-count": {
        "value": 65.67330459566921
      },
      "WATCH-daemonsets-count": {
        "value": 15.185340173077059
      },
      "WATCH-datasources-count": {
        "value": 26.174109809244086
      },
      "WATCH-datavolumes-count": {
        "value": 8.098850574712644
      },
      "WATCH-deployments-count": {
        "value": 15.185340754890703
      },
      "WATCH-ingresses-count": {
        "value": 8.098850574712644
      },
      "WATCH-jobs-count": {
        "value": 15.185340754890703
      },
      "WATCH-kubevirts-count": {
        "value": 53.52503851545586
      },
      "WATCH-leases-count": {
        "value": 15.185340173077059
      },
      "WATCH-migrationpolicies-count": {
        "value": 7.086494252873564
      },
      "WATCH-mutatingwebhookconfigurations-count": {
        "value": 14.17298443305162
      },
      "WATCH-namespaces-count": {
        "value": 37.32733107505681
      },
      "WATCH-nodes-count": {
        "value": 15.185344827586208
      },
      "WATCH-persistentvolumeclaims-count": {
        "value": 7.086494252873564
      },
      "WATCH-poddisruptionbudgets-count": {
        "value": 23.2841907477897
      },
      "WATCH-pods-count": {
        "value": 31.383041322502343
      },
      "WATCH-prometheusrules-count": {
        "value": 15.185340173077059
      },
      "WATCH-resourcequotas-count": {
        "value": 9.111206896551725
      },
      "WATCH-rolebindings-count": {
        "value": 15.185340754890703
      },
      "WATCH-roles-count": {
        "value": 15.185340754890703
      },
      "WATCH-secrets-count": {
        "value": 24.296547069628783
      },
      "WATCH-serviceaccounts-count": {
        "value": 16.197696494916137
      },
      "WATCH-servicemonitors-count": {
        "value": 15.185340754890703
      },
      "WATCH-services-count": {
        "value": 24.296547069628783
      },
      "WATCH-storageclasses-count": {
        "value": 7.086494252873564
      },
      "WATCH-storageprofiles-count": {
        "value": 7.086494252873564
      },
      "WATCH-validatingadmissionpolicies-count": {
        "value": 15.185340754890703
      },
      "WATCH-validatingadmissionpolicybindings-count": {
        "value": 15.185340754890703
      },
      "WATCH-validatingwebhookconfigurations-count": {
        "value": 14.17298443305162
      },
      "WATCH-virtualmachinebackups-count": {
        "value": 23.14569403377284
      },
      "WATCH-virtualmachinebackuptrackers-count": {
        "value": 15.185344827586208
      },
      "WATCH-virtualmachineclones-count": {
        "value": 8.098850574712644
      },
      "WATCH-virtualmachineclusterinstancetypes-count": {
        "value": 23.2841907477897
      },
      "WATCH-virtualmachineclusterpreferences-count": {
        "value": 22.271834425950622
      },
      "WATCH-virtualmachineexports-count": {
        "value": 7.086494252873564
      },
      "WATCH-virtualmachineinstancemigrations-count": {
        "value": 8.098850574712644
      },
      "WATCH-virtualmachineinstancepresets-count": {
        "value": 14.051799808286866
      },
      "WATCH-virtualmachineinstancereplicasets-count": {
        "value": 8.098850574712644
      },
      "WATCH-virtualmachineinstances-count": {
        "value": 31.3830459770115
      },
      "WATCH-virtualmachineinstancetypes-count": {
        "value": 8.098850574712644
      },
      "WATCH-virtualmachinepools-count": {
        "value": 7.086494252873564
      },
      "WATCH-virtualmachinepreferences-count": {
        "value": 8.098850574712644
      },
      "WATCH-virtualmachinerestores-count": {
        "value": 23.15434722381883
      },
      "WATCH-virtualmachines-count": {
        "value": 7.086494252873564
      },
      "WATCH-virtualmachinesnapshotcontents-count": {
        "value": 8.098850574712644
      },
      "WATCH-virtualmachinesnapshots-count": {
        "value": 6.074137931034484
      },
      "avgVirtAPICPUUsage": {
        "value": 0.035760159116809125
      },
      "avgVirtAPIMemoryUsageInMB": {
        "value": 176.9854508739407
      },
      "avgVirtControllerCPUUsage": {
        "value": 0.35476398119658126
      },
      "avgVirtControllerMemoryUsageInMB": {
        "value": 1260.147841631356
      },
      "maxVirtAPIMemoryUsageInMB": {
        "value": 179.6171875
      },
      "maxVirtControllerMemoryUsageInMB": {
        "value": 2008.578125
      },
      "minVirtAPIMemoryUsageInMB": {
        "value": 153.708984375
      },
      "minVirtControllerMemoryUsageInMB": {
        "value": 451.28125
      },
      "virtControllerWorkqueueAddRate": {
        "value": 230.84827016159818
      },
      "virtControllerWorkqueueDepth": {
        "value": 0.06148727410351027
      },
      "virtControllerWorkqueueP99Latency": {
        "value": 0.635874941277052
      },
      "vmiCreationToRunningSecondsP50": {
        "value": 0.5989849026537755,
        "thresholdResult": {
          "thresholdValue": 45,
          "thresholdExceeded": false
        }
      },
      "vmiCreationToRunningSecondsP95": {
        "value": 0.9921326025169608,
        "thresholdResult": {
          "thresholdValue": 60,
          "thresholdExceeded": false
        }
      },
      "vmiCreationToRunningSecondsP99": {
        "value": 1.7560673011282484
      },
      "vmiDeletionToFailedSecondsP50": {
        "value": 0
      },
      "vmiDeletionToFailedSecondsP95": {
        "value": 0
      },
      "vmiDeletionToFailedSecondsP99": {
        "value": 0
      },