{
  "JobDirCreationTime": "2024-04-27T05:08:52.522Z",
  "VMIResult": {
    "Values": {
      "CREATE-events-count": {
        "value": 365.528
      },
      "DELETE-virtualmachineclusterinstancetypes-count": {
        "value": 1.1111111111111112
      },
      "DELETE-virtualmachineclusterpreferences-count": {
        "value": 1.1111111111111112
      },
      "GET-endpoints-count": {
        "value": 488.8888888888889
      },
      "GET-leases-count": {
        "value": 786.6666666666667
      },
      "GET-nodes-count": {
        "value": 22.222222222222225
      },
      "LIST-clusterrolebindings-count": {
        "value": 2.2222222222222223
      },
      "LIST-clusterroles-count": {
        "value": 1.1111111111111112
      },
      "LIST-configmaps-count": {
        "value": 4.444444444444445
      },
      "LIST-customresourcedefinitions-count": {
        "value": 1.1111111111111112
      },
      "LIST-daemonsets-count": {
        "value": 1.1111111111111112
      },
      "LIST-deployments-count": {
        "value": 1.1111111111111112
      },
      "LIST-jobs-count": {
        "value": 1.1111111111111112
      },
      "LIST-namespaces-count": {
        "value": 2.2222222222222223
      },
      "LIST-nodes-count": {
        "value": 1.1111111111111112
      },
      "LIST-poddisruptionbudgets-count": {
        "value": 1.1111111111111112
      },
      "LIST-pods-count": {
        "value": 1.1111111111111112
      },
      "LIST-prometheusrules-count": {
        "value": 1.1111111111111112
      },
      "LIST-rolebindings-count": {
        "value": 1.1111111111111112
      },
      "LIST-roles-count": {
        "value": 2.2222222222222223
      },
      "LIST-routes-count": {
        "value": 2.2222222222222223
      },
      "LIST-secrets-count": {
        "value": 1.1111111111111112
      },
      "LIST-securitycontextconstraints-count": {
        "value": 2.2222222222222223
      },
      "LIST-serviceaccounts-count": {
        "value": 2.2222222222222223
      },
      "LIST-servicemonitors-count": {
        "value": 1.1111111111111112
      },
      "LIST-services-count": {
        "value": 1.1111111111111112
      },
      "LIST-virtualmachineclusterinstancetypes-count": {
        "value": 1.1111111111111112
      },
      "LIST-virtualmachineclusterpreferences-count": {
        "value": 1.1111111111111112
      },
      "LIST-virtualmachineinstances-count": {
        "value": 1.1111111111111112
      },
      "LIST-virtualmachinerestores-count": {
        "value": 2.2222222222222223
      },
      "PATCH-nodes-count": {
        "value": 10
      },
      "PATCH-services-count": {
        "value": 4.444444444444445
      },
      "UPDATE-endpoints-count": {
        "value": 297.77777777777777
      },
      "UPDATE-leases-count": {
        "value": 297.77777777777777
      },
      "UPDATE-virtualmachineinstances-count": {
        "value": 475.22576666666663
      },
      "vmiCreationToRunningSecondsP50": {
        "value": 42.85924681895584
      },
      "vmiCreationToRunningSecondsP95": {
        "value": 49.83977083574173
      },
      "vmiCreationToRunningSecondsP99": {
        "value": 57.47925521616063
      },
      "vmiDeletionToFailedSecondsP50": {
        "value": 0
      },
      "vmiDeletionToFailedSecondsP95": {
        "value": 0
      },
      "vmiDeletionToFailedSecondsP99": {
        "value": 0
      },
      "vmiDeletionToSucceededSecondsP50": {
        "value": 0.6974664730111453
      },
      "vmiDeletionToSucceededSecondsP95": {
        "value": 0.9697466473011145
      },
      "vmiDeletionToSucceededSecondsP99": {
        "value": 0.993949329460223
      }
    }
  },
  "VMResult": null
}
