{
  "JobDirCreationTime": "2023-08-10T05:10:51.366Z",
  "VMIResult": {
    "Values": {
      "CREATE-events-count": {
        "value": 577.3812777777778
      },
      "CREATE-pods-count": {
        "value": 121.36333333333333
      },
      "DELETE-pods-count": {
        "value": 36.602311111111106
      },
      "GET-endpoints-count": {
        "value": 483.33333333333337
      },
      "GET-leases-count": {
        "value": 780
      },
      "GET-nodes-count": {
        "value": 13.333333333333334
      },
      "LIST-clusterroles-count": {
        "value": 2.2222222222222223
      },
      "LIST-configmaps-count": {
        "value": 7.777777777777779
      },
      "LIST-controllerrevisions-count": {
        "value": 1.1111111111111112
      },
      "LIST-customresourcedefinitions-count": {
        "value": 7.777777777777777
      },
      "LIST-daemonsets-count": {
        "value": 2.2222222222222223
      },
      "LIST-deployments-count": {
        "value": 2.2222222222222223
      },
      "LIST-jobs-count": {
        "value": 2.2222222222222223
      },
      "LIST-kubevirts-count": {
        "value": 5.555555555555555
      },
      "LIST-mutatingwebhookconfigurations-count": {
        "value": 2.2222222222222223
      },
      "LIST-namespaces-count": {
        "value": 4.444444444444445
      },
      "LIST-nodes-count": {
        "value": 1.1111111111111112
      },
      "LIST-poddisruptionbudgets-count": {
        "value": 3.3333333333333335
      },
      "LIST-pods-count": {
        "value": 3.3333333333333335
      },
      "LIST-prometheusrules-count": {
        "value": 2.2222222222222223
      },
      "LIST-resourcequotas-count": {
        "value": 1.1111111111111112
      },
      "LIST-rolebindings-count": {
        "value": 2.2222222222222223
      },
      "LIST-roles-count": {
        "value": 2.2222222222222223
      },
      "LIST-routes-count": {
        "value": 3.3333333333333335
      },
      "LIST-secrets-count": {
        "value": 2.2222222222222223
      },
      "LIST-securitycontextconstraints-count": {
        "value": 1.1111111111111112
      },
      "LIST-serviceaccounts-count": {
        "value": 2.2222222222222223
      },
      "LIST-servicemonitors-count": {
        "value": 2.2222222222222223
      },
      "LIST-services-count": {
        "value": 3.3333333333333335
      },
      "LIST-storageclasses-count": {
        "value": 1.1111111111111112
      },
      "LIST-virtualmachineclones-count": {
        "value": 1.1111111111111112
      },
      "LIST-virtualmachineclusterpreferences-count": {
        "value": 1.1111111111111112
      },
      "LIST-virtualmachineexports-count": {
        "value": 1.1111111111111112
      },
      "LIST-virtualmachineinstancepresets-count": {
        "value": 1.1111111111111112
      },
      "LIST-virtualmachineinstances-count": {
        "value": 6.666666666666667
      },
      "LIST-virtualmachinepools-count": {
        "value": 1.1111111111111112
      },
      "LIST-virtualmachinerestores-count": {
        "value": 3.3333333333333335
      },
      "LIST-virtualmachinesnapshots-count": {
        "value": 1.1111111111111112
      },
      "LIST-volumesnapshotclasses-count": {
        "value": 1.1111111111111112
      },
      "LIST-volumesnapshots-count": {
        "value": 1.1111111111111112
      },
      "PATCH-events-count": {
        "value": 16.56575
      },
      "PATCH-nodes-count": {
        "value": 10
      },
      "PATCH-pods-count": {
        "value": 242.93029999999996
      },
      "PATCH-virtualmachineinstances-count": {
        "value": 164.75342222222224
      },
      "UPDATE-endpoints-count": {
        "value": 296.66666666666663
      },
      "UPDATE-leases-count": {
        "value": 296.66666666666663
      },
      "UPDATE-virtualmachineinstances-count": {
        "value": 951.6744333333332
      },
      "vmiCreationToRunningSecondsP50": {
        "value": 45.911457776307735
      },
      "vmiCreationToRunningSecondsP95": {
        "value": 57.8089898739679
      },
      "vmiCreationToRunningSecondsP99": {
        "value": 59.56179797479358
      },
      "vmiDeletionToFailedSecondsP50": {
        "value": 0
      },
      "vmiDeletionToFailedSecondsP95": {
        "value": 0
      },
      "vmiDeletionToFailedSecondsP99": {
        "value": 0
      },
      "vmiDeletionToSucceededSecondsP50": {
        "value": 0.6466702536164943
      },
      "vmiDeletionToSucceededSecondsP95": {
        "value": 0.9968098825045065
      },
      "vmiDeletionToSucceededSecondsP99": {
        "value": 1.782135342025236
      }
    }
  },
  "VMResult": null
}
