{
  "JobDirCreationTime": "2022-06-27T05:04:18.218Z",
  "VMIResult": {
    "Values": {
      "CREATE-events-count": {
        "value": 421.35123333333337
      },
      "CREATE-pods-count": {
        "value": 110.71666666666668
      },
      "DELETE-pods-count": {
        "value": 52.95955555555555
      },
      "GET-endpoints-count": {
        "value": 463.8301194444445
      },
      "GET-nodes-count": {
        "value": 28.08115
      },
      "LIST-nodes-count": {
        "value": 7.777777777777779
      },
      "PATCH-events-count": {
        "value": 16.098266666666664
      },
      "PATCH-nodes-count": {
        "value": 9.360383333333333
      },
      "PATCH-pods-count": {
        "value": 110.71666666666668
      },
      "PATCH-services-count": {
        "value": 31.111111111111114
      },
      "PATCH-virtualmachineinstances-count": {
        "value": 166.9151111111111
      },
      "UPDATE-endpoints-count": {
        "value": 285.7188888888889
      },
      "UPDATE-kubevirts-count": {
        "value": 1.1111111111111112
      },
      "UPDATE-virtualmachineinstances-count": {
        "value": 992.6157444444445
      },
      "succeeded-phase-count": {
        "value": 12
      },
      "vmiCreationToRunningSecondsP50": {
        "value": 36.11167125713162
      },
      "vmiCreationToRunningSecondsP95": {
        "value": 51.59289133713688
      },
      "vmiCreationToRunningSecondsP99": {
        "value": 58.31857826742737
      }
    }
  },
  "VMResult": null
}
