{
  "JobDirCreationTime": "2026-02-05T00:28:29.683Z",
  "VMIResult": {
    "Values": {
      "CREATE-deployments-count": {
        "value": 1.1127380952380952
      },
      "CREATE-events-count": {
        "value": 148.58534444444444
      },
      "CREATE-poddisruptionbudgets-count": {
        "value": 1.1127380952380952
      },
      "CREATE-pods-count": {
        "value": 125.7888888888889
      },
      "GET-leases-count": {
        "value": 138.73704126984126
      },
      "LIST-nodes-count": {
        "value": 40.058571428571426
      },
      "LIST-virtualmachineclusterinstancetypes-count": {
        "value": 32.239285714285714
      },
      "LIST-virtualmachineclusterpreferences-count": {
        "value": 32.239285714285714
      },
      "PATCH-nodes-count": {
        "value": 14.893083677305262
      },
      "PATCH-pods-count": {
        "value": 226.62000000000003
      },
      "PATCH-services-count": {
        "value": 160.2342857142857
      },
      "PATCH-validatingadmissionpolicies-count": {
        "value": 40.058571428571426
      },
      "PATCH-validatingadmissionpolicybindings-count": {
        "value": 40.058571428571426
      },
      "PATCH-virtualmachineinstances-count": {
        "value": 58.40288888888889,
        "thresholdResult": {
          "thresholdValue": 251.5777777777778,
          "thresholdMetric": "CREATE-pods-count",
          "thresholdRatio": 0.4642929069870152,
          "thresholdExceeded": true
        }
      },
      "UPDATE-configmaps-count": {
        "value": 40.058571428571426
      },
      "UPDATE-kubevirts-count": {
        "value": 2.2254761904761904
      },
      "UPDATE-leases-count": {
        "value": 223.17248412698416
      },
      "UPDATE-virtualmachineinstances-count": {
        "value": 630.127388888889,
        "thresholdResult": {
          "thresholdValue": 1257.8888888888891,
          "thresholdMetric": "CREATE-pods-count",
          "thresholdRatio": 5.009404204575567,
          "thresholdExceeded": false
        }
      },
      "avgVirtAPICPUUsage": {
        "value": 0.011760650394201388
      },
      "avgVirtAPIMemoryUsageInMB": {
        "value": 145.06163194444446
      },
      "avgVirtControllerCPUUsage": {
        "value": 0.02842953499533333
      },
      "avgVirtControllerMemoryUsageInMB": {
        "value": 65.96728515625
      },
      "avgVirtHandlerCPUUsage": {
        "value": 0.0011787995445512204
      },
      "avgVirtHandlerMemoryUsageInMB": {
        "value": 15.843542788209033
      },
      "maxVirtAPIMemoryUsageInMB": {
        "value": 164.38671875
      },
      "maxVirtControllerMemoryUsageInMB": {
        "value": 87.9140625
      },
      "maxVirtHandlerCPUUsage": {
        "value": 0.0012682978254920634
      },
      "maxVirtHandlerMemoryUsageInMB": {
        "value": 37.117792038690474
      },
      "minVirtAPIMemoryUsageInMB": {
        "value": 132.62109375
      },
      "minVirtControllerMemoryUsageInMB": {
        "value": 49.68359375
      },
      "minVirtHandlerCPUUsage": {
        "value": 0.0011158330188117914
      },
      "minVirtHandlerMemoryUsageInMB": {
        "value": 7.056175595238095
      },
      "none-none-count": {
        "value": 1.207277777777778
      },
      "running-phase-count": {
        "value": 47
      },
      "scheduled-phase-count": {
        "value": 33
      },
      "scheduling-phase-count": {
        "value": 21
      },
      "virtControllerWorkqueueAddRate": {
        "value": 16.740860476190477
      },
      "virtControllerWorkqueueDepth": {
        "value": 0
      },
      "virtControllerWorkqueueP99Latency": {
        "value": 0.07065360529566894
      },
      "vmiCreationToRunningSecondsP50": {
        "value": 17.091114151037576,
        "thresholdResult": {
          "thresholdValue": 45,
          "thresholdExceeded": false
        }
      },
      "vmiCreationToRunningSecondsP95": {
        "value": 28.304465074869515,
        "thresholdResult": {
          "thresholdValue": 60,
          "thresholdExceeded": false
        }
      },
      "vmiCreationToRunningSecondsP99": {
        "value": 29.6608930149739
      },
      "vmiDeletionToFailedSecondsP50": {
        "value": 0
      },
      "vmiDeletionToFailedSecondsP95": {
        "value": 0
      },
      "vmiDeletionToFailedSecondsP99": {
        "value": 0
      },
      "vmiDeletionToSucceededSecondsP50": {
        "value": 0
      },
      "vmiDeletionToSucceededSecondsP95": {
        "value": 0
      },
      "vmiDeletionToSucceededSecondsP99": {
        "value": 0
      }
    }
  },
  "VMResult": {
    "Values": {
      "CREATE-events-count": {
        "value": 746.6666666666666
      },
      "CREATE-pods-count": {
        "value": 111.11111111111111
      },
      "GET-leases-count": {
        "value": 187.77777777777777
      },
      "LIST-nodes-count": {
        "value": 50
      },
      "LIST-virtualmachineclusterinstancetypes-count": {
        "value": 50
      },
      "LIST-virtualmachineclusterpreferences-count": {
        "value": 50
      },
      "PATCH-nodes-count": {
        "value": 21.111111111111107
      },
      "PATCH-pods-count": {
        "value": 202.22222222222223
      },
      "PATCH-services-count": {
        "value": 200
      },
      "PATCH-validatingadmissionpolicies-count": {
        "value": 50
      },
      "PATCH-validatingadmissionpolicybindings-count": {
        "value": 50
      },
      "PATCH-virtualmachineinstances-count": {
        "value": 153.33333333333334,
        "thresholdResult": {
          "thresholdValue": 222.22222222222223,
          "thresholdMetric": "CREATE-pods-count",
          "thresholdRatio": 1.3800000000000001,
          "thresholdExceeded": false
        }
      },
      "UPDATE-configmaps-count": {
        "value": 50
      },
      "UPDATE-leases-count": {
        "value": 300
      },
      "UPDATE-virtualmachineinstances-count": {
        "value": 770,
        "thresholdResult": {
          "thresholdValue": 1111.111111111111,
          "thresholdMetric": "CREATE-pods-count",
          "thresholdRatio": 6.93,
          "thresholdExceeded": false
        }
      },
      "WATCH-cdiconfigs-count": {
        "value": 1.1111111111111112
      },
      "WATCH-clusterrolebindings-count": {
        "value": 2.2222222222222223
      },
      "WATCH-clusterroles-count": {
        "value": 2.2222222222222223
      },
      "WATCH-configmaps-count": {
        "value": 14.444444444444443
      },
      "WATCH-controllerrevisions-count": {
        "value": 1.1111111111111112
      },
      "WATCH-customresourcedefinitions-count": {
        "value": 11.111111111111109
      },
      "WATCH-daemonsets-count": {
        "value": 1.1111111111111112
      },
      "WATCH-datasources-count": {
        "value": 3.3333333333333335
      },
      "WATCH-datavolumes-count": {
        "value": 1.1111111111111112
      },
      "WATCH-deployments-count": {
        "value": 2.2222222222222223
      },
      "WATCH-ingresses-count": {
        "value": 1.1111111111111112
      },
      "WATCH-jobs-count": {
        "value": 2.2222222222222223
      },
      "WATCH-kubevirts-count": {
        "value": 7.777777777777777
      },
      "WATCH-migrationpolicies-count": {
        "value": 1.1111111111111112
      },
      "WATCH-mutatingwebhookconfigurations-count": {
        "value": 2.2222222222222223
      },
      "WATCH-namespaces-count": {
        "value": 2.2222222222222223
      },
      "WATCH-nodes-count": {
        "value": 4.444444444444445
      },
      "WATCH-persistentvolumeclaims-count": {
        "value": 1.1111111111111112
      },
      "WATCH-poddisruptionbudgets-count": {
        "value": 3.3333333333333335
      },
      "WATCH-pods-count": {
        "value": 4.444444444444445
      },
      "WATCH-prometheusrules-count": {
        "value": 2.2222222222222223
      },
      "WATCH-resourcequotas-count": {
        "value": 1.1111111111111112
      },