{
  "JobDirCreationTime": "2024-10-05T05:04:53.767Z",
  "VMIResult": {
    "Values": {
      "CREATE-events-count": {
        "value": 527.3908
      },
      "CREATE-pods-count": {
        "value": 123.05666666666669
      },
      "DELETE-pods-count": {
        "value": 20.41133333333333
      },
      "GET-leases-count": {
        "value": 182.22222222222223
      },
      "GET-nodes-count": {
        "value": 23.333333333333336
      },
      "PATCH-nodes-count": {
        "value": 10
      },
      "PATCH-pods-count": {
        "value": 248.02503333333334
      },
      "PATCH-virtualmachineinstances-count": {
        "value": 150.82022222222224
      },
      "UPDATE-leases-count": {
        "value": 300
      },
      "UPDATE-virtualmachineinstances-count": {
        "value": 1134.5609000000002
      },
      "WATCH-clusterrolebindings-count": {
        "value": 1.1111111111111112
      },
      "WATCH-clusterroles-count": {
        "value": 1.1111111111111112
      },
      "WATCH-configmaps-count": {
        "value": 10
      },
      "WATCH-controllerrevisions-count": {
        "value": 1.1111111111111112
      },
      "WATCH-customresourcedefinitions-count": {
        "value": 3.3333333333333335
      },
      "WATCH-daemonsets-count": {
        "value": 2.2222222222222223
      },
      "WATCH-deployments-count": {
        "value": 1.1111111111111112
      },
      "WATCH-kubevirts-count": {
        "value": 4.444444444444445
      },
      "WATCH-mutatingwebhookconfigurations-count": {
        "value": 1.1111111111111112
      },
      "WATCH-namespaces-count": {
        "value": 3.3333333333333335
      },
      "WATCH-nodes-count": {
        "value": 1.1111111111111112
      },
      "WATCH-poddisruptionbudgets-count": {
        "value": 1.1111111111111112
      },
      "WATCH-pods-count": {
        "value": 1.1111111111111112
      },
      "WATCH-prometheusrules-count": {
        "value": 1.1111111111111112
      },
      "WATCH-roles-count": {
        "value": 1.1111111111111112
      },
      "WATCH-secrets-count": {
        "value": 1.1111111111111112
      },
      "WATCH-securitycontextconstraints-count": {
        "value": 1.1111111111111112
      },
      "WATCH-serviceaccounts-count": {
        "value": 1.1111111111111112
      },
      "WATCH-services-count": {
        "value": 2.2222222222222223
      },
      "WATCH-validatingwebhookconfigurations-count": {
        "value": 1.1111111111111112
      },
      "WATCH-virtualmachineclusterinstancetypes-count": {
        "value": 1.1111111111111112
      },
      "WATCH-virtualmachineexports-count": {
        "value": 1.1111111111111112
      },
      "WATCH-virtualmachineinstancepresets-count": {
        "value": 1.1111111111111112
      },
      "WATCH-virtualmachineinstancereplicasets-count": {
        "value": 1.1111111111111112
      },
      "WATCH-virtualmachineinstances-count": {
        "value": 2.2222222222222223
      },
      "WATCH-virtualmachinerestores-count": {
        "value": 2.2222222222222223
      },
      "WATCH-virtualmachinesnapshots-count": {
        "value": 1.1111111111111112
      },
      "avgVirtAPICPUUsage": {
        "value": 0.04352538734814815
      },
      "avgVirtAPIMemoryUsageInMB": {
        "value": 177.84609375
      },
      "avgVirtControllerCPUUsage": {
        "value": 0.0364338470925926
      },
      "avgVirtControllerMemoryUsageInMB": {
        "value": 108.756640625
      },
      "maxVirtAPIMemoryUsageInMB": {
        "value": 202.7890625
      },
      "maxVirtControllerMemoryUsageInMB": {
        "value": 139.640625
      },
      "minVirtAPIMemoryUsageInMB": {
        "value": 161.09765625
      },
      "minVirtControllerMemoryUsageInMB": {
        "value": 92.125
      },
      "vmiCreationToRunningSecondsP50": {
        "value": 42.88435702611574
      },
      "vmiCreationToRunningSecondsP95": {
        "value": 49.55314158496452
      },
      "vmiCreationToRunningSecondsP99": {
        "value": 54.9613627777588
      },
      "vmiDeletionToFailedSecondsP50": {
        "value": 0
      },
      "vmiDeletionToFailedSecondsP95": {
        "value": 0
      },
      "vmiDeletionToFailedSecondsP99": {
        "value": 0
      },
      "vmiDeletionToSucceededSecondsP50": {
        "value": 0.6892333121330001
      },
      "vmiDeletionToSucceededSecondsP95": {
        "value": 0.9689233312133
      },
      "vmiDeletionToSucceededSecondsP99": {
        "value": 0.9937846662426599
      }
    }
  },
  "VMResult": null
}
