{
  "JobDirCreationTime": "2024-08-13T05:09:54.708Z",
  "VMIResult": {
    "Values": {
      "CREATE-events-count": {
        "value": 740.8050944444444
      },
      "CREATE-pods-count": {
        "value": 101.39800000000001
      },
      "DELETE-pods-count": {
        "value": 101.4975
      },
      "GET-leases-count": {
        "value": 185.55555555555557
      },
      "GET-nodes-count": {
        "value": 18.88888888888889
      },
      "LIST-clusterroles-count": {
        "value": 1.1111111111111112
      },
      "LIST-configmaps-count": {
        "value": 6.666666666666666
      },
      "LIST-customresourcedefinitions-count": {
        "value": 5.555555555555555
      },
      "LIST-daemonsets-count": {
        "value": 1.1111111111111112
      },
      "LIST-ingresses-count": {
        "value": 1.1111111111111112
      },
      "LIST-jobs-count": {
        "value": 2.2222222222222223
      },
      "LIST-kubevirts-count": {
        "value": 4.444444444444445
      },
      "LIST-poddisruptionbudgets-count": {
        "value": 2.2222222222222223
      },
      "LIST-pods-count": {
        "value": 2.2222222222222223
      },
      "LIST-prometheusrules-count": {
        "value": 1.1111111111111112
      },
      "LIST-resourcequotas-count": {
        "value": 1.1111111111111112
      },
      "LIST-rolebindings-count": {
        "value": 1.1111111111111112
      },
      "LIST-roles-count": {
        "value": 2.2222222222222223
      },
      "LIST-secrets-count": {
        "value": 2.2222222222222223
      },
      "LIST-securitycontextconstraints-count": {
        "value": 1.1111111111111112
      },
      "LIST-services-count": {
        "value": 1.1111111111111112
      },
      "LIST-virtualmachineclones-count": {
        "value": 1.1111111111111112
      },
      "LIST-virtualmachineclusterinstancetypes-count": {
        "value": 2.2222222222222223
      },
      "LIST-virtualmachineinstancemigrations-count": {
        "value": 1.1111111111111112
      },
      "LIST-virtualmachineinstances-count": {
        "value": 3.3333333333333335
      },
      "LIST-virtualmachinepreferences-count": {
        "value": 1.1111111111111112
      },
      "LIST-virtualmachinerestores-count": {
        "value": 1.1111111111111112
      },
      "LIST-virtualmachinesnapshotcontents-count": {
        "value": 1.1111111111111112
      },
      "LIST-volumesnapshots-count": {
        "value": 1.1111111111111112
      },
      "PATCH-events-count": {
        "value": 57.25009999999999
      },
      "PATCH-nodes-count": {
        "value": 7.777777777777778
      },
      "PATCH-pods-count": {
        "value": 202.79600000000002
      },
      "PATCH-virtualmachineinstances-count": {
        "value": 202.995
      },
      "UPDATE-leases-count": {
        "value": 300
      },
      "UPDATE-virtualmachineinstances-count": {
        "value": 1098.4925666666666
      },
      "avgVirtAPICPUUsage": {
        "value": 0.04300095648518519
      },
      "avgVirtAPIMemoryUsageInMB": {
        "value": 183.26494140625002
      },
      "avgVirtControllerCPUUsage": {
        "value": 0.03577670436296296
      },
      "avgVirtControllerMemoryUsageInMB": {
        "value": 109.7171875
      },
      "maxVirtAPIMemoryUsageInMB": {
        "value": 206.2421875
      },
      "maxVirtControllerMemoryUsageInMB": {
        "value": 136.015625
      },
      "minVirtAPIMemoryUsageInMB": {
        "value": 164.60546875
      },
      "minVirtControllerMemoryUsageInMB": {
        "value": 86.3046875
      },
      "succeeded-phase-count": {
        "value": 1
      },
      "vmiCreationToRunningSecondsP50": {
        "value": 43.07178216942141
      },
      "vmiCreationToRunningSecondsP95": {
        "value": 49.564321074084994
      },
      "vmiCreationToRunningSecondsP99": {
        "value": 54.950247518594956
      },
      "vmiDeletionToFailedSecondsP50": {
        "value": 0
      },
      "vmiDeletionToFailedSecondsP95": {
        "value": 0
      },
      "vmiDeletionToFailedSecondsP99": {
        "value": 0
      },
      "vmiDeletionToSucceededSecondsP50": {
        "value": 2.1507425557849693
      },
      "vmiDeletionToSucceededSecondsP95": {
        "value": 13.687809398243731
      },
      "vmiDeletionToSucceededSecondsP99": {
        "value": 18.737561879648744
      }
    }
  },
  "VMResult": null
}
