{
  "JobDirCreationTime": "2026-05-28T22:17:24.316Z",
  "VMIResult": {
    "Values": {
      "CREATE-events-count": {
        "value": 15466.706737321938
      },
      "CREATE-pods-count": {
        "value": 8067.087749287749
      },
      "DELETE-pods-count": {
        "value": 5989.404155555556
      },
      "GET-leases-count": {
        "value": 2227.849649910667
      },
      "GET-mutatingwebhookconfigurations-count": {
        "value": 608.2002824858757
      },
      "LIST-virtualmachineclusterinstancetypes-count": {
        "value": 608.2002824858757
      },
      "LIST-virtualmachineclusterpreferences-count": {
        "value": 608.2002824858757
      },
      "PATCH-nodes-count": {
        "value": 55.1087570621469
      },
      "PATCH-pods-count": {
        "value": 17510.522864829552
      },
      "PATCH-services-count": {
        "value": 2432.801129943503
      },
      "PATCH-validatingadmissionpolicies-count": {
        "value": 608.2002824858757
      },
      "PATCH-validatingadmissionpolicybindings-count": {
        "value": 608.2002824858757
      },
      "PATCH-virtualmachineinstances-count": {
        "value": 13697.3554,
        "thresholdResult": {
          "thresholdValue": 16134.175498575498,
          "thresholdMetric": "CREATE-pods-count",
          "thresholdRatio": 1.6979306319321186,
          "thresholdExceeded": false
        }
      },
      "UPDATE-configmaps-count": {
        "value": 608.2002824858757
      },
      "UPDATE-leases-count": {
        "value": 3533.9143464194312
      },
      "UPDATE-virtualmachineinstances-count": {
        "value": 27063.817625033007,
        "thresholdResult": {
          "thresholdValue": 80670.8774928775,
          "thresholdMetric": "CREATE-pods-count",
          "thresholdRatio": 3.354843589921592,
          "thresholdExceeded": false
        }
      },
      "WATCH-cdiconfigs-count": {
        "value": 8.084330484330485
      },
      "WATCH-cdis-count": {
        "value": 7.073789173789174
      },
      "WATCH-clusterrolebindings-count": {
        "value": 15.089608382828722
      },
      "WATCH-clusterroles-count": {
        "value": 16.100149693370035
      },
      "WATCH-configmaps-count": {
        "value": 110.73991259838718
      },
      "WATCH-controllerrevisions-count": {
        "value": 8.084330484330485
      },
      "WATCH-customresourcedefinitions-count": {
        "value": 72.41641798251968
      },
      "WATCH-daemonsets-count": {
        "value": 15.089608382828722
      },
      "WATCH-datasources-count": {
        "value": 24.18448017770052
      },
      "WATCH-datavolumes-count": {
        "value": 8.084330484330485
      },
      "WATCH-deployments-count": {
        "value": 16.100149693370035
      },
      "WATCH-ingresses-count": {
        "value": 8.084330484330485
      },
      "WATCH-jobs-count": {
        "value": 16.100149693370035
      },
      "WATCH-kubevirts-count": {
        "value": 56.316268289149654
      },
      "WATCH-leases-count": {
        "value": 16.1087136027814
      },
      "WATCH-migrationpolicies-count": {
        "value": 7.073789173789174
      },
      "WATCH-mutatingwebhookconfigurations-count": {
        "value": 16.091585783958667
      },
      "WATCH-namespaces-count": {
        "value": 40.276065961659185
      },
      "WATCH-nodes-count": {
        "value": 14.08763098169878
      },
      "WATCH-persistentvolumeclaims-count": {
        "value": 8.084330484330485
      },
      "WATCH-poddisruptionbudgets-count": {
        "value": 24.18448017770052
      },
      "WATCH-pods-count": {
        "value": 32.268810662031
      },
      "WATCH-prometheusrules-count": {
        "value": 15.089608382828722
      },
      "WATCH-resourcequotas-count": {
        "value": 9.094871794871795
      },
      "WATCH-rolebindings-count": {
        "value": 17.102127094499977
      },
      "WATCH-roles-count": {
        "value": 14.08763098169878
      },
      "WATCH-secrets-count": {
        "value": 23.173938867159208
      },
      "WATCH-serviceaccounts-count": {
        "value": 14.08763098169878
      },
      "WATCH-servicemonitors-count": {
        "value": 16.100149693370035
      },
      "WATCH-services-count": {
        "value": 23.173938867159208
      },
      "WATCH-storageclasses-count": {
        "value": 8.084330484330485
      },
      "WATCH-storageprofiles-count": {
        "value": 8.084330484330485
      },
      "WATCH-validatingadmissionpolicies-count": {
        "value": 15.089608382828722
      },
      "WATCH-validatingadmissionpolicybindings-count": {
        "value": 16.1087136027814
      },
      "WATCH-validatingwebhookconfigurations-count": {
        "value": 16.100149693370035
      },
      "WATCH-virtualmachinebackups-count": {
        "value": 22.171961466029263
      },
      "WATCH-virtualmachinebackuptrackers-count": {
        "value": 15.089608382828722
      },
      "WATCH-virtualmachineclones-count": {
        "value": 8.084330484330485
      },
      "WATCH-virtualmachineclusterinstancetypes-count": {
        "value": 23.173938867159208
      },
      "WATCH-virtualmachineclusterpreferences-count": {
        "value": 22.1633975566179
      },
      "WATCH-virtualmachineexports-count": {
        "value": 7.073789173789174
      },
      "WATCH-virtualmachineinstancemigrations-count": {
        "value": 8.084330484330485
      },
      "WATCH-virtualmachineinstancepresets-count": {
        "value": 16.100149693370035
      },
      "WATCH-virtualmachineinstancereplicasets-count": {
        "value": 7.073789173789174
      },
      "WATCH-virtualmachineinstances-count": {
        "value": 33.14232942199044
      },
      "WATCH-virtualmachineinstancetypes-count": {
        "value": 8.084330484330485
      },
      "WATCH-virtualmachinepools-count": {
        "value": 8.084330484330485
      },
      "WATCH-virtualmachinepreferences-count": {
        "value": 7.073789173789174
      },
      "WATCH-virtualmachinerestores-count": {
        "value": 25.195021488241828
      },
      "WATCH-virtualmachines-count": {
        "value": 7.073789173789174
      },
      "WATCH-virtualmachinesnapshotcontents-count": {
        "value": 8.084330484330485
      },
      "WATCH-virtualmachinesnapshots-count": {
        "value": 8.084330484330485
      },
      "avgVirtAPICPUUsage": {
        "value": 0.03270709245014245
      },
      "avgVirtAPIMemoryUsageInMB": {
        "value": 174.68766551906782
      },
      "avgVirtControllerCPUUsage": {
        "value": 0.3580755287749288
      },
      "avgVirtControllerMemoryUsageInMB": {
        "value": 1264.377085540254
      },
      "maxVirtAPIMemoryUsageInMB": {
        "value": 176.630859375
      },
      "maxVirtControllerMemoryUsageInMB": {
        "value": 1927.4765625
      },
      "minVirtAPIMemoryUsageInMB": {
        "value": 153.541015625
      },
      "minVirtControllerMemoryUsageInMB": {
        "value": 517.3359375
      },
      "virtControllerWorkqueueAddRate": {
        "value": 230.86308232453575
      },
      "virtControllerWorkqueueDepth": {
        "value": 0.001421286958924399
      },
      "virtControllerWorkqueueP99Latency": {
        "value": 0.6280747263597717
      },
      "vmiCreationToRunningSecondsP50": {
        "value": 0.665873509429036,
        "thresholdResult": {
          "thresholdValue": 45,
          "thresholdExceeded": false
        }
      },
      "vmiCreationToRunningSecondsP95": {
        "value": 1.715473966019693,
        "thresholdResult": {
          "thresholdValue": 60,
          "thresholdExceeded": false
        }
      },
      "vmiCreationToRunningSecondsP99": {
        "value": 1.9442384739548322
      },
      "vmiDeletionToFailedSecondsP50": {
        "value": 0
      },
      "vmiDeletionToFailedSecondsP95": {
        "value": 0
      },
      "vmiDeletionToFailedSecondsP99": {
        "value": 0
      },