{
  "JobDirCreationTime": "2025-06-19T05:40:08.845Z",
  "VMIResult": {
    "Values": {
      "CREATE-events-count": {
        "value": 133.7467741935484
      },
      "CREATE-pods-count": {
        "value": 101.72715053763442
      },
      "DELETE-pods-count": {
        "value": 72.10670765027322
      },
      "GET-leases-count": {
        "value": 1181.2596774193548
      },
      "GET-nodes-count": {
        "value": 76.1836405529954
      },
      "PATCH-events-count": {
        "value": 40.62349726775956
      },
      "PATCH-nodes-count": {
        "value": 56.882488479262676
      },
      "PATCH-pods-count": {
        "value": 203.45430107526883
      },
      "UPDATE-leases-count": {
        "value": 1894.9485407066054
      },
      "UPDATE-virtualmachineinstances-count": {
        "value": 357.5595698924731
      },
      "WATCH-clusterrolebindings-count": {
        "value": 9.123886328725039
      },
      "WATCH-clusterroles-count": {
        "value": 7.08195084485407
      },
      "WATCH-configmaps-count": {
        "value": 66.93010752688173
      },
      "WATCH-controllerrevisions-count": {
        "value": 4.083870967741936
      },
      "WATCH-customresourcedefinitions-count": {
        "value": 47.69377880184332
      },
      "WATCH-daemonsets-count": {
        "value": 8.102918586789555
      },
      "WATCH-deployments-count": {
        "value": 8.102918586789555
      },
      "WATCH-ingresses-count": {
        "value": 3.0629032258064517
      },
      "WATCH-jobs-count": {
        "value": 10.128648233486944
      },
      "WATCH-kubevirts-count": {
        "value": 37.56513056835637
      },
      "WATCH-migrationpolicies-count": {
        "value": 4.083870967741936
      },
      "WATCH-mutatingwebhookconfigurations-count": {
        "value": 8.102918586789555
      },
      "WATCH-namespaces-count": {
        "value": 20.289708141321043
      },
      "WATCH-nodes-count": {
        "value": 4.083870967741936
      },
      "WATCH-persistentvolumeclaims-count": {
        "value": 4.083870967741936
      },
      "WATCH-poddisruptionbudgets-count": {
        "value": 13.191551459293395
      },
      "WATCH-pods-count": {
        "value": 16.270660522273424
      },
      "WATCH-prometheusrules-count": {
        "value": 8.102918586789555
      },
      "WATCH-resourcequotas-count": {
        "value": 4.083870967741936
      },
      "WATCH-rolebindings-count": {
        "value": 9.10768049155146
      },
      "WATCH-roles-count": {
        "value": 9.123886328725039
      },
      "WATCH-routes-count": {
        "value": 12.18678955453149
      },
      "WATCH-secrets-count": {
        "value": 13.207757296466974
      },
      "WATCH-securitycontextconstraints-count": {
        "value": 9.10768049155146
      },
      "WATCH-serviceaccounts-count": {
        "value": 8.102918586789555
      },
      "WATCH-servicemonitors-count": {
        "value": 9.10768049155146
      },
      "WATCH-services-count": {
        "value": 11.165821812596006
      },
      "WATCH-storageclasses-count": {
        "value": 4.083870967741936
      },
      "WATCH-validatingwebhookconfigurations-count": {
        "value": 9.10768049155146
      },
      "WATCH-virtualmachineclones-count": {
        "value": 5.10483870967742
      },
      "WATCH-virtualmachineclusterinstancetypes-count": {
        "value": 13.207757296466974
      },
      "WATCH-virtualmachineclusterpreferences-count": {
        "value": 10.161059907834101
      },
      "WATCH-virtualmachineexports-count": {
        "value": 4.083870967741936
      },
      "WATCH-virtualmachineinstancemigrations-count": {
        "value": 4.083870967741936
      },
      "WATCH-virtualmachineinstancepresets-count": {
        "value": 8.102918586789555
      },
      "WATCH-virtualmachineinstancereplicasets-count": {
        "value": 5.10483870967742
      },
      "WATCH-virtualmachineinstances-count": {
        "value": 39.6394777265745
      },
      "WATCH-virtualmachineinstancetypes-count": {
        "value": 5.10483870967742
      },
      "WATCH-virtualmachinepools-count": {
        "value": 4.083870967741936
      },
      "WATCH-virtualmachinepreferences-count": {
        "value": 4.083870967741936
      },
      "WATCH-virtualmachinerestores-count": {
        "value": 12.18678955453149
      },
      "WATCH-virtualmachines-count": {
        "value": 4.083870967741936
      },
      "WATCH-virtualmachinesnapshotcontents-count": {
        "value": 4.083870967741936
      },
      "WATCH-virtualmachinesnapshots-count": {
        "value": 4.083870967741936
      },
      "WATCH-volumesnapshotclasses-count": {
        "value": 4.083870967741936
      },
      "WATCH-volumesnapshots-count": {
        "value": 5.10483870967742
      },
      "avgVirtAPICPUUsage": {
        "value": 0.00405371424624296
      },
      "avgVirtAPIMemoryUsageInMB": {
        "value": 162.99749562096974
      },
      "avgVirtControllerCPUUsage": {
        "value": 0.008310154836507938
      },
      "avgVirtControllerMemoryUsageInMB": {
        "value": 279.4195808531745
      },
      "failed-phase-count": {
        "value": 1
      },
      "maxVirtAPIMemoryUsageInMB": {
        "value": 200.5283203125
      },
      "maxVirtControllerMemoryUsageInMB": {
        "value": 351.421875
      },
      "minVirtAPIMemoryUsageInMB": {
        "value": 158.85546875
      },
      "minVirtControllerMemoryUsageInMB": {
        "value": 229.36328125
      },
      "vmiCreationToRunningSecondsP50": {
        "value": 0
      },
      "vmiCreationToRunningSecondsP95": {
        "value": 0
      },
      "vmiCreationToRunningSecondsP99": {
        "value": 0
      },
      "vmiDeletionToFailedSecondsP50": {
        "value": 0.25
      },
      "vmiDeletionToFailedSecondsP95": {
        "value": 0.475
      },
      "vmiDeletionToFailedSecondsP99": {
        "value": 0.495
      },
      "vmiDeletionToSucceededSecondsP50": {
        "value": 0
      },
      "vmiDeletionToSucceededSecondsP95": {
        "value": 0
      },
      "vmiDeletionToSucceededSecondsP99": {
        "value": 0
      }
    }
  },
  "VMResult": null
}
