{
  "JobDirCreationTime": "2022-10-04T05:05:55.814Z",
  "VMIResult": {
    "Values": {
      "CREATE-events-count": {
        "value": 777.5325962962963
      },
      "CREATE-pods-count": {
        "value": 113.33523809523808
      },
      "DELETE-pods-count": {
        "value": 113.33523809523808
      },
      "GET-endpoints-count": {
        "value": 487.7777777777778
      },
      "GET-nodes-count": {
        "value": 10
      },
      "LIST-clusterrolebindings-count": {
        "value": 2.2222222222222223
      },
      "LIST-clusterroles-count": {
        "value": 1.1111111111111112
      },
      "LIST-configmaps-count": {
        "value": 7.777777777777779
      },
      "LIST-customresourcedefinitions-count": {
        "value": 8.88888888888889
      },
      "LIST-daemonsets-count": {
        "value": 2.2222222222222223
      },
      "LIST-deployments-count": {
        "value": 2.2222222222222223
      },
      "LIST-ingresses-count": {
        "value": 1.1111111111111112
      },
      "LIST-jobs-count": {
        "value": 1.1111111111111112
      },
      "LIST-kubevirts-count": {
        "value": 7.777777777777777
      },
      "LIST-mutatingwebhookconfigurations-count": {
        "value": 2.2222222222222223
      },
      "LIST-namespaces-count": {
        "value": 3.3333333333333335
      },
      "LIST-nodes-count": {
        "value": 1.1111111111111112
      },
      "LIST-persistentvolumeclaims-count": {
        "value": 1.1111111111111112
      },
      "LIST-poddisruptionbudgets-count": {
        "value": 2.2222222222222223
      },
      "LIST-pods-count": {
        "value": 2.2222222222222223
      },
      "LIST-rolebindings-count": {
        "value": 1.1111111111111112
      },
      "LIST-roles-count": {
        "value": 2.2222222222222223
      },
      "LIST-secrets-count": {
        "value": 2.2222222222222223
      },
      "LIST-serviceaccounts-count": {
        "value": 2.2222222222222223
      },
      "LIST-servicemonitors-count": {
        "value": 1.1111111111111112
      },
      "LIST-services-count": {
        "value": 3.3333333333333335
      },
      "LIST-validatingwebhookconfigurations-count": {
        "value": 2.2222222222222223
      },
      "LIST-virtualmachineclones-count": {
        "value": 1.1111111111111112
      },
      "LIST-virtualmachineinstancemigrations-count": {
        "value": 1.1111111111111112
      },
      "LIST-virtualmachineinstancereplicasets-count": {
        "value": 1.1111111111111112
      },
      "LIST-virtualmachineinstances-count": {
        "value": 5.555555555555555
      },
      "LIST-virtualmachinerestores-count": {
        "value": 2.2222222222222223
      },
      "LIST-virtualmachines-count": {
        "value": 1.1111111111111112
      },
      "LIST-virtualmachinesnapshotcontents-count": {
        "value": 1.1111111111111112
      },
      "PATCH-events-count": {
        "value": 49.71116666666667
      },
      "PATCH-nodes-count": {
        "value": 7.777777777777778
      },
      "PATCH-pods-count": {
        "value": 113.33523809523808
      },
      "PATCH-virtualmachineinstances-count": {
        "value": 226.67047619047617
      },
      "UPDATE-endpoints-count": {
        "value": 297.77777777777777
      },
      "UPDATE-virtualmachineinstances-count": {
        "value": 1113.7090204761905
      },
      "vmiCreationToRunningSecondsP50": {
        "value": 36.64067527665964
      },
      "vmiCreationToRunningSecondsP95": {
        "value": 49.67359074030114
      },
      "vmiCreationToRunningSecondsP99": {
        "value": 57.47774518448182
      }
    }
  },
  "VMResult": null
}
