{
  "JobDirCreationTime": "2026-05-02T14:07:22.891Z",
  "VMIResult": {
    "Values": {
      "CREATE-events-count": {
        "value": 15716.188635072464
      },
      "CREATE-pods-count": {
        "value": 8043.576231884059
      },
      "DELETE-pods-count": {
        "value": 6410.30056
      },
      "GET-leases-count": {
        "value": 2141.2004631300606
      },
      "GET-mutatingwebhookconfigurations-count": {
        "value": 577.4939130434783
      },
      "LIST-virtualmachineclusterinstancetypes-count": {
        "value": 577.4939130434783
      },
      "LIST-virtualmachineclusterpreferences-count": {
        "value": 577.4939130434783
      },
      "PATCH-nodes-count": {
        "value": 57.34695652173913
      },
      "PATCH-pods-count": {
        "value": 18004.38496342807
      },
      "PATCH-services-count": {
        "value": 2309.975652173913
      },
      "PATCH-validatingadmissionpolicies-count": {
        "value": 577.4939130434783
      },
      "PATCH-validatingadmissionpolicybindings-count": {
        "value": 577.4939130434783
      },
      "PATCH-virtualmachineinstances-count": {
        "value": 13441.583706666666,
        "thresholdResult": {
          "thresholdValue": 16087.152463768118,
          "thresholdMetric": "CREATE-pods-count",
          "thresholdRatio": 1.671095457936404,
          "thresholdExceeded": false
        }
      },
      "UPDATE-configmaps-count": {
        "value": 577.4939130434783
      },
      "UPDATE-leases-count": {
        "value": 3461.9452173913046
      },
      "UPDATE-virtualmachineinstances-count": {
        "value": 27046.232275685,
        "thresholdResult": {
          "thresholdValue": 80435.76231884059,
          "thresholdMetric": "CREATE-pods-count",
          "thresholdRatio": 3.3624635977807995,
          "thresholdExceeded": false
        }
      },
      "WATCH-cdiconfigs-count": {
        "value": 9.054782608695653
      },
      "WATCH-cdis-count": {
        "value": 7.0426086956521745
      },
      "WATCH-clusterrolebindings-count": {
        "value": 16.097393637303764
      },
      "WATCH-clusterroles-count": {
        "value": 16.097393637303764
      },
      "WATCH-configmaps-count": {
        "value": 108.65739859483514
      },
      "WATCH-controllerrevisions-count": {
        "value": 8.048695652173913
      },
      "WATCH-customresourcedefinitions-count": {
        "value": 69.490607259352
      },
      "WATCH-daemonsets-count": {
        "value": 16.097393637303764
      },
      "WATCH-datasources-count": {
        "value": 23.14
      },
      "WATCH-datavolumes-count": {
        "value": 8.048695652173913
      },
      "WATCH-deployments-count": {
        "value": 16.097393637303764
      },
      "WATCH-ingresses-count": {
        "value": 8.048695652173913
      },
      "WATCH-jobs-count": {
        "value": 15.091306680782026
      },
      "WATCH-kubevirts-count": {
        "value": 56.41147478323295
      },
      "WATCH-leases-count": {
        "value": 16.097393637303764
      },
      "WATCH-migrationpolicies-count": {
        "value": 7.0426086956521745
      },
      "WATCH-mutatingwebhookconfigurations-count": {
        "value": 16.097393637303764
      },
      "WATCH-namespaces-count": {
        "value": 40.2434805938255
      },
      "WATCH-nodes-count": {
        "value": 14.085217391304349
      },
      "WATCH-persistentvolumeclaims-count": {
        "value": 8.048695652173913
      },
      "WATCH-poddisruptionbudgets-count": {
        "value": 24.14608958109717
      },
      "WATCH-pods-count": {
        "value": 32.19478494165159
      },
      "WATCH-prometheusrules-count": {
        "value": 14.085219432640795
      },
      "WATCH-resourcequotas-count": {
        "value": 8.048695652173913
      },
      "WATCH-rolebindings-count": {
        "value": 14.085219432640795
      },
      "WATCH-roles-count": {
        "value": 16.097393928923257
      },
      "WATCH-secrets-count": {
        "value": 22.1339153764342
      },
      "WATCH-serviceaccounts-count": {
        "value": 15.091306680782026
      },
      "WATCH-servicemonitors-count": {
        "value": 16.097393637303764
      },
      "WATCH-services-count": {
        "value": 24.14608958109717
      },
      "WATCH-storageclasses-count": {
        "value": 7.0426086956521745
      },
      "WATCH-storageprofiles-count": {
        "value": 8.048695652173913
      },
      "WATCH-validatingadmissionpolicies-count": {
        "value": 16.097393637303764
      },
      "WATCH-validatingadmissionpolicybindings-count": {
        "value": 16.097393637303764
      },
      "WATCH-validatingwebhookconfigurations-count": {
        "value": 16.097393637303764
      },
      "WATCH-virtualmachinebackups-count": {
        "value": 24.146086956521742
      },
      "WATCH-virtualmachinebackuptrackers-count": {
        "value": 17.103478260869565
      },
      "WATCH-virtualmachineclones-count": {
        "value": 7.0426086956521745
      },
      "WATCH-virtualmachineclusterinstancetypes-count": {
        "value": 23.140002041336444
      },
      "WATCH-virtualmachineclusterpreferences-count": {
        "value": 24.14608928947768
      },
      "WATCH-virtualmachineexports-count": {
        "value": 7.0426086956521745
      },
      "WATCH-virtualmachineinstancemigrations-count": {
        "value": 7.0426086956521745
      },
      "WATCH-virtualmachineinstancepresets-count": {
        "value": 15.091304347826089
      },
      "WATCH-virtualmachineinstancereplicasets-count": {
        "value": 8.048695652173913
      },
      "WATCH-virtualmachineinstances-count": {
        "value": 32.194782608695654
      },
      "WATCH-virtualmachineinstancetypes-count": {
        "value": 8.048695652173913
      },
      "WATCH-virtualmachinepools-count": {
        "value": 9.054782608695653
      },
      "WATCH-virtualmachinepreferences-count": {
        "value": 8.048695652173913
      },
      "WATCH-virtualmachinerestores-count": {
        "value": 22.133913043478262
      },
      "WATCH-virtualmachines-count": {
        "value": 7.0426086956521745
      },
      "WATCH-virtualmachinesnapshotcontents-count": {
        "value": 7.0426086956521745
      },
      "WATCH-virtualmachinesnapshots-count": {
        "value": 7.0426086956521745
      },
      "avgVirtAPICPUUsage": {
        "value": 0.02818753201754386
      },
      "avgVirtAPIMemoryUsageInMB": {
        "value": 176.2287364130435
      },
      "avgVirtControllerCPUUsage": {
        "value": 0.2606009532163742
      },
      "avgVirtControllerMemoryUsageInMB": {
        "value": 1397.3842391304347
      },
      "maxVirtAPIMemoryUsageInMB": {
        "value": 177.689453125
      },
      "maxVirtControllerMemoryUsageInMB": {
        "value": 2297.55078125
      },
      "minVirtAPIMemoryUsageInMB": {
        "value": 154.001953125
      },
      "minVirtControllerMemoryUsageInMB": {
        "value": 521.6171875
      },
      "virtControllerWorkqueueAddRate": {
        "value": 232.40954482266068
      },
      "virtControllerWorkqueueDepth": {
        "value": 0.08695198762762235
      },
      "virtControllerWorkqueueP99Latency": {
        "value": 0.7101402329127987
      },
      "vmiCreationToRunningSecondsP50": {
        "value": 0.5988070491309803,
        "thresholdResult": {
          "thresholdValue": 45,
          "thresholdExceeded": false
        }
      },
      "vmiCreationToRunningSecondsP95": {
        "value": 0.9857027845817729,
        "thresholdResult": {
          "thresholdValue": 60,
          "thresholdExceeded": false
        }
      },
      "vmiCreationToRunningSecondsP99": {
        "value": 1.700337276923407
      },
      "vmiDeletionToFailedSecondsP50": {
        "value": 0
      },
      "vmiDeletionToFailedSecondsP95": {
        "value": 0
      },
      "vmiDeletionToFailedSecondsP99": {
        "value": 0
      },