{
  "JobDirCreationTime": "2025-03-16T05:02:09.32Z",
  "VMIResult": {
    "Values": {
      "CREATE-events-count": {
        "value": 744.8001314814816
      },
      "CREATE-pods-count": {
        "value": 102.29666666666665
      },
      "DELETE-pods-count": {
        "value": 405.4849
      },
      "GET-leases-count": {
        "value": 191.11111111111111
      },
      "GET-nodes-count": {
        "value": 23.333333333333336
      },
      "PATCH-events-count": {
        "value": 241.34063333333333
      },
      "PATCH-nodes-count": {
        "value": 10
      },
      "PATCH-pods-count": {
        "value": 308.91593333333327
      },
      "PATCH-virtualmachineinstances-count": {
        "value": 204.5933333333333
      },
      "UPDATE-leases-count": {
        "value": 298.8888888888889
      },
      "UPDATE-virtualmachineinstances-count": {
        "value": 954.2518166666666
      },
      "WATCH-clusterroles-count": {
        "value": 1.1111111111111112
      },
      "WATCH-configmaps-count": {
        "value": 3.3333333333333335
      },
      "WATCH-controllerrevisions-count": {
        "value": 1.1111111111111112
      },
      "WATCH-customresourcedefinitions-count": {
        "value": 3.3333333333333335
      },
      "WATCH-daemonsets-count": {
        "value": 2.2222222222222223
      },
      "WATCH-jobs-count": {
        "value": 1.1111111111111112
      },
      "WATCH-kubevirts-count": {
        "value": 3.3333333333333335
      },
      "WATCH-namespaces-count": {
        "value": 1.1111111111111112
      },
      "WATCH-persistentvolumeclaims-count": {
        "value": 1.1111111111111112
      },
      "WATCH-poddisruptionbudgets-count": {
        "value": 3.3333333333333335
      },
      "WATCH-pods-count": {
        "value": 2.2222222222222223
      },
      "WATCH-rolebindings-count": {
        "value": 1.1111111111111112
      },
      "WATCH-roles-count": {
        "value": 2.2222222222222223
      },
      "WATCH-secrets-count": {
        "value": 3.3333333333333335
      },
      "WATCH-servicemonitors-count": {
        "value": 2.2222222222222223
      },
      "WATCH-services-count": {
        "value": 2.2222222222222223
      },
      "WATCH-storageclasses-count": {
        "value": 1.1111111111111112
      },
      "WATCH-validatingwebhookconfigurations-count": {
        "value": 1.1111111111111112
      },
      "WATCH-virtualmachineclusterpreferences-count": {
        "value": 1.1111111111111112
      },
      "WATCH-virtualmachineinstancemigrations-count": {
        "value": 1.1111111111111112
      },
      "WATCH-virtualmachineinstancepresets-count": {
        "value": 1.1111111111111112
      },
      "WATCH-virtualmachineinstances-count": {
        "value": 3.3333333333333335
      },
      "WATCH-virtualmachineinstancetypes-count": {
        "value": 1.1111111111111112
      },
      "WATCH-virtualmachinepreferences-count": {
        "value": 1.1111111111111112
      },
      "WATCH-virtualmachinerestores-count": {
        "value": 2.2222222222222223
      },
      "WATCH-virtualmachinesnapshotcontents-count": {
        "value": 1.1111111111111112
      },
      "WATCH-virtualmachinesnapshots-count": {
        "value": 1.1111111111111112
      },
      "WATCH-volumesnapshots-count": {
        "value": 1.1111111111111112
      },
      "avgVirtAPICPUUsage": {
        "value": 0.02501068053055555
      },
      "avgVirtAPIMemoryUsageInMB": {
        "value": 181.673828125
      },
      "avgVirtControllerCPUUsage": {
        "value": 0.03719452272222222
      },
      "avgVirtControllerMemoryUsageInMB": {
        "value": 109.368359375
      },
      "avgVirtHandlerCPUUsage": {
        "value": 0.07807498505511565
      },
      "avgVirtHandlerMemoryUsageInMB": {
        "value": 73.61581559933123
      },
      "maxVirtAPIMemoryUsageInMB": {
        "value": 202.740234375
      },
      "maxVirtControllerMemoryUsageInMB": {
        "value": 134.61328125
      },
      "maxVirtHandlerCPUUsage": {
        "value": 0.07807498505511565
      },
      "maxVirtHandlerMemoryUsageInMB": {
        "value": 134.72360777243588
      },
      "minVirtAPIMemoryUsageInMB": {
        "value": 164.0888671875
      },
      "minVirtControllerMemoryUsageInMB": {
        "value": 88.8359375
      },
      "minVirtHandlerCPUUsage": {
        "value": 0.07807498505511565
      },
      "minVirtHandlerMemoryUsageInMB": {
        "value": 8.974404501748252
      },
      "succeeded-phase-count": {
        "value": 1
      },
      "vmiCreationToRunningSecondsP50": {
        "value": 46.11212703844906
      },
      "vmiCreationToRunningSecondsP95": {
        "value": 58.05793847470112
      },
      "vmiCreationToRunningSecondsP99": {
        "value": 59.611587694940226
      },
      "vmiDeletionToFailedSecondsP50": {
        "value": 0
      },
      "vmiDeletionToFailedSecondsP95": {
        "value": 0
      },
      "vmiDeletionToFailedSecondsP99": {
        "value": 0
      },
      "vmiDeletionToSucceededSecondsP50": {
        "value": 0.8219870936471787
      },
      "vmiDeletionToSucceededSecondsP95": {
        "value": 9.964855350480022
      },
      "vmiDeletionToSucceededSecondsP99": {
        "value": 17.980318996268824
      }
    }
  },
  "VMResult": null
}
