{
  "JobDirCreationTime": "2026-05-09T08:45:30.178Z",
  "VMIResult": {
    "Values": {
      "CREATE-events-count": {
        "value": 158.31047777777778
      },
      "CREATE-pods-count": {
        "value": 119.32746666666668
      },
      "GET-leases-count": {
        "value": 106.05194666666668
      },
      "GET-mutatingwebhookconfigurations-count": {
        "value": 27.052833333333336
      },
      "LIST-nodes-count": {
        "value": 27.052833333333336
      },
      "LIST-virtualmachineclusterinstancetypes-count": {
        "value": 27.052833333333336
      },
      "LIST-virtualmachineclusterpreferences-count": {
        "value": 27.052833333333336
      },
      "PATCH-nodes-count": {
        "value": 9.186953305467226
      },
      "PATCH-pods-count": {
        "value": 175.79346666666666
      },
      "PATCH-services-count": {
        "value": 108.21133333333334
      },
      "PATCH-validatingadmissionpolicies-count": {
        "value": 27.052833333333336
      },
      "PATCH-validatingadmissionpolicybindings-count": {
        "value": 27.052833333333336
      },
      "PATCH-virtualmachineinstances-count": {
        "value": 1.5988666666666667,
        "thresholdResult": {
          "thresholdValue": 238.65493333333336,
          "thresholdMetric": "CREATE-pods-count",
          "thresholdRatio": 0.013398982743285702,
          "thresholdExceeded": true
        }
      },
      "UPDATE-configmaps-count": {
        "value": 27.052833333333336
      },
      "UPDATE-leases-count": {
        "value": 157.77185833333334
      },
      "UPDATE-virtualmachineinstances-count": {
        "value": 490.33706666666666,
        "thresholdResult": {
          "thresholdValue": 1193.2746666666667,
          "thresholdMetric": "CREATE-pods-count",
          "thresholdRatio": 4.109171847554516,
          "thresholdExceeded": false
        }
      },
      "avgVirtAPICPUUsage": {
        "value": 0.009337791642436508
      },
      "avgVirtAPIMemoryUsageInMB": {
        "value": 132.6154513888889
      },
      "avgVirtControllerCPUUsage": {
        "value": 0.024522115868314816
      },
      "avgVirtControllerMemoryUsageInMB": {
        "value": 60.67626953125
      },
      "avgVirtHandlerCPUUsage": {
        "value": 0.0008552920798777947
      },
      "avgVirtHandlerMemoryUsageInMB": {
        "value": 11.518584781736637
      },
      "maxVirtAPIMemoryUsageInMB": {
        "value": 168.486328125
      },
      "maxVirtControllerMemoryUsageInMB": {
        "value": 90.26171875
      },
      "maxVirtHandlerCPUUsage": {
        "value": 0.0009060499388683128
      },
      "maxVirtHandlerMemoryUsageInMB": {
        "value": 25.571824363425925
      },
      "minVirtAPIMemoryUsageInMB": {
        "value": 0
      },
      "minVirtControllerMemoryUsageInMB": {
        "value": 0.06640625
      },
      "minVirtHandlerCPUUsage": {
        "value": 0.0007929629241734008
      },
      "minVirtHandlerMemoryUsageInMB": {
        "value": 4.3995572916666665
      },
      "running-phase-count": {
        "value": 101
      },
      "virtControllerWorkqueueAddRate": {
        "value": 17.262036266666662
      },
      "virtControllerWorkqueueDepth": {
        "value": 0
      },
      "virtControllerWorkqueueP99Latency": {
        "value": 0.06648096872156238
      },
      "vmiCreationToRunningSecondsP50": {
        "value": 15.92670389957001,
        "thresholdResult": {
          "thresholdValue": 45,
          "thresholdExceeded": false
        }
      },
      "vmiCreationToRunningSecondsP95": {
        "value": 26.80226666666666,
        "thresholdResult": {
          "thresholdValue": 60,
          "thresholdExceeded": false
        }
      },
      "vmiCreationToRunningSecondsP99": {
        "value": 29.360453333333332
      },
      "vmiDeletionToFailedSecondsP50": {
        "value": 0
      },
      "vmiDeletionToFailedSecondsP95": {
        "value": 0
      },
      "vmiDeletionToFailedSecondsP99": {
        "value": 0
      },
      "vmiDeletionToSucceededSecondsP50": {
        "value": 0
      },
      "vmiDeletionToSucceededSecondsP95": {
        "value": 0
      },
      "vmiDeletionToSucceededSecondsP99": {
        "value": 0
      }
    }
  },
  "VMResult": {
    "Values": {
      "CREATE-events-count": {
        "value": 665.5543580379972
      },
      "CREATE-pods-count": {
        "value": 61.111111111111114
      },
      "DELETE-pods-count": {
        "value": 15.620999999999999
      },
      "GET-leases-count": {
        "value": 190
      },
      "GET-mutatingwebhookconfigurations-count": {
        "value": 50
      },
      "LIST-nodes-count": {
        "value": 50
      },
      "LIST-virtualmachineclusterinstancetypes-count": {
        "value": 50
      },
      "LIST-virtualmachineclusterpreferences-count": {
        "value": 50
      },
      "PATCH-events-count": {
        "value": 15.621
      },
      "PATCH-nodes-count": {
        "value": 23.333271605624134
      },
      "PATCH-pods-count": {
        "value": 68.88888888888889
      },
      "PATCH-services-count": {
        "value": 200
      },
      "PATCH-validatingadmissionpolicies-count": {
        "value": 50
      },
      "PATCH-validatingadmissionpolicybindings-count": {
        "value": 50
      },
      "PATCH-virtualmachineinstances-count": {
        "value": 112.22222222222223,
        "thresholdResult": {
          "thresholdValue": 122.22222222222223,
          "thresholdMetric": "CREATE-pods-count",
          "thresholdRatio": 1.8363636363636364,
          "thresholdExceeded": false
        }
      },
      "UPDATE-configmaps-count": {
        "value": 50
      },
      "UPDATE-leases-count": {
        "value": 300
      },
      "UPDATE-virtualmachineinstances-count": {
        "value": 548.8881358108368,
        "thresholdResult": {
          "thresholdValue": 611.1111111111111,
          "thresholdMetric": "CREATE-pods-count",
          "thresholdRatio": 8.981805858722785,
          "thresholdExceeded": false
        }
      },
      "WATCH-cdiconfigs-count": {
        "value": 1.1111111111111112
      },
      "WATCH-cdis-count": {
        "value": 1.1111111111111112
      },
      "WATCH-clusterrolebindings-count": {
        "value": 2.2222222222222223
      },
      "WATCH-configmaps-count": {
        "value": 13.333320987791492
      },
      "WATCH-controllerrevisions-count": {
        "value": 1.1111111111111112
      },
      "WATCH-customresourcedefinitions-count": {
        "value": 8.888876543347049
      },
      "WATCH-daemonsets-count": {
        "value": 1.1111111111111112
      },
      "WATCH-datasources-count": {
        "value": 2.2222222222222223
      },
      "WATCH-datavolumes-count": {
        "value": 1.1111111111111112
      },
      "WATCH-deployments-count": {
        "value": 1.1111111111111112
      },
      "WATCH-ingresses-count": {
        "value": 1.1111111111111112
      },
      "WATCH-jobs-count": {
        "value": 2.2222222222222223
      },
      "WATCH-kubevirts-count": {
        "value": 9.999987654458158
      },
      "WATCH-leases-count": {
        "value": 2.2222222222222223
      },
      "WATCH-migrationpolicies-count": {
        "value": 1.1111111111111112
      },
      "WATCH-mutatingwebhookconfigurations-count": {
        "value": 2.2222222222222223
      },
      "WATCH-namespaces-count": {
        "value": 2.2222222222222223
      },
      "WATCH-nodes-count": {
        "value": 5.555543210013717
      },
      "WATCH-persistentvolumeclaims-count": {
        "value": 1.1111111111111112
      },
      "WATCH-poddisruptionbudgets-count": {
        "value": 1.1111111111111112
      },
      "WATCH-pods-count": {
        "value": 2.2222222222222223
      },
      "WATCH-prometheusrules-count": {
        "value": 2.2222222222222223
      },
      "WATCH-rolebindings-count": {
        "value": 1.1111111111111112
      },