{
  "JobDirCreationTime": "2022-08-17T05:02:50.166Z",
  "VMIResult": {
    "Values": {
      "CREATE-events-count": {
        "value": 724.2841101587301
      },
      "CREATE-pods-count": {
        "value": 113.10916666666667
      },
      "DELETE-pods-count": {
        "value": 114.83904761904762
      },
      "GET-endpoints-count": {
        "value": 486.6666666666667
      },
      "GET-nodes-count": {
        "value": 10
      },
      "LIST-clusterrolebindings-count": {
        "value": 1.1111111111111112
      },
      "LIST-clusterroles-count": {
        "value": 2.2222222222222223
      },
      "LIST-configmaps-count": {
        "value": 4.444444444444445
      },
      "LIST-customresourcedefinitions-count": {
        "value": 8.88888888888889
      },
      "LIST-deployments-count": {
        "value": 2.2222222222222223
      },
      "LIST-jobs-count": {
        "value": 2.2222222222222223
      },
      "LIST-kubevirts-count": {
        "value": 4.444444444444445
      },
      "LIST-mutatingwebhookconfigurations-count": {
        "value": 1.1111111111111112
      },
      "LIST-namespaces-count": {
        "value": 2.2222222222222223
      },
      "LIST-poddisruptionbudgets-count": {
        "value": 2.2222222222222223
      },
      "LIST-pods-count": {
        "value": 3.3333333333333335
      },
      "LIST-prometheusrules-count": {
        "value": 1.1111111111111112
      },
      "LIST-rolebindings-count": {
        "value": 2.2222222222222223
      },
      "LIST-roles-count": {
        "value": 2.2222222222222223
      },
      "LIST-secrets-count": {
        "value": 2.2222222222222223
      },
      "LIST-servicemonitors-count": {
        "value": 1.1111111111111112
      },
      "LIST-services-count": {
        "value": 1.1111111111111112
      },
      "LIST-validatingwebhookconfigurations-count": {
        "value": 1.1111111111111112
      },
      "LIST-virtualmachineinstancepresets-count": {
        "value": 2.2222222222222223
      },
      "LIST-virtualmachineinstances-count": {
        "value": 8.88888888888889
      },
      "LIST-virtualmachinepools-count": {
        "value": 1.1111111111111112
      },
      "LIST-virtualmachines-count": {
        "value": 1.1111111111111112
      },
      "PATCH-events-count": {
        "value": 130.95706547619048
      },
      "PATCH-nodes-count": {
        "value": 10
      },
      "PATCH-pods-count": {
        "value": 116.85916666666667
      },
      "PATCH-virtualmachineinstances-count": {
        "value": 229.67809523809524
      },
      "UPDATE-endpoints-count": {
        "value": 298.8888888888889
      },
      "UPDATE-virtualmachineinstances-count": {
        "value": 1025.3010826190475
      },
      "vmiCreationToRunningSecondsP50": {
        "value": 36.28952838193671
      },
      "vmiCreationToRunningSecondsP95": {
        "value": 51.59346389918374
      },
      "vmiCreationToRunningSecondsP99": {
        "value": 58.31869277983675
      }
    }
  },
  "VMResult": null
}
