{
  "JobDirCreationTime": "2025-08-10T08:19:10.943Z",
  "VMIResult": {
    "Values": {
      "CREATE-events-count": {
        "value": 144.31202222222223
      },
      "CREATE-pods-count": {
        "value": 101.21466666666667
      },
      "GET-leases-count": {
        "value": 142.49423809523807
      },
      "GET-nodes-count": {
        "value": 25.4784
      },
      "LIST-nodes-count": {
        "value": 42.0846380952381
      },
      "LIST-virtualmachineclusterinstancetypes-count": {
        "value": 39.334290476190475
      },
      "LIST-virtualmachineclusterpreferences-count": {
        "value": 39.334290476190475
      },
      "PATCH-nodes-count": {
        "value": 6.064311111111111
      },
      "PATCH-pods-count": {
        "value": 335.71269333333333
      },
      "PATCH-services-count": {
        "value": 168.3385523809524
      },
      "PATCH-validatingadmissionpolicies-count": {
        "value": 42.0846380952381
      },
      "PATCH-validatingadmissionpolicybindings-count": {
        "value": 42.0846380952381
      },
      "PATCH-virtualmachineinstances-count": {
        "value": 101.26833333333335,
        "thresholdResult": {
          "thresholdValue": 202.42933333333335,
          "thresholdMetric": "CREATE-pods-count",
          "thresholdRatio": 1.0005302261859284,
          "thresholdExceeded": false
        }
      },
      "UPDATE-configmaps-count": {
        "value": 42.0846380952381
      },
      "UPDATE-kubevirts-count": {
        "value": 1.1074904761904762
      },
      "UPDATE-leases-count": {
        "value": 228.9475
      },
      "UPDATE-virtualmachineinstances-count": {
        "value": 565.4261666666667,
        "thresholdResult": {
          "thresholdValue": 1012.1466666666668,
          "thresholdMetric": "CREATE-pods-count",
          "thresholdRatio": 5.586405461659049,
          "thresholdExceeded": false
        }
      },
      "avgVirtAPICPUUsage": {
        "value": 0.01028579973481678
      },
      "avgVirtAPIMemoryUsageInMB": {
        "value": 139.47578124999998
      },
      "avgVirtControllerCPUUsage": {
        "value": 0.02605490525133124
      },
      "avgVirtControllerMemoryUsageInMB": {
        "value": 60.72569444444444
      },
      "avgVirtHandlerCPUUsage": {
        "value": 0.0008388196017678912
      },
      "avgVirtHandlerMemoryUsageInMB": {
        "value": 14.54565741694648
      },
      "maxVirtAPIMemoryUsageInMB": {
        "value": 162.83203125
      },
      "maxVirtControllerMemoryUsageInMB": {
        "value": 84.06640625
      },
      "maxVirtHandlerCPUUsage": {
        "value": 0.0008783925122839506
      },
      "maxVirtHandlerMemoryUsageInMB": {
        "value": 44.41212384259259
      },
      "minVirtAPIMemoryUsageInMB": {
        "value": 132.9140625
      },
      "minVirtControllerMemoryUsageInMB": {
        "value": 44.703125
      },
      "minVirtHandlerCPUUsage": {
        "value": 0.000801827530559829
      },
      "minVirtHandlerMemoryUsageInMB": {
        "value": 3.583233173076923
      },
      "running-phase-count": {
        "value": 101
      },
      "vmiCreationToRunningSecondsP50": {
        "value": 24.04106073606109,
        "thresholdResult": {
          "thresholdValue": 45,
          "thresholdExceeded": false
        }
      },
      "vmiCreationToRunningSecondsP95": {
        "value": 32.785905439451774,
        "thresholdResult": {
          "thresholdValue": 60,
          "thresholdExceeded": false
        }
      },
      "vmiCreationToRunningSecondsP99": {
        "value": 38.55718108789035
      },
      "vmiDeletionToFailedSecondsP50": {
        "value": 0
      },
      "vmiDeletionToFailedSecondsP95": {
        "value": 0
      },
      "vmiDeletionToFailedSecondsP99": {
        "value": 0
      },
      "vmiDeletionToSucceededSecondsP50": {
        "value": 0
      },
      "vmiDeletionToSucceededSecondsP95": {
        "value": 0
      },
      "vmiDeletionToSucceededSecondsP99": {
        "value": 0
      }
    }
  },
  "VMResult": null
}
