{
  "JobDirCreationTime": "2026-07-16T06:17:32.037Z",
  "VMIResult": {
    "Values": {
      "CREATE-events-count": {
        "value": 128.64193548387098
      },
      "CREATE-pods-count": {
        "value": 101.76983870967742
      },
      "DELETE-pods-count": {
        "value": 50.80106557377049
      },
      "GET-leases-count": {
        "value": 583.9935483870968
      },
      "LIST-virtualmachineclusterinstancetypes-count": {
        "value": 315.4952380952381
      },
      "LIST-virtualmachineclusterpreferences-count": {
        "value": 315.4952380952381
      },
      "PATCH-events-count": {
        "value": 24.384511475409834
      },
      "PATCH-nodes-count": {
        "value": 91.40092165898618
      },
      "PATCH-pods-count": {
        "value": 101.76983870967742
      },
      "UPDATE-leases-count": {
        "value": 947.4580645161291
      },
      "UPDATE-virtualmachineinstances-count": {
        "value": 343.60205483870965
      },
      "WATCH-configmaps-count": {
        "value": 41.79485407066053
      },
      "WATCH-controllerrevisions-count": {
        "value": 4.083870967741936
      },
      "WATCH-customresourcedefinitions-count": {
        "value": 45.732872503840255
      },
      "WATCH-ingresses-count": {
        "value": 4.083870967741936
      },
      "WATCH-kubevirts-count": {
        "value": 36.62519201228879
      },
      "WATCH-migrationpolicies-count": {
        "value": 5.10483870967742
      },
      "WATCH-namespaces-count": {
        "value": 13.272580645161291
      },
      "WATCH-nodes-count": {
        "value": 17.29162826420891
      },
      "WATCH-persistentvolumeclaims-count": {
        "value": 4.083870967741936
      },
      "WATCH-plugins-count": {
        "value": 11.165821812596006
      },
      "WATCH-poddisruptionbudgets-count": {
        "value": 4.083870967741936
      },
      "WATCH-pods-count": {
        "value": 9.188709677419356
      },
      "WATCH-prometheusrules-count": {
        "value": 8.102918586789555
      },
      "WATCH-resourcequotas-count": {
        "value": 4.083870967741936
      },
      "WATCH-routes-count": {
        "value": 11.165821812596006
      },
      "WATCH-secrets-count": {
        "value": 4.083870967741936
      },
      "WATCH-securitycontextconstraints-count": {
        "value": 8.102918586789555
      },
      "WATCH-servicemonitors-count": {
        "value": 8.102918586789555
      },
      "WATCH-services-count": {
        "value": 5.10483870967742
      },
      "WATCH-storageclasses-count": {
        "value": 5.10483870967742
      },
      "WATCH-virtualmachinebackups-count": {
        "value": 12.251612903225807
      },
      "WATCH-virtualmachinebackuptrackers-count": {
        "value": 17.30783410138249
      },
      "WATCH-virtualmachineclones-count": {
        "value": 4.083870967741936
      },
      "WATCH-virtualmachineclusterinstancetypes-count": {
        "value": 13.207757296466974
      },
      "WATCH-virtualmachineclusterpreferences-count": {
        "value": 13.207757296466974
      },
      "WATCH-virtualmachineexports-count": {
        "value": 4.083870967741936
      },
      "WATCH-virtualmachineinstancemigrations-count": {
        "value": 4.083870967741936
      },
      "WATCH-virtualmachineinstancepresets-count": {
        "value": 10.20967741935484
      },
      "WATCH-virtualmachineinstancereplicasets-count": {
        "value": 4.083870967741936
      },
      "WATCH-virtualmachineinstances-count": {
        "value": 45.73287250384024
      },
      "WATCH-virtualmachineinstancetypes-count": {
        "value": 4.083870967741936
      },
      "WATCH-virtualmachinepools-count": {
        "value": 3.0629032258064517
      },
      "WATCH-virtualmachinepreferences-count": {
        "value": 5.10483870967742
      },
      "WATCH-virtualmachinerestores-count": {
        "value": 12.251612903225807
      },
      "WATCH-virtualmachines-count": {
        "value": 5.10483870967742
      },
      "WATCH-virtualmachinesnapshotcontents-count": {
        "value": 4.083870967741936
      },
      "WATCH-virtualmachinesnapshots-count": {
        "value": 4.083870967741936
      },
      "WATCH-volumesnapshotclasses-count": {
        "value": 4.083870967741936
      },
      "WATCH-volumesnapshots-count": {
        "value": 4.083870967741936
      },
      "avgVirtAPICPUUsage": {
        "value": 0.0044734012766321045
      },
      "avgVirtAPIMemoryUsageInMB": {
        "value": 181.8110140845889
      },
      "avgVirtControllerCPUUsage": {
        "value": 0.012417197407936509
      },
      "avgVirtControllerMemoryUsageInMB": {
        "value": 377.53552827380946
      },
      "failed-phase-count": {
        "value": 4
      },
      "maxVirtAPIMemoryUsageInMB": {
        "value": 229.0224609375
      },
      "maxVirtControllerMemoryUsageInMB": {
        "value": 461.6953125
      },
      "minVirtAPIMemoryUsageInMB": {
        "value": 172.005859375
      },
      "minVirtControllerMemoryUsageInMB": {
        "value": 313.6953125
      },
      "virtControllerWorkqueueAddRate": {
        "value": 1.726571481594727
      },
      "virtControllerWorkqueueDepth": {
        "value": 0
      },
      "virtControllerWorkqueueP99Latency": {
        "value": 0.07781432337273944
      },
      "vmiCreationToRunningSecondsP50": {
        "value": 0
      },
      "vmiCreationToRunningSecondsP95": {
        "value": 0
      },
      "vmiCreationToRunningSecondsP99": {
        "value": 0
      },
      "vmiDeletionToFailedSecondsP50": {
        "value": 0.2608695652173913
      },
      "vmiDeletionToFailedSecondsP95": {
        "value": 0.49565217391304345
      },
      "vmiDeletionToFailedSecondsP99": {
        "value": 0.8800000000000006
      },
      "vmiDeletionToSucceededSecondsP50": {
        "value": 0
      },
      "vmiDeletionToSucceededSecondsP95": {
        "value": 0
      },
      "vmiDeletionToSucceededSecondsP99": {
        "value": 0
      }
    }
  },
  "VMResult": null
}
