{
  "JobDirCreationTime": "2025-04-10T00:19:28.373Z",
  "VMIResult": {
    "Values": {
      "CREATE-events-count": {
        "value": 200.53257880238647
      },
      "CREATE-pods-count": {
        "value": 103.93326000183328
      },
      "GET-leases-count": {
        "value": 183.3306667456767
      },
      "GET-nodes-count": {
        "value": 25.555555555555557
      },
      "LIST-nodes-count": {
        "value": 1.1111111111111112
      },
      "LIST-virtualmachineclusterinstancetypes-count": {
        "value": 1.1111111111111112
      },
      "LIST-virtualmachineclusterpreferences-count": {
        "value": 1.1111111111111112
      },
      "PATCH-nodes-count": {
        "value": 11.11111111111111
      },
      "PATCH-pods-count": {
        "value": 334.4157646058848
      },
      "PATCH-services-count": {
        "value": 4.444444444444445
      },
      "PATCH-validatingadmissionpolicies-count": {
        "value": 1.1111111111111112
      },
      "PATCH-validatingadmissionpolicybindings-count": {
        "value": 1.1111111111111112
      },
      "PATCH-virtualmachineinstances-count": {
        "value": 104.91098074508626,
        "thresholdResult": {
          "thresholdValue": 207.86652000366655,
          "thresholdMetric": "CREATE-pods-count",
          "thresholdRatio": 1.0094071978809838,
          "thresholdExceeded": false
        }
      },
      "UPDATE-leases-count": {
        "value": 298.8872345862824
      },
      "UPDATE-virtualmachineinstances-count": {
        "value": 706.0313248534093,
        "thresholdResult": {
          "thresholdValue": 1039.3326000183329,
          "thresholdMetric": "CREATE-pods-count",
          "thresholdRatio": 6.793122094322411,
          "thresholdExceeded": false
        }
      },
      "WATCH-cdiconfigs-count": {
        "value": 1.1110987655692712
      },
      "WATCH-cdis-count": {
        "value": 1.1110987655692712
      },
      "WATCH-clusterrolebindings-count": {
        "value": 1.1111111111111112
      },
      "WATCH-clusterroles-count": {
        "value": 1.1111111111111112
      },
      "WATCH-configmaps-count": {
        "value": 3.333300412498066
      },
      "WATCH-customresourcedefinitions-count": {
        "value": 3.3333333333333335
      },
      "WATCH-daemonsets-count": {
        "value": 1.1111111111111112
      },
      "WATCH-ingresses-count": {
        "value": 1.1110987655692712
      },
      "WATCH-jobs-count": {
        "value": 1.1111111111111112
      },
      "WATCH-kubevirts-count": {
        "value": 5.55549382851696
      },
      "WATCH-mutatingwebhookconfigurations-count": {
        "value": 2.2221893013869547
      },
      "WATCH-namespaces-count": {
        "value": 1.1110946504496229
      },
      "WATCH-poddisruptionbudgets-count": {
        "value": 1.1110781902758438
      },
      "WATCH-pods-count": {
        "value": 1.1110987655692712
      },
      "WATCH-prometheusrules-count": {
        "value": 1.1110781902758438
      },
      "WATCH-rolebindings-count": {
        "value": 1.1111111111111112
      },
      "WATCH-roles-count": {
        "value": 2.2221893013869547
      },
      "WATCH-servicemonitors-count": {
        "value": 1.1111111111111112
      },
      "WATCH-services-count": {
        "value": 1.1110987655692712
      },
      "WATCH-validatingadmissionpolicies-count": {
        "value": 1.1111111111111112
      },
      "WATCH-validatingwebhookconfigurations-count": {
        "value": 1.1111111111111112
      },
      "WATCH-virtualmachineclones-count": {
        "value": 1.1110987655692712
      },
      "WATCH-virtualmachineclusterpreferences-count": {
        "value": 1.1111111111111112
      },
      "WATCH-virtualmachineinstances-count": {
        "value": 2.2222222222222223
      },
      "WATCH-virtualmachinepools-count": {
        "value": 1.1110987655692712
      },
      "WATCH-virtualmachinerestores-count": {
        "value": 2.222193416018894
      },
      "WATCH-virtualmachinesnapshotcontents-count": {
        "value": 1.1110987655692712
      },
      "WATCH-virtualmachinesnapshots-count": {
        "value": 1.1110987655692712
      },
      "avgVirtAPICPUUsage": {
        "value": 0.009148672920315968
      },
      "avgVirtAPIMemoryUsageInMB": {
        "value": 138.5416015625
      },
      "avgVirtControllerCPUUsage": {
        "value": 0.021145521406959994
      },
      "avgVirtControllerMemoryUsageInMB": {
        "value": 64.973828125
      },
      "avgVirtHandlerCPUUsage": {
        "value": 0.0007160692987375374
      },
      "avgVirtHandlerMemoryUsageInMB": {
        "value": 17.77526342147436
      },
      "maxVirtAPIMemoryUsageInMB": {
        "value": 163.2734375
      },
      "maxVirtControllerMemoryUsageInMB": {
        "value": 86.08984375
      },
      "maxVirtHandlerCPUUsage": {
        "value": 0.0007716344284222656
      },
      "maxVirtHandlerMemoryUsageInMB": {
        "value": 58.666203425480774
      },
      "minVirtAPIMemoryUsageInMB": {
        "value": 124.853515625
      },
      "minVirtControllerMemoryUsageInMB": {
        "value": 55.703125
      },
      "minVirtHandlerCPUUsage": {
        "value": 0.0006845253333333334
      },
      "minVirtHandlerMemoryUsageInMB": {
        "value": 3.2853190104166665
      },
      "running-phase-count": {
        "value": 101
      },
      "vmiCreationToRunningSecondsP50": {
        "value": 24.295401133077974,
        "thresholdResult": {
          "thresholdValue": 45,
          "thresholdExceeded": false
        }
      },
      "vmiCreationToRunningSecondsP95": {
        "value": 34.95188189001636,
        "thresholdResult": {
          "thresholdValue": 60,
          "thresholdExceeded": false
        }
      },
      "vmiCreationToRunningSecondsP99": {
        "value": 38.990376378003276
      },
      "vmiDeletionToFailedSecondsP50": {
        "value": 0
      },
      "vmiDeletionToFailedSecondsP95": {
        "value": 0
      },
      "vmiDeletionToFailedSecondsP99": {
        "value": 0
      },
      "vmiDeletionToSucceededSecondsP50": {
        "value": 0
      },
      "vmiDeletionToSucceededSecondsP95": {
        "value": 0
      },
      "vmiDeletionToSucceededSecondsP99": {
        "value": 0
      }
    }
  },
  "VMResult": {
    "Values": {
      "CREATE-events-count": {
        "value": 900.0114529565841
      },
      "CREATE-pods-count": {
        "value": 111.11399184423301
      },
      "GET-leases-count": {
        "value": 183.33061321159812
      },
      "GET-nodes-count": {
        "value": 30.000057613595494
      },
      "PATCH-nodes-count": {
        "value": 13.333358024874258
      },
      "PATCH-pods-count": {
        "value": 360.00933357531494
      },
      "PATCH-virtualmachineinstances-count": {
        "value": 151.1150289081569,
        "thresholdResult": {
          "thresholdValue": 222.22798368846603,
          "thresholdMetric": "CREATE-pods-count",
          "thresholdRatio": 1.3599999999999999,
          "thresholdExceeded": false
        }
      },
      "UPDATE-leases-count": {
        "value": 298.89277787860345
      },
      "UPDATE-virtualmachineinstances-count": {
        "value": 923.3482349434179,
        "thresholdResult": {
          "thresholdValue": 1111.13991844233,
          "thresholdMetric": "CREATE-pods-count",
          "thresholdRatio": 8.309918666569272,
          "thresholdExceeded": false
        }
      },
      "WATCH-cdiconfigs-count": {
        "value": 1.11113991844233
      },
      "WATCH-clusterrolebindings-count": {
        "value": 1.1111111111111112
      },
      "WATCH-configmaps-count": {
        "value": 6.666687244703585
      },
      "WATCH-customresourcedefinitions-count": {
        "value": 7.7778024700807995
      },
      "WATCH-daemonsets-count": {
        "value": 2.222209876680383
      },
      "WATCH-datasources-count": {
        "value": 2.222209876680383
      },