{
  "JobDirCreationTime": "2025-06-12T08:20:03.929Z",
  "VMIResult": {
    "Values": {
      "CREATE-events-count": {
        "value": 199.2550904761905
      },
      "CREATE-pods-count": {
        "value": 104.31083333333333
      },
      "CREATE-virtualmachineclusterpreferences-count": {
        "value": 29.032322222222223
      },
      "GET-leases-count": {
        "value": 130.2759722222222
      },
      "GET-nodes-count": {
        "value": 26.676457142857142
      },
      "LIST-nodes-count": {
        "value": 6.599799999999999
      },
      "LIST-virtualmachineclusterinstancetypes-count": {
        "value": 5.499833333333333
      },
      "LIST-virtualmachineclusterpreferences-count": {
        "value": 5.499833333333333
      },
      "PATCH-nodes-count": {
        "value": 8.161390476190476
      },
      "PATCH-pods-count": {
        "value": 330.49534166666666
      },
      "PATCH-services-count": {
        "value": 26.399199999999997
      },
      "PATCH-validatingadmissionpolicies-count": {
        "value": 6.599799999999999
      },
      "PATCH-validatingadmissionpolicybindings-count": {
        "value": 6.599799999999999
      },
      "PATCH-virtualmachineinstances-count": {
        "value": 105.41444444444446,
        "thresholdResult": {
          "thresholdValue": 208.62166666666667,
          "thresholdMetric": "CREATE-pods-count",
          "thresholdRatio": 1.0105800239135705,
          "thresholdExceeded": false
        }
      },
      "UPDATE-kubevirts-count": {
        "value": 1.0999666666666665
      },
      "UPDATE-leases-count": {
        "value": 228.89265238095237
      },
      "UPDATE-virtualmachineinstances-count": {
        "value": 577.0558083333333,
        "thresholdResult": {
          "thresholdValue": 1043.1083333333333,
          "thresholdMetric": "CREATE-pods-count",
          "thresholdRatio": 5.532079362162766,
          "thresholdExceeded": false
        }
      },
      "WATCH-clusterrolebindings-count": {
        "value": 1.0999666666666665
      },
      "WATCH-jobs-count": {
        "value": 1.0999666666666665
      },
      "WATCH-mutatingwebhookconfigurations-count": {
        "value": 1.0999666666666665
      },
      "WATCH-roles-count": {
        "value": 1.0999666666666665
      },
      "WATCH-serviceaccounts-count": {
        "value": 1.0999666666666665
      },
      "WATCH-validatingwebhookconfigurations-count": {
        "value": 1.0999666666666665
      },
      "avgVirtAPICPUUsage": {
        "value": 0.009404801124916668
      },
      "avgVirtAPIMemoryUsageInMB": {
        "value": 129.46875
      },
      "avgVirtControllerCPUUsage": {
        "value": 0.02421657000033333
      },
      "avgVirtControllerMemoryUsageInMB": {
        "value": 59.76953125
      },
      "avgVirtHandlerCPUUsage": {
        "value": 0.0007744461409794653
      },
      "avgVirtHandlerMemoryUsageInMB": {
        "value": 11.165184184324916
      },
      "maxVirtAPIMemoryUsageInMB": {
        "value": 159.634765625
      },
      "maxVirtControllerMemoryUsageInMB": {
        "value": 86.21875
      },
      "maxVirtHandlerCPUUsage": {
        "value": 0.0008110239810699589
      },
      "maxVirtHandlerMemoryUsageInMB": {
        "value": 28.99549334490741
      },
      "minVirtAPIMemoryUsageInMB": {
        "value": 0
      },
      "minVirtControllerMemoryUsageInMB": {
        "value": 0
      },
      "minVirtHandlerCPUUsage": {
        "value": 0.0007084252413561075
      },
      "minVirtHandlerMemoryUsageInMB": {
        "value": 3.4285675262237763
      },
      "none-none-count": {
        "value": 1.0858999999999999
      },
      "running-phase-count": {
        "value": 101
      },
      "vmiCreationToRunningSecondsP50": {
        "value": 23.73163910013482,
        "thresholdResult": {
          "thresholdValue": 45,
          "thresholdExceeded": false
        }
      },
      "vmiCreationToRunningSecondsP95": {
        "value": 31.58685650842974,
        "thresholdResult": {
          "thresholdValue": 60,
          "thresholdExceeded": false
        }
      },
      "vmiCreationToRunningSecondsP99": {
        "value": 38.317371301685945
      },
      "vmiDeletionToFailedSecondsP50": {
        "value": 0
      },
      "vmiDeletionToFailedSecondsP95": {
        "value": 0
      },
      "vmiDeletionToFailedSecondsP99": {
        "value": 0
      },
      "vmiDeletionToSucceededSecondsP50": {
        "value": 0
      },
      "vmiDeletionToSucceededSecondsP95": {
        "value": 0
      },
      "vmiDeletionToSucceededSecondsP99": {
        "value": 0
      }
    }
  },
  "VMResult": {
    "Values": {
      "CREATE-events-count": {
        "value": 831.1111111111112
      },
      "CREATE-pods-count": {
        "value": 111.11111111111111
      },
      "GET-leases-count": {
        "value": 190
      },
      "GET-nodes-count": {
        "value": 17.77777777777778
      },
      "PATCH-nodes-count": {
        "value": 13.333333333333334
      },
      "PATCH-pods-count": {
        "value": 356.6666666666667
      },
      "PATCH-virtualmachineinstances-count": {
        "value": 140,
        "thresholdResult": {
          "thresholdValue": 222.22222222222223,
          "thresholdMetric": "CREATE-pods-count",
          "thresholdRatio": 1.26,
          "thresholdExceeded": false
        }
      },
      "UPDATE-leases-count": {
        "value": 300
      },
      "UPDATE-virtualmachineinstances-count": {
        "value": 819.9999999999999,
        "thresholdResult": {
          "thresholdValue": 1111.111111111111,
          "thresholdMetric": "CREATE-pods-count",
          "thresholdRatio": 7.379999999999999,
          "thresholdExceeded": false
        }
      },
      "WATCH-cdiconfigs-count": {
        "value": 1.1111111111111112
      },
      "WATCH-cdis-count": {
        "value": 1.1111111111111112
      },
      "WATCH-clusterrolebindings-count": {
        "value": 1.1111111111111112
      },
      "WATCH-clusterroles-count": {
        "value": 2.2222222222222223
      },
      "WATCH-configmaps-count": {
        "value": 16.666666666666668
      },
      "WATCH-controllerrevisions-count": {
        "value": 1.1111111111111112
      },
      "WATCH-customresourcedefinitions-count": {
        "value": 11.111111111111109
      },
      "WATCH-datasources-count": {
        "value": 3.3333333333333335
      },
      "WATCH-datavolumes-count": {
        "value": 1.1111111111111112
      },
      "WATCH-deployments-count": {
        "value": 2.2222222222222223
      },
      "WATCH-ingresses-count": {
        "value": 1.1111111111111112
      },
      "WATCH-kubevirts-count": {
        "value": 8.888888888888888
      },
      "WATCH-migrationpolicies-count": {
        "value": 1.1111111111111112
      },
      "WATCH-namespaces-count": {
        "value": 4.444444444444445
      },
      "WATCH-nodes-count": {
        "value": 1.1111111111111112
      },
      "WATCH-persistentvolumeclaims-count": {
        "value": 1.1111111111111112
      },
      "WATCH-poddisruptionbudgets-count": {
        "value": 1.1111111111111112
      },
      "WATCH-pods-count": {
        "value": 3.3333333333333335
      },
      "WATCH-resourcequotas-count": {
        "value": 1.1111111111111112
      },
      "WATCH-rolebindings-count": {
        "value": 2.2222222222222223
      },
      "WATCH-roles-count": {
        "value": 1.1111111111111112
      },
      "WATCH-secrets-count": {
        "value": 2.2222222222222223
      },
      "WATCH-servicemonitors-count": {
        "value": 1.1111111111111112
      },
      "WATCH-services-count": {
        "value": 2.2222222222222223
      },
      "WATCH-storageclasses-count": {
        "value": 1.1111111111111112
      },
      "WATCH-storageprofiles-count": {
        "value": 1.1111111111111112
      },
      "WATCH-validatingadmissionpolicies-count": {
        "value": 1.1111111111111112
      },