{
  "JobDirCreationTime": "2022-10-10T05:00:35.513Z",
  "VMIResult": {
    "Values": {
      "CREATE-events-count": {
        "value": 731.1621591534391
      },
      "CREATE-pods-count": {
        "value": 104.04708333333332
      },
      "DELETE-pods-count": {
        "value": 104.04708333333332
      },
      "GET-endpoints-count": {
        "value": 486.6489087698336
      },
      "GET-nodes-count": {
        "value": 12.222222222222223
      },
      "LIST-clusterrolebindings-count": {
        "value": 1.1111111111111114
      },
      "LIST-clusterroles-count": {
        "value": 2.2222222222222223
      },
      "LIST-configmaps-count": {
        "value": 7.777777777777779
      },
      "LIST-customresourcedefinitions-count": {
        "value": 8.88888888888889
      },
      "LIST-daemonsets-count": {
        "value": 2.2222222222222223
      },
      "LIST-deployments-count": {
        "value": 1.1111111111111112
      },
      "LIST-jobs-count": {
        "value": 1.1111111111111112
      },
      "LIST-kubevirts-count": {
        "value": 5.555555555555555
      },
      "LIST-mutatingwebhookconfigurations-count": {
        "value": 2.2222222222222223
      },
      "LIST-namespaces-count": {
        "value": 2.2222222222222223
      },
      "LIST-nodes-count": {
        "value": 1.1111111111111112
      },
      "LIST-persistentvolumeclaims-count": {
        "value": 1.1111111111111112
      },
      "LIST-pods-count": {
        "value": 3.3333333333333335
      },
      "LIST-prometheusrules-count": {
        "value": 2.2222222222222223
      },
      "LIST-rolebindings-count": {
        "value": 2.2222222222222223
      },
      "LIST-roles-count": {
        "value": 1.1111111111111112
      },
      "LIST-secrets-count": {
        "value": 1.1111111111111114
      },
      "LIST-serviceaccounts-count": {
        "value": 2.2222222222222223
      },
      "LIST-servicemonitors-count": {
        "value": 2.2222222222222223
      },
      "LIST-services-count": {
        "value": 3.3333333333333335
      },
      "LIST-storageclasses-count": {
        "value": 1.1111111111111112
      },
      "LIST-validatingwebhookconfigurations-count": {
        "value": 2.2222222222222223
      },
      "LIST-virtualmachineinstancereplicasets-count": {
        "value": 1.1111111111111112
      },
      "LIST-virtualmachineinstances-count": {
        "value": 7.777777777777777
      },
      "LIST-virtualmachinerestores-count": {
        "value": 3.3333333333333335
      },
      "LIST-virtualmachines-count": {
        "value": 1.1111111111111112
      },
      "LIST-virtualmachinesnapshots-count": {
        "value": 1.1111111111111112
      },
      "PATCH-events-count": {
        "value": 124.09127857142857
      },
      "PATCH-nodes-count": {
        "value": 8.88888888888889
      },
      "PATCH-pods-count": {
        "value": 108.41896666666665
      },
      "PATCH-virtualmachineinstances-count": {
        "value": 208.09416666666664
      },
      "UPDATE-endpoints-count": {
        "value": 297.77777777777777
      },
      "UPDATE-virtualmachineinstances-count": {
        "value": 1039.7925183333332
      },
      "vmiCreationToRunningSecondsP50": {
        "value": 37.027329740046014
      },
      "vmiCreationToRunningSecondsP95": {
        "value": 55.95147849081931
      },
      "vmiCreationToRunningSecondsP99": {
        "value": 59.99029569816385
      }
    }
  },
  "VMResult": null
}
