{
  "JobDirCreationTime": "2024-08-30T08:16:08.814Z",
  "VMIResult": {
    "Values": {
      "CREATE-events-count": {
        "value": 128.8193004803237
      },
      "CREATE-pods-count": {
        "value": 121.03710987411529
      },
      "GET-leases-count": {
        "value": 113.13746
      },
      "GET-nodes-count": {
        "value": 47.61447383521236
      },
      "LIST-customresourcedefinitions-count": {
        "value": 1.2634066666666666
      },
      "LIST-nodes-count": {
        "value": 8.842026666666666
      },
      "LIST-virtualmachineclusterinstancetypes-count": {
        "value": 5.052586666666667
      },
      "LIST-virtualmachineclusterpreferences-count": {
        "value": 5.052586666666667
      },
      "PATCH-nodes-count": {
        "value": 10.311014292136422
      },
      "PATCH-pods-count": {
        "value": 219.26716887214872
      },
      "PATCH-services-count": {
        "value": 35.36810666666666
      },
      "PATCH-virtualmachineinstances-count": {
        "value": 49.12041064613436,
        "thresholdResult": {
          "thresholdValue": 242.07421974823058,
          "thresholdMetric": "CREATE-pods-count",
          "thresholdRatio": 0.40582934190366965,
          "thresholdExceeded": true
        }
      },
      "UPDATE-kubevirts-count": {
        "value": 1.2631466666666666
      },
      "UPDATE-leases-count": {
        "value": 183.75281966360674
      },
      "UPDATE-virtualmachineinstances-count": {
        "value": 612.142420716717,
        "thresholdResult": {
          "thresholdValue": 1210.3710987411528,
          "thresholdMetric": "CREATE-pods-count",
          "thresholdRatio": 5.057477176655788,
          "thresholdExceeded": false
        }
      },
      "avgVirtAPICPUUsage": {
        "value": 0.024827514648666667
      },
      "avgVirtAPIMemoryUsageInMB": {
        "value": 122.73388671875
      },
      "avgVirtControllerCPUUsage": {
        "value": 0.011758918468655555
      },
      "avgVirtControllerMemoryUsageInMB": {
        "value": 61.23325892857143
      },
      "maxVirtAPIMemoryUsageInMB": {
        "value": 163.625
      },
      "maxVirtControllerMemoryUsageInMB": {
        "value": 93.85546875
      },
      "minVirtAPIMemoryUsageInMB": {
        "value": 0.0078125
      },
      "minVirtControllerMemoryUsageInMB": {
        "value": 0.03125
      },
      "none-none-count": {
        "value": 2.353564262181423
      },
      "running-phase-count": {
        "value": 38
      },
      "scheduled-phase-count": {
        "value": 44
      },
      "scheduling-phase-count": {
        "value": 19
      },
      "vmiCreationToRunningSecondsP50": {
        "value": 15,
        "thresholdResult": {
          "thresholdValue": 45,
          "thresholdExceeded": false
        }
      },
      "vmiCreationToRunningSecondsP95": {
        "value": 19.5,
        "thresholdResult": {
          "thresholdValue": 60,
          "thresholdExceeded": false
        }
      },
      "vmiCreationToRunningSecondsP99": {
        "value": 19.9
      },
      "vmiDeletionToFailedSecondsP50": {
        "value": 0
      },
      "vmiDeletionToFailedSecondsP95": {
        "value": 0
      },
      "vmiDeletionToFailedSecondsP99": {
        "value": 0
      },
      "vmiDeletionToSucceededSecondsP50": {
        "value": 0
      },
      "vmiDeletionToSucceededSecondsP95": {
        "value": 0
      },
      "vmiDeletionToSucceededSecondsP99": {
        "value": 0
      }
    }
  },
  "VMResult": {
    "Values": {
      "CREATE-events-count": {
        "value": 696.6641481854591
      },
      "CREATE-pods-count": {
        "value": 111.11111111111111
      },
      "GET-leases-count": {
        "value": 184.44444444444446
      },
      "GET-nodes-count": {
        "value": 28.88869136095103
      },
      "LIST-cdiconfigs-count": {
        "value": 1.1111111111111112
      },
      "LIST-clusterrolebindings-count": {
        "value": 1.1111111111111112
      },
      "LIST-clusterroles-count": {
        "value": 2.2222222222222223
      },
      "LIST-configmaps-count": {
        "value": 14.444411523121467
      },
      "LIST-controllerrevisions-count": {
        "value": 1.1111111111111112
      },
      "LIST-customresourcedefinitions-count": {
        "value": 11.11109465044962
      },
      "LIST-daemonsets-count": {
        "value": 2.2222222222222223
      },
      "LIST-datasources-count": {
        "value": 3.3333333333333335
      },
      "LIST-deployments-count": {
        "value": 2.2222222222222223
      },
      "LIST-ingresses-count": {
        "value": 1.1111111111111112
      },
      "LIST-jobs-count": {
        "value": 2.2222222222222223
      },
      "LIST-kubevirts-count": {
        "value": 11.111078189788133
      },
      "LIST-migrationpolicies-count": {
        "value": 1.1111111111111112
      },
      "LIST-mutatingwebhookconfigurations-count": {
        "value": 1.1111111111111112
      },
      "LIST-namespaces-count": {
        "value": 5.555555555555555
      },
      "LIST-nodes-count": {
        "value": 1.1111111111111112
      },
      "LIST-persistentvolumeclaims-count": {
        "value": 1.1111111111111112
      },
      "LIST-poddisruptionbudgets-count": {
        "value": 2.2222222222222223
      },
      "LIST-pods-count": {
        "value": 2.2222222222222223
      },
      "LIST-prometheusrules-count": {
        "value": 2.2222222222222223
      },
      "LIST-resourcequotas-count": {
        "value": 1.1111111111111112
      },
      "LIST-rolebindings-count": {
        "value": 1.1111111111111112
      },
      "LIST-roles-count": {
        "value": 2.2222222222222223
      },
      "LIST-secrets-count": {
        "value": 3.3333333333333335
      },
      "LIST-serviceaccounts-count": {
        "value": 2.2222222222222223
      },
      "LIST-servicemonitors-count": {
        "value": 1.1111111111111112
      },
      "LIST-services-count": {
        "value": 2.2222222222222223
      },
      "LIST-storageprofiles-count": {
        "value": 1.1111111111111112
      },
      "LIST-validatingwebhookconfigurations-count": {
        "value": 2.2222222222222223
      },
      "LIST-virtualmachineclusterinstancetypes-count": {
        "value": 3.3333333333333335
      },
      "LIST-virtualmachineclusterpreferences-count": {
        "value": 2.2222222222222223
      },
      "LIST-virtualmachineinstancemigrations-count": {
        "value": 1.1111111111111112
      },
      "LIST-virtualmachineinstancepresets-count": {
        "value": 2.2222222222222223
      },
      "LIST-virtualmachineinstancereplicasets-count": {
        "value": 1.1111111111111112
      },
      "LIST-virtualmachineinstances-count": {
        "value": 7.777744856454801
      },
      "LIST-virtualmachineinstancetypes-count": {
        "value": 1.1111111111111112
      },
      "LIST-virtualmachinepools-count": {
        "value": 1.1111111111111112
      },
      "LIST-virtualmachinepreferences-count": {
        "value": 1.1111111111111112
      },
      "LIST-virtualmachinerestores-count": {
        "value": 2.2222222222222223
      },
      "LIST-virtualmachines-count": {
        "value": 1.1111111111111112
      },
      "PATCH-nodes-count": {
        "value": 12.222139918914781
      },
      "PATCH-pods-count": {
        "value": 264.44444444444446
      },
      "PATCH-virtualmachineinstances-count": {
        "value": 148.88888888888889,
        "thresholdResult": {
          "thresholdValue": 222.22222222222223,
          "thresholdMetric": "CREATE-pods-count",
          "thresholdRatio": 1.3399999999999999,
          "thresholdExceeded": false
        }
      },
      "UPDATE-leases-count": {
        "value": 297.77777777777777
      },
      "UPDATE-virtualmachineinstances-count": {
        "value": 792.2212016612101,
        "thresholdResult": {
          "thresholdValue": 1111.111111111111,
          "thresholdMetric": "CREATE-pods-count",