{
  "JobDirCreationTime": "2023-09-23T05:01:02.01Z",
  "VMIResult": {
    "Values": {
      "CREATE-events-count": {
        "value": 570.4669388888889
      },
      "CREATE-pods-count": {
        "value": 116.80083333333333
      },
      "DELETE-pods-count": {
        "value": 77.2727
      },
      "GET-endpoints-count": {
        "value": 482.22222222222223
      },
      "GET-leases-count": {
        "value": 780
      },
      "GET-nodes-count": {
        "value": 8.88888888888889
      },
      "LIST-clusterroles-count": {
        "value": 1.1111111111111112
      },
      "LIST-configmaps-count": {
        "value": 2.2222222222222223
      },
      "LIST-customresourcedefinitions-count": {
        "value": 7.777777777777777
      },
      "LIST-jobs-count": {
        "value": 2.2222222222222223
      },
      "LIST-kubevirts-count": {
        "value": 3.3333333333333335
      },
      "LIST-mutatingwebhookconfigurations-count": {
        "value": 1.1111111111111112
      },
      "LIST-namespaces-count": {
        "value": 3.3333333333333335
      },
      "LIST-nodes-count": {
        "value": 1.1111111111111112
      },
      "LIST-poddisruptionbudgets-count": {
        "value": 1.1111111111111112
      },
      "LIST-pods-count": {
        "value": 1.1111111111111112
      },
      "LIST-prometheusrules-count": {
        "value": 1.1111111111111112
      },
      "LIST-resourcequotas-count": {
        "value": 1.1111111111111112
      },
      "LIST-rolebindings-count": {
        "value": 1.1111111111111112
      },
      "LIST-routes-count": {
        "value": 1.1111111111111112
      },
      "LIST-secrets-count": {
        "value": 1.1111111111111112
      },
      "LIST-serviceaccounts-count": {
        "value": 2.2222222222222223
      },
      "LIST-servicemonitors-count": {
        "value": 1.1111111111111112
      },
      "LIST-validatingwebhookconfigurations-count": {
        "value": 1.1111111111111112
      },
      "LIST-virtualmachineinstancemigrations-count": {
        "value": 1.1111111111111112
      },
      "LIST-virtualmachineinstances-count": {
        "value": 4.444444444444445
      },
      "LIST-virtualmachinepools-count": {
        "value": 1.1111111111111112
      },
      "LIST-virtualmachinerestores-count": {
        "value": 1.1111111111111112
      },
      "PATCH-nodes-count": {
        "value": 8.88888888888889
      },
      "PATCH-pods-count": {
        "value": 233.60166666666666
      },
      "PATCH-services-count": {
        "value": 4.444444444444445
      },
      "PATCH-virtualmachineinstances-count": {
        "value": 199.34047777777775
      },
      "UPDATE-endpoints-count": {
        "value": 297.77777777777777
      },
      "UPDATE-leases-count": {
        "value": 297.77777777777777
      },
      "UPDATE-virtualmachineinstances-count": {
        "value": 1066.8888944444443
      },
      "vmiCreationToRunningSecondsP50": {
        "value": 45.369572599370414
      },
      "vmiCreationToRunningSecondsP95": {
        "value": 57.1992782330885
      },
      "vmiCreationToRunningSecondsP99": {
        "value": 59.439855646617694
      },
      "vmiDeletionToFailedSecondsP50": {
        "value": 0
      },
      "vmiDeletionToFailedSecondsP95": {
        "value": 0
      },
      "vmiDeletionToFailedSecondsP99": {
        "value": 0
      },
      "vmiDeletionToSucceededSecondsP50": {
        "value": 0.75
      },
      "vmiDeletionToSucceededSecondsP95": {
        "value": 1.0529002731864305
      },
      "vmiDeletionToSucceededSecondsP99": {
        "value": 1.810580054637286
      }
    }
  },
  "VMResult": null
}
