{
  "JobDirCreationTime": "2025-04-24T08:19:41.654Z",
  "VMIResult": {
    "Values": {
      "CREATE-events-count": {
        "value": 217.29858364327134
      },
      "CREATE-pods-count": {
        "value": 109.35333333333332
      },
      "CREATE-virtualmachineclusterpreferences-count": {
        "value": 22.13011111111111
      },
      "GET-leases-count": {
        "value": 127.35720985253906
      },
      "GET-nodes-count": {
        "value": 24.993904229710864
      },
      "LIST-nodes-count": {
        "value": 4.426022222222222
      },
      "LIST-virtualmachineclusterinstancetypes-count": {
        "value": 4.426022222222222
      },
      "LIST-virtualmachineclusterpreferences-count": {
        "value": 4.426022222222222
      },
      "PATCH-nodes-count": {
        "value": 8.07571939076105
      },
      "PATCH-pods-count": {
        "value": 361.64953333333335
      },
      "PATCH-services-count": {
        "value": 17.704088888888887
      },
      "PATCH-validatingadmissionpolicies-count": {
        "value": 4.426022222222222
      },
      "PATCH-validatingadmissionpolicybindings-count": {
        "value": 4.426022222222222
      },
      "PATCH-virtualmachineinstances-count": {
        "value": 108.80364444444444,
        "thresholdResult": {
          "thresholdValue": 218.70666666666665,
          "thresholdMetric": "CREATE-pods-count",
          "thresholdRatio": 0.9949732772460324,
          "thresholdExceeded": false
        }
      },
      "UPDATE-kubevirts-count": {
        "value": 1.1065055555555554
      },
      "UPDATE-leases-count": {
        "value": 200.99099444444442
      },
      "UPDATE-virtualmachineinstances-count": {
        "value": 837.5994590430007,
        "thresholdResult": {
          "thresholdValue": 1093.5333333333333,
          "thresholdMetric": "CREATE-pods-count",
          "thresholdRatio": 7.65956952121259,
          "thresholdExceeded": false
        }
      },
      "avgVirtAPICPUUsage": {
        "value": 0.009902447120965278
      },
      "avgVirtAPIMemoryUsageInMB": {
        "value": 127.6689453125
      },
      "avgVirtControllerCPUUsage": {
        "value": 0.025432484710968255
      },
      "avgVirtControllerMemoryUsageInMB": {
        "value": 58.876736111111114
      },
      "avgVirtHandlerCPUUsage": {
        "value": 0.000719399726880896
      },
      "avgVirtHandlerMemoryUsageInMB": {
        "value": 11.94270104906021
      },
      "maxVirtAPIMemoryUsageInMB": {
        "value": 160.7734375
      },
      "maxVirtControllerMemoryUsageInMB": {
        "value": 86.07421875
      },
      "maxVirtHandlerCPUUsage": {
        "value": 0.0007553903112777777
      },
      "maxVirtHandlerMemoryUsageInMB": {
        "value": 27.308008696266967
      },
      "minVirtAPIMemoryUsageInMB": {
        "value": 0
      },
      "minVirtControllerMemoryUsageInMB": {
        "value": 0
      },
      "minVirtHandlerCPUUsage": {
        "value": 0.0006778865636991029
      },
      "minVirtHandlerMemoryUsageInMB": {
        "value": 6.015642675339366
      },
      "running-phase-count": {
        "value": 98
      },
      "scheduled-phase-count": {
        "value": 3
      },
      "vmiCreationToRunningSecondsP50": {
        "value": 24.705303268384665,
        "thresholdResult": {
          "thresholdValue": 45,
          "thresholdExceeded": false
        }
      },
      "vmiCreationToRunningSecondsP95": {
        "value": 37.77500490791301,
        "thresholdResult": {
          "thresholdValue": 60,
          "thresholdExceeded": false
        }
      },
      "vmiCreationToRunningSecondsP99": {
        "value": 39.5550009815826
      },
      "vmiDeletionToFailedSecondsP50": {
        "value": 0
      },
      "vmiDeletionToFailedSecondsP95": {
        "value": 0
      },
      "vmiDeletionToFailedSecondsP99": {
        "value": 0
      },
      "vmiDeletionToSucceededSecondsP50": {
        "value": 0
      },
      "vmiDeletionToSucceededSecondsP95": {
        "value": 0
      },
      "vmiDeletionToSucceededSecondsP99": {
        "value": 0
      }
    }
  },
  "VMResult": {
    "Values": {
      "CREATE-events-count": {
        "value": 864.4384033816783
      },
      "CREATE-pods-count": {
        "value": 111.10946504496229
      },
      "GET-leases-count": {
        "value": 188.88957202152113
      },
      "GET-nodes-count": {
        "value": 27.777777777777782
      },
      "PATCH-nodes-count": {
        "value": 12.222222222222223
      },
      "PATCH-pods-count": {
        "value": 331.1062058339876
      },
      "PATCH-virtualmachineinstances-count": {
        "value": 117.77603294766003,
        "thresholdResult": {
          "thresholdValue": 222.21893008992458,
          "thresholdMetric": "CREATE-pods-count",
          "thresholdRatio": 1.06,
          "thresholdExceeded": false
        }
      },
      "UPDATE-leases-count": {
        "value": 298.8866831602495
      },
      "UPDATE-virtualmachineinstances-count": {
        "value": 853.3256791257412,
        "thresholdResult": {
          "thresholdValue": 1111.0946504496228,
          "thresholdMetric": "CREATE-pods-count",
          "thresholdRatio": 7.680044888888888,
          "thresholdExceeded": false
        }
      },
      "WATCH-cdiconfigs-count": {
        "value": 1.1110946504496229
      },
      "WATCH-cdis-count": {
        "value": 1.1110946504496229
      },
      "WATCH-clusterrolebindings-count": {
        "value": 1.1111193416247527
      },
      "WATCH-clusterroles-count": {
        "value": 1.1111111111111112
      },
      "WATCH-configmaps-count": {
        "value": 15.55553086483767
      },
      "WATCH-controllerrevisions-count": {
        "value": 1.1110946504496229
      },
      "WATCH-customresourcedefinitions-count": {
        "value": 11.111102880963262
      },
      "WATCH-daemonsets-count": {
        "value": 1.1111111111111112
      },
      "WATCH-datasources-count": {
        "value": 3.3333127574607495
      },
      "WATCH-datavolumes-count": {
        "value": 1.1110946504496229
      },
      "WATCH-deployments-count": {
        "value": 1.1111111111111112
      },
      "WATCH-ingresses-count": {
        "value": 1.1110946504496229
      },
      "WATCH-jobs-count": {
        "value": 1.1111193416247527
      },
      "WATCH-kubevirts-count": {
        "value": 8.888880658741042
      },
      "WATCH-migrationpolicies-count": {
        "value": 1.1110946504496229
      },
      "WATCH-mutatingwebhookconfigurations-count": {
        "value": 1.1111111111111112
      },
      "WATCH-namespaces-count": {
        "value": 4.4444320990855015
      },
      "WATCH-nodes-count": {
        "value": 1.1110946504496229
      },
      "WATCH-persistentvolumeclaims-count": {
        "value": 1.1110946504496229
      },
      "WATCH-poddisruptionbudgets-count": {
        "value": 3.3333251031854867
      },
      "WATCH-pods-count": {
        "value": 4.44441975363511
      },
      "WATCH-prometheusrules-count": {
        "value": 1.1111111111111112
      },
      "WATCH-resourcequotas-count": {
        "value": 1.1110946504496229
      },
      "WATCH-rolebindings-count": {
        "value": 1.1111193416247527
      },
      "WATCH-roles-count": {
        "value": 1.1111111111111112
      },
      "WATCH-secrets-count": {
        "value": 3.3333251031854867
      },
      "WATCH-serviceaccounts-count": {
        "value": 2.2222304527358636
      },
      "WATCH-servicemonitors-count": {
        "value": 2.2222304527358636
      },
      "WATCH-services-count": {
        "value": 3.3333251031854867
      },
      "WATCH-storageclasses-count": {
        "value": 1.1110946504496229
      },
      "WATCH-storageprofiles-count": {
        "value": 1.1110946504496229
      },
      "WATCH-validatingadmissionpolicies-count": {
        "value": 1.1111111111111112
      },
      "WATCH-validatingadmissionpolicybindings-count": {
        "value": 1.1111193416247527
      },