{
  "JobDirCreationTime": "2023-06-02T05:09:37.76Z",
  "VMIResult": {
    "Values": {
      "CREATE-events-count": {
        "value": 764.2900064814816
      },
      "CREATE-pods-count": {
        "value": 115.79666666666665
      },
      "DELETE-pods-count": {
        "value": 119.49583333333334
      },
      "GET-endpoints-count": {
        "value": 480
      },
      "GET-leases-count": {
        "value": 776.6666666666666
      },
      "GET-nodes-count": {
        "value": 12.222222222222221
      },
      "LIST-configmaps-count": {
        "value": 3.3333333333333335
      },
      "LIST-customresourcedefinitions-count": {
        "value": 2.2222222222222223
      },
      "LIST-daemonsets-count": {
        "value": 1.1111111111111112
      },
      "LIST-deployments-count": {
        "value": 1.1111111111111112
      },
      "LIST-kubevirts-count": {
        "value": 1.1111111111111112
      },
      "LIST-mutatingwebhookconfigurations-count": {
        "value": 1.1111111111111112
      },
      "LIST-nodes-count": {
        "value": 1.1111111111111112
      },
      "LIST-poddisruptionbudgets-count": {
        "value": 1.1111111111111112
      },
      "LIST-pods-count": {
        "value": 1.1111111111111112
      },
      "LIST-rolebindings-count": {
        "value": 2.2222222222222223
      },
      "LIST-serviceaccounts-count": {
        "value": 1.1111111111111112
      },
      "LIST-services-count": {
        "value": 1.1111111111111112
      },
      "LIST-virtualmachineinstancetypes-count": {
        "value": 1.1111111111111112
      },
      "PATCH-events-count": {
        "value": 57.919291666666666
      },
      "PATCH-nodes-count": {
        "value": 10
      },
      "PATCH-pods-count": {
        "value": 231.7413
      },
      "PATCH-services-count": {
        "value": 4.444444444444445
      },
      "PATCH-virtualmachineinstances-count": {
        "value": 238.99166666666667
      },
      "UPDATE-endpoints-count": {
        "value": 296.66666666666663
      },
      "UPDATE-leases-count": {
        "value": 296.66666666666663
      },
      "UPDATE-virtualmachineinstances-count": {
        "value": 1129.3374
      },
      "vmiCreationToRunningSecondsP50": {
        "value": 44.21040589800391
      },
      "vmiCreationToRunningSecondsP95": {
        "value": 52.79686346214703
      },
      "vmiCreationToRunningSecondsP99": {
        "value": 58.559372692429406
      },
      "vmiDeletionToFailedSecondsP50": {
        "value": 0
      },
      "vmiDeletionToFailedSecondsP95": {
        "value": 0
      },
      "vmiDeletionToFailedSecondsP99": {
        "value": 0
      },
      "vmiDeletionToSucceededSecondsP50": {
        "value": 0.7779822203184488
      },
      "vmiDeletionToSucceededSecondsP95": {
        "value": 7.32700315964496
      },
      "vmiDeletionToSucceededSecondsP99": {
        "value": 10.515608847005929
      }
    }
  },
  "VMResult": null
}
