{
  "JobDirCreationTime": "2022-08-05T05:04:15.197Z",
  "VMIResult": {
    "Values": {
      "CREATE-events-count": {
        "value": 711.0717137037037
      },
      "CREATE-pods-count": {
        "value": 108.52791666666666
      },
      "DELETE-pods-count": {
        "value": 109.60333333333334
      },
      "GET-endpoints-count": {
        "value": 485.55555555555554
      },
      "GET-nodes-count": {
        "value": 7.777777777777778
      },
      "LIST-clusterroles-count": {
        "value": 2.2222222222222223
      },
      "LIST-configmaps-count": {
        "value": 2.2222222222222223
      },
      "LIST-customresourcedefinitions-count": {
        "value": 8.88888888888889
      },
      "LIST-daemonsets-count": {
        "value": 1.1111111111111112
      },
      "LIST-deployments-count": {
        "value": 2.2222222222222223
      },
      "LIST-ingresses-count": {
        "value": 1.1111111111111112
      },
      "LIST-kubevirts-count": {
        "value": 4.444444444444445
      },
      "LIST-mutatingwebhookconfigurations-count": {
        "value": 1.1111111111111112
      },
      "LIST-namespaces-count": {
        "value": 2.2222222222222223
      },
      "LIST-pods-count": {
        "value": 2.2222222222222223
      },
      "LIST-prometheusrules-count": {
        "value": 2.2222222222222223
      },
      "LIST-roles-count": {
        "value": 1.1111111111111112
      },
      "LIST-secrets-count": {
        "value": 2.2222222222222223
      },
      "LIST-serviceaccounts-count": {
        "value": 2.2222222222222223
      },
      "LIST-servicemonitors-count": {
        "value": 1.1111111111111112
      },
      "LIST-services-count": {
        "value": 1.1111111111111112
      },
      "LIST-validatingwebhookconfigurations-count": {
        "value": 2.2222222222222223
      },
      "LIST-virtualmachineexports-count": {
        "value": 1.1111111111111112
      },
      "LIST-virtualmachineinstancepresets-count": {
        "value": 1.1111111111111112
      },
      "LIST-virtualmachineinstances-count": {
        "value": 12.222222222222223
      },
      "PATCH-events-count": {
        "value": 87.3612
      },
      "PATCH-nodes-count": {
        "value": 7.777777777777778
      },
      "PATCH-pods-count": {
        "value": 110.80347499999999
      },
      "PATCH-virtualmachineinstances-count": {
        "value": 219.20666666666668
      },
      "UPDATE-endpoints-count": {
        "value": 297.77777777777777
      },
      "UPDATE-virtualmachineinstances-count": {
        "value": 1042.1802316666667
      },
      "vmiCreationToRunningSecondsP50": {
        "value": 35.433959356288455
      },
      "vmiCreationToRunningSecondsP95": {
        "value": 49.98081704060649
      },
      "vmiCreationToRunningSecondsP99": {
        "value": 57.98158435898224
      }
    }
  },
  "VMResult": null
}
