{
  "JobDirCreationTime": "2025-07-21T08:19:30.938Z",
  "VMIResult": {
    "Values": {
      "CREATE-events-count": {
        "value": 177.32686
      },
      "CREATE-pods-count": {
        "value": 132.77666666666667
      },
      "CREATE-virtualmachineclusterpreferences-count": {
        "value": 11.25696
      },
      "GET-leases-count": {
        "value": 112.81101333333334
      },
      "GET-nodes-count": {
        "value": 27.146166666666666
      },
      "LIST-nodes-count": {
        "value": 33.85137777777778
      },
      "LIST-virtualmachineclusterinstancetypes-count": {
        "value": 30.26675555555556
      },
      "LIST-virtualmachineclusterpreferences-count": {
        "value": 30.26675555555556
      },
      "PATCH-nodes-count": {
        "value": 7.8989666666666665
      },
      "PATCH-pods-count": {
        "value": 393.05893333333336
      },
      "PATCH-services-count": {
        "value": 135.4055111111111
      },
      "PATCH-validatingadmissionpolicies-count": {
        "value": 33.85137777777778
      },
      "PATCH-validatingadmissionpolicybindings-count": {
        "value": 33.85137777777778
      },
      "PATCH-virtualmachineinstances-count": {
        "value": 14.289850000000001,
        "thresholdResult": {
          "thresholdValue": 265.55333333333334,
          "thresholdMetric": "CREATE-pods-count",
          "thresholdRatio": 0.10762320186779806,
          "thresholdExceeded": true
        }
      },
      "UPDATE-configmaps-count": {
        "value": 33.85137777777778
      },
      "UPDATE-kubevirts-count": {
        "value": 1.2089777777777777
      },
      "UPDATE-leases-count": {
        "value": 204.31683999999998
      },
      "UPDATE-virtualmachineinstances-count": {
        "value": 739.6564666666667,
        "thresholdResult": {
          "thresholdValue": 1327.7666666666667,
          "thresholdMetric": "CREATE-pods-count",
          "thresholdRatio": 5.570681093565637,
          "thresholdExceeded": false
        }
      },
      "avgVirtAPICPUUsage": {
        "value": 0.010758306249999999
      },
      "avgVirtAPIMemoryUsageInMB": {
        "value": 140.46267361111111
      },
      "avgVirtControllerCPUUsage": {
        "value": 0.025649565719396826
      },
      "avgVirtControllerMemoryUsageInMB": {
        "value": 62.12646484375
      },
      "avgVirtHandlerCPUUsage": {
        "value": 0.0008658569761440933
      },
      "avgVirtHandlerMemoryUsageInMB": {
        "value": 14.351723261604532
      },
      "maxVirtAPIMemoryUsageInMB": {
        "value": 162.671875
      },
      "maxVirtControllerMemoryUsageInMB": {
        "value": 88.28125
      },
      "maxVirtHandlerCPUUsage": {
        "value": 0.0009292439099999999
      },
      "maxVirtHandlerMemoryUsageInMB": {
        "value": 32.921823601973685
      },
      "minVirtAPIMemoryUsageInMB": {
        "value": 134.1171875
      },
      "minVirtControllerMemoryUsageInMB": {
        "value": 52.234375
      },
      "minVirtHandlerCPUUsage": {
        "value": 0.0007914248694935752
      },
      "minVirtHandlerMemoryUsageInMB": {
        "value": 6.898871527777778
      },
      "running-phase-count": {
        "value": 101
      },
      "vmiCreationToRunningSecondsP50": {
        "value": 15.376226970206588,
        "thresholdResult": {
          "thresholdValue": 45,
          "thresholdExceeded": false
        }
      },
      "vmiCreationToRunningSecondsP95": {
        "value": 22.855075000000006,
        "thresholdResult": {
          "thresholdValue": 60,
          "thresholdExceeded": false
        }
      },
      "vmiCreationToRunningSecondsP99": {
        "value": 28.57101500000001
      },
      "vmiDeletionToFailedSecondsP50": {
        "value": 0
      },
      "vmiDeletionToFailedSecondsP95": {
        "value": 0
      },
      "vmiDeletionToFailedSecondsP99": {
        "value": 0
      },
      "vmiDeletionToSucceededSecondsP50": {
        "value": 0
      },
      "vmiDeletionToSucceededSecondsP95": {
        "value": 0
      },
      "vmiDeletionToSucceededSecondsP99": {
        "value": 0
      }
    }
  },
  "VMResult": {
    "Values": {
      "CREATE-events-count": {
        "value": 781.1111111111111
      },
      "CREATE-pods-count": {
        "value": 111.11111111111111
      },
      "GET-leases-count": {
        "value": 185.55555555555554
      },
      "GET-nodes-count": {
        "value": 17.77777777777778
      },
      "LIST-nodes-count": {
        "value": 50
      },
      "LIST-virtualmachineclusterinstancetypes-count": {
        "value": 50
      },
      "LIST-virtualmachineclusterpreferences-count": {
        "value": 50
      },
      "PATCH-nodes-count": {
        "value": 14.444444444444446
      },
      "PATCH-pods-count": {
        "value": 358.8888888888889
      },
      "PATCH-services-count": {
        "value": 200
      },
      "PATCH-validatingadmissionpolicies-count": {
        "value": 50
      },
      "PATCH-validatingadmissionpolicybindings-count": {
        "value": 50
      },
      "PATCH-virtualmachineinstances-count": {
        "value": 121.11111111111111,
        "thresholdResult": {
          "thresholdValue": 222.22222222222223,
          "thresholdMetric": "CREATE-pods-count",
          "thresholdRatio": 1.09,
          "thresholdExceeded": false
        }
      },
      "UPDATE-configmaps-count": {
        "value": 50
      },
      "UPDATE-leases-count": {
        "value": 298.8888888888889
      },
      "UPDATE-virtualmachineinstances-count": {
        "value": 808.8888888888889,
        "thresholdResult": {
          "thresholdValue": 1111.111111111111,
          "thresholdMetric": "CREATE-pods-count",
          "thresholdRatio": 7.28,
          "thresholdExceeded": false
        }
      },
      "WATCH-cdiconfigs-count": {
        "value": 1.1111111111111112
      },
      "WATCH-cdis-count": {
        "value": 1.1111111111111112
      },
      "WATCH-clusterrolebindings-count": {
        "value": 1.1111111111111112
      },
      "WATCH-clusterroles-count": {
        "value": 2.2222222222222223
      },
      "WATCH-configmaps-count": {
        "value": 16.666666666666668
      },
      "WATCH-controllerrevisions-count": {
        "value": 1.1111111111111112
      },
      "WATCH-customresourcedefinitions-count": {
        "value": 13.333333333333332
      },
      "WATCH-daemonsets-count": {
        "value": 2.2222222222222223
      },
      "WATCH-datasources-count": {
        "value": 3.3333333333333335
      },
      "WATCH-datavolumes-count": {
        "value": 1.1111111111111112
      },
      "WATCH-deployments-count": {
        "value": 1.1111111111111112
      },
      "WATCH-ingresses-count": {
        "value": 1.1111111111111112
      },
      "WATCH-jobs-count": {
        "value": 1.1111111111111112
      },
      "WATCH-kubevirts-count": {
        "value": 9.999999999999998
      },
      "WATCH-leases-count": {
        "value": 2.2222222222222223
      },
      "WATCH-migrationpolicies-count": {
        "value": 1.1111111111111112
      },
      "WATCH-mutatingwebhookconfigurations-count": {
        "value": 2.2222222222222223
      },
      "WATCH-namespaces-count": {
        "value": 4.444444444444445
      },
      "WATCH-nodes-count": {
        "value": 1.1111111111111112
      },
      "WATCH-persistentvolumeclaims-count": {
        "value": 1.1111111111111112
      },
      "WATCH-poddisruptionbudgets-count": {
        "value": 2.2222222222222223
      },
      "WATCH-pods-count": {
        "value": 4.444444444444445
      },
      "WATCH-prometheusrules-count": {
        "value": 2.2222222222222223
      },
      "WATCH-resourcequotas-count": {
        "value": 1.1111111111111112
      },
      "WATCH-rolebindings-count": {
        "value": 2.2222222222222223
      },
      "WATCH-roles-count": {
        "value": 2.2222222222222223
      },
      "WATCH-secrets-count": {
        "value": 2.2222222222222223
      },