{
  "JobDirCreationTime": "2025-07-21T16:20:26.235Z",
  "VMIResult": {
    "Values": {
      "CREATE-events-count": {
        "value": 134.34680637989368
      },
      "CREATE-pods-count": {
        "value": 116.27295150954558
      },
      "CREATE-virtualmachineclusterinstancetypes-count": {
        "value": 10.265653333333333
      },
      "GET-leases-count": {
        "value": 143.30876507936506
      },
      "GET-nodes-count": {
        "value": 25.030280499603116
      },
      "LIST-nodes-count": {
        "value": 35.84416111111111
      },
      "LIST-virtualmachineclusterinstancetypes-count": {
        "value": 29.816805555555554
      },
      "LIST-virtualmachineclusterpreferences-count": {
        "value": 29.816805555555554
      },
      "PATCH-nodes-count": {
        "value": 5.948416099920623
      },
      "PATCH-pods-count": {
        "value": 393.77530561735955
      },
      "PATCH-services-count": {
        "value": 143.37664444444445
      },
      "PATCH-validatingadmissionpolicies-count": {
        "value": 35.84416111111111
      },
      "PATCH-validatingadmissionpolicybindings-count": {
        "value": 35.84416111111111
      },
      "PATCH-virtualmachineinstances-count": {
        "value": 45.53459329133473,
        "thresholdResult": {
          "thresholdValue": 232.54590301909116,
          "thresholdMetric": "CREATE-pods-count",
          "thresholdRatio": 0.39161810808248476,
          "thresholdExceeded": true
        }
      },
      "UPDATE-configmaps-count": {
        "value": 35.84416111111111
      },
      "UPDATE-kubevirts-count": {
        "value": 1.2360055555555556
      },
      "UPDATE-leases-count": {
        "value": 217.90434726921217
      },
      "UPDATE-virtualmachineinstances-count": {
        "value": 492.2359355532778,
        "thresholdResult": {
          "thresholdValue": 1162.7295150954558,
          "thresholdMetric": "CREATE-pods-count",
          "thresholdRatio": 4.233451797367223,
          "thresholdExceeded": false
        }
      },
      "avgVirtAPICPUUsage": {
        "value": 0.010959402606825394
      },
      "avgVirtAPIMemoryUsageInMB": {
        "value": 132.63628472222223
      },
      "avgVirtControllerCPUUsage": {
        "value": 0.028033751576380952
      },
      "avgVirtControllerMemoryUsageInMB": {
        "value": 61.84228515625
      },
      "avgVirtHandlerCPUUsage": {
        "value": 0.0009272543435840791
      },
      "avgVirtHandlerMemoryUsageInMB": {
        "value": 16.41006801358364
      },
      "maxVirtAPIMemoryUsageInMB": {
        "value": 159.912109375
      },
      "maxVirtControllerMemoryUsageInMB": {
        "value": 83.15234375
      },
      "maxVirtHandlerCPUUsage": {
        "value": 0.0009562561438427817
      },
      "maxVirtHandlerMemoryUsageInMB": {
        "value": 49.35322627314815
      },
      "minVirtAPIMemoryUsageInMB": {
        "value": 66.947265625
      },
      "minVirtControllerMemoryUsageInMB": {
        "value": 50.22265625
      },
      "minVirtHandlerCPUUsage": {
        "value": 0.0009055326238095239
      },
      "minVirtHandlerMemoryUsageInMB": {
        "value": 3.146556712962963
      },
      "running-phase-count": {
        "value": 39
      },
      "scheduled-phase-count": {
        "value": 62
      },
      "vmiCreationToRunningSecondsP50": {
        "value": 21.106421097408237,
        "thresholdResult": {
          "thresholdValue": 45,
          "thresholdExceeded": false
        }
      },
      "vmiCreationToRunningSecondsP95": {
        "value": 29.110642109740823,
        "thresholdResult": {
          "thresholdValue": 60,
          "thresholdExceeded": false
        }
      },
      "vmiCreationToRunningSecondsP99": {
        "value": 29.822128421948165
      },
      "vmiDeletionToFailedSecondsP50": {
        "value": 0
      },
      "vmiDeletionToFailedSecondsP95": {
        "value": 0
      },
      "vmiDeletionToFailedSecondsP99": {
        "value": 0
      },
      "vmiDeletionToSucceededSecondsP50": {
        "value": 0
      },
      "vmiDeletionToSucceededSecondsP95": {
        "value": 0
      },
      "vmiDeletionToSucceededSecondsP99": {
        "value": 0
      }
    }
  },
  "VMResult": {
    "Values": {
      "CREATE-events-count": {
        "value": 723.3252677259813
      },
      "CREATE-pods-count": {
        "value": 111.10823052735672
      },
      "GET-leases-count": {
        "value": 191.11111111111111
      },
      "GET-nodes-count": {
        "value": 13.33335802514861
      },
      "LIST-nodes-count": {
        "value": 52.22222222222222
      },
      "LIST-virtualmachineclusterinstancetypes-count": {
        "value": 52.22222222222222
      },
      "LIST-virtualmachineclusterpreferences-count": {
        "value": 52.22222222222222
      },
      "PATCH-nodes-count": {
        "value": 13.33335802514861
      },
      "PATCH-pods-count": {
        "value": 362.21283151918294
      },
      "PATCH-services-count": {
        "value": 208.88888888888889
      },
      "PATCH-validatingadmissionpolicies-count": {
        "value": 52.22222222222222
      },
      "PATCH-validatingadmissionpolicybindings-count": {
        "value": 52.22222222222222
      },
      "PATCH-virtualmachineinstances-count": {
        "value": 143.32961738029016,
        "thresholdResult": {
          "thresholdValue": 222.21646105471345,
          "thresholdMetric": "CREATE-pods-count",
          "thresholdRatio": 1.2899999999999998,
          "thresholdExceeded": false
        }
      },
      "UPDATE-configmaps-count": {
        "value": 52.22222222222222
      },
      "UPDATE-leases-count": {
        "value": 299.9961112119316
      },
      "UPDATE-virtualmachineinstances-count": {
        "value": 738.8758686605614,
        "thresholdResult": {
          "thresholdValue": 1111.0823052735673,
          "thresholdMetric": "CREATE-pods-count",
          "thresholdRatio": 6.650055222314405,
          "thresholdExceeded": false
        }
      },
      "WATCH-cdiconfigs-count": {
        "value": 1.1110823052735672
      },
      "WATCH-cdis-count": {
        "value": 1.1110823052735672
      },
      "WATCH-clusterrolebindings-count": {
        "value": 1.1111111111111112
      },
      "WATCH-clusterroles-count": {
        "value": 2.2222222222222223
      },
      "WATCH-configmaps-count": {
        "value": 9.99997531047093
      },
      "WATCH-controllerrevisions-count": {
        "value": 1.1110823052735672
      },
      "WATCH-customresourcedefinitions-count": {
        "value": 11.111106996905942
      },
      "WATCH-daemonsets-count": {
        "value": 1.1111111111111112
      },
      "WATCH-datasources-count": {
        "value": 3.333320988523073
      },
      "WATCH-datavolumes-count": {
        "value": 1.1110823052735672
      },
      "WATCH-deployments-count": {
        "value": 1.1111111111111112
      },
      "WATCH-ingresses-count": {
        "value": 1.1110823052735672
      },
      "WATCH-jobs-count": {
        "value": 1.1111111111111112
      },
      "WATCH-kubevirts-count": {
        "value": 9.999987655281188
      },
      "WATCH-migrationpolicies-count": {
        "value": 1.1110823052735672
      },
      "WATCH-mutatingwebhookconfigurations-count": {
        "value": 2.2222222222222223
      },
      "WATCH-namespaces-count": {
        "value": 4.444432099634184
      },
      "WATCH-nodes-count": {
        "value": 1.1110823052735672
      },
      "WATCH-persistentvolumeclaims-count": {
        "value": 1.1110823052735672
      },
      "WATCH-poddisruptionbudgets-count": {
        "value": 2.2221934163846786
      },
      "WATCH-pods-count": {
        "value": 4.444386832769357
      },
      "WATCH-prometheusrules-count": {
        "value": 2.2222222222222223
      },
      "WATCH-resourcequotas-count": {
        "value": 1.1110823052735672
      },
      "WATCH-roles-count": {
        "value": 1.1111111111111112
      },