{
  "JobDirCreationTime": "2025-06-20T08:19:47.576Z",
  "VMIResult": {
    "Values": {
      "CREATE-deployments-count": {
        "value": 1.0696458333333332
      },
      "CREATE-events-count": {
        "value": 148.8661890392042
      },
      "CREATE-poddisruptionbudgets-count": {
        "value": 1.0696458333333332
      },
      "CREATE-pods-count": {
        "value": 121.96614251310385
      },
      "CREATE-virtualmachineclusterpreferences-count": {
        "value": 8.742888888888888
      },
      "GET-leases-count": {
        "value": 157.78770835543128
      },
      "GET-nodes-count": {
        "value": 25.191244134046794
      },
      "LIST-nodes-count": {
        "value": 10.696458333333332
      },
      "LIST-virtualmachineclusterinstancetypes-count": {
        "value": 5.348229166666666
      },
      "LIST-virtualmachineclusterpreferences-count": {
        "value": 5.348229166666666
      },
      "PATCH-nodes-count": {
        "value": 6.879742160142693
      },
      "PATCH-pods-count": {
        "value": 398.76894744298056
      },
      "PATCH-services-count": {
        "value": 41.7161875
      },
      "PATCH-validatingadmissionpolicies-count": {
        "value": 10.696458333333332
      },
      "PATCH-validatingadmissionpolicybindings-count": {
        "value": 10.696458333333332
      },
      "PATCH-virtualmachineinstances-count": {
        "value": 29.150017221648163,
        "thresholdResult": {
          "thresholdValue": 243.9322850262077,
          "thresholdMetric": "CREATE-pods-count",
          "thresholdRatio": 0.23900089501081279,
          "thresholdExceeded": true
        }
      },
      "UPDATE-kubevirts-count": {
        "value": 2.1392916666666664
      },
      "UPDATE-leases-count": {
        "value": 247.81751247601224
      },
      "UPDATE-virtualmachineinstances-count": {
        "value": 520.4638986754497,
        "thresholdResult": {
          "thresholdValue": 1219.6614251310384,
          "thresholdMetric": "CREATE-pods-count",
          "thresholdRatio": 4.26728178780871,
          "thresholdExceeded": false
        }
      },
      "WATCH-configmaps-count": {
        "value": 1.0696458333333332
      },
      "WATCH-deployments-count": {
        "value": 1.0696458333333332
      },
      "WATCH-services-count": {
        "value": 1.0696458333333332
      },
      "avgVirtAPICPUUsage": {
        "value": 0.01772444704
      },
      "avgVirtAPIMemoryUsageInMB": {
        "value": 128.372265625
      },
      "avgVirtControllerCPUUsage": {
        "value": 0.024244020010833332
      },
      "avgVirtControllerMemoryUsageInMB": {
        "value": 61.993923611111114
      },
      "avgVirtHandlerCPUUsage": {
        "value": 0.0008428333422445163
      },
      "avgVirtHandlerMemoryUsageInMB": {
        "value": 12.205763560186796
      },
      "maxVirtAPIMemoryUsageInMB": {
        "value": 156.482421875
      },
      "maxVirtControllerMemoryUsageInMB": {
        "value": 84.2109375
      },
      "maxVirtHandlerCPUUsage": {
        "value": 0.0008899855460977778
      },
      "maxVirtHandlerMemoryUsageInMB": {
        "value": 33.09654403409091
      },
      "minVirtAPIMemoryUsageInMB": {
        "value": 64.685546875
      },
      "minVirtControllerMemoryUsageInMB": {
        "value": 47.4453125
      },
      "minVirtHandlerCPUUsage": {
        "value": 0.0007877908622415459
      },
      "minVirtHandlerMemoryUsageInMB": {
        "value": 4.431709674873737
      },
      "none-none-count": {
        "value": 2.339050669412206
      },
      "running-phase-count": {
        "value": 101
      },
      "vmiCreationToRunningSecondsP50": {
        "value": 20.33167476908835,
        "thresholdResult": {
          "thresholdValue": 45,
          "thresholdExceeded": false
        }
      },
      "vmiCreationToRunningSecondsP95": {
        "value": 29.033167476908833,
        "thresholdResult": {
          "thresholdValue": 60,
          "thresholdExceeded": false
        }
      },
      "vmiCreationToRunningSecondsP99": {
        "value": 29.806633495381767
      },
      "vmiDeletionToFailedSecondsP50": {
        "value": 0
      },
      "vmiDeletionToFailedSecondsP95": {
        "value": 0
      },
      "vmiDeletionToFailedSecondsP99": {
        "value": 0
      },
      "vmiDeletionToSucceededSecondsP50": {
        "value": 0
      },
      "vmiDeletionToSucceededSecondsP95": {
        "value": 0
      },
      "vmiDeletionToSucceededSecondsP99": {
        "value": 0
      }
    }
  },
  "VMResult": {
    "Values": {
      "CREATE-events-count": {
        "value": 808.8789880397684
      },
      "CREATE-pods-count": {
        "value": 111.10740753086009
      },
      "GET-leases-count": {
        "value": 183.33333333333334
      },
      "GET-nodes-count": {
        "value": 16.666728395747608
      },
      "PATCH-nodes-count": {
        "value": 12.222271605486974
      },
      "PATCH-pods-count": {
        "value": 362.2101485506039
      },
      "PATCH-virtualmachineinstances-count": {
        "value": 145.5507038654267,
        "thresholdResult": {
          "thresholdValue": 222.21481506172017,
          "thresholdMetric": "CREATE-pods-count",
          "thresholdRatio": 1.3099999999999998,
          "thresholdExceeded": false
        }
      },
      "UPDATE-leases-count": {
        "value": 298.88388905554996
      },
      "UPDATE-virtualmachineinstances-count": {
        "value": 877.7616178599263,
        "thresholdResult": {
          "thresholdValue": 1111.0740753086009,
          "thresholdMetric": "CREATE-pods-count",
          "thresholdRatio": 7.900117889224695,
          "thresholdExceeded": false
        }
      },
      "WATCH-cdiconfigs-count": {
        "value": 1.1110740753086008
      },
      "WATCH-cdis-count": {
        "value": 1.1110740753086008
      },
      "WATCH-clusterrolebindings-count": {
        "value": 1.1111111111111112
      },
      "WATCH-configmaps-count": {
        "value": 14.44438271865561
      },
      "WATCH-controllerrevisions-count": {
        "value": 1.1110740753086008
      },
      "WATCH-customresourcedefinitions-count": {
        "value": 8.888864198902565
      },
      "WATCH-daemonsets-count": {
        "value": 1.1111111111111112
      },
      "WATCH-datasources-count": {
        "value": 2.222185186419712
      },
      "WATCH-datavolumes-count": {
        "value": 1.1110740753086008
      },
      "WATCH-deployments-count": {
        "value": 2.2222222222222223
      },
      "WATCH-ingresses-count": {
        "value": 1.1110740753086008
      },
      "WATCH-jobs-count": {
        "value": 2.2222222222222223
      },
      "WATCH-kubevirts-count": {
        "value": 11.111086421124787
      },
      "WATCH-migrationpolicies-count": {
        "value": 1.1110740753086008
      },
      "WATCH-mutatingwebhookconfigurations-count": {
        "value": 1.1111111111111112
      },
      "WATCH-namespaces-count": {
        "value": 4.4444074086419345
      },
      "WATCH-nodes-count": {
        "value": 1.1110740753086008
      },
      "WATCH-persistentvolumeclaims-count": {
        "value": 1.1110740753086008
      },
      "WATCH-poddisruptionbudgets-count": {
        "value": 3.333296297530823
      },
      "WATCH-pods-count": {
        "value": 3.3332592617283128
      },
      "WATCH-prometheusrules-count": {
        "value": 1.1111111111111112
      },
      "WATCH-resourcequotas-count": {
        "value": 1.1110740753086008
      },
      "WATCH-rolebindings-count": {
        "value": 2.2222222222222223
      },
      "WATCH-roles-count": {
        "value": 1.1111111111111112
      },
      "WATCH-secrets-count": {
        "value": 3.333296297530823
      },
      "WATCH-serviceaccounts-count": {
        "value": 2.2222222222222223
      },
      "WATCH-servicemonitors-count": {
        "value": 1.1111111111111112
      },
      "WATCH-services-count": {
        "value": 3.333296297530823
      },