{
  "JobDirCreationTime": "2024-11-11T08:19:47.269Z",
  "VMIResult": {
    "Values": {
      "CREATE-events-count": {
        "value": 143.27044444444442
      },
      "CREATE-pods-count": {
        "value": 108.43111111111112
      },
      "CREATE-virtualmachineclusterinstancetypes-count": {
        "value": 44.16178
      },
      "GET-leases-count": {
        "value": 122.11261666666667
      },
      "GET-nodes-count": {
        "value": 28.24217329868859
      },
      "LIST-nodes-count": {
        "value": 7.772061111111111
      },
      "LIST-virtualmachineclusterinstancetypes-count": {
        "value": 5.551472222222222
      },
      "LIST-virtualmachineclusterpreferences-count": {
        "value": 5.551472222222222
      },
      "PATCH-nodes-count": {
        "value": 4.7070288831147655
      },
      "PATCH-pods-count": {
        "value": 354.29973333333334
      },
      "PATCH-services-count": {
        "value": 31.088244444444445
      },
      "PATCH-virtualmachineinstances-count": {
        "value": 95.53937777777777,
        "thresholdResult": {
          "thresholdValue": 216.86222222222224,
          "thresholdMetric": "CREATE-pods-count",
          "thresholdRatio": 0.8811066934459153,
          "thresholdExceeded": false
        }
      },
      "UPDATE-kubevirts-count": {
        "value": 1.1102944444444445
      },
      "UPDATE-leases-count": {
        "value": 198.12304999999998
      },
      "UPDATE-virtualmachineinstances-count": {
        "value": 495.0111111111112,
        "thresholdResult": {
          "thresholdValue": 1084.3111111111111,
          "thresholdMetric": "CREATE-pods-count",
          "thresholdRatio": 4.5652129360167235,
          "thresholdExceeded": false
        }
      },
      "avgVirtAPICPUUsage": {
        "value": 0.015015278414574403
      },
      "avgVirtAPIMemoryUsageInMB": {
        "value": 125.87543402777777
      },
      "avgVirtControllerCPUUsage": {
        "value": 0.019095877062714282
      },
      "avgVirtControllerMemoryUsageInMB": {
        "value": 64.90576171875
      },
      "maxVirtAPIMemoryUsageInMB": {
        "value": 156.89453125
      },
      "maxVirtControllerMemoryUsageInMB": {
        "value": 88.1171875
      },
      "minVirtAPIMemoryUsageInMB": {
        "value": 0.02734375
      },
      "minVirtControllerMemoryUsageInMB": {
        "value": 51.82421875
      },
      "none-none-count": {
        "value": 1.1204888888888889
      },
      "running-phase-count": {
        "value": 90
      },
      "scheduled-phase-count": {
        "value": 11
      },
      "vmiCreationToRunningSecondsP50": {
        "value": 15,
        "thresholdResult": {
          "thresholdValue": 45,
          "thresholdExceeded": false
        }
      },
      "vmiCreationToRunningSecondsP95": {
        "value": 19.5,
        "thresholdResult": {
          "thresholdValue": 60,
          "thresholdExceeded": false
        }
      },
      "vmiCreationToRunningSecondsP99": {
        "value": 19.9
      },
      "vmiDeletionToFailedSecondsP50": {
        "value": 0
      },
      "vmiDeletionToFailedSecondsP95": {
        "value": 0
      },
      "vmiDeletionToFailedSecondsP99": {
        "value": 0
      },
      "vmiDeletionToSucceededSecondsP50": {
        "value": 0
      },
      "vmiDeletionToSucceededSecondsP95": {
        "value": 0
      },
      "vmiDeletionToSucceededSecondsP99": {
        "value": 0
      }
    }
  },
  "VMResult": {
    "Values": {
      "CREATE-controllerrevisions-count": {
        "value": 120.44843333333334
      },
      "CREATE-events-count": {
        "value": 785.5555555555555
      },
      "CREATE-pods-count": {
        "value": 111.11111111111111
      },
      "CREATE-virtualmachineinstances-count": {
        "value": 120.44843333333334
      },
      "DELETE-pods-count": {
        "value": 1.3731833333333334
      },
      "GET-leases-count": {
        "value": 181.11111111111111
      },
      "GET-nodes-count": {
        "value": 26.66666666666667
      },
      "PATCH-nodes-count": {
        "value": 11.11111111111111
      },
      "PATCH-pods-count": {
        "value": 380
      },
      "PATCH-virtualmachineinstances-count": {
        "value": 205.55555555555557,
        "thresholdResult": {
          "thresholdValue": 222.22222222222223,
          "thresholdMetric": "CREATE-pods-count",
          "thresholdRatio": 1.85,
          "thresholdExceeded": false
        }
      },
      "PATCH-virtualmachines-count": {
        "value": 120.44843333333334
      },
      "UPDATE-leases-count": {
        "value": 300
      },
      "UPDATE-virtualmachineinstances-count": {
        "value": 881.1111111111112,
        "thresholdResult": {
          "thresholdValue": 1111.111111111111,
          "thresholdMetric": "CREATE-pods-count",
          "thresholdRatio": 7.930000000000001,
          "thresholdExceeded": false
        }
      },
      "UPDATE-virtualmachines-count": {
        "value": 1144.0206666666666
      },
      "WATCH-cdiconfigs-count": {
        "value": 1.1111111111111112
      },
      "WATCH-cdis-count": {
        "value": 1.1111111111111112
      },
      "WATCH-clusterrolebindings-count": {
        "value": 2.2222222222222223
      },
      "WATCH-clusterroles-count": {
        "value": 1.1111111111111112
      },
      "WATCH-configmaps-count": {
        "value": 14.444444444444445
      },
      "WATCH-controllerrevisions-count": {
        "value": 1.1111111111111112
      },
      "WATCH-customresourcedefinitions-count": {
        "value": 11.111111111111109
      },
      "WATCH-daemonsets-count": {
        "value": 2.2222222222222223
      },
      "WATCH-datasources-count": {
        "value": 3.3333333333333335
      },
      "WATCH-datavolumes-count": {
        "value": 1.1111111111111112
      },
      "WATCH-deployments-count": {
        "value": 2.2222222222222223
      },
      "WATCH-ingresses-count": {
        "value": 1.1111111111111112
      },
      "WATCH-jobs-count": {
        "value": 1.1111111111111112
      },
      "WATCH-kubevirts-count": {
        "value": 11.111111111111109
      },
      "WATCH-migrationpolicies-count": {
        "value": 1.1111111111111112
      },
      "WATCH-mutatingwebhookconfigurations-count": {
        "value": 1.1111111111111112
      },
      "WATCH-namespaces-count": {
        "value": 3.3333333333333335
      },
      "WATCH-persistentvolumeclaims-count": {
        "value": 1.1111111111111112
      },
      "WATCH-poddisruptionbudgets-count": {
        "value": 2.2222222222222223
      },
      "WATCH-pods-count": {
        "value": 3.3333333333333335
      },
      "WATCH-prometheusrules-count": {
        "value": 2.2222222222222223
      },
      "WATCH-rolebindings-count": {
        "value": 1.1111111111111112
      },
      "WATCH-secrets-count": {
        "value": 2.2222222222222223
      },
      "WATCH-serviceaccounts-count": {
        "value": 2.2222222222222223
      },
      "WATCH-servicemonitors-count": {
        "value": 2.2222222222222223
      },
      "WATCH-services-count": {
        "value": 1.1111111111111112
      },
      "WATCH-storageclasses-count": {
        "value": 1.1111111111111112
      },
      "WATCH-storageprofiles-count": {
        "value": 1.1111111111111112
      },
      "WATCH-validatingwebhookconfigurations-count": {
        "value": 1.1111111111111112
      },
      "WATCH-virtualmachineclones-count": {
        "value": 1.1111111111111112
      },
      "WATCH-virtualmachineclusterinstancetypes-count": {
        "value": 3.3333333333333335
      },
      "WATCH-virtualmachineclusterpreferences-count": {
        "value": 2.2222222222222223
      },
      "WATCH-virtualmachineexports-count": {
        "value": 1.1111111111111112
      },
      "WATCH-virtualmachineinstancemigrations-count": {
        "value": 1.1111111111111112
      },
      "WATCH-virtualmachineinstancepresets-count": {
        "value": 2.2222222222222223
      },