{
  "JobDirCreationTime": "2024-03-12T08:16:25.261Z",
  "VMIResult": {
    "Values": {
      "CREATE-events-count": {
        "value": 109.87362550429746
      },
      "CREATE-pods-count": {
        "value": 104.11721388627429
      },
      "DELETE-virtualmachineclusterinstancetypes-count": {
        "value": 1.1654583333333333
      },
      "DELETE-virtualmachineclusterpreferences-count": {
        "value": 1.1654583333333333
      },
      "GET-endpoints-count": {
        "value": 277.3457142193489
      },
      "GET-leases-count": {
        "value": 443.9267628582276
      },
      "GET-nodes-count": {
        "value": 29.359180286794263
      },
      "LIST-configmaps-count": {
        "value": 1.1323666666666665
      },
      "LIST-mutatingwebhookconfigurations-count": {
        "value": 1.1323666666666665
      },
      "LIST-nodes-count": {
        "value": 5.661833333333332
      },
      "LIST-virtualmachineclusterinstancetypes-count": {
        "value": 1.1654583333333333
      },
      "LIST-virtualmachineclusterpreferences-count": {
        "value": 1.1654583333333333
      },
      "PATCH-nodes-count": {
        "value": 4.893196714465711
      },
      "PATCH-pods-count": {
        "value": 226.34909531915804
      },
      "PATCH-services-count": {
        "value": 22.64733333333333
      },
      "PATCH-virtualmachineinstances-count": {
        "value": 101.02369746968606,
        "thresholdResult": {
          "thresholdValue": 208.23442777254857,
          "thresholdMetric": "CREATE-pods-count",
          "thresholdRatio": 0.9702881367919888,
          "thresholdExceeded": false
        }
      },
      "UPDATE-endpoints-count": {
        "value": 167.6997772240888
      },
      "UPDATE-kubevirts-count": {
        "value": 1.1323666666666665
      },
      "UPDATE-leases-count": {
        "value": 166.5810486388787
      },
      "UPDATE-virtualmachineinstances-count": {
        "value": 523.9074283634249,
        "thresholdResult": {
          "thresholdValue": 1041.172138862743,
          "thresholdMetric": "CREATE-pods-count",
          "thresholdRatio": 5.031900190257504,
          "thresholdExceeded": false
        }
      },
      "running-phase-count": {
        "value": 101
      },
      "vmiCreationToRunningSecondsP50": {
        "value": 15.05156246106652,
        "thresholdResult": {
          "thresholdValue": 45,
          "thresholdExceeded": false
        }
      },
      "vmiCreationToRunningSecondsP95": {
        "value": 19.59796867602639,
        "thresholdResult": {
          "thresholdValue": 60,
          "thresholdExceeded": false
        }
      },
      "vmiCreationToRunningSecondsP99": {
        "value": 20.203022981099537
      },
      "vmiDeletionToFailedSecondsP50": {
        "value": 0
      },
      "vmiDeletionToFailedSecondsP95": {
        "value": 0
      },
      "vmiDeletionToFailedSecondsP99": {
        "value": 0
      },
      "vmiDeletionToSucceededSecondsP50": {
        "value": 0
      },
      "vmiDeletionToSucceededSecondsP95": {
        "value": 0
      },
      "vmiDeletionToSucceededSecondsP99": {
        "value": 0
      }
    }
  },
  "VMResult": {
    "Values": {
      "CREATE-controllerrevisions-count": {
        "value": 112.04396666666666
      },
      "CREATE-events-count": {
        "value": 726.6666666666666
      },
      "CREATE-pods-count": {
        "value": 111.11111111111111
      },
      "CREATE-virtualmachineinstances-count": {
        "value": 112.04396666666666
      },
      "GET-endpoints-count": {
        "value": 487.77777777777777
      },
      "GET-leases-count": {
        "value": 783.3333333333334
      },
      "GET-nodes-count": {
        "value": 31.111111111111114
      },
      "LIST-cdiconfigs-count": {
        "value": 1.1111111111111112
      },
      "LIST-clusterrolebindings-count": {
        "value": 2.2222222222222223
      },
      "LIST-clusterroles-count": {
        "value": 1.1111111111111112
      },
      "LIST-configmaps-count": {
        "value": 14.444444444444443
      },
      "LIST-controllerrevisions-count": {
        "value": 1.1111111111111112
      },
      "LIST-customresourcedefinitions-count": {
        "value": 10
      },
      "LIST-daemonsets-count": {
        "value": 1.1111111111111112
      },
      "LIST-datasources-count": {
        "value": 3.3333333333333335
      },
      "LIST-datavolumes-count": {
        "value": 1.1111111111111112
      },
      "LIST-ingresses-count": {
        "value": 1.1111111111111112
      },
      "LIST-jobs-count": {
        "value": 2.2222222222222223
      },
      "LIST-kubevirts-count": {
        "value": 6.666666666666666
      },
      "LIST-migrationpolicies-count": {
        "value": 1.1111111111111112
      },
      "LIST-namespaces-count": {
        "value": 3.3333333333333335
      },
      "LIST-nodes-count": {
        "value": 1.1111111111111112
      },
      "LIST-persistentvolumeclaims-count": {
        "value": 1.1111111111111112
      },
      "LIST-poddisruptionbudgets-count": {
        "value": 3.3333333333333335
      },
      "LIST-pods-count": {
        "value": 4.444444444444445
      },
      "LIST-prometheusrules-count": {
        "value": 1.1111111111111112
      },
      "LIST-resourcequotas-count": {
        "value": 1.1111111111111112
      },
      "LIST-rolebindings-count": {
        "value": 1.1111111111111112
      },
      "LIST-roles-count": {
        "value": 1.1111111111111112
      },
      "LIST-secrets-count": {
        "value": 1.1111111111111112
      },
      "LIST-serviceaccounts-count": {
        "value": 2.2222222222222223
      },
      "LIST-servicemonitors-count": {
        "value": 2.2222222222222223
      },
      "LIST-services-count": {
        "value": 2.2222222222222223
      },
      "LIST-validatingwebhookconfigurations-count": {
        "value": 1.1111111111111112
      },
      "LIST-virtualmachineclones-count": {
        "value": 1.1111111111111112
      },
      "LIST-virtualmachineclusterinstancetypes-count": {
        "value": 1.1111111111111112
      },
      "LIST-virtualmachineclusterpreferences-count": {
        "value": 1.1111111111111112
      },
      "LIST-virtualmachineinstancemigrations-count": {
        "value": 1.1111111111111112
      },
      "LIST-virtualmachineinstancepresets-count": {
        "value": 2.2222222222222223
      },
      "LIST-virtualmachineinstancereplicasets-count": {
        "value": 1.1111111111111112
      },
      "LIST-virtualmachineinstances-count": {
        "value": 8.88888888888889
      },
      "LIST-virtualmachineinstancetypes-count": {
        "value": 1.1111111111111112
      },
      "LIST-virtualmachinepools-count": {
        "value": 1.1111111111111112
      },
      "LIST-virtualmachinepreferences-count": {
        "value": 1.1111111111111112
      },
      "LIST-virtualmachinerestores-count": {
        "value": 3.3333333333333335
      },
      "LIST-virtualmachines-count": {
        "value": 1.1111111111111112
      },
      "LIST-virtualmachinesnapshotcontents-count": {
        "value": 1.1111111111111112
      },
      "LIST-virtualmachinesnapshots-count": {
        "value": 1.1111111111111112
      },
      "PATCH-nodes-count": {
        "value": 13.333333333333334
      },
      "PATCH-pods-count": {
        "value": 273.33333333333337
      },
      "PATCH-virtualmachineinstances-count": {
        "value": 208.88888888888889,
        "thresholdResult": {
          "thresholdValue": 222.22222222222223,
          "thresholdMetric": "CREATE-pods-count",
          "thresholdRatio": 1.88,
          "thresholdExceeded": false
        }
      },
      "PATCH-virtualmachines-count": {
        "value": 112.04396666666666
      },
      "UPDATE-endpoints-count": {
        "value": 295.55555555555554
      },
      "UPDATE-leases-count": {
        "value": 295.55555555555554
      },
      "UPDATE-virtualmachineinstances-count": {
        "value": 843.3333333333335,