{
  "JobDirCreationTime": "2026-02-13T21:14:31.307Z",
  "VMIResult": {
    "Values": {
      "CREATE-events-count": {
        "value": 16026.542039397116
      },
      "CREATE-pods-count": {
        "value": 8012.770284055806
      },
      "DELETE-pods-count": {
        "value": 5497.144266666667
      },
      "GET-leases-count": {
        "value": 2172.110533394541
      },
      "LIST-virtualmachineclusterinstancetypes-count": {
        "value": 600.4533911954521
      },
      "LIST-virtualmachineclusterpreferences-count": {
        "value": 601.4608633283304
      },
      "PATCH-nodes-count": {
        "value": 55.410919540229884
      },
      "PATCH-pods-count": {
        "value": 17986.438805604364
      },
      "PATCH-services-count": {
        "value": 2401.8135647818085
      },
      "PATCH-validatingadmissionpolicies-count": {
        "value": 600.4533911954521
      },
      "PATCH-validatingadmissionpolicybindings-count": {
        "value": 600.4533911954521
      },
      "PATCH-virtualmachineinstances-count": {
        "value": 12227.091466666667,
        "thresholdResult": {
          "thresholdValue": 16025.540568111612,
          "thresholdMetric": "CREATE-pods-count",
          "thresholdRatio": 1.5259505805372604,
          "thresholdExceeded": false
        }
      },
      "UPDATE-configmaps-count": {
        "value": 600.4533911954521
      },
      "UPDATE-leases-count": {
        "value": 3494.9444368557342
      },
      "UPDATE-virtualmachineinstances-count": {
        "value": 26834.478107488692,
        "thresholdResult": {
          "thresholdValue": 80127.70284055806,
          "thresholdMetric": "CREATE-pods-count",
          "thresholdRatio": 3.3489638609614483,
          "thresholdExceeded": false
        }
      },
      "WATCH-cdiconfigs-count": {
        "value": 7.052400178163478
      },
      "WATCH-cdis-count": {
        "value": 7.052400178163478
      },
      "WATCH-clusterrolebindings-count": {
        "value": 15.112075913600915
      },
      "WATCH-clusterroles-count": {
        "value": 16.119547177968734
      },
      "WATCH-configmaps-count": {
        "value": 103.76978660070982
      },
      "WATCH-controllerrevisions-count": {
        "value": 7.052400178163478
      },
      "WATCH-customresourcedefinitions-count": {
        "value": 69.5156385447539
      },
      "WATCH-daemonsets-count": {
        "value": 16.119546309458272
      },
      "WATCH-datasources-count": {
        "value": 23.171944171806494
      },
      "WATCH-datavolumes-count": {
        "value": 7.052400178163478
      },
      "WATCH-deployments-count": {
        "value": 14.104603780722641
      },
      "WATCH-ingresses-count": {
        "value": 8.059885917901118
      },
      "WATCH-jobs-count": {
        "value": 16.119547177968734
      },
      "WATCH-kubevirts-count": {
        "value": 53.39610526314319
      },
      "WATCH-leases-count": {
        "value": 16.119547177968734
      },
      "WATCH-migrationpolicies-count": {
        "value": 7.052400178163478
      },
      "WATCH-mutatingwebhookconfigurations-count": {
        "value": 15.112075913600915
      },
      "WATCH-namespaces-count": {
        "value": 40.2989464017553
      },
      "WATCH-nodes-count": {
        "value": 16.119656032843647
      },
      "WATCH-persistentvolumeclaims-count": {
        "value": 6.044914438425838
      },
      "WATCH-poddisruptionbudgets-count": {
        "value": 24.17943396438031
      },
      "WATCH-pods-count": {
        "value": 32.239318145260505
      },
      "WATCH-prometheusrules-count": {
        "value": 16.119547177968734
      },
      "WATCH-resourcequotas-count": {
        "value": 7.052400178163478
      },
      "WATCH-rolebindings-count": {
        "value": 15.112075913600915
      },
      "WATCH-roles-count": {
        "value": 15.112075913600915
      },
      "WATCH-secrets-count": {
        "value": 23.171961831502035
      },
      "WATCH-serviceaccounts-count": {
        "value": 17.127019310847007
      },
      "WATCH-servicemonitors-count": {
        "value": 16.119547177968734
      },
      "WATCH-services-count": {
        "value": 25.186919704117948
      },
      "WATCH-storageclasses-count": {
        "value": 8.059885917901118
      },
      "WATCH-storageprofiles-count": {
        "value": 7.052400178163478
      },
      "WATCH-validatingadmissionpolicies-count": {
        "value": 18.134490575214823
      },
      "WATCH-validatingadmissionpolicybindings-count": {
        "value": 14.104603780722641
      },
      "WATCH-validatingwebhookconfigurations-count": {
        "value": 15.112075045090457
      },
      "WATCH-virtualmachinebackups-count": {
        "value": 22.164458432068855
      },
      "WATCH-virtualmachinebackuptrackers-count": {
        "value": 16.11967050821347
      },
      "WATCH-virtualmachineclones-count": {
        "value": 7.052400178163478
      },
      "WATCH-virtualmachineclusterinstancetypes-count": {
        "value": 22.16448969862376
      },
      "WATCH-virtualmachineclusterpreferences-count": {
        "value": 23.171961831502035
      },
      "WATCH-virtualmachineexports-count": {
        "value": 7.052400178163478
      },
      "WATCH-virtualmachineinstancemigrations-count": {
        "value": 8.059885917901118
      },
      "WATCH-virtualmachineinstancepresets-count": {
        "value": 16.119528649764234
      },
      "WATCH-virtualmachineinstancereplicasets-count": {
        "value": 7.052400178163478
      },
      "WATCH-virtualmachineinstances-count": {
        "value": 31.231739473730713
      },
      "WATCH-virtualmachineinstancetypes-count": {
        "value": 8.059885917901118
      },
      "WATCH-virtualmachinepools-count": {
        "value": 8.059885917901118
      },
      "WATCH-virtualmachinepreferences-count": {
        "value": 8.059885917901118
      },
      "WATCH-virtualmachinerestores-count": {
        "value": 23.171944171806494
      },
      "WATCH-virtualmachines-count": {
        "value": 8.059885917901118
      },
      "WATCH-virtualmachinesnapshotcontents-count": {
        "value": 7.052400178163478
      },
      "WATCH-virtualmachinesnapshots-count": {
        "value": 9.067371657638757
      },
      "avgVirtAPICPUUsage": {
        "value": 0.029739481896551727
      },
      "avgVirtAPIMemoryUsageInMB": {
        "value": 173.3915097489316
      },
      "avgVirtControllerCPUUsage": {
        "value": 0.28370081551724136
      },
      "avgVirtControllerMemoryUsageInMB": {
        "value": 1395.8857505341878
      },
      "maxVirtAPIMemoryUsageInMB": {
        "value": 176.24609375
      },
      "maxVirtControllerMemoryUsageInMB": {
        "value": 2199.71484375
      },
      "minVirtAPIMemoryUsageInMB": {
        "value": 134.041015625
      },
      "minVirtControllerMemoryUsageInMB": {
        "value": 506.6328125
      },
      "running-phase-count": {
        "value": 118
      },
      "virtControllerWorkqueueAddRate": {
        "value": 231.72799509543577
      },
      "virtControllerWorkqueueDepth": {
        "value": 0
      },
      "virtControllerWorkqueueP99Latency": {
        "value": 0.5322981230439825
      },
      "vmiCreationToRunningSecondsP50": {
        "value": 0.5510796648698055,
        "thresholdResult": {
          "thresholdValue": 45,
          "thresholdExceeded": false
        }
      },
      "vmiCreationToRunningSecondsP95": {
        "value": 0.9782807320407695,
        "thresholdResult": {
          "thresholdValue": 60,
          "thresholdExceeded": false
        }
      },
      "vmiCreationToRunningSecondsP99": {
        "value": 1.631290390282216
      },
      "vmiDeletionToFailedSecondsP50": {
        "value": 0
      },
      "vmiDeletionToFailedSecondsP95": {
        "value": 0
      },
      "vmiDeletionToFailedSecondsP99": {
        "value": 0
      },
      "vmiDeletionToSucceededSecondsP50": {
        "value": 0
      },