{
  "JobDirCreationTime": "2026-02-20T13:13:01.676Z",
  "VMIResult": {
    "Values": {
      "CREATE-events-count": {
        "value": 16044.634546411293
      },
      "CREATE-pods-count": {
        "value": 8021.815972207383
      },
      "DELETE-pods-count": {
        "value": 5936.871034678164
      },
      "GET-leases-count": {
        "value": 2197.1258332966036
      },
      "LIST-virtualmachineclusterinstancetypes-count": {
        "value": 588.3454698171238
      },
      "LIST-virtualmachineclusterpreferences-count": {
        "value": 588.3454698171238
      },
      "PATCH-nodes-count": {
        "value": 56.70799709080711
      },
      "PATCH-pods-count": {
        "value": 17940.591816633972
      },
      "PATCH-services-count": {
        "value": 2353.381879268495
      },
      "PATCH-validatingadmissionpolicies-count": {
        "value": 588.3454698171238
      },
      "PATCH-validatingadmissionpolicybindings-count": {
        "value": 588.3454698171238
      },
      "PATCH-virtualmachineinstances-count": {
        "value": 14044.357381748689,
        "thresholdResult": {
          "thresholdValue": 16043.631944414767,
          "thresholdMetric": "CREATE-pods-count",
          "thresholdRatio": 1.7507703281161244,
          "thresholdExceeded": false
        }
      },
      "UPDATE-configmaps-count": {
        "value": 588.3454698171238
      },
      "UPDATE-leases-count": {
        "value": 3512.912836221425
      },
      "UPDATE-virtualmachineinstances-count": {
        "value": 26766.521472425557,
        "thresholdResult": {
          "thresholdValue": 80218.15972207383,
          "thresholdMetric": "CREATE-pods-count",
          "thresholdRatio": 3.3367159711917633,
          "thresholdExceeded": false
        }
      },
      "WATCH-cdiconfigs-count": {
        "value": 8.031915696794043
      },
      "WATCH-cdis-count": {
        "value": 8.031915696794043
      },
      "WATCH-clusterrolebindings-count": {
        "value": 15.129062669464101
      },
      "WATCH-clusterroles-count": {
        "value": 16.133051273452704
      },
      "WATCH-configmaps-count": {
        "value": 98.78900327057413
      },
      "WATCH-controllerrevisions-count": {
        "value": 8.031915696794043
      },
      "WATCH-customresourcedefinitions-count": {
        "value": 71.62073107648021
      },
      "WATCH-daemonsets-count": {
        "value": 16.133051273452704
      },
      "WATCH-datasources-count": {
        "value": 22.148341671840708
      },
      "WATCH-datavolumes-count": {
        "value": 8.031915696794043
      },
      "WATCH-deployments-count": {
        "value": 14.116419864271116
      },
      "WATCH-ingresses-count": {
        "value": 8.031915696794043
      },
      "WATCH-jobs-count": {
        "value": 14.116419864271116
      },
      "WATCH-kubevirts-count": {
        "value": 53.462392461562956
      },
      "WATCH-leases-count": {
        "value": 16.133051273452704
      },
      "WATCH-migrationpolicies-count": {
        "value": 7.027926234694787
      },
      "WATCH-mutatingwebhookconfigurations-count": {
        "value": 16.133051273452704
      },
      "WATCH-namespaces-count": {
        "value": 41.30201468954219
      },
      "WATCH-nodes-count": {
        "value": 16.133058138337915
      },
      "WATCH-persistentvolumeclaims-count": {
        "value": 8.031915696794043
      },
      "WATCH-poddisruptionbudgets-count": {
        "value": 22.156988046048234
      },
      "WATCH-pods-count": {
        "value": 33.20952547223377
      },
      "WATCH-prometheusrules-count": {
        "value": 16.141705474657083
      },
      "WATCH-resourcequotas-count": {
        "value": 8.031915696794043
      },
      "WATCH-rolebindings-count": {
        "value": 16.133051273452704
      },
      "WATCH-roles-count": {
        "value": 16.133051273452704
      },
      "WATCH-secrets-count": {
        "value": 23.152324165053763
      },
      "WATCH-serviceaccounts-count": {
        "value": 16.133051273452704
      },
      "WATCH-servicemonitors-count": {
        "value": 16.124397072248325
      },
      "WATCH-services-count": {
        "value": 23.16097750814749
      },
      "WATCH-storageclasses-count": {
        "value": 8.031915696794043
      },
      "WATCH-storageprofiles-count": {
        "value": 9.035905158893298
      },
      "WATCH-validatingadmissionpolicies-count": {
        "value": 16.133051273452704
      },
      "WATCH-validatingadmissionpolicybindings-count": {
        "value": 15.129062669464101
      },
      "WATCH-validatingwebhookconfigurations-count": {
        "value": 17.14569407864569
      },
      "WATCH-virtualmachinebackups-count": {
        "value": 21.144352209741452
      },
      "WATCH-virtualmachinebackuptrackers-count": {
        "value": 16.133058138337915
      },
      "WATCH-virtualmachineclones-count": {
        "value": 10.039894620992554
      },
      "WATCH-virtualmachineclusterinstancetypes-count": {
        "value": 22.14833556106516
      },
      "WATCH-virtualmachineclusterpreferences-count": {
        "value": 24.164967828357398
      },
      "WATCH-virtualmachineexports-count": {
        "value": 8.031915696794043
      },
      "WATCH-virtualmachineinstancemigrations-count": {
        "value": 8.031915696794043
      },
      "WATCH-virtualmachineinstancepresets-count": {
        "value": 17.14570193535711
      },
      "WATCH-virtualmachineinstancereplicasets-count": {
        "value": 7.027926234694787
      },
      "WATCH-virtualmachineinstances-count": {
        "value": 29.306067948940438
      },
      "WATCH-virtualmachineinstancetypes-count": {
        "value": 8.031915696794043
      },
      "WATCH-virtualmachinepools-count": {
        "value": 9.035905158893298
      },
      "WATCH-virtualmachinepreferences-count": {
        "value": 7.027926234694787
      },
      "WATCH-virtualmachinerestores-count": {
        "value": 24.164973953990227
      },
      "WATCH-virtualmachines-count": {
        "value": 9.035905158893298
      },
      "WATCH-virtualmachinesnapshotcontents-count": {
        "value": 9.035905158893298
      },
      "WATCH-virtualmachinesnapshots-count": {
        "value": 9.035905158893298
      },
      "avgVirtAPICPUUsage": {
        "value": 0.03022549856321839
      },
      "avgVirtAPIMemoryUsageInMB": {
        "value": 172.8632311698718
      },
      "avgVirtControllerCPUUsage": {
        "value": 0.2938634885057471
      },
      "avgVirtControllerMemoryUsageInMB": {
        "value": 1392.3116653311965
      },
      "maxVirtAPIMemoryUsageInMB": {
        "value": 175.703125
      },
      "maxVirtControllerMemoryUsageInMB": {
        "value": 2195.734375
      },
      "minVirtAPIMemoryUsageInMB": {
        "value": 148.650390625
      },
      "minVirtControllerMemoryUsageInMB": {
        "value": 497.72265625
      },
      "virtControllerWorkqueueAddRate": {
        "value": 231.55783475783477
      },
      "virtControllerWorkqueueDepth": {
        "value": 0.09331823329485076
      },
      "virtControllerWorkqueueP99Latency": {
        "value": 0.4681976905311813
      },
      "vmiCreationToRunningSecondsP50": {
        "value": 0.5685584916221659,
        "thresholdResult": {
          "thresholdValue": 45,
          "thresholdExceeded": false
        }
      },
      "vmiCreationToRunningSecondsP95": {
        "value": 0.983070463031273,
        "thresholdResult": {
          "thresholdValue": 60,
          "thresholdExceeded": false
        }
      },
      "vmiCreationToRunningSecondsP99": {
        "value": 1.6864683569541183
      },
      "vmiDeletionToFailedSecondsP50": {
        "value": 0
      },
      "vmiDeletionToFailedSecondsP95": {
        "value": 0
      },
      "vmiDeletionToFailedSecondsP99": {
        "value": 0
      },
      "vmiDeletionToSucceededSecondsP50": {
        "value": 0
      },