{
  "JobDirCreationTime": "2022-10-26T05:06:15.663Z",
  "VMIResult": {
    "Values": {
      "CREATE-events-count": {
        "value": 705.4692453968254
      },
      "CREATE-pods-count": {
        "value": 106.61125
      },
      "DELETE-pods-count": {
        "value": 106.61125
      },
      "GET-endpoints-count": {
        "value": 487.77777777777777
      },
      "GET-nodes-count": {
        "value": 13.333333333333334
      },
      "LIST-clusterrolebindings-count": {
        "value": 2.2222222222222223
      },
      "LIST-clusterroles-count": {
        "value": 1.1111111111111112
      },
      "LIST-configmaps-count": {
        "value": 10
      },
      "LIST-customresourcedefinitions-count": {
        "value": 10
      },
      "LIST-daemonsets-count": {
        "value": 2.2222222222222223
      },
      "LIST-deployments-count": {
        "value": 2.2222222222222223
      },
      "LIST-ingresses-count": {
        "value": 1.1111111111111112
      },
      "LIST-jobs-count": {
        "value": 1.1111111111111112
      },
      "LIST-kubevirts-count": {
        "value": 6.666666666666666
      },
      "LIST-limitranges-count": {
        "value": 1.1111111111111112
      },
      "LIST-migrationpolicies-count": {
        "value": 1.1111111111111112
      },
      "LIST-mutatingwebhookconfigurations-count": {
        "value": 2.2222222222222223
      },
      "LIST-namespaces-count": {
        "value": 2.2222222222222223
      },
      "LIST-nodes-count": {
        "value": 1.1111111111111112
      },
      "LIST-persistentvolumeclaims-count": {
        "value": 1.1111111111111112
      },
      "LIST-poddisruptionbudgets-count": {
        "value": 3.3333333333333335
      },
      "LIST-pods-count": {
        "value": 3.3333333333333335
      },
      "LIST-prometheusrules-count": {
        "value": 2.2222222222222223
      },
      "LIST-rolebindings-count": {
        "value": 1.1111111111111112
      },
      "LIST-roles-count": {
        "value": 2.2222222222222223
      },
      "LIST-secrets-count": {
        "value": 1.1111111111111112
      },
      "LIST-serviceaccounts-count": {
        "value": 2.2222222222222223
      },
      "LIST-servicemonitors-count": {
        "value": 1.1111111111111112
      },
      "LIST-services-count": {
        "value": 2.2222222222222223
      },
      "LIST-storageclasses-count": {
        "value": 1.1111111111111112
      },
      "LIST-validatingwebhookconfigurations-count": {
        "value": 1.1111111111111112
      },
      "LIST-virtualmachineclones-count": {
        "value": 1.1111111111111112
      },
      "LIST-virtualmachineexports-count": {
        "value": 1.1111111111111112
      },
      "LIST-virtualmachineinstancemigrations-count": {
        "value": 1.1111111111111112
      },
      "LIST-virtualmachineinstancereplicasets-count": {
        "value": 1.1111111111111112
      },
      "LIST-virtualmachineinstances-count": {
        "value": 10
      },
      "LIST-virtualmachinerestores-count": {
        "value": 2.2222222222222223
      },
      "LIST-virtualmachinesnapshots-count": {
        "value": 1.1111111111111112
      },
      "PATCH-events-count": {
        "value": 132.71677023809525
      },
      "PATCH-nodes-count": {
        "value": 10
      },
      "PATCH-pods-count": {
        "value": 107.7298625
      },
      "PATCH-virtualmachineinstances-count": {
        "value": 213.2225
      },
      "UPDATE-endpoints-count": {
        "value": 298.8888888888889
      },
      "UPDATE-virtualmachineinstances-count": {
        "value": 967.7754019047619
      },
      "vmiCreationToRunningSecondsP50": {
        "value": 35.63164139710495
      },
      "vmiCreationToRunningSecondsP95": {
        "value": 53.69082069855245
      },
      "vmiCreationToRunningSecondsP99": {
        "value": 58.738164139710484
      },
      "vmiDeletionToFailedSecondsP50": {
        "value": 0
      },
      "vmiDeletionToFailedSecondsP95": {
        "value": 0
      },
      "vmiDeletionToFailedSecondsP99": {
        "value": 0
      },
      "vmiDeletionToSucceededSecondsP50": {
        "value": 0.5419829236716642
      },
      "vmiDeletionToSucceededSecondsP95": {
        "value": 3.650885519613988
      },
      "vmiDeletionToSucceededSecondsP99": {
        "value": 4.996843770589461
      }
    }
  },
  "VMResult": null
}
