{
  "JobDirCreationTime": "2024-12-17T05:07:39.622Z",
  "VMIResult": {
    "Values": {
      "CREATE-events-count": {
        "value": 594.444525
      },
      "CREATE-pods-count": {
        "value": 122.52499999999999
      },
      "DELETE-pods-count": {
        "value": 40.897000000000006
      },
      "GET-leases-count": {
        "value": 180
      },
      "GET-nodes-count": {
        "value": 23.333333333333336
      },
      "PATCH-nodes-count": {
        "value": 10
      },
      "PATCH-pods-count": {
        "value": 369.0055
      },
      "PATCH-virtualmachineinstances-count": {
        "value": 170.59699999999998
      },
      "UPDATE-leases-count": {
        "value": 300
      },
      "UPDATE-virtualmachineinstances-count": {
        "value": 958.59385
      },
      "WATCH-clusterrolebindings-count": {
        "value": 2.2222222222222223
      },
      "WATCH-configmaps-count": {
        "value": 6.666666666666666
      },
      "WATCH-customresourcedefinitions-count": {
        "value": 6.666666666666667
      },
      "WATCH-daemonsets-count": {
        "value": 2.2222222222222223
      },
      "WATCH-jobs-count": {
        "value": 1.1111111111111112
      },
      "WATCH-kubevirts-count": {
        "value": 3.3333333333333335
      },
      "WATCH-migrationpolicies-count": {
        "value": 1.1111111111111112
      },
      "WATCH-mutatingwebhookconfigurations-count": {
        "value": 1.1111111111111112
      },
      "WATCH-namespaces-count": {
        "value": 2.2222222222222223
      },
      "WATCH-poddisruptionbudgets-count": {
        "value": 2.2222222222222223
      },
      "WATCH-pods-count": {
        "value": 2.2222222222222223
      },
      "WATCH-prometheusrules-count": {
        "value": 1.1111111111111112
      },
      "WATCH-resourcequotas-count": {
        "value": 1.1111111111111112
      },
      "WATCH-rolebindings-count": {
        "value": 2.2222222222222223
      },
      "WATCH-roles-count": {
        "value": 2.2222222222222223
      },
      "WATCH-routes-count": {
        "value": 1.1111111111111112
      },
      "WATCH-secrets-count": {
        "value": 2.2222222222222223
      },
      "WATCH-securitycontextconstraints-count": {
        "value": 1.1111111111111112
      },
      "WATCH-serviceaccounts-count": {
        "value": 1.1111111111111112
      },
      "WATCH-servicemonitors-count": {
        "value": 1.1111111111111112
      },
      "WATCH-services-count": {
        "value": 1.1111111111111112
      },
      "WATCH-storageclasses-count": {
        "value": 1.1111111111111112
      },
      "WATCH-validatingwebhookconfigurations-count": {
        "value": 2.2222222222222223
      },
      "WATCH-virtualmachineclusterinstancetypes-count": {
        "value": 2.2222222222222223
      },
      "WATCH-virtualmachineinstancemigrations-count": {
        "value": 1.1111111111111112
      },
      "WATCH-virtualmachineinstancepresets-count": {
        "value": 2.2222222222222223
      },
      "WATCH-virtualmachineinstances-count": {
        "value": 3.3333333333333335
      },
      "WATCH-virtualmachineinstancetypes-count": {
        "value": 1.1111111111111112
      },
      "WATCH-virtualmachinerestores-count": {
        "value": 1.1111111111111112
      },
      "WATCH-virtualmachines-count": {
        "value": 1.1111111111111112
      },
      "WATCH-volumesnapshotclasses-count": {
        "value": 1.1111111111111112
      },
      "avgVirtAPICPUUsage": {
        "value": 0.02310334726388889
      },
      "avgVirtAPIMemoryUsageInMB": {
        "value": 171.71806640625
      },
      "avgVirtControllerCPUUsage": {
        "value": 0.03637813187037037
      },
      "avgVirtControllerMemoryUsageInMB": {
        "value": 99.458984375
      },
      "avgVirtHandlerMemoryUsageInMB": {
        "value": 12.409704891148918
      },
      "maxVirtAPIMemoryUsageInMB": {
        "value": 190.134765625
      },
      "maxVirtControllerMemoryUsageInMB": {
        "value": 122.828125
      },
      "maxVirtHandlerMemoryUsageInMB": {
        "value": 16.03390712220893
      },
      "minVirtAPIMemoryUsageInMB": {
        "value": 157.8486328125
      },
      "minVirtControllerMemoryUsageInMB": {
        "value": 82.27734375
      },
      "minVirtHandlerMemoryUsageInMB": {
        "value": 10.433659699675324
      },
      "vmiCreationToRunningSecondsP50": {
        "value": 43.325220531102886
      },
      "vmiCreationToRunningSecondsP95": {
        "value": 49.994286758992644
      },
      "vmiCreationToRunningSecondsP99": {
        "value": 57.98445998445999
      },
      "vmiDeletionToFailedSecondsP50": {
        "value": 0
      },
      "vmiDeletionToFailedSecondsP95": {
        "value": 0
      },
      "vmiDeletionToFailedSecondsP99": {
        "value": 0
      },
      "vmiDeletionToSucceededSecondsP50": {
        "value": 0.6468392718392718
      },
      "vmiDeletionToSucceededSecondsP95": {
        "value": 0.9968267843267842
      },
      "vmiDeletionToSucceededSecondsP99": {
        "value": 4.34668997668997
      }
    }
  },
  "VMResult": null
}
