{
  "JobDirCreationTime": "2024-08-12T05:02:00.605Z",
  "VMIResult": {
    "Values": {
      "CREATE-events-count": {
        "value": 501.2452666666667
      },
      "CREATE-pods-count": {
        "value": 121.89750000000001
      },
      "DELETE-pods-count": {
        "value": 27.851300000000002
      },
      "GET-leases-count": {
        "value": 181.11111111111111
      },
      "GET-nodes-count": {
        "value": 20
      },
      "LIST-clusterroles-count": {
        "value": 1.1111111111111112
      },
      "LIST-configmaps-count": {
        "value": 2.2222222222222223
      },
      "LIST-customresourcedefinitions-count": {
        "value": 3.3333333333333335
      },
      "LIST-kubevirts-count": {
        "value": 1.1111111111111112
      },
      "LIST-nodes-count": {
        "value": 1.1111111111111112
      },
      "LIST-poddisruptionbudgets-count": {
        "value": 1.1111111111111112
      },
      "LIST-rolebindings-count": {
        "value": 1.1111111111111112
      },
      "LIST-secrets-count": {
        "value": 1.1111111111111112
      },
      "LIST-securitycontextconstraints-count": {
        "value": 1.1111111111111112
      },
      "LIST-serviceaccounts-count": {
        "value": 1.1111111111111112
      },
      "LIST-servicemonitors-count": {
        "value": 1.1111111111111112
      },
      "LIST-services-count": {
        "value": 1.1111111111111112
      },
      "LIST-validatingwebhookconfigurations-count": {
        "value": 2.2222222222222223
      },
      "LIST-virtualmachineclusterinstancetypes-count": {
        "value": 2.2222222222222223
      },
      "LIST-virtualmachineclusterpreferences-count": {
        "value": 1.1111111111111112
      },
      "LIST-virtualmachineinstancetypes-count": {
        "value": 1.1111111111111112
      },
      "LIST-virtualmachinerestores-count": {
        "value": 1.1111111111111112
      },
      "LIST-volumesnapshots-count": {
        "value": 1.1111111111111112
      },
      "PATCH-nodes-count": {
        "value": 8.88888888888889
      },
      "PATCH-pods-count": {
        "value": 244.003975
      },
      "PATCH-services-count": {
        "value": 4.444444444444445
      },
      "PATCH-virtualmachineinstances-count": {
        "value": 156.71463333333335
      },
      "UPDATE-leases-count": {
        "value": 300
      },
      "UPDATE-virtualmachineinstances-count": {
        "value": 1144.9133833333335
      },
      "avgVirtAPICPUUsage": {
        "value": 0.04852406960185185
      },
      "avgVirtAPIMemoryUsageInMB": {
        "value": 181.87636718750002
      },
      "avgVirtControllerCPUUsage": {
        "value": 0.035017079650000005
      },
      "avgVirtControllerMemoryUsageInMB": {
        "value": 118.17734374999999
      },
      "maxVirtAPIMemoryUsageInMB": {
        "value": 194.13671875
      },
      "maxVirtControllerMemoryUsageInMB": {
        "value": 149.34375
      },
      "minVirtAPIMemoryUsageInMB": {
        "value": 166.4765625
      },
      "minVirtControllerMemoryUsageInMB": {
        "value": 100.87890625
      },
      "vmiCreationToRunningSecondsP50": {
        "value": 43.0759638030811
      },
      "vmiCreationToRunningSecondsP95": {
        "value": 49.84490981314393
      },
      "vmiCreationToRunningSecondsP99": {
        "value": 57.480447874032166
      },
      "vmiDeletionToFailedSecondsP50": {
        "value": 0
      },
      "vmiDeletionToFailedSecondsP95": {
        "value": 0
      },
      "vmiDeletionToFailedSecondsP99": {
        "value": 0
      },
      "vmiDeletionToSucceededSecondsP50": {
        "value": 0.7009456973542196
      },
      "vmiDeletionToSucceededSecondsP95": {
        "value": 0.970094569735422
      },
      "vmiDeletionToSucceededSecondsP99": {
        "value": 0.9940189139470844
      }
    }
  },
  "VMResult": null
}
