{
  "JobDirCreationTime": "2025-03-23T16:19:22.642Z",
  "VMIResult": {
    "Values": {
      "CREATE-events-count": {
        "value": 155.85530740740742
      },
      "CREATE-pods-count": {
        "value": 125.86111111111111
      },
      "GET-leases-count": {
        "value": 191.11111111111111
      },
      "GET-nodes-count": {
        "value": 28.888888888888893
      },
      "LIST-nodes-count": {
        "value": 1.1111111111111112
      },
      "LIST-virtualmachineclusterinstancetypes-count": {
        "value": 1.1111111111111112
      },
      "LIST-virtualmachineclusterpreferences-count": {
        "value": 1.1111111111111112
      },
      "PATCH-nodes-count": {
        "value": 12.222222222222221
      },
      "PATCH-pods-count": {
        "value": 422.5333333333333
      },
      "PATCH-services-count": {
        "value": 4.444444444444445
      },
      "PATCH-validatingadmissionpolicies-count": {
        "value": 1.1111111111111112
      },
      "PATCH-validatingadmissionpolicybindings-count": {
        "value": 1.1111111111111112
      },
      "PATCH-virtualmachineinstances-count": {
        "value": 40.81458333333333,
        "thresholdResult": {
          "thresholdValue": 251.72222222222223,
          "thresholdMetric": "CREATE-pods-count",
          "thresholdRatio": 0.3242827190465681,
          "thresholdExceeded": true
        }
      },
      "UPDATE-leases-count": {
        "value": 298.8888888888889
      },
      "UPDATE-virtualmachineinstances-count": {
        "value": 651.0155333333333,
        "thresholdResult": {
          "thresholdValue": 1258.611111111111,
          "thresholdMetric": "CREATE-pods-count",
          "thresholdRatio": 5.172491547119841,
          "thresholdExceeded": false
        }
      },
      "WATCH-cdiconfigs-count": {
        "value": 1.1111111111111112
      },
      "WATCH-configmaps-count": {
        "value": 4.444419753360765
      },
      "WATCH-customresourcedefinitions-count": {
        "value": 2.2222222222222223
      },
      "WATCH-datasources-count": {
        "value": 2.2221893013869547
      },
      "WATCH-ingresses-count": {
        "value": 1.1111111111111112
      },
      "WATCH-jobs-count": {
        "value": 1.1111111111111112
      },
      "WATCH-kubevirts-count": {
        "value": 3.3333333333333335
      },
      "WATCH-poddisruptionbudgets-count": {
        "value": 2.2222222222222223
      },
      "WATCH-pods-count": {
        "value": 1.1111111111111112
      },
      "WATCH-rolebindings-count": {
        "value": 1.1111111111111112
      },
      "WATCH-roles-count": {
        "value": 1.1111111111111112
      },
      "WATCH-secrets-count": {
        "value": 1.1111111111111112
      },
      "WATCH-serviceaccounts-count": {
        "value": 2.2222222222222223
      },
      "WATCH-servicemonitors-count": {
        "value": 1.1111111111111112
      },
      "WATCH-services-count": {
        "value": 1.1111111111111112
      },
      "WATCH-validatingwebhookconfigurations-count": {
        "value": 1.1111111111111112
      },
      "WATCH-virtualmachineclusterpreferences-count": {
        "value": 1.1111111111111112
      },
      "WATCH-virtualmachineinstances-count": {
        "value": 1.1111111111111112
      },
      "WATCH-virtualmachineinstancetypes-count": {
        "value": 1.1111111111111112
      },
      "WATCH-virtualmachinerestores-count": {
        "value": 2.2222098766803824
      },
      "avgVirtAPICPUUsage": {
        "value": 0.00924370925925926
      },
      "avgVirtAPIMemoryUsageInMB": {
        "value": 131.4306640625
      },
      "avgVirtControllerCPUUsage": {
        "value": 0.02360155925925926
      },
      "avgVirtControllerMemoryUsageInMB": {
        "value": 61.648828125
      },
      "avgVirtHandlerCPUUsage": {
        "value": 0.0007145957170226351
      },
      "avgVirtHandlerMemoryUsageInMB": {
        "value": 10.758716258513621
      },
      "maxVirtAPIMemoryUsageInMB": {
        "value": 150.673828125
      },
      "maxVirtControllerMemoryUsageInMB": {
        "value": 83.33984375
      },
      "maxVirtHandlerCPUUsage": {
        "value": 0.0007471410679955737
      },
      "maxVirtHandlerMemoryUsageInMB": {
        "value": 27.508954326923075
      },
      "minVirtAPIMemoryUsageInMB": {
        "value": 121.046875
      },
      "minVirtControllerMemoryUsageInMB": {
        "value": 55.625
      },
      "minVirtHandlerCPUUsage": {
        "value": 0.0006784141025641025
      },
      "minVirtHandlerMemoryUsageInMB": {
        "value": 4.947347005208333
      },
      "running-phase-count": {
        "value": 101
      },
      "vmiCreationToRunningSecondsP50": {
        "value": 19.909458775923117,
        "thresholdResult": {
          "thresholdValue": 45,
          "thresholdExceeded": false
        }
      },
      "vmiCreationToRunningSecondsP95": {
        "value": 28.990778899649698,
        "thresholdResult": {
          "thresholdValue": 60,
          "thresholdExceeded": false
        }
      },
      "vmiCreationToRunningSecondsP99": {
        "value": 29.798155779929942
      },
      "vmiDeletionToFailedSecondsP50": {
        "value": 0
      },
      "vmiDeletionToFailedSecondsP95": {
        "value": 0
      },
      "vmiDeletionToFailedSecondsP99": {
        "value": 0
      },
      "vmiDeletionToSucceededSecondsP50": {
        "value": 0
      },
      "vmiDeletionToSucceededSecondsP95": {
        "value": 0
      },
      "vmiDeletionToSucceededSecondsP99": {
        "value": 0
      }
    }
  },
  "VMResult": {
    "Values": {
      "CREATE-events-count": {
        "value": 847.7788312835239
      },
      "CREATE-pods-count": {
        "value": 111.11111111111111
      },
      "GET-leases-count": {
        "value": 185.55555555555554
      },
      "GET-nodes-count": {
        "value": 31.11118518573389
      },
      "PATCH-nodes-count": {
        "value": 13.3333662553879
      },
      "PATCH-pods-count": {
        "value": 378.8888888888889
      },
      "PATCH-virtualmachineinstances-count": {
        "value": 154.44444444444446,
        "thresholdResult": {
          "thresholdValue": 222.22222222222223,
          "thresholdMetric": "CREATE-pods-count",
          "thresholdRatio": 1.3900000000000001,
          "thresholdExceeded": false
        }
      },
      "UPDATE-leases-count": {
        "value": 298.8888888888889
      },
      "UPDATE-virtualmachineinstances-count": {
        "value": 948.889851858985,
        "thresholdResult": {
          "thresholdValue": 1111.111111111111,
          "thresholdMetric": "CREATE-pods-count",
          "thresholdRatio": 8.540008666730865,
          "thresholdExceeded": false
        }
      },
      "WATCH-cdis-count": {
        "value": 1.1111111111111112
      },
      "WATCH-clusterroles-count": {
        "value": 2.2222222222222223
      },
      "WATCH-configmaps-count": {
        "value": 13.333349794360615
      },
      "WATCH-controllerrevisions-count": {
        "value": 1.1111111111111112
      },
      "WATCH-customresourcedefinitions-count": {
        "value": 5.5555637860691975
      },
      "WATCH-datasources-count": {
        "value": 2.2222057615607342
      },
      "WATCH-datavolumes-count": {
        "value": 1.1111111111111112
      },
      "WATCH-deployments-count": {
        "value": 1.1111111111111112
      },
      "WATCH-kubevirts-count": {
        "value": 6.666650206005178
      },
      "WATCH-migrationpolicies-count": {
        "value": 1.1111111111111112
      },
      "WATCH-mutatingwebhookconfigurations-count": {
        "value": 2.2222222222222223
      },
      "WATCH-namespaces-count": {
        "value": 1.1111111111111112
      },
      "WATCH-nodes-count": {
        "value": 1.1111111111111112
      },
      "WATCH-poddisruptionbudgets-count": {
        "value": 2.2222222222222223
      },
      "WATCH-pods-count": {
        "value": 2.2222222222222223
      },