{
  "JobDirCreationTime": "2026-05-25T22:08:07.836Z",
  "VMIResult": {
    "Values": {
      "CREATE-events-count": {
        "value": 15586.236526315792
      },
      "CREATE-pods-count": {
        "value": 8054.869005847953
      },
      "DELETE-pods-count": {
        "value": 5787.812125
      },
      "GET-leases-count": {
        "value": 2135.734635138571
      },
      "GET-mutatingwebhookconfigurations-count": {
        "value": 577.651461988304
      },
      "LIST-virtualmachineclusterinstancetypes-count": {
        "value": 577.651461988304
      },
      "LIST-virtualmachineclusterpreferences-count": {
        "value": 577.651461988304
      },
      "PATCH-nodes-count": {
        "value": 53.33797101449275
      },
      "PATCH-pods-count": {
        "value": 17388.330892793565
      },
      "PATCH-services-count": {
        "value": 2310.605847953216
      },
      "PATCH-validatingadmissionpolicies-count": {
        "value": 577.651461988304
      },
      "PATCH-validatingadmissionpolicybindings-count": {
        "value": 577.651461988304
      },
      "PATCH-virtualmachineinstances-count": {
        "value": 11202.939191666668,
        "thresholdResult": {
          "thresholdValue": 16109.738011695907,
          "thresholdMetric": "CREATE-pods-count",
          "thresholdRatio": 1.3908282286817042,
          "thresholdExceeded": false
        }
      },
      "UPDATE-configmaps-count": {
        "value": 577.651461988304
      },
      "UPDATE-leases-count": {
        "value": 3463.878362573099
      },
      "UPDATE-virtualmachineinstances-count": {
        "value": 26514.426862963664,
        "thresholdResult": {
          "thresholdValue": 80548.69005847954,
          "thresholdMetric": "CREATE-pods-count",
          "thresholdRatio": 3.2917266368594946,
          "thresholdExceeded": false
        }
      },
      "WATCH-cdiconfigs-count": {
        "value": 7.106432748538011
      },
      "WATCH-cdis-count": {
        "value": 7.106432748538011
      },
      "WATCH-clusterrolebindings-count": {
        "value": 15.228070175438596
      },
      "WATCH-clusterroles-count": {
        "value": 15.228070175438596
      },
      "WATCH-configmaps-count": {
        "value": 105.24582761250953
      },
      "WATCH-controllerrevisions-count": {
        "value": 9.136842105263156
      },
      "WATCH-customresourcedefinitions-count": {
        "value": 70.79066361556065
      },
      "WATCH-daemonsets-count": {
        "value": 16.243274853801168
      },
      "WATCH-datasources-count": {
        "value": 23.21728960081363
      },
      "WATCH-datavolumes-count": {
        "value": 8.121637426900584
      },
      "WATCH-deployments-count": {
        "value": 15.228070175438596
      },
      "WATCH-ingresses-count": {
        "value": 8.121637426900584
      },
      "WATCH-jobs-count": {
        "value": 15.228070175438596
      },
      "WATCH-kubevirts-count": {
        "value": 56.56014238494787
      },
      "WATCH-leases-count": {
        "value": 15.228070175438596
      },
      "WATCH-migrationpolicies-count": {
        "value": 8.121637426900584
      },
      "WATCH-mutatingwebhookconfigurations-count": {
        "value": 16.243274853801168
      },
      "WATCH-namespaces-count": {
        "value": 39.4605644546148
      },
      "WATCH-nodes-count": {
        "value": 16.172651919654207
      },
      "WATCH-persistentvolumeclaims-count": {
        "value": 8.121637426900584
      },
      "WATCH-poddisruptionbudgets-count": {
        "value": 23.34970760233918
      },
      "WATCH-pods-count": {
        "value": 31.471345029239764
      },
      "WATCH-prometheusrules-count": {
        "value": 16.243274853801168
      },
      "WATCH-resourcequotas-count": {
        "value": 8.121637426900584
      },
      "WATCH-rolebindings-count": {
        "value": 16.243274853801168
      },
      "WATCH-roles-count": {
        "value": 14.212865497076022
      },
      "WATCH-secrets-count": {
        "value": 22.334502923976608
      },
      "WATCH-serviceaccounts-count": {
        "value": 14.212865497076022
      },
      "WATCH-servicemonitors-count": {
        "value": 15.228070175438596
      },
      "WATCH-services-count": {
        "value": 23.34970760233918
      },
      "WATCH-storageclasses-count": {
        "value": 8.121637426900584
      },
      "WATCH-storageprofiles-count": {
        "value": 9.136842105263156
      },
      "WATCH-validatingadmissionpolicies-count": {
        "value": 16.243274853801168
      },
      "WATCH-validatingadmissionpolicybindings-count": {
        "value": 14.212865497076022
      },
      "WATCH-validatingwebhookconfigurations-count": {
        "value": 14.212865497076022
      },
      "WATCH-virtualmachinebackups-count": {
        "value": 22.202084922451053
      },
      "WATCH-virtualmachinebackuptrackers-count": {
        "value": 16.172651919654207
      },
      "WATCH-virtualmachineclones-count": {
        "value": 9.136842105263156
      },
      "WATCH-virtualmachineclusterinstancetypes-count": {
        "value": 24.364912280701752
      },
      "WATCH-virtualmachineclusterpreferences-count": {
        "value": 22.334502923976608
      },
      "WATCH-virtualmachineexports-count": {
        "value": 7.106432748538011
      },
      "WATCH-virtualmachineinstancemigrations-count": {
        "value": 8.121637426900584
      },
      "WATCH-virtualmachineinstancepresets-count": {
        "value": 16.102028985507246
      },
      "WATCH-virtualmachineinstancereplicasets-count": {
        "value": 8.121637426900584
      },
      "WATCH-virtualmachineinstances-count": {
        "value": 28.24034579201627
      },
      "WATCH-virtualmachineinstancetypes-count": {
        "value": 8.121637426900584
      },
      "WATCH-virtualmachinepools-count": {
        "value": 8.121637426900584
      },
      "WATCH-virtualmachinepreferences-count": {
        "value": 7.106432748538011
      },
      "WATCH-virtualmachinerestores-count": {
        "value": 23.208461734045258
      },
      "WATCH-virtualmachines-count": {
        "value": 7.106432748538011
      },
      "WATCH-virtualmachinesnapshotcontents-count": {
        "value": 7.106432748538011
      },
      "WATCH-virtualmachinesnapshots-count": {
        "value": 8.121637426900584
      },
      "avgVirtAPICPUUsage": {
        "value": 0.02875249035087719
      },
      "avgVirtAPIMemoryUsageInMB": {
        "value": 175.1458559782608
      },
      "avgVirtControllerCPUUsage": {
        "value": 0.2542757622807017
      },
      "avgVirtControllerMemoryUsageInMB": {
        "value": 1274.4124999999995
      },
      "maxVirtAPIMemoryUsageInMB": {
        "value": 178.359375
      },
      "maxVirtControllerMemoryUsageInMB": {
        "value": 2025.03515625
      },
      "minVirtAPIMemoryUsageInMB": {
        "value": 153.0625
      },
      "minVirtControllerMemoryUsageInMB": {
        "value": 450.24609375
      },
      "virtControllerWorkqueueAddRate": {
        "value": 231.48242853378403
      },
      "virtControllerWorkqueueDepth": {
        "value": 0.027545994943676398
      },
      "virtControllerWorkqueueP99Latency": {
        "value": 0.7889354420616056
      },
      "vmiCreationToRunningSecondsP50": {
        "value": 0.6000967592431067,
        "thresholdResult": {
          "thresholdValue": 45,
          "thresholdExceeded": false
        }
      },
      "vmiCreationToRunningSecondsP95": {
        "value": 0.9857487504744393,
        "thresholdResult": {
          "thresholdValue": 60,
          "thresholdExceeded": false
        }
      },
      "vmiCreationToRunningSecondsP99": {
        "value": 1.700337329160572
      },
      "vmiDeletionToFailedSecondsP50": {
        "value": 0
      },
      "vmiDeletionToFailedSecondsP95": {
        "value": 0
      },
      "vmiDeletionToFailedSecondsP99": {
        "value": 0
      },