{
  "JobDirCreationTime": "2025-03-15T05:05:26.124Z",
  "VMIResult": {
    "Values": {
      "CREATE-events-count": {
        "value": 691.3951203703705
      },
      "CREATE-pods-count": {
        "value": 109.29066666666667
      },
      "DELETE-pods-count": {
        "value": 435.8369
      },
      "GET-leases-count": {
        "value": 186.66666666666669
      },
      "GET-nodes-count": {
        "value": 23.333333333333336
      },
      "LIST-nodes-count": {
        "value": 1.1111111111111112
      },
      "LIST-virtualmachineclusterinstancetypes-count": {
        "value": 1.1111111111111112
      },
      "LIST-virtualmachineclusterpreferences-count": {
        "value": 1.1111111111111112
      },
      "PATCH-events-count": {
        "value": 220.09699999999998
      },
      "PATCH-nodes-count": {
        "value": 10
      },
      "PATCH-pods-count": {
        "value": 327.95490666666666
      },
      "PATCH-services-count": {
        "value": 4.444444444444445
      },
      "PATCH-virtualmachineinstances-count": {
        "value": 222.72666666666666
      },
      "UPDATE-leases-count": {
        "value": 298.8888888888889
      },
      "UPDATE-virtualmachineinstances-count": {
        "value": 1063.6182266666665
      },
      "WATCH-clusterrolebindings-count": {
        "value": 1.1111111111111112
      },
      "WATCH-clusterroles-count": {
        "value": 2.2222222222222223
      },
      "WATCH-configmaps-count": {
        "value": 8.88888888888889
      },
      "WATCH-customresourcedefinitions-count": {
        "value": 5.555555555555555
      },
      "WATCH-daemonsets-count": {
        "value": 2.2222222222222223
      },
      "WATCH-kubevirts-count": {
        "value": 6.666666666666666
      },
      "WATCH-mutatingwebhookconfigurations-count": {
        "value": 2.2222222222222223
      },
      "WATCH-namespaces-count": {
        "value": 3.3333333333333335
      },
      "WATCH-nodes-count": {
        "value": 1.1111111111111112
      },
      "WATCH-persistentvolumeclaims-count": {
        "value": 1.1111111111111112
      },
      "WATCH-poddisruptionbudgets-count": {
        "value": 2.2222222222222223
      },
      "WATCH-pods-count": {
        "value": 2.2222222222222223
      },
      "WATCH-resourcequotas-count": {
        "value": 1.1111111111111112
      },
      "WATCH-rolebindings-count": {
        "value": 2.2222222222222223
      },
      "WATCH-roles-count": {
        "value": 2.2222222222222223
      },
      "WATCH-routes-count": {
        "value": 2.2222222222222223
      },
      "WATCH-secrets-count": {
        "value": 3.3333333333333335
      },
      "WATCH-serviceaccounts-count": {
        "value": 2.2222222222222223
      },
      "WATCH-servicemonitors-count": {
        "value": 2.2222222222222223
      },
      "WATCH-services-count": {
        "value": 2.2222222222222223
      },
      "WATCH-storageclasses-count": {
        "value": 1.1111111111111112
      },
      "WATCH-validatingwebhookconfigurations-count": {
        "value": 1.1111111111111112
      },
      "WATCH-virtualmachineclusterinstancetypes-count": {
        "value": 2.2222222222222223
      },
      "WATCH-virtualmachineclusterpreferences-count": {
        "value": 2.2222222222222223
      },
      "WATCH-virtualmachineinstancepresets-count": {
        "value": 1.1111111111111112
      },
      "WATCH-virtualmachineinstances-count": {
        "value": 2.2222222222222223
      },
      "WATCH-virtualmachinepools-count": {
        "value": 1.1111111111111112
      },
      "WATCH-virtualmachinerestores-count": {
        "value": 3.3333333333333335
      },
      "WATCH-volumesnapshotclasses-count": {
        "value": 1.1111111111111112
      },
      "WATCH-volumesnapshots-count": {
        "value": 1.1111111111111112
      },
      "avgVirtAPICPUUsage": {
        "value": 0.025815604745370372
      },
      "avgVirtAPIMemoryUsageInMB": {
        "value": 185.6134765625
      },
      "avgVirtControllerCPUUsage": {
        "value": 0.038218399870370366
      },
      "avgVirtControllerMemoryUsageInMB": {
        "value": 104.18828125
      },
      "avgVirtHandlerMemoryUsageInMB": {
        "value": 58.623495344102736
      },
      "maxVirtAPIMemoryUsageInMB": {
        "value": 200.572265625
      },
      "maxVirtControllerMemoryUsageInMB": {
        "value": 133.3125
      },
      "maxVirtHandlerMemoryUsageInMB": {
        "value": 82.86771705542264
      },
      "minVirtAPIMemoryUsageInMB": {
        "value": 175.498046875
      },
      "minVirtControllerMemoryUsageInMB": {
        "value": 79.5
      },
      "minVirtHandlerMemoryUsageInMB": {
        "value": 13.986575172061013
      },
      "vmiCreationToRunningSecondsP50": {
        "value": 47.084330373603024
      },
      "vmiCreationToRunningSecondsP95": {
        "value": 58.55848431371703
      },
      "vmiCreationToRunningSecondsP99": {
        "value": 59.7116968627434
      },
      "vmiDeletionToFailedSecondsP50": {
        "value": 0
      },
      "vmiDeletionToFailedSecondsP95": {
        "value": 0
      },
      "vmiDeletionToFailedSecondsP99": {
        "value": 0
      },
      "vmiDeletionToSucceededSecondsP50": {
        "value": 0.75
      },
      "vmiDeletionToSucceededSecondsP95": {
        "value": 1.611899622923815
      },
      "vmiDeletionToSucceededSecondsP99": {
        "value": 1.9223799245847624
      }
    }
  },
  "VMResult": null
}
