{
  "JobDirCreationTime": "2024-12-25T05:04:01.443Z",
  "VMIResult": {
    "Values": {
      "CREATE-events-count": {
        "value": 636.2619277777778
      },
      "CREATE-pods-count": {
        "value": 120.75749999999998
      },
      "DELETE-pods-count": {
        "value": 78.06943333333334
      },
      "GET-leases-count": {
        "value": 190
      },
      "GET-nodes-count": {
        "value": 18.888888888888886
      },
      "PATCH-events-count": {
        "value": 12.0855
      },
      "PATCH-nodes-count": {
        "value": 7.777777777777778
      },
      "PATCH-pods-count": {
        "value": 362.2724999999999
      },
      "PATCH-virtualmachineinstances-count": {
        "value": 205.41276666666667
      },
      "UPDATE-leases-count": {
        "value": 297.77777777777777
      },
      "UPDATE-virtualmachineinstances-count": {
        "value": 943.1203
      },
      "WATCH-clusterrolebindings-count": {
        "value": 1.1111111111111112
      },
      "WATCH-configmaps-count": {
        "value": 4.444444444444445
      },
      "WATCH-customresourcedefinitions-count": {
        "value": 2.2222222222222223
      },
      "WATCH-daemonsets-count": {
        "value": 2.2222222222222223
      },
      "WATCH-jobs-count": {
        "value": 1.1111111111111112
      },
      "WATCH-kubevirts-count": {
        "value": 2.2222222222222223
      },
      "WATCH-mutatingwebhookconfigurations-count": {
        "value": 1.1111111111111112
      },
      "WATCH-namespaces-count": {
        "value": 2.2222222222222223
      },
      "WATCH-poddisruptionbudgets-count": {
        "value": 1.1111111111111112
      },
      "WATCH-pods-count": {
        "value": 2.2222222222222223
      },
      "WATCH-prometheusrules-count": {
        "value": 1.1111111111111112
      },
      "WATCH-resourcequotas-count": {
        "value": 1.1111111111111112
      },
      "WATCH-rolebindings-count": {
        "value": 1.1111111111111112
      },
      "WATCH-roles-count": {
        "value": 1.1111111111111112
      },
      "WATCH-routes-count": {
        "value": 1.1111111111111112
      },
      "WATCH-secrets-count": {
        "value": 2.2222222222222223
      },
      "WATCH-servicemonitors-count": {
        "value": 2.2222222222222223
      },
      "WATCH-validatingwebhookconfigurations-count": {
        "value": 2.2222222222222223
      },
      "WATCH-virtualmachineclones-count": {
        "value": 1.1111111111111112
      },
      "WATCH-virtualmachineclusterinstancetypes-count": {
        "value": 1.1111111111111112
      },
      "WATCH-virtualmachineinstancepresets-count": {
        "value": 1.1111111111111112
      },
      "WATCH-virtualmachineinstancetypes-count": {
        "value": 1.1111111111111112
      },
      "WATCH-volumesnapshotclasses-count": {
        "value": 1.1111111111111112
      },
      "avgVirtAPICPUUsage": {
        "value": 0.02373461769259259
      },
      "avgVirtAPIMemoryUsageInMB": {
        "value": 179.9671875
      },
      "avgVirtControllerCPUUsage": {
        "value": 0.03454531674444445
      },
      "avgVirtControllerMemoryUsageInMB": {
        "value": 103.63125000000001
      },
      "avgVirtHandlerMemoryUsageInMB": {
        "value": 24.9300236511174
      },
      "maxVirtAPIMemoryUsageInMB": {
        "value": 199.8828125
      },
      "maxVirtControllerMemoryUsageInMB": {
        "value": 124.62109375
      },
      "maxVirtHandlerMemoryUsageInMB": {
        "value": 55.58530618686868
      },
      "minVirtAPIMemoryUsageInMB": {
        "value": 164.578125
      },
      "minVirtControllerMemoryUsageInMB": {
        "value": 89.80078125
      },
      "minVirtHandlerMemoryUsageInMB": {
        "value": 8.134347098214285
      },
      "vmiCreationToRunningSecondsP50": {
        "value": 44.00053834955785
      },
      "vmiCreationToRunningSecondsP95": {
        "value": 49.741825986854515
      },
      "vmiCreationToRunningSecondsP99": {
        "value": 56.640283530767135
      },
      "vmiDeletionToFailedSecondsP50": {
        "value": 0
      },
      "vmiDeletionToFailedSecondsP95": {
        "value": 0
      },
      "vmiDeletionToFailedSecondsP99": {
        "value": 0
      },
      "vmiDeletionToSucceededSecondsP50": {
        "value": 0.728191452523547
      },
      "vmiDeletionToSucceededSecondsP95": {
        "value": 1.9302126480753503
      },
      "vmiDeletionToSucceededSecondsP99": {
        "value": 8.930212648075347
      }
    }
  },
  "VMResult": null
}
