{
  "JobDirCreationTime": "2026-03-02T06:20:58.541Z",
  "VMIResult": {
    "Values": {
      "CREATE-events-count": {
        "value": 103.11774193548388
      },
      "CREATE-pods-count": {
        "value": 102.09677419354838
      },
      "DELETE-jobs-count": {
        "value": 315.47903225806454
      },
      "GET-leases-count": {
        "value": 1182.0051459293395
      },
      "GET-mutatingwebhookconfigurations-count": {
        "value": 315.47903225806454
      },
      "LIST-nodes-count": {
        "value": 315.47903225806454
      },
      "LIST-virtualmachineclusterinstancetypes-count": {
        "value": 315.47903225806454
      },
      "LIST-virtualmachineclusterpreferences-count": {
        "value": 315.47903225806454
      },
      "PATCH-nodes-count": {
        "value": 91.88709677419355
      },
      "PATCH-pods-count": {
        "value": 102.09677419354838
      },
      "PATCH-services-count": {
        "value": 1261.9161290322581
      },
      "UPDATE-configmaps-count": {
        "value": 315.47903225806454
      },
      "UPDATE-leases-count": {
        "value": 1893.8951612903227
      },
      "UPDATE-virtualmachineinstances-count": {
        "value": 308.3322580645161
      },
      "WATCH-clusterrolebindings-count": {
        "value": 8.086712749615975
      },
      "WATCH-clusterroles-count": {
        "value": 7.08195084485407
      },
      "WATCH-configmaps-count": {
        "value": 64.98540706605222
      },
      "WATCH-controllerrevisions-count": {
        "value": 4.083870967741936
      },
      "WATCH-customresourcedefinitions-count": {
        "value": 45.71666666666667
      },
      "WATCH-daemonsets-count": {
        "value": 8.102918586789555
      },
      "WATCH-deployments-count": {
        "value": 8.102918586789555
      },
      "WATCH-ingresses-count": {
        "value": 4.083870967741936
      },
      "WATCH-jobs-count": {
        "value": 10.144854070660521
      },
      "WATCH-kubevirts-count": {
        "value": 37.6299539170507
      },
      "WATCH-leases-count": {
        "value": 9.10768049155146
      },
      "WATCH-migrationpolicies-count": {
        "value": 4.083870967741936
      },
      "WATCH-mutatingwebhookconfigurations-count": {
        "value": 8.102918586789555
      },
      "WATCH-namespaces-count": {
        "value": 20.289708141321043
      },
      "WATCH-nodes-count": {
        "value": 16.335483870967742
      },
      "WATCH-persistentvolumeclaims-count": {
        "value": 5.10483870967742
      },
      "WATCH-poddisruptionbudgets-count": {
        "value": 11.165821812596006
      },
      "WATCH-pods-count": {
        "value": 17.29162826420891
      },
      "WATCH-prometheusrules-count": {
        "value": 8.102918586789555
      },
      "WATCH-resourcequotas-count": {
        "value": 4.083870967741936
      },
      "WATCH-rolebindings-count": {
        "value": 8.102918586789555
      },
      "WATCH-roles-count": {
        "value": 8.102918586789555
      },
      "WATCH-routes-count": {
        "value": 13.191551459293395
      },
      "WATCH-secrets-count": {
        "value": 13.191551459293395
      },
      "WATCH-securitycontextconstraints-count": {
        "value": 8.102918586789555
      },
      "WATCH-serviceaccounts-count": {
        "value": 9.123886328725039
      },
      "WATCH-servicemonitors-count": {
        "value": 9.10768049155146
      },
      "WATCH-services-count": {
        "value": 13.207757296466974
      },
      "WATCH-storageclasses-count": {
        "value": 4.083870967741936
      },
      "WATCH-validatingwebhookconfigurations-count": {
        "value": 8.102918586789555
      },
      "WATCH-virtualmachinebackups-count": {
        "value": 11.182027649769585
      },
      "WATCH-virtualmachinebackuptrackers-count": {
        "value": 17.35645161290323
      },
      "WATCH-virtualmachineclones-count": {
        "value": 3.0629032258064517
      },
      "WATCH-virtualmachineclusterinstancetypes-count": {
        "value": 13.191551459293395
      },
      "WATCH-virtualmachineclusterpreferences-count": {
        "value": 12.18678955453149
      },
      "WATCH-virtualmachineexports-count": {
        "value": 4.083870967741936
      },
      "WATCH-virtualmachineinstancemigrations-count": {
        "value": 4.083870967741936
      },
      "WATCH-virtualmachineinstancepresets-count": {
        "value": 9.123886328725039
      },
      "WATCH-virtualmachineinstancereplicasets-count": {
        "value": 4.083870967741936
      },
      "WATCH-virtualmachineinstances-count": {
        "value": 41.85967741935484
      },
      "WATCH-virtualmachineinstancetypes-count": {
        "value": 4.083870967741936
      },
      "WATCH-virtualmachinepools-count": {
        "value": 5.10483870967742
      },
      "WATCH-virtualmachinepreferences-count": {
        "value": 3.0629032258064517
      },
      "WATCH-virtualmachinerestores-count": {
        "value": 12.18678955453149
      },
      "WATCH-virtualmachines-count": {
        "value": 3.0629032258064517
      },
      "WATCH-virtualmachinesnapshotcontents-count": {
        "value": 4.083870967741936
      },
      "WATCH-virtualmachinesnapshots-count": {
        "value": 4.083870967741936
      },
      "WATCH-volumesnapshotclasses-count": {
        "value": 5.10483870967742
      },
      "WATCH-volumesnapshots-count": {
        "value": 4.083870967741936
      },
      "avgVirtAPICPUUsage": {
        "value": 0.004050179656586021
      },
      "avgVirtAPIMemoryUsageInMB": {
        "value": 213.14693390376985
      },
      "avgVirtControllerCPUUsage": {
        "value": 0.008363161281720431
      },
      "avgVirtControllerMemoryUsageInMB": {
        "value": 418.1997147817461
      },
      "failed-phase-count": {
        "value": 18
      },
      "maxVirtAPIMemoryUsageInMB": {
        "value": 234.9677734375
      },
      "maxVirtControllerMemoryUsageInMB": {
        "value": 473.9453125
      },
      "minVirtAPIMemoryUsageInMB": {
        "value": 183.51953125
      },
      "minVirtControllerMemoryUsageInMB": {
        "value": 313.76171875
      },
      "virtControllerWorkqueueAddRate": {
        "value": 1.6575268817204303
      },
      "virtControllerWorkqueueDepth": {
        "value": 0
      },
      "virtControllerWorkqueueP99Latency": {
        "value": 0.07897954545454557
      },
      "vmiCreationToRunningSecondsP50": {
        "value": 0
      },
      "vmiCreationToRunningSecondsP95": {
        "value": 0
      },
      "vmiCreationToRunningSecondsP99": {
        "value": 0
      },
      "vmiDeletionToFailedSecondsP50": {
        "value": 0
      },
      "vmiDeletionToFailedSecondsP95": {
        "value": 0
      },
      "vmiDeletionToFailedSecondsP99": {
        "value": 0
      },
      "vmiDeletionToSucceededSecondsP50": {
        "value": 0
      },
      "vmiDeletionToSucceededSecondsP95": {
        "value": 0
      },
      "vmiDeletionToSucceededSecondsP99": {
        "value": 0
      }
    }
  },
  "VMResult": null
}
