{
  "JobDirCreationTime": "2026-02-04T08:24:19.735Z",
  "VMIResult": {
    "Values": {
      "CREATE-events-count": {
        "value": 158.44295851970358
      },
      "CREATE-pods-count": {
        "value": 112.20813197800365
      },
      "GET-leases-count": {
        "value": 103.14406666666666
      },
      "LIST-nodes-count": {
        "value": 26.095333333333333
      },
      "LIST-virtualmachineclusterinstancetypes-count": {
        "value": 26.095333333333333
      },
      "LIST-virtualmachineclusterpreferences-count": {
        "value": 26.095333333333333
      },
      "PATCH-nodes-count": {
        "value": 6.941576666666668
      },
      "PATCH-pods-count": {
        "value": 221.0800199966672
      },
      "PATCH-services-count": {
        "value": 104.38133333333333
      },
      "PATCH-validatingadmissionpolicies-count": {
        "value": 26.095333333333333
      },
      "PATCH-validatingadmissionpolicybindings-count": {
        "value": 26.095333333333333
      },
      "PATCH-virtualmachineinstances-count": {
        "value": 66.61279786702217,
        "thresholdResult": {
          "thresholdValue": 224.4162639560073,
          "thresholdMetric": "CREATE-pods-count",
          "thresholdRatio": 0.5936539241209398,
          "thresholdExceeded": false
        }
      },
      "UPDATE-configmaps-count": {
        "value": 26.095333333333333
      },
      "UPDATE-leases-count": {
        "value": 165.82999560043996
      },
      "UPDATE-virtualmachineinstances-count": {
        "value": 536.4338137440055,
        "thresholdResult": {
          "thresholdValue": 1122.0813197800364,
          "thresholdMetric": "CREATE-pods-count",
          "thresholdRatio": 4.780703539821548,
          "thresholdExceeded": false
        }
      },
      "avgVirtAPICPUUsage": {
        "value": 0.010104774664285715
      },
      "avgVirtAPIMemoryUsageInMB": {
        "value": 131.67447916666669
      },
      "avgVirtControllerCPUUsage": {
        "value": 0.024868733019444447
      },
      "avgVirtControllerMemoryUsageInMB": {
        "value": 58.83056640625
      },
      "avgVirtHandlerCPUUsage": {
        "value": 0.0009514023655346292
      },
      "avgVirtHandlerMemoryUsageInMB": {
        "value": 12.458405602496605
      },
      "maxVirtAPIMemoryUsageInMB": {
        "value": 168.36328125
      },
      "maxVirtControllerMemoryUsageInMB": {
        "value": 86.59375
      },
      "maxVirtHandlerCPUUsage": {
        "value": 0.0010485478129490485
      },
      "maxVirtHandlerMemoryUsageInMB": {
        "value": 33.0382080078125
      },
      "minVirtAPIMemoryUsageInMB": {
        "value": 0
      },
      "minVirtControllerMemoryUsageInMB": {
        "value": 36.20703125
      },
      "minVirtHandlerCPUUsage": {
        "value": 0.0008375373355072464
      },
      "minVirtHandlerMemoryUsageInMB": {
        "value": 3.768851902173913
      },
      "running-phase-count": {
        "value": 60
      },
      "scheduled-phase-count": {
        "value": 37
      },
      "scheduling-phase-count": {
        "value": 4
      },
      "virtControllerWorkqueueAddRate": {
        "value": 15.942329577861232
      },
      "virtControllerWorkqueueDepth": {
        "value": 0
      },
      "virtControllerWorkqueueP99Latency": {
        "value": 0.06728283541225058
      },
      "vmiCreationToRunningSecondsP50": {
        "value": 15.076204645473794,
        "thresholdResult": {
          "thresholdValue": 45,
          "thresholdExceeded": false
        }
      },
      "vmiCreationToRunningSecondsP95": {
        "value": 19.64478882640021,
        "thresholdResult": {
          "thresholdValue": 60,
          "thresholdExceeded": false
        }
      },
      "vmiCreationToRunningSecondsP99": {
        "value": 23.338720213297957
      },
      "vmiDeletionToFailedSecondsP50": {
        "value": 0
      },
      "vmiDeletionToFailedSecondsP95": {
        "value": 0
      },
      "vmiDeletionToFailedSecondsP99": {
        "value": 0
      },
      "vmiDeletionToSucceededSecondsP50": {
        "value": 0
      },
      "vmiDeletionToSucceededSecondsP95": {
        "value": 0
      },
      "vmiDeletionToSucceededSecondsP99": {
        "value": 0
      }
    }
  },
  "VMResult": {
    "Values": {
      "CREATE-events-count": {
        "value": 807.7678686063623
      },
      "CREATE-pods-count": {
        "value": 111.10781902758436
      },
      "GET-leases-count": {
        "value": 190
      },
      "LIST-nodes-count": {
        "value": 50
      },
      "LIST-virtualmachineclusterinstancetypes-count": {
        "value": 50
      },
      "LIST-virtualmachineclusterpreferences-count": {
        "value": 50
      },
      "PATCH-nodes-count": {
        "value": 18.88888888888889
      },
      "PATCH-pods-count": {
        "value": 213.32701253296196
      },
      "PATCH-services-count": {
        "value": 200
      },
      "PATCH-validatingadmissionpolicies-count": {
        "value": 50
      },
      "PATCH-validatingadmissionpolicybindings-count": {
        "value": 50
      },
      "PATCH-virtualmachineinstances-count": {
        "value": 181.1057450149625,
        "thresholdResult": {
          "thresholdValue": 222.2156380551687,
          "thresholdMetric": "CREATE-pods-count",
          "thresholdRatio": 1.6300000000000001,
          "thresholdExceeded": false
        }
      },
      "UPDATE-configmaps-count": {
        "value": 50
      },
      "UPDATE-leases-count": {
        "value": 298.88447749696303
      },
      "UPDATE-virtualmachineinstances-count": {
        "value": 897.7622062226962,
        "thresholdResult": {
          "thresholdValue": 1111.0781902758436,
          "thresholdMetric": "CREATE-pods-count",
          "thresholdRatio": 8.08009925925926,
          "thresholdExceeded": false
        }
      },
      "WATCH-cdiconfigs-count": {
        "value": 1.1110781902758435
      },
      "WATCH-cdis-count": {
        "value": 1.1110781902758435
      },
      "WATCH-clusterrolebindings-count": {
        "value": 2.2222222222222223
      },
      "WATCH-clusterroles-count": {
        "value": 2.2222222222222223
      },
      "WATCH-configmaps-count": {
        "value": 14.44437860277391
      },
      "WATCH-controllerrevisions-count": {
        "value": 1.1110781902758435
      },
      "WATCH-customresourcedefinitions-count": {
        "value": 7.77774485694251
      },
      "WATCH-daemonsets-count": {
        "value": 2.2222222222222223
      },
      "WATCH-datasources-count": {
        "value": 3.333300412498066
      },
      "WATCH-datavolumes-count": {
        "value": 1.1110781902758435
      },
      "WATCH-deployments-count": {
        "value": 2.2222222222222223
      },
      "WATCH-ingresses-count": {
        "value": 1.1110781902758435
      },
      "WATCH-jobs-count": {
        "value": 2.2222222222222223
      },
      "WATCH-kubevirts-count": {
        "value": 7.77774485694251
      },
      "WATCH-leases-count": {
        "value": 2.2222222222222223
      },
      "WATCH-mutatingwebhookconfigurations-count": {
        "value": 2.2222222222222223
      },
      "WATCH-namespaces-count": {
        "value": 4.444411523609177
      },
      "WATCH-nodes-count": {
        "value": 4.444411523609177
      },
      "WATCH-persistentvolumeclaims-count": {
        "value": 1.1110781902758435
      },
      "WATCH-poddisruptionbudgets-count": {
        "value": 3.333300412498066
      },
      "WATCH-pods-count": {
        "value": 3.3332674916627982
      },
      "WATCH-prometheusrules-count": {
        "value": 1.1111111111111112
      },
      "WATCH-resourcequotas-count": {
        "value": 1.1110781902758435
      },
      "WATCH-rolebindings-count": {
        "value": 1.1111111111111112
      },
      "WATCH-roles-count": {
        "value": 2.2222222222222223
      },
      "WATCH-secrets-count": {
        "value": 3.333300412498066
      },