{
  "JobDirCreationTime": "2024-08-16T16:19:17.29Z",
  "VMIResult": {
    "Values": {
      "CREATE-events-count": {
        "value": 229.75190444444448
      },
      "CREATE-pods-count": {
        "value": 131.3988888888889
      },
      "GET-leases-count": {
        "value": 125.76945999999998
      },
      "GET-nodes-count": {
        "value": 22.83464
      },
      "LIST-clusterrolebindings-count": {
        "value": 1.1511866666666666
      },
      "LIST-mutatingwebhookconfigurations-count": {
        "value": 1.1511866666666666
      },
      "LIST-nodes-count": {
        "value": 4.604746666666666
      },
      "LIST-pods-count": {
        "value": 1.1511866666666666
      },
      "LIST-prometheusrules-count": {
        "value": 1.1511866666666666
      },
      "LIST-virtualmachineclusterinstancetypes-count": {
        "value": 4.604746666666666
      },
      "LIST-virtualmachineclusterpreferences-count": {
        "value": 4.604746666666666
      },
      "PATCH-nodes-count": {
        "value": 6.78728
      },
      "PATCH-pods-count": {
        "value": 205.4222666666667
      },
      "PATCH-services-count": {
        "value": 18.418986666666665
      },
      "PATCH-virtualmachineinstances-count": {
        "value": 46.63961111111111,
        "thresholdResult": {
          "thresholdValue": 262.7977777777778,
          "thresholdMetric": "CREATE-pods-count",
          "thresholdRatio": 0.35494676937907466,
          "thresholdExceeded": true
        }
      },
      "UPDATE-kubevirts-count": {
        "value": 1.1511866666666666
      },
      "UPDATE-leases-count": {
        "value": 180.08492
      },
      "UPDATE-virtualmachineinstances-count": {
        "value": 781.910638888889,
        "thresholdResult": {
          "thresholdValue": 1313.988888888889,
          "thresholdMetric": "CREATE-pods-count",
          "thresholdRatio": 5.95066400865896,
          "thresholdExceeded": false
        }
      },
      "avgVirtAPICPUUsage": {
        "value": 0.024913155614778863
      },
      "avgVirtAPIMemoryUsageInMB": {
        "value": 126.21701388888889
      },
      "avgVirtControllerCPUUsage": {
        "value": 0.012626714109831284
      },
      "avgVirtControllerMemoryUsageInMB": {
        "value": 71.78662109375
      },
      "maxVirtAPIMemoryUsageInMB": {
        "value": 167.12109375
      },
      "maxVirtControllerMemoryUsageInMB": {
        "value": 94.14453125
      },
      "minVirtAPIMemoryUsageInMB": {
        "value": 0.07421875
      },
      "minVirtControllerMemoryUsageInMB": {
        "value": 49.828125
      },
      "running-phase-count": {
        "value": 37
      },
      "scheduled-phase-count": {
        "value": 20
      },
      "scheduling-phase-count": {
        "value": 44
      },
      "vmiCreationToRunningSecondsP50": {
        "value": 15,
        "thresholdResult": {
          "thresholdValue": 45,
          "thresholdExceeded": false
        }
      },
      "vmiCreationToRunningSecondsP95": {
        "value": 19.5,
        "thresholdResult": {
          "thresholdValue": 60,
          "thresholdExceeded": false
        }
      },
      "vmiCreationToRunningSecondsP99": {
        "value": 19.9
      },
      "vmiDeletionToFailedSecondsP50": {
        "value": 0
      },
      "vmiDeletionToFailedSecondsP95": {
        "value": 0
      },
      "vmiDeletionToFailedSecondsP99": {
        "value": 0
      },
      "vmiDeletionToSucceededSecondsP50": {
        "value": 0
      },
      "vmiDeletionToSucceededSecondsP95": {
        "value": 0
      },
      "vmiDeletionToSucceededSecondsP99": {
        "value": 0
      }
    }
  },
  "VMResult": {
    "Values": {
      "CREATE-events-count": {
        "value": 871.1111111111111
      },
      "CREATE-pods-count": {
        "value": 110
      },
      "GET-leases-count": {
        "value": 185.55555555555557
      },
      "GET-nodes-count": {
        "value": 27.777777777777782
      },
      "LIST-cdiconfigs-count": {
        "value": 1.1111111111111112
      },
      "LIST-cdis-count": {
        "value": 1.1111111111111112
      },
      "LIST-clusterrolebindings-count": {
        "value": 1.1111111111111112
      },
      "LIST-clusterroles-count": {
        "value": 2.2222222222222223
      },
      "LIST-configmaps-count": {
        "value": 14.444444444444443
      },
      "LIST-controllerrevisions-count": {
        "value": 1.1111111111111112
      },
      "LIST-customresourcedefinitions-count": {
        "value": 11.111111111111109
      },
      "LIST-daemonsets-count": {
        "value": 1.1111111111111112
      },
      "LIST-datasources-count": {
        "value": 3.3333333333333335
      },
      "LIST-datavolumes-count": {
        "value": 1.1111111111111112
      },
      "LIST-deployments-count": {
        "value": 1.1111111111111112
      },
      "LIST-ingresses-count": {
        "value": 1.1111111111111112
      },
      "LIST-jobs-count": {
        "value": 1.1111111111111112
      },
      "LIST-kubevirts-count": {
        "value": 9.999999999999998
      },
      "LIST-migrationpolicies-count": {
        "value": 1.1111111111111112
      },
      "LIST-mutatingwebhookconfigurations-count": {
        "value": 1.1111111111111112
      },
      "LIST-namespaces-count": {
        "value": 3.3333333333333335
      },
      "LIST-nodes-count": {
        "value": 1.1111111111111112
      },
      "LIST-persistentvolumeclaims-count": {
        "value": 1.1111111111111112
      },
      "LIST-poddisruptionbudgets-count": {
        "value": 1.1111111111111112
      },
      "LIST-pods-count": {
        "value": 3.3333333333333335
      },
      "LIST-resourcequotas-count": {
        "value": 1.1111111111111112
      },
      "LIST-rolebindings-count": {
        "value": 2.2222222222222223
      },
      "LIST-roles-count": {
        "value": 1.1111111111111112
      },
      "LIST-secrets-count": {
        "value": 2.2222222222222223
      },
      "LIST-serviceaccounts-count": {
        "value": 2.2222222222222223
      },
      "LIST-servicemonitors-count": {
        "value": 1.1111111111111112
      },
      "LIST-services-count": {
        "value": 1.1111111111111112
      },
      "LIST-storageclasses-count": {
        "value": 1.1111111111111112
      },
      "LIST-storageprofiles-count": {
        "value": 1.1111111111111112
      },
      "LIST-validatingwebhookconfigurations-count": {
        "value": 2.2222222222222223
      },
      "LIST-virtualmachineclones-count": {
        "value": 1.1111111111111112
      },
      "LIST-virtualmachineclusterinstancetypes-count": {
        "value": 3.3333333333333335
      },
      "LIST-virtualmachineclusterpreferences-count": {
        "value": 3.3333333333333335
      },
      "LIST-virtualmachineinstancemigrations-count": {
        "value": 1.1111111111111112
      },
      "LIST-virtualmachineinstancepresets-count": {
        "value": 2.2222222222222223
      },
      "LIST-virtualmachineinstancereplicasets-count": {
        "value": 1.1111111111111112
      },
      "LIST-virtualmachineinstances-count": {
        "value": 7.777777777777778
      },
      "LIST-virtualmachinepools-count": {
        "value": 1.1111111111111112
      },
      "LIST-virtualmachinepreferences-count": {
        "value": 1.1111111111111112
      },
      "LIST-virtualmachinerestores-count": {
        "value": 2.2222222222222223
      },
      "LIST-virtualmachines-count": {
        "value": 1.1111111111111112
      },
      "LIST-virtualmachinesnapshotcontents-count": {
        "value": 1.1111111111111112
      },
      "LIST-virtualmachinesnapshots-count": {
        "value": 1.1111111111111112
      },
      "PATCH-nodes-count": {
        "value": 12.222222222222223
      },
      "PATCH-pods-count": {
        "value": 261.11111111111114
      },
      "PATCH-virtualmachineinstances-count": {
        "value": 134.44444444444446,
        "thresholdResult": {
          "thresholdValue": 220,