{
  "JobDirCreationTime": "2025-10-22T08:25:47.796Z",
  "VMIResult": {
    "Values": {
      "CREATE-events-count": {
        "value": 219.74306337994273
      },
      "CREATE-pods-count": {
        "value": 110.25166666666667
      },
      "GET-leases-count": {
        "value": 122.15542948247304
      },
      "GET-nodes-count": {
        "value": 13.999059068524064
      },
      "LIST-nodes-count": {
        "value": 31.227166666666665
      },
      "LIST-virtualmachineclusterinstancetypes-count": {
        "value": 31.227166666666665
      },
      "LIST-virtualmachineclusterpreferences-count": {
        "value": 31.227166666666665
      },
      "PATCH-nodes-count": {
        "value": 5.964994767131016
      },
      "PATCH-pods-count": {
        "value": 221.59584999999998
      },
      "PATCH-services-count": {
        "value": 124.90866666666666
      },
      "PATCH-validatingadmissionpolicies-count": {
        "value": 31.227166666666665
      },
      "PATCH-validatingadmissionpolicybindings-count": {
        "value": 31.227166666666665
      },
      "PATCH-virtualmachineinstances-count": {
        "value": 111.08884444444445,
        "thresholdResult": {
          "thresholdValue": 220.50333333333333,
          "thresholdMetric": "CREATE-pods-count",
          "thresholdRatio": 1.0075933344419081,
          "thresholdExceeded": false
        }
      },
      "UPDATE-configmaps-count": {
        "value": 31.227166666666665
      },
      "UPDATE-leases-count": {
        "value": 195.48341333333332
      },
      "UPDATE-virtualmachineinstances-count": {
        "value": 612.5816492203379,
        "thresholdResult": {
          "thresholdValue": 1102.5166666666667,
          "thresholdMetric": "CREATE-pods-count",
          "thresholdRatio": 5.556212143916233,
          "thresholdExceeded": false
        }
      },
      "WATCH-configmaps-count": {
        "value": 1.0942444444444444
      },
      "WATCH-customresourcedefinitions-count": {
        "value": 1.0942444444444444
      },
      "WATCH-jobs-count": {
        "value": 1.0942444444444444
      },
      "WATCH-poddisruptionbudgets-count": {
        "value": 1.0942444444444444
      },
      "avgVirtAPICPUUsage": {
        "value": 0.019982579690789377
      },
      "avgVirtAPIMemoryUsageInMB": {
        "value": 129.93828125
      },
      "avgVirtControllerCPUUsage": {
        "value": 0.027718914716428962
      },
      "avgVirtControllerMemoryUsageInMB": {
        "value": 62.348958333333336
      },
      "avgVirtHandlerCPUUsage": {
        "value": 0.0010772363987955724
      },
      "avgVirtHandlerMemoryUsageInMB": {
        "value": 13.108319063026094
      },
      "maxVirtAPIMemoryUsageInMB": {
        "value": 162.205078125
      },
      "maxVirtControllerMemoryUsageInMB": {
        "value": 88.4921875
      },
      "maxVirtHandlerCPUUsage": {
        "value": 0.0012160854930248748
      },
      "maxVirtHandlerMemoryUsageInMB": {
        "value": 30.19328125
      },
      "minVirtAPIMemoryUsageInMB": {
        "value": 0
      },
      "minVirtControllerMemoryUsageInMB": {
        "value": 45.76171875
      },
      "minVirtHandlerCPUUsage": {
        "value": 0.0009458881935952076
      },
      "minVirtHandlerMemoryUsageInMB": {
        "value": 4.769623316498317
      },
      "running-phase-count": {
        "value": 101
      },
      "vmiCreationToRunningSecondsP50": {
        "value": 24.55000658731035,
        "thresholdResult": {
          "thresholdValue": 45,
          "thresholdExceeded": false
        }
      },
      "vmiCreationToRunningSecondsP95": {
        "value": 29.556249176586206,
        "thresholdResult": {
          "thresholdValue": 60,
          "thresholdExceeded": false
        }
      },
      "vmiCreationToRunningSecondsP99": {
        "value": 30.110980989495832
      },
      "vmiDeletionToFailedSecondsP50": {
        "value": 0
      },
      "vmiDeletionToFailedSecondsP95": {
        "value": 0
      },
      "vmiDeletionToFailedSecondsP99": {
        "value": 0
      },
      "vmiDeletionToSucceededSecondsP50": {
        "value": 0
      },
      "vmiDeletionToSucceededSecondsP95": {
        "value": 0
      },
      "vmiDeletionToSucceededSecondsP99": {
        "value": 0
      }
    }
  },
  "VMResult": null
}
