{
  "JobDirCreationTime": "2024-04-22T05:00:48.775Z",
  "VMIResult": {
    "Values": {
      "CREATE-events-count": {
        "value": 514.5430444444444
      },
      "GET-endpoints-count": {
        "value": 485.55555555555554
      },
      "GET-leases-count": {
        "value": 783.3333333333334
      },
      "GET-nodes-count": {
        "value": 18.88888888888889
      },
      "LIST-clusterroles-count": {
        "value": 1.1111111111111112
      },
      "LIST-configmaps-count": {
        "value": 3.3333333333333335
      },
      "LIST-customresourcedefinitions-count": {
        "value": 3.3333333333333335
      },
      "LIST-daemonsets-count": {
        "value": 1.1111111111111112
      },
      "LIST-deployments-count": {
        "value": 1.1111111111111112
      },
      "LIST-kubevirts-count": {
        "value": 3.3333333333333335
      },
      "LIST-pods-count": {
        "value": 1.1111111111111112
      },
      "LIST-rolebindings-count": {
        "value": 2.2222222222222223
      },
      "LIST-roles-count": {
        "value": 2.2222222222222223
      },
      "LIST-securitycontextconstraints-count": {
        "value": 1.1111111111111112
      },
      "LIST-serviceaccounts-count": {
        "value": 1.1111111111111112
      },
      "LIST-services-count": {
        "value": 1.1111111111111112
      },
      "LIST-validatingwebhookconfigurations-count": {
        "value": 1.1111111111111112
      },
      "PATCH-events-count": {
        "value": 57.56086666666666
      },
      "PATCH-nodes-count": {
        "value": 7.777777777777779
      },
      "UPDATE-endpoints-count": {
        "value": 297.77777777777777
      },
      "UPDATE-leases-count": {
        "value": 297.77777777777777
      },
      "UPDATE-virtualmachineinstances-count": {
        "value": 373.2855666666666
      },
      "vmiCreationToRunningSecondsP50": {
        "value": 42.80831746339579
      },
      "vmiCreationToRunningSecondsP95": {
        "value": 49.689922655430486
      },
      "vmiCreationToRunningSecondsP99": {
        "value": 56.63565968389413
      },
      "vmiDeletionToFailedSecondsP50": {
        "value": 0
      },
      "vmiDeletionToFailedSecondsP95": {
        "value": 0
      },
      "vmiDeletionToFailedSecondsP99": {
        "value": 0
      },
      "vmiDeletionToSucceededSecondsP50": {
        "value": 0.8403489525841219
      },
      "vmiDeletionToSucceededSecondsP95": {
        "value": 10.806979051682417
      },
      "vmiDeletionToSucceededSecondsP99": {
        "value": 18.16139581033648
      }
    }
  },
  "VMResult": null
}
