{
  "JobDirCreationTime": "2026-03-19T00:16:19.884Z",
  "VMIResult": {
    "Values": {
      "CREATE-deployments-count": {
        "value": 1.1440428571428571
      },
      "CREATE-events-count": {
        "value": 132.34126895662848
      },
      "CREATE-poddisruptionbudgets-count": {
        "value": 1.1440428571428571
      },
      "CREATE-pods-count": {
        "value": 114.16217094572636
      },
      "GET-leases-count": {
        "value": 134.09827629101946
      },
      "GET-mutatingwebhookconfigurations-count": {
        "value": 41.185542857142856
      },
      "LIST-nodes-count": {
        "value": 41.185542857142856
      },
      "LIST-virtualmachineclusterinstancetypes-count": {
        "value": 31.033199999999997
      },
      "LIST-virtualmachineclusterpreferences-count": {
        "value": 31.033199999999997
      },
      "PATCH-nodes-count": {
        "value": 16.033875630294727
      },
      "PATCH-pods-count": {
        "value": 228.45596360090997
      },
      "PATCH-services-count": {
        "value": 164.74217142857142
      },
      "PATCH-validatingadmissionpolicies-count": {
        "value": 41.185542857142856
      },
      "PATCH-validatingadmissionpolicybindings-count": {
        "value": 41.185542857142856
      },
      "PATCH-virtualmachineinstances-count": {
        "value": 85.63557881403953,
        "thresholdResult": {
          "thresholdValue": 228.32434189145272,
          "thresholdMetric": "CREATE-pods-count",
          "thresholdRatio": 0.7501221998901142,
          "thresholdExceeded": false
        }
      },
      "UPDATE-configmaps-count": {
        "value": 41.185542857142856
      },
      "UPDATE-kubevirts-count": {
        "value": 2.2880857142857143
      },
      "UPDATE-leases-count": {
        "value": 225.5218683771937
      },
      "UPDATE-virtualmachineinstances-count": {
        "value": 490.112838825696,
        "thresholdResult": {
          "thresholdValue": 1141.6217094572635,
          "thresholdMetric": "CREATE-pods-count",
          "thresholdRatio": 4.29312822947892,
          "thresholdExceeded": false
        }
      },
      "avgVirtAPICPUUsage": {
        "value": 0.012876634279380954
      },
      "avgVirtAPIMemoryUsageInMB": {
        "value": 129.33051215277777
      },
      "avgVirtControllerCPUUsage": {
        "value": 0.029006770294999998
      },
      "avgVirtControllerMemoryUsageInMB": {
        "value": 58.685546875
      },
      "avgVirtHandlerCPUUsage": {
        "value": 0.0010816186241948017
      },
      "avgVirtHandlerMemoryUsageInMB": {
        "value": 13.392451754878511
      },
      "maxVirtAPIMemoryUsageInMB": {
        "value": 168.81640625
      },
      "maxVirtControllerMemoryUsageInMB": {
        "value": 89.3046875
      },
      "maxVirtHandlerCPUUsage": {
        "value": 0.001219043088439394
      },
      "maxVirtHandlerMemoryUsageInMB": {
        "value": 35.51243239182692
      },
      "minVirtAPIMemoryUsageInMB": {
        "value": 0
      },
      "minVirtControllerMemoryUsageInMB": {
        "value": 0
      },
      "minVirtHandlerCPUUsage": {
        "value": 0.0010001668699615384
      },
      "minVirtHandlerMemoryUsageInMB": {
        "value": 5.610532407407407
      },
      "none-none-count": {
        "value": 2.250157988500125
      },
      "running-phase-count": {
        "value": 101
      },
      "virtControllerWorkqueueAddRate": {
        "value": 16.246242142857145
      },
      "virtControllerWorkqueueDepth": {
        "value": 0.0033556666666666665
      },
      "virtControllerWorkqueueP99Latency": {
        "value": 0.07053789908219393
      },
      "vmiCreationToRunningSecondsP50": {
        "value": 16.640817529266712,
        "thresholdResult": {
          "thresholdValue": 45,
          "thresholdExceeded": false
        }
      },
      "vmiCreationToRunningSecondsP95": {
        "value": 27.976369276041765,
        "thresholdResult": {
          "thresholdValue": 60,
          "thresholdExceeded": false
        }
      },
      "vmiCreationToRunningSecondsP99": {
        "value": 29.595273855208355
      },
      "vmiDeletionToFailedSecondsP50": {
        "value": 0
      },
      "vmiDeletionToFailedSecondsP95": {
        "value": 0
      },
      "vmiDeletionToFailedSecondsP99": {
        "value": 0
      },
      "vmiDeletionToSucceededSecondsP50": {
        "value": 0
      },
      "vmiDeletionToSucceededSecondsP95": {
        "value": 0
      },
      "vmiDeletionToSucceededSecondsP99": {
        "value": 0
      }
    }
  },
  "VMResult": {
    "Values": {
      "CREATE-controllerrevisions-count": {
        "value": 148.8665
      },
      "CREATE-events-count": {
        "value": 723.3333333333334
      },
      "CREATE-pods-count": {
        "value": 111.11111111111111
      },
      "CREATE-virtualmachineinstances-count": {
        "value": 148.8665
      },
      "DELETE-pods-count": {
        "value": 104.5891
      },
      "GET-leases-count": {
        "value": 185.55209889345662
      },
      "GET-mutatingwebhookconfigurations-count": {
        "value": 50
      },
      "LIST-configmaps-count": {
        "value": 1.1111111111111112
      },
      "LIST-nodes-count": {
        "value": 50
      },
      "LIST-virtualmachineclusterinstancetypes-count": {
        "value": 50
      },
      "LIST-virtualmachineclusterpreferences-count": {
        "value": 50
      },
      "PATCH-nodes-count": {
        "value": 22.22222222222222
      },
      "PATCH-pods-count": {
        "value": 222.22222222222223
      },
      "PATCH-services-count": {
        "value": 200
      },
      "PATCH-validatingadmissionpolicies-count": {
        "value": 50
      },
      "PATCH-validatingadmissionpolicybindings-count": {
        "value": 50
      },
      "PATCH-virtualmachineinstances-count": {
        "value": 174.44444444444446,
        "thresholdResult": {
          "thresholdValue": 222.22222222222223,
          "thresholdMetric": "CREATE-pods-count",
          "thresholdRatio": 1.57,
          "thresholdExceeded": false
        }
      },
      "PATCH-virtualmachines-count": {
        "value": 148.8665
      },
      "UPDATE-configmaps-count": {
        "value": 50
      },
      "UPDATE-leases-count": {
        "value": 298.8888888888889
      },
      "UPDATE-virtualmachineinstances-count": {
        "value": 717.7777777777778,
        "thresholdResult": {
          "thresholdValue": 1111.111111111111,
          "thresholdMetric": "CREATE-pods-count",
          "thresholdRatio": 6.46,
          "thresholdExceeded": false
        }
      },
      "UPDATE-virtualmachines-count": {
        "value": 1354.5961
      },
      "WATCH-cdiconfigs-count": {
        "value": 1.1111111111111112
      },
      "WATCH-clusterrolebindings-count": {
        "value": 2.2222222222222223
      },
      "WATCH-clusterroles-count": {
        "value": 1.1111111111111112
      },
      "WATCH-configmaps-count": {
        "value": 13.333333333333334
      },
      "WATCH-customresourcedefinitions-count": {
        "value": 12.22222222222222
      },
      "WATCH-daemonsets-count": {
        "value": 2.2222222222222223
      },
      "WATCH-datasources-count": {
        "value": 1.1111111111111112
      },
      "WATCH-datavolumes-count": {
        "value": 1.1111111111111112
      },
      "WATCH-deployments-count": {
        "value": 2.2222222222222223
      },
      "WATCH-ingresses-count": {
        "value": 1.1111111111111112
      },
      "WATCH-jobs-count": {
        "value": 1.1111111111111112
      },
      "WATCH-kubevirts-count": {
        "value": 6.666625515927393
      },
      "WATCH-mutatingwebhookconfigurations-count": {
        "value": 1.1111111111111112
      },
      "WATCH-namespaces-count": {
        "value": 2.2222222222222223
      },
      "WATCH-nodes-count": {
        "value": 4.444444444444445
      },