{
  "JobDirCreationTime": "2025-02-19T05:06:10.419Z",
  "VMIResult": {
    "Values": {
      "CREATE-events-count": {
        "value": 724.4673611111111
      },
      "CREATE-pods-count": {
        "value": 118.27799999999999
      },
      "DELETE-pods-count": {
        "value": 122.59750000000003
      },
      "GET-leases-count": {
        "value": 183.33333333333331
      },
      "GET-nodes-count": {
        "value": 21.111111111111114
      },
      "LIST-nodes-count": {
        "value": 1.1111111111111112
      },
      "LIST-virtualmachineclusterinstancetypes-count": {
        "value": 1.1111111111111112
      },
      "LIST-virtualmachineclusterpreferences-count": {
        "value": 1.1111111111111112
      },
      "PATCH-events-count": {
        "value": 47.63406666666666
      },
      "PATCH-nodes-count": {
        "value": 8.88888888888889
      },
      "PATCH-pods-count": {
        "value": 356.17956
      },
      "PATCH-services-count": {
        "value": 4.444444444444445
      },
      "PATCH-virtualmachineinstances-count": {
        "value": 245.19500000000005
      },
      "UPDATE-leases-count": {
        "value": 298.8888888888889
      },
      "UPDATE-virtualmachineinstances-count": {
        "value": 1012.6392600000001
      },
      "WATCH-clusterrolebindings-count": {
        "value": 2.2222222222222223
      },
      "WATCH-clusterroles-count": {
        "value": 2.2222222222222223
      },
      "WATCH-configmaps-count": {
        "value": 13.333333333333334
      },
      "WATCH-controllerrevisions-count": {
        "value": 1.1111111111111112
      },
      "WATCH-customresourcedefinitions-count": {
        "value": 5.555555555555555
      },
      "WATCH-daemonsets-count": {
        "value": 1.1111111111111112
      },
      "WATCH-deployments-count": {
        "value": 2.2222222222222223
      },
      "WATCH-ingresses-count": {
        "value": 1.1111111111111112
      },
      "WATCH-jobs-count": {
        "value": 2.2222222222222223
      },
      "WATCH-kubevirts-count": {
        "value": 4.444444444444445
      },
      "WATCH-mutatingwebhookconfigurations-count": {
        "value": 1.1111111111111112
      },
      "WATCH-namespaces-count": {
        "value": 3.3333333333333335
      },
      "WATCH-poddisruptionbudgets-count": {
        "value": 2.2222222222222223
      },
      "WATCH-pods-count": {
        "value": 1.1111111111111112
      },
      "WATCH-prometheusrules-count": {
        "value": 2.2222222222222223
      },
      "WATCH-resourcequotas-count": {
        "value": 1.1111111111111112
      },
      "WATCH-rolebindings-count": {
        "value": 2.2222222222222223
      },
      "WATCH-roles-count": {
        "value": 2.2222222222222223
      },
      "WATCH-secrets-count": {
        "value": 2.2222222222222223
      },
      "WATCH-securitycontextconstraints-count": {
        "value": 2.2222222222222223
      },
      "WATCH-serviceaccounts-count": {
        "value": 1.1111111111111112
      },
      "WATCH-servicemonitors-count": {
        "value": 2.2222222222222223
      },
      "WATCH-storageclasses-count": {
        "value": 1.1111111111111112
      },
      "WATCH-validatingwebhookconfigurations-count": {
        "value": 2.2222222222222223
      },
      "WATCH-virtualmachineclones-count": {
        "value": 1.1111111111111112
      },
      "WATCH-virtualmachineclusterpreferences-count": {
        "value": 2.2222222222222223
      },
      "WATCH-virtualmachineexports-count": {
        "value": 1.1111111111111112
      },
      "WATCH-virtualmachineinstancemigrations-count": {
        "value": 1.1111111111111112
      },
      "WATCH-virtualmachineinstancepresets-count": {
        "value": 2.2222222222222223
      },
      "WATCH-virtualmachineinstances-count": {
        "value": 4.444444444444445
      },
      "WATCH-virtualmachinerestores-count": {
        "value": 3.3333333333333335
      },
      "WATCH-virtualmachines-count": {
        "value": 1.1111111111111112
      },
      "WATCH-virtualmachinesnapshots-count": {
        "value": 1.1111111111111112
      },
      "WATCH-volumesnapshotclasses-count": {
        "value": 1.1111111111111112
      },
      "avgVirtAPICPUUsage": {
        "value": 0.02418348889074074
      },
      "avgVirtAPIMemoryUsageInMB": {
        "value": 165.729296875
      },
      "avgVirtControllerCPUUsage": {
        "value": 0.03593838321111111
      },
      "avgVirtControllerMemoryUsageInMB": {
        "value": 98.053515625
      },
      "avgVirtHandlerMemoryUsageInMB": {
        "value": 27.421259904194475
      },
      "maxVirtAPIMemoryUsageInMB": {
        "value": 182.09375
      },
      "maxVirtControllerMemoryUsageInMB": {
        "value": 122.51171875
      },
      "maxVirtHandlerMemoryUsageInMB": {
        "value": 48.30667782738095
      },
      "minVirtAPIMemoryUsageInMB": {
        "value": 150.0166015625
      },
      "minVirtControllerMemoryUsageInMB": {
        "value": 77.3359375
      },
      "minVirtHandlerMemoryUsageInMB": {
        "value": 15.334142203282829
      },
      "vmiCreationToRunningSecondsP50": {
        "value": 46.431467889279524
      },
      "vmiCreationToRunningSecondsP95": {
        "value": 58.26168301157507
      },
      "vmiCreationToRunningSecondsP99": {
        "value": 59.65233660231502
      },
      "vmiDeletionToFailedSecondsP50": {
        "value": 0
      },
      "vmiDeletionToFailedSecondsP95": {
        "value": 0
      },
      "vmiDeletionToFailedSecondsP99": {
        "value": 0
      },
      "vmiDeletionToSucceededSecondsP50": {
        "value": 0.757834241816963
      },
      "vmiDeletionToSucceededSecondsP95": {
        "value": 1.8441258190811038
      },
      "vmiDeletionToSucceededSecondsP99": {
        "value": 8.636293577855913
      }
    }
  },
  "VMResult": null
}
