{
  "JobDirCreationTime": "2025-02-13T16:20:28.045Z",
  "VMIResult": {
    "Values": {
      "CREATE-events-count": {
        "value": 116.13088888888888
      },
      "CREATE-pods-count": {
        "value": 81.11943333333335
      },
      "CREATE-virtualmachineclusterpreferences-count": {
        "value": 27.77777777777778
      },
      "GET-leases-count": {
        "value": 184.44444444444446
      },
      "GET-nodes-count": {
        "value": 34.44444444444444
      },
      "LIST-nodes-count": {
        "value": 4.444444444444445
      },
      "LIST-virtualmachineclusterinstancetypes-count": {
        "value": 4.444444444444445
      },
      "LIST-virtualmachineclusterpreferences-count": {
        "value": 4.444444444444445
      },
      "PATCH-nodes-count": {
        "value": 14.444444444444446
      },
      "PATCH-pods-count": {
        "value": 218.7165
      },
      "PATCH-services-count": {
        "value": 17.77777777777778
      },
      "PATCH-validatingadmissionpolicies-count": {
        "value": 4.444444444444445
      },
      "PATCH-validatingadmissionpolicybindings-count": {
        "value": 4.444444444444445
      },
      "UPDATE-kubevirts-count": {
        "value": 1.1111111111111112
      },
      "UPDATE-leases-count": {
        "value": 300
      },
      "UPDATE-virtualmachineinstances-count": {
        "value": 378.7802,
        "thresholdResult": {
          "thresholdValue": 811.1943333333335,
          "thresholdMetric": "CREATE-pods-count",
          "thresholdRatio": 4.669413782065373,
          "thresholdExceeded": false
        }
      },
      "WATCH-clusterroles-count": {
        "value": 1.1111111111111112
      },
      "WATCH-configmaps-count": {
        "value": 4.444444444444445
      },
      "WATCH-customresourcedefinitions-count": {
        "value": 1.1111111111111112
      },
      "WATCH-daemonsets-count": {
        "value": 1.1111111111111112
      },
      "WATCH-datasources-count": {
        "value": 2.2222222222222223
      },
      "WATCH-deployments-count": {
        "value": 1.1111111111111112
      },
      "WATCH-kubevirts-count": {
        "value": 1.1111111111111112
      },
      "WATCH-namespaces-count": {
        "value": 1.1111111111111112
      },
      "WATCH-poddisruptionbudgets-count": {
        "value": 1.1111111111111112
      },
      "WATCH-pods-count": {
        "value": 1.1111111111111112
      },
      "WATCH-resourcequotas-count": {
        "value": 1.1111111111111112
      },
      "WATCH-rolebindings-count": {
        "value": 1.1111111111111112
      },
      "WATCH-roles-count": {
        "value": 1.1111111111111112
      },
      "WATCH-serviceaccounts-count": {
        "value": 1.1111111111111112
      },
      "WATCH-servicemonitors-count": {
        "value": 1.1111111111111112
      },
      "WATCH-services-count": {
        "value": 1.1111111111111112
      },
      "WATCH-validatingwebhookconfigurations-count": {
        "value": 1.1111111111111112
      },
      "WATCH-virtualmachineclusterpreferences-count": {
        "value": 1.1111111111111112
      },
      "avgVirtAPICPUUsage": {
        "value": 0.00853429074074074
      },
      "avgVirtAPIMemoryUsageInMB": {
        "value": 134.7587890625
      },
      "avgVirtControllerCPUUsage": {
        "value": 0.01983888888888889
      },
      "avgVirtControllerMemoryUsageInMB": {
        "value": 66.8765625
      },
      "avgVirtHandlerCPUUsage": {
        "value": 0.0007158584324036879
      },
      "avgVirtHandlerMemoryUsageInMB": {
        "value": 17.35696490575397
      },
      "maxVirtAPIMemoryUsageInMB": {
        "value": 159.931640625
      },
      "maxVirtControllerMemoryUsageInMB": {
        "value": 90.26171875
      },
      "maxVirtHandlerCPUUsage": {
        "value": 0.0007436647639547325
      },
      "maxVirtHandlerMemoryUsageInMB": {
        "value": 43.76489633413461
      },
      "minVirtAPIMemoryUsageInMB": {
        "value": 118.48046875
      },
      "minVirtControllerMemoryUsageInMB": {
        "value": 58.36328125
      },
      "minVirtHandlerCPUUsage": {
        "value": 0.0006892680000000002
      },
      "minVirtHandlerMemoryUsageInMB": {
        "value": 5.229341947115385
      },
      "running-phase-count": {
        "value": 101
      },
      "vmiCreationToRunningSecondsP50": {
        "value": 0,
        "thresholdResult": {
          "thresholdValue": 45,
          "thresholdExceeded": false
        }
      },
      "vmiCreationToRunningSecondsP95": {
        "value": 0,
        "thresholdResult": {
          "thresholdValue": 60,
          "thresholdExceeded": false
        }
      },
      "vmiCreationToRunningSecondsP99": {
        "value": 0
      },
      "vmiDeletionToFailedSecondsP50": {
        "value": 0
      },
      "vmiDeletionToFailedSecondsP95": {
        "value": 0
      },
      "vmiDeletionToFailedSecondsP99": {
        "value": 0
      },
      "vmiDeletionToSucceededSecondsP50": {
        "value": 0
      },
      "vmiDeletionToSucceededSecondsP95": {
        "value": 0
      },
      "vmiDeletionToSucceededSecondsP99": {
        "value": 0
      }
    }
  },
  "VMResult": {
    "Values": {
      "CREATE-events-count": {
        "value": 728.8874444604937
      },
      "CREATE-pods-count": {
        "value": 71.11111111111111
      },
      "GET-leases-count": {
        "value": 190
      },
      "GET-nodes-count": {
        "value": 26.66658024787379
      },
      "PATCH-nodes-count": {
        "value": 11.111074074485593
      },
      "PATCH-pods-count": {
        "value": 193.33333333333334
      },
      "PATCH-virtualmachineinstances-count": {
        "value": 112.22222222222223,
        "thresholdResult": {
          "thresholdValue": 142.22222222222223,
          "thresholdMetric": "CREATE-pods-count",
          "thresholdRatio": 1.578125,
          "thresholdExceeded": false
        }
      },
      "UPDATE-leases-count": {
        "value": 300
      },
      "UPDATE-virtualmachineinstances-count": {
        "value": 711.109814829218,
        "thresholdResult": {
          "thresholdValue": 711.1111111111111,
          "thresholdMetric": "CREATE-pods-count",
          "thresholdRatio": 9.999981771035877,
          "thresholdExceeded": false
        }
      },
      "WATCH-cdiconfigs-count": {
        "value": 1.1111111111111112
      },
      "WATCH-cdis-count": {
        "value": 1.1111111111111112
      },
      "WATCH-clusterrolebindings-count": {
        "value": 1.1111111111111112
      },
      "WATCH-clusterroles-count": {
        "value": 1.1111111111111112
      },
      "WATCH-configmaps-count": {
        "value": 8.88887654334705
      },
      "WATCH-controllerrevisions-count": {
        "value": 1.1111111111111112
      },
      "WATCH-customresourcedefinitions-count": {
        "value": 7.777765432235937
      },
      "WATCH-daemonsets-count": {
        "value": 1.1111111111111112
      },
      "WATCH-datasources-count": {
        "value": 2.2222222222222223
      },
      "WATCH-datavolumes-count": {
        "value": 1.1111111111111112
      },
      "WATCH-deployments-count": {
        "value": 1.1111111111111112
      },
      "WATCH-ingresses-count": {
        "value": 1.1111111111111112
      },
      "WATCH-kubevirts-count": {
        "value": 6.666654321124827
      },
      "WATCH-migrationpolicies-count": {
        "value": 1.1111111111111112
      },
      "WATCH-namespaces-count": {
        "value": 1.1111111111111112
      },
      "WATCH-persistentvolumeclaims-count": {
        "value": 1.1111111111111112
      },
      "WATCH-pods-count": {
        "value": 2.2222222222222223
      },
      "WATCH-prometheusrules-count": {
        "value": 1.1111111111111112
      },
      "WATCH-rolebindings-count": {
        "value": 2.2222222222222223
      },
      "WATCH-secrets-count": {
        "value": 1.1111111111111112
      },
      "WATCH-servicemonitors-count": {
        "value": 1.1111111111111112
      },