{
  "JobDirCreationTime": "2025-08-25T05:33:34.52Z",
  "VMIResult": {
    "Values": {
      "CREATE-events-count": {
        "value": 187.8904761904762
      },
      "CREATE-pods-count": {
        "value": 100.47619047619048
      },
      "DELETE-jobs-count": {
        "value": 318.5095238095238
      },
      "DELETE-pods-count": {
        "value": 213.312064516129
      },
      "GET-leases-count": {
        "value": 1185.6190476190477
      },
      "GET-nodes-count": {
        "value": 80.23509984639017
      },
      "LIST-nodes-count": {
        "value": 318.5095238095238
      },
      "LIST-virtualmachineclusterinstancetypes-count": {
        "value": 318.5095238095238
      },
      "LIST-virtualmachineclusterpreferences-count": {
        "value": 318.5095238095238
      },
      "PATCH-events-count": {
        "value": 126.18426666666666
      },
      "PATCH-nodes-count": {
        "value": 58.90821812596006
      },
      "PATCH-pods-count": {
        "value": 200.95238095238096
      },
      "PATCH-services-count": {
        "value": 1274.0380952380951
      },
      "UPDATE-configmaps-count": {
        "value": 318.5095238095238
      },
      "UPDATE-leases-count": {
        "value": 1893.9761904761904
      },
      "UPDATE-virtualmachineinstances-count": {
        "value": 452.1428571428571
      },
      "WATCH-clusterrolebindings-count": {
        "value": 8.038095238095238
      },
      "WATCH-clusterroles-count": {
        "value": 7.033333333333333
      },
      "WATCH-configmaps-count": {
        "value": 63.68894009216591
      },
      "WATCH-controllerrevisions-count": {
        "value": 3.0142857142857142
      },
      "WATCH-customresourcedefinitions-count": {
        "value": 45.4573732718894
      },
      "WATCH-daemonsets-count": {
        "value": 8.038095238095238
      },
      "WATCH-deployments-count": {
        "value": 9.042857142857143
      },
      "WATCH-ingresses-count": {
        "value": 5.023809523809524
      },
      "WATCH-jobs-count": {
        "value": 7.033333333333333
      },
      "WATCH-kubevirts-count": {
        "value": 38.44024577572965
      },
      "WATCH-leases-count": {
        "value": 8.038095238095238
      },
      "WATCH-migrationpolicies-count": {
        "value": 5.023809523809524
      },
      "WATCH-mutatingwebhookconfigurations-count": {
        "value": 8.038095238095238
      },
      "WATCH-namespaces-count": {
        "value": 24.26013824884793
      },
      "WATCH-nodes-count": {
        "value": 4.019047619047619
      },
      "WATCH-persistentvolumeclaims-count": {
        "value": 4.019047619047619
      },
      "WATCH-poddisruptionbudgets-count": {
        "value": 14.066666666666666
      },
      "WATCH-pods-count": {
        "value": 15.071428571428571
      },
      "WATCH-prometheusrules-count": {
        "value": 8.038095238095238
      },
      "WATCH-resourcequotas-count": {
        "value": 4.019047619047619
      },
      "WATCH-rolebindings-count": {
        "value": 8.038095238095238
      },
      "WATCH-roles-count": {
        "value": 7.033333333333333
      },
      "WATCH-routes-count": {
        "value": 12.057142857142857
      },
      "WATCH-secrets-count": {
        "value": 13.061904761904762
      },
      "WATCH-securitycontextconstraints-count": {
        "value": 8.038095238095238
      },
      "WATCH-serviceaccounts-count": {
        "value": 7.033333333333333
      },
      "WATCH-servicemonitors-count": {
        "value": 9.042857142857143
      },
      "WATCH-services-count": {
        "value": 12.057142857142857
      },
      "WATCH-storageclasses-count": {
        "value": 4.019047619047619
      },
      "WATCH-validatingwebhookconfigurations-count": {
        "value": 9.042857142857143
      },
      "WATCH-virtualmachineclones-count": {
        "value": 5.023809523809524
      },
      "WATCH-virtualmachineclusterinstancetypes-count": {
        "value": 11.052380952380952
      },
      "WATCH-virtualmachineclusterpreferences-count": {
        "value": 10.047619047619047
      },
      "WATCH-virtualmachineexports-count": {
        "value": 4.019047619047619
      },
      "WATCH-virtualmachineinstancemigrations-count": {
        "value": 4.019047619047619
      },
      "WATCH-virtualmachineinstancepresets-count": {
        "value": 9.188709677419356
      },
      "WATCH-virtualmachineinstancereplicasets-count": {
        "value": 4.019047619047619
      },
      "WATCH-virtualmachineinstances-count": {
        "value": 41.61658986175115
      },
      "WATCH-virtualmachineinstancetypes-count": {
        "value": 4.019047619047619
      },
      "WATCH-virtualmachinepools-count": {
        "value": 5.023809523809524
      },
      "WATCH-virtualmachinepreferences-count": {
        "value": 4.019047619047619
      },
      "WATCH-virtualmachinerestores-count": {
        "value": 12.18678955453149
      },
      "WATCH-virtualmachines-count": {
        "value": 3.0142857142857142
      },
      "WATCH-virtualmachinesnapshotcontents-count": {
        "value": 3.0142857142857142
      },
      "WATCH-virtualmachinesnapshots-count": {
        "value": 5.023809523809524
      },
      "WATCH-volumesnapshotclasses-count": {
        "value": 3.0142857142857142
      },
      "WATCH-volumesnapshots-count": {
        "value": 4.019047619047619
      },
      "avgVirtAPICPUUsage": {
        "value": 0.003930240886424731
      },
      "avgVirtAPIMemoryUsageInMB": {
        "value": 186.2105964781746
      },
      "avgVirtControllerCPUUsage": {
        "value": 0.008410083724193548
      },
      "avgVirtControllerMemoryUsageInMB": {
        "value": 351.2061011904762
      },
      "failed-phase-count": {
        "value": 24
      },
      "maxVirtAPIMemoryUsageInMB": {
        "value": 214.8876953125
      },
      "maxVirtControllerMemoryUsageInMB": {
        "value": 435.2421875
      },
      "minVirtAPIMemoryUsageInMB": {
        "value": 177.48828125
      },
      "minVirtControllerMemoryUsageInMB": {
        "value": 300.32421875
      },
      "scheduling-phase-count": {
        "value": 14
      },
      "vmiCreationToRunningSecondsP50": {
        "value": 0
      },
      "vmiCreationToRunningSecondsP95": {
        "value": 0
      },
      "vmiCreationToRunningSecondsP99": {
        "value": 0
      },
      "vmiDeletionToFailedSecondsP50": {
        "value": 0.25290702690109934
      },
      "vmiDeletionToFailedSecondsP95": {
        "value": 0.48052335111208866
      },
      "vmiDeletionToFailedSecondsP99": {
        "value": 0.5650074190825994
      },
      "vmiDeletionToSucceededSecondsP50": {
        "value": 0
      },
      "vmiDeletionToSucceededSecondsP95": {
        "value": 0
      },
      "vmiDeletionToSucceededSecondsP99": {
        "value": 0
      }
    }
  },
  "VMResult": null
}
