{
  "JobDirCreationTime": "2025-05-15T00:20:13.709Z",
  "VMIResult": {
    "Values": {
      "CREATE-events-count": {
        "value": 201.41961666666666
      },
      "CREATE-pods-count": {
        "value": 111.20916666666668
      },
      "GET-leases-count": {
        "value": 128.803588260587
      },
      "GET-nodes-count": {
        "value": 36.14629444444444
      },
      "LIST-nodes-count": {
        "value": 5.927277777777777
      },
      "LIST-virtualmachineclusterinstancetypes-count": {
        "value": 5.927277777777777
      },
      "LIST-virtualmachineclusterpreferences-count": {
        "value": 5.927277777777777
      },
      "PATCH-nodes-count": {
        "value": 8.149833333333333
      },
      "PATCH-pods-count": {
        "value": 363.383975
      },
      "PATCH-services-count": {
        "value": 23.70911111111111
      },
      "PATCH-validatingadmissionpolicies-count": {
        "value": 5.927277777777777
      },
      "PATCH-validatingadmissionpolicybindings-count": {
        "value": 5.927277777777777
      },
      "PATCH-virtualmachineinstances-count": {
        "value": 108.93161111111112,
        "thresholdResult": {
          "thresholdValue": 222.41833333333335,
          "thresholdMetric": "CREATE-pods-count",
          "thresholdRatio": 0.9795200735351053,
          "thresholdExceeded": false
        }
      },
      "UPDATE-kubevirts-count": {
        "value": 1.1854555555555555
      },
      "UPDATE-leases-count": {
        "value": 209.13104444444443
      },
      "UPDATE-virtualmachineinstances-count": {
        "value": 702.2455,
        "thresholdResult": {
          "thresholdValue": 1112.0916666666667,
          "thresholdMetric": "CREATE-pods-count",
          "thresholdRatio": 6.314636832994881,
          "thresholdExceeded": false
        }
      },
      "WATCH-configmaps-count": {
        "value": 1.1277166666666667
      },
      "WATCH-validatingwebhookconfigurations-count": {
        "value": 1.1854555555555555
      },
      "avgVirtAPICPUUsage": {
        "value": 0.009821000063875
      },
      "avgVirtAPIMemoryUsageInMB": {
        "value": 127.86445312500001
      },
      "avgVirtControllerCPUUsage": {
        "value": 0.025234273420714288
      },
      "avgVirtControllerMemoryUsageInMB": {
        "value": 56.36762152777778
      },
      "avgVirtHandlerCPUUsage": {
        "value": 0.0007609817692985506
      },
      "avgVirtHandlerMemoryUsageInMB": {
        "value": 18.338872763648727
      },
      "maxVirtAPIMemoryUsageInMB": {
        "value": 159.611328125
      },
      "maxVirtControllerMemoryUsageInMB": {
        "value": 84.08203125
      },
      "maxVirtHandlerCPUUsage": {
        "value": 0.0008311760955213675
      },
      "maxVirtHandlerMemoryUsageInMB": {
        "value": 42.69358915441177
      },
      "minVirtAPIMemoryUsageInMB": {
        "value": 0
      },
      "minVirtControllerMemoryUsageInMB": {
        "value": 0
      },
      "minVirtHandlerCPUUsage": {
        "value": 0.0006828028439813665
      },
      "minVirtHandlerMemoryUsageInMB": {
        "value": 5.995535714285714
      },
      "running-phase-count": {
        "value": 96
      },
      "scheduled-phase-count": {
        "value": 5
      },
      "vmiCreationToRunningSecondsP50": {
        "value": 23.15401450742565,
        "thresholdResult": {
          "thresholdValue": 45,
          "thresholdExceeded": false
        }
      },
      "vmiCreationToRunningSecondsP95": {
        "value": 34.67332294495355,
        "thresholdResult": {
          "thresholdValue": 60,
          "thresholdExceeded": false
        }
      },
      "vmiCreationToRunningSecondsP99": {
        "value": 38.934664588990714
      },
      "vmiDeletionToFailedSecondsP50": {
        "value": 0
      },
      "vmiDeletionToFailedSecondsP95": {
        "value": 0
      },
      "vmiDeletionToFailedSecondsP99": {
        "value": 0
      },
      "vmiDeletionToSucceededSecondsP50": {
        "value": 0
      },
      "vmiDeletionToSucceededSecondsP95": {
        "value": 0
      },
      "vmiDeletionToSucceededSecondsP99": {
        "value": 0
      }
    }
  },
  "VMResult": {
    "Values": {
      "CREATE-controllerrevisions-count": {
        "value": 9.31996800319968
      },
      "CREATE-events-count": {
        "value": 867.7733704193411
      },
      "CREATE-pods-count": {
        "value": 111.10987655692715
      },
      "CREATE-virtualmachineinstances-count": {
        "value": 9.31996800319968
      },
      "GET-leases-count": {
        "value": 189.99930041670473
      },
      "GET-nodes-count": {
        "value": 25.555555555555557
      },
      "PATCH-nodes-count": {
        "value": 11.11111111111111
      },
      "PATCH-pods-count": {
        "value": 378.8846790591216
      },
      "PATCH-virtualmachineinstances-count": {
        "value": 223.33085187942356,
        "thresholdResult": {
          "thresholdValue": 222.2197531138543,
          "thresholdMetric": "CREATE-pods-count",
          "thresholdRatio": 2.01,
          "thresholdExceeded": false
        }
      },
      "PATCH-virtualmachines-count": {
        "value": 9.31996800319968
      },
      "UPDATE-leases-count": {
        "value": 298.8872345862824
      },
      "UPDATE-virtualmachineinstances-count": {
        "value": 897.7717408078183,
        "thresholdResult": {
          "thresholdValue": 1111.0987655692716,
          "thresholdMetric": "CREATE-pods-count",
          "thresholdRatio": 8.080035444444446,
          "thresholdExceeded": false
        }
      },
      "UPDATE-virtualmachines-count": {
        "value": 497.0649601706496
      },
      "WATCH-cdiconfigs-count": {
        "value": 1.1110987655692715
      },
      "WATCH-cdis-count": {
        "value": 1.1110987655692715
      },
      "WATCH-clusterroles-count": {
        "value": 2.2222222222222223
      },
      "WATCH-configmaps-count": {
        "value": 13.333308642249651
      },
      "WATCH-controllerrevisions-count": {
        "value": 1.1110987655692715
      },
      "WATCH-customresourcedefinitions-count": {
        "value": 9.99999176960829
      },
      "WATCH-daemonsets-count": {
        "value": 1.1111111111111112
      },
      "WATCH-datasources-count": {
        "value": 3.333320987791494
      },
      "WATCH-datavolumes-count": {
        "value": 1.1110987655692715
      },
      "WATCH-deployments-count": {
        "value": 1.1111111111111112
      },
      "WATCH-jobs-count": {
        "value": 2.2222222222222223
      },
      "WATCH-kubevirts-count": {
        "value": 8.888880658497179
      },
      "WATCH-migrationpolicies-count": {
        "value": 1.1110987655692715
      },
      "WATCH-mutatingwebhookconfigurations-count": {
        "value": 1.1111111111111112
      },
      "WATCH-namespaces-count": {
        "value": 3.333320987791494
      },
      "WATCH-persistentvolumeclaims-count": {
        "value": 1.1110987655692715
      },
      "WATCH-poddisruptionbudgets-count": {
        "value": 3.333320987791494
      },
      "WATCH-pods-count": {
        "value": 4.444419753360766
      },
      "WATCH-resourcequotas-count": {
        "value": 1.1110987655692715
      },
      "WATCH-rolebindings-count": {
        "value": 2.2222222222222223
      },
      "WATCH-roles-count": {
        "value": 2.2222222222222223
      },
      "WATCH-secrets-count": {
        "value": 1.1111111111111112
      },
      "WATCH-serviceaccounts-count": {
        "value": 2.2222222222222223
      },
      "WATCH-servicemonitors-count": {
        "value": 2.2222222222222223
      },
      "WATCH-services-count": {
        "value": 1.1111111111111112
      },
      "WATCH-storageclasses-count": {
        "value": 1.1110987655692715
      },
      "WATCH-storageprofiles-count": {
        "value": 1.1110987655692715
      },
      "WATCH-validatingadmissionpolicies-count": {
        "value": 1.1111111111111112
      },