{
  "JobDirCreationTime": "2023-09-11T05:03:19.337Z",
  "VMIResult": {
    "Values": {
      "CREATE-events-count": {
        "value": 551.0342546296297
      },
      "CREATE-pods-count": {
        "value": 118.64916666666664
      },
      "DELETE-pods-count": {
        "value": 57.824822222222224
      },
      "GET-endpoints-count": {
        "value": 483.33333333333337
      },
      "GET-leases-count": {
        "value": 781.1111111111112
      },
      "GET-nodes-count": {
        "value": 13.333333333333334
      },
      "LIST-clusterrolebindings-count": {
        "value": 1.1111111111111112
      },
      "LIST-clusterroles-count": {
        "value": 1.1111111111111112
      },
      "LIST-configmaps-count": {
        "value": 4.444444444444445
      },
      "LIST-controllerrevisions-count": {
        "value": 1.1111111111111112
      },
      "LIST-customresourcedefinitions-count": {
        "value": 6.666666666666666
      },
      "LIST-daemonsets-count": {
        "value": 1.1111111111111112
      },
      "LIST-deployments-count": {
        "value": 2.2222222222222223
      },
      "LIST-ingresses-count": {
        "value": 1.1111111111111112
      },
      "LIST-jobs-count": {
        "value": 2.2222222222222223
      },
      "LIST-kubevirts-count": {
        "value": 2.2222222222222223
      },
      "LIST-mutatingwebhookconfigurations-count": {
        "value": 2.2222222222222223
      },
      "LIST-namespaces-count": {
        "value": 2.2222222222222223
      },
      "LIST-poddisruptionbudgets-count": {
        "value": 2.2222222222222223
      },
      "LIST-pods-count": {
        "value": 1.1111111111111112
      },
      "LIST-prometheusrules-count": {
        "value": 2.2222222222222223
      },
      "LIST-resourcequotas-count": {
        "value": 1.1111111111111112
      },
      "LIST-rolebindings-count": {
        "value": 2.2222222222222223
      },
      "LIST-roles-count": {
        "value": 1.1111111111111112
      },
      "LIST-routes-count": {
        "value": 3.3333333333333335
      },
      "LIST-secrets-count": {
        "value": 2.2222222222222223
      },
      "LIST-serviceaccounts-count": {
        "value": 2.2222222222222223
      },
      "LIST-servicemonitors-count": {
        "value": 2.2222222222222223
      },
      "LIST-services-count": {
        "value": 3.3333333333333335
      },
      "LIST-virtualmachineclusterpreferences-count": {
        "value": 1.1111111111111112
      },
      "LIST-virtualmachineinstancepresets-count": {
        "value": 2.2222222222222223
      },
      "LIST-virtualmachineinstancereplicasets-count": {
        "value": 1.1111111111111112
      },
      "LIST-virtualmachineinstances-count": {
        "value": 5.555555555555555
      },
      "LIST-virtualmachinepools-count": {
        "value": 1.1111111111111112
      },
      "LIST-virtualmachinepreferences-count": {
        "value": 1.1111111111111112
      },
      "LIST-virtualmachinerestores-count": {
        "value": 1.1111111111111112
      },
      "LIST-virtualmachinesnapshotcontents-count": {
        "value": 1.1111111111111112
      },
      "LIST-virtualmachinesnapshots-count": {
        "value": 1.1111111111111112
      },
      "LIST-volumesnapshotclasses-count": {
        "value": 1.1111111111111112
      },
      "LIST-volumesnapshots-count": {
        "value": 1.1111111111111112
      },
      "PATCH-nodes-count": {
        "value": 10
      },
      "PATCH-pods-count": {
        "value": 237.47482499999998
      },
      "PATCH-virtualmachineinstances-count": {
        "value": 182.35704444444445
      },
      "UPDATE-endpoints-count": {
        "value": 297.77777777777777
      },
      "UPDATE-leases-count": {
        "value": 297.77777777777777
      },
      "UPDATE-virtualmachineinstances-count": {
        "value": 1069.2940083333335
      },
      "vmiCreationToRunningSecondsP50": {
        "value": 45.44858656578222
      },
      "vmiCreationToRunningSecondsP95": {
        "value": 57.34711827915248
      },
      "vmiCreationToRunningSecondsP99": {
        "value": 59.4694236558305
      },
      "vmiDeletionToFailedSecondsP50": {
        "value": 0
      },
      "vmiDeletionToFailedSecondsP95": {
        "value": 0
      },
      "vmiDeletionToFailedSecondsP99": {
        "value": 0
      },
      "vmiDeletionToSucceededSecondsP50": {
        "value": 0.800383914561744
      },
      "vmiDeletionToSucceededSecondsP95": {
        "value": 1.8849207883982886
      },
      "vmiDeletionToSucceededSecondsP99": {
        "value": 3.985714838233844
      }
    }
  },
  "VMResult": null
}
