{
  "JobDirCreationTime": "2024-01-01T05:07:31.83Z",
  "VMIResult": {
    "Values": {
      "CREATE-events-count": {
        "value": 625.9803
      },
      "CREATE-pods-count": {
        "value": 109.182
      },
      "DELETE-pods-count": {
        "value": 111.2275
      },
      "DELETE-virtualmachineclusterinstancetypes-count": {
        "value": 1.1111111111111112
      },
      "DELETE-virtualmachineclusterpreferences-count": {
        "value": 1.1111111111111112
      },
      "GET-endpoints-count": {
        "value": 481.1111111111111
      },
      "GET-leases-count": {
        "value": 776.6666666666666
      },
      "GET-nodes-count": {
        "value": 21.111111111111114
      },
      "LIST-clusterroles-count": {
        "value": 1.1111111111111112
      },
      "LIST-configmaps-count": {
        "value": 8.88888888888889
      },
      "LIST-customresourcedefinitions-count": {
        "value": 3.3333333333333335
      },
      "LIST-ingresses-count": {
        "value": 1.1111111111111112
      },
      "LIST-mutatingwebhookconfigurations-count": {
        "value": 2.2222222222222223
      },
      "LIST-namespaces-count": {
        "value": 2.2222222222222223
      },
      "LIST-nodes-count": {
        "value": 1.1111111111111112
      },
      "LIST-rolebindings-count": {
        "value": 1.1111111111111112
      },
      "LIST-roles-count": {
        "value": 1.1111111111111112
      },
      "LIST-routes-count": {
        "value": 1.1111111111111112
      },
      "LIST-secrets-count": {
        "value": 2.2222222222222223
      },
      "LIST-securitycontextconstraints-count": {
        "value": 1.1111111111111112
      },
      "LIST-servicemonitors-count": {
        "value": 1.1111111111111112
      },
      "LIST-validatingwebhookconfigurations-count": {
        "value": 1.1111111111111112
      },
      "LIST-virtualmachineclusterinstancetypes-count": {
        "value": 1.1111111111111112
      },
      "LIST-virtualmachineclusterpreferences-count": {
        "value": 2.2222222222222223
      },
      "LIST-virtualmachineinstancepresets-count": {
        "value": 1.1111111111111112
      },
      "LIST-virtualmachineinstances-count": {
        "value": 3.3333333333333335
      },
      "LIST-virtualmachinerestores-count": {
        "value": 1.1111111111111112
      },
      "LIST-virtualmachinesnapshotcontents-count": {
        "value": 1.1111111111111112
      },
      "LIST-volumesnapshotclasses-count": {
        "value": 1.1111111111111112
      },
      "PATCH-nodes-count": {
        "value": 8.88888888888889
      },
      "PATCH-pods-count": {
        "value": 218.44581999999997
      },
      "PATCH-services-count": {
        "value": 4.444444444444445
      },
      "PATCH-virtualmachineinstances-count": {
        "value": 222.455
      },
      "UPDATE-endpoints-count": {
        "value": 295.55555555555554
      },
      "UPDATE-leases-count": {
        "value": 295.55555555555554
      },
      "UPDATE-virtualmachineinstances-count": {
        "value": 1146.8370277777776
      },
      "vmiCreationToRunningSecondsP50": {
        "value": 43.131443428868074
      },
      "vmiCreationToRunningSecondsP95": {
        "value": 49.4381443428868
      },
      "vmiCreationToRunningSecondsP99": {
        "value": 49.99873997968847
      },
      "vmiDeletionToFailedSecondsP50": {
        "value": 0
      },
      "vmiDeletionToFailedSecondsP95": {
        "value": 0
      },
      "vmiDeletionToFailedSecondsP99": {
        "value": 0
      },
      "vmiDeletionToSucceededSecondsP50": {
        "value": 0.8150551093780183
      },
      "vmiDeletionToSucceededSecondsP95": {
        "value": 9.127319634392506
      },
      "vmiDeletionToSucceededSecondsP99": {
        "value": 16.836426179190035
      }
    }
  },
  "VMResult": null
}
