{
  "JobDirCreationTime": "2022-05-19T05:05:32.046Z",
  "VMIResult": {
    "Values": {
      "GET-endpoints-count": {
        "value": 483.33333333333337
      },
      "GET-nodes-count": {
        "value": 12.223210096070732
      },
      "LIST-clusterrolebindings-count": {
        "value": 1.1111111111111112
      },
      "LIST-clusterroles-count": {
        "value": 1.1111111111111112
      },
      "LIST-customresourcedefinitions-count": {
        "value": 4.444444444444445
      },
      "LIST-namespaces-count": {
        "value": 1.1111111111111112
      },
      "LIST-prometheusrules-count": {
        "value": 1.1111111111111112
      },
      "LIST-rolebindings-count": {
        "value": 2.2222222222222223
      },
      "LIST-roles-count": {
        "value": 1.1111111111111112
      },
      "LIST-serviceaccounts-count": {
        "value": 1.1111111111111112
      },
      "LIST-validatingwebhookconfigurations-count": {
        "value": 1.1111111111111112
      },
      "LIST-virtualmachineclusterflavors-count": {
        "value": 1.1111111111111112
      },
      "LIST-virtualmachineinstancepresets-count": {
        "value": 1.1111111111111112
      },
      "LIST-virtualmachineinstances-count": {
        "value": 1.1111111111111112
      },
      "LIST-virtualmachinerestores-count": {
        "value": 1.1111111111111112
      },
      "PATCH-nodes-count": {
        "value": 7.778271714702033
      },
      "UPDATE-endpoints-count": {
        "value": 298.8888888888889
      },
      "vmiCreationToRunningSecondsP50": {
        "value": 0
      },
      "vmiCreationToRunningSecondsP95": {
        "value": 0
      },
      "vmiCreationToRunningSecondsP99": {
        "value": 0
      }
    }
  },
  "VMResult": null
}
