{
  "JobDirCreationTime": "2025-09-25T08:30:22.68Z",
  "VMIResult": {
    "Values": {
      "CREATE-events-count": {
        "value": 129.0145777777778
      },
      "CREATE-pods-count": {
        "value": 103.34833333333333
      },
      "CREATE-virtualmachineclusterpreferences-count": {
        "value": 51.42426666666667
      },
      "GET-leases-count": {
        "value": 124.56827777777778
      },
      "GET-nodes-count": {
        "value": 29.50829659000213
      },
      "LIST-nodes-count": {
        "value": 30.854560000000003
      },
      "LIST-virtualmachineclusterinstancetypes-count": {
        "value": 30.45456
      },
      "LIST-virtualmachineclusterpreferences-count": {
        "value": 30.45456
      },
      "PATCH-nodes-count": {
        "value": 9.466615530000709
      },
      "PATCH-pods-count": {
        "value": 208.74363333333332
      },
      "PATCH-services-count": {
        "value": 123.41824000000001
      },
      "PATCH-validatingadmissionpolicies-count": {
        "value": 30.854560000000003
      },
      "PATCH-validatingadmissionpolicybindings-count": {
        "value": 30.854560000000003
      },
      "PATCH-virtualmachineinstances-count": {
        "value": 101.03717777777777,
        "thresholdResult": {
          "thresholdValue": 206.69666666666666,
          "thresholdMetric": "CREATE-pods-count",
          "thresholdRatio": 0.9776372247039408,
          "thresholdExceeded": false
        }
      },
      "UPDATE-configmaps-count": {
        "value": 30.854560000000003
      },
      "UPDATE-kubevirts-count": {
        "value": 1.2856066666666668
      },
      "UPDATE-leases-count": {
        "value": 194.23051111111113
      },
      "UPDATE-virtualmachineinstances-count": {
        "value": 608.1178949600992,
        "thresholdResult": {
          "thresholdValue": 1033.4833333333333,
          "thresholdMetric": "CREATE-pods-count",
          "thresholdRatio": 5.884157734781395,
          "thresholdExceeded": false
        }
      },
      "avgVirtAPICPUUsage": {
        "value": 0.010955256051916667
      },
      "avgVirtAPIMemoryUsageInMB": {
        "value": 126.52089843750001
      },
      "avgVirtControllerCPUUsage": {
        "value": 0.02737934361742857
      },
      "avgVirtControllerMemoryUsageInMB": {
        "value": 59.54600694444444
      },
      "avgVirtHandlerCPUUsage": {
        "value": 0.0009140694066422886
      },
      "avgVirtHandlerMemoryUsageInMB": {
        "value": 23.122749524238785
      },
      "maxVirtAPIMemoryUsageInMB": {
        "value": 162.705078125
      },
      "maxVirtControllerMemoryUsageInMB": {
        "value": 85.52734375
      },
      "maxVirtHandlerCPUUsage": {
        "value": 0.0009603131245213676
      },
      "maxVirtHandlerMemoryUsageInMB": {
        "value": 57.38491586538461
      },
      "minVirtAPIMemoryUsageInMB": {
        "value": 0.001953125
      },
      "minVirtControllerMemoryUsageInMB": {
        "value": 0
      },
      "minVirtHandlerCPUUsage": {
        "value": 0.0007993433229435625
      },
      "minVirtHandlerMemoryUsageInMB": {
        "value": 7.115685096153846
      },
      "running-phase-count": {
        "value": 98
      },
      "scheduled-phase-count": {
        "value": 3
      },
      "vmiCreationToRunningSecondsP50": {
        "value": 23.923636975831823,
        "thresholdResult": {
          "thresholdValue": 45,
          "thresholdExceeded": false
        }
      },
      "vmiCreationToRunningSecondsP95": {
        "value": 29.506331547200983,
        "thresholdResult": {
          "thresholdValue": 60,
          "thresholdExceeded": false
        }
      },
      "vmiCreationToRunningSecondsP99": {
        "value": 30.20303604904187
      },
      "vmiDeletionToFailedSecondsP50": {
        "value": 0
      },
      "vmiDeletionToFailedSecondsP95": {
        "value": 0
      },
      "vmiDeletionToFailedSecondsP99": {
        "value": 0
      },
      "vmiDeletionToSucceededSecondsP50": {
        "value": 0
      },
      "vmiDeletionToSucceededSecondsP95": {
        "value": 0
      },
      "vmiDeletionToSucceededSecondsP99": {
        "value": 0
      }
    }
  },
  "VMResult": null
}
