{
  "JobDirCreationTime": "2022-03-11T05:06:41.092Z",
  "VMIResult": {
    "Values": {
      "CREATE-events-count": {
        "value": 550.1482795490871
      },
      "CREATE-pods-count": {
        "value": 110.30366079068337
      },
      "DELETE-pods-count": {
        "value": 110.30366079068337
      },
      "GET-endpoints-count": {
        "value": 527.4654443905288
      },
      "GET-nodes-count": {
        "value": 15.073333333333332
      },
      "LIST-clusterrolebindings-count": {
        "value": 2.1533333333333333
      },
      "LIST-clusterroles-count": {
        "value": 2.1533333333333333
      },
      "LIST-configmaps-count": {
        "value": 12.92
      },
      "LIST-controllerrevisions-count": {
        "value": 1.1964336646059364
      },
      "LIST-customresourcedefinitions-count": {
        "value": 10.766666666666666
      },
      "LIST-daemonsets-count": {
        "value": 2.1533333333333333
      },
      "LIST-deployments-count": {
        "value": 2.1533333333333333
      },
      "LIST-jobs-count": {
        "value": 2.1533333333333333
      },
      "LIST-kubevirts-count": {
        "value": 6.459999999999999
      },
      "LIST-migrationpolicies-count": {
        "value": 1.1964336646059364
      },
      "LIST-mutatingwebhookconfigurations-count": {
        "value": 2.1533333333333333
      },
      "LIST-namespaces-count": {
        "value": 2.1533333333333333
      },
      "LIST-nodes-count": {
        "value": 1.1964336646059364
      },
      "LIST-persistentvolumeclaims-count": {
        "value": 1.1964336646059364
      },
      "LIST-poddisruptionbudgets-count": {
        "value": 3.3497669979392697
      },
      "LIST-pods-count": {
        "value": 4.546200662545206
      },
      "LIST-prometheusrules-count": {
        "value": 2.1533333333333333
      },
      "LIST-rolebindings-count": {
        "value": 2.1533333333333333
      },
      "LIST-roles-count": {
        "value": 2.1533333333333333
      },
      "LIST-secrets-count": {
        "value": 2.1533333333333333
      },
      "LIST-serviceaccounts-count": {
        "value": 2.1533333333333333
      },
      "LIST-servicemonitors-count": {
        "value": 2.1533333333333333
      },
      "LIST-services-count": {
        "value": 2.1533333333333333
      },
      "LIST-storageclasses-count": {
        "value": 1.1964336646059364
      },
      "LIST-validatingwebhookconfigurations-count": {
        "value": 2.1533333333333333
      },
      "LIST-virtualmachineclusterflavors-count": {
        "value": 3.3497669979392697
      },
      "LIST-virtualmachineflavors-count": {
        "value": 3.3497669979392697
      },
      "LIST-virtualmachineinstancemigrations-count": {
        "value": 1.1964336646059364
      },
      "LIST-virtualmachineinstancepresets-count": {
        "value": 2.1533333333333333
      },
      "LIST-virtualmachineinstancereplicasets-count": {
        "value": 1.1964336646059364
      },
      "LIST-virtualmachineinstances-count": {
        "value": 9.69
      },
      "LIST-virtualmachinepools-count": {
        "value": 1.1964336646059364
      },
      "LIST-virtualmachinerestores-count": {
        "value": 2.1533333333333333
      },
      "LIST-virtualmachines-count": {
        "value": 1.1964336646059364
      },
      "LIST-virtualmachinesnapshotcontents-count": {
        "value": 1.1964336646059364
      },
      "LIST-virtualmachinesnapshots-count": {
        "value": 1.1964336646059364
      },
      "PATCH-nodes-count": {
        "value": 11.843333333333334
      },
      "PATCH-pods-count": {
        "value": 111.47081495735003
      },
      "PATCH-services-count": {
        "value": 25.84
      },
      "PATCH-virtualmachineinstances-count": {
        "value": 147.3738688516089
      },
      "UPDATE-endpoints-count": {
        "value": 321.82211105719546
      },
      "UPDATE-virtualmachineinstances-count": {
        "value": 1146.2277847388186
      },
      "vmiCreationToRunningSecondsP50": {
        "value": 40.987512778146616
      },
      "vmiCreationToRunningSecondsP95": {
        "value": 54.39361764216382
      },
      "vmiCreationToRunningSecondsP99": {
        "value": 58.87872352843277
      }
    }
  },
  "VMResult": null
}
