{
  "JobDirCreationTime": "2026-06-24T19:08:59.394Z",
  "VMIResult": {
    "Values": {
      "CREATE-events-count": {
        "value": 16006.36975279524
      },
      "CREATE-pods-count": {
        "value": 8003.18487639762
      },
      "DELETE-pods-count": {
        "value": 5171.5992857142855
      },
      "GET-leases-count": {
        "value": 1109.1642217555566
      },
      "LIST-virtualmachineclusterinstancetypes-count": {
        "value": 593.9966386554622
      },
      "LIST-virtualmachineclusterpreferences-count": {
        "value": 593.9966386554622
      },
      "PATCH-nodes-count": {
        "value": 54.54915254237289
      },
      "PATCH-pods-count": {
        "value": 17229.706272274416
      },
      "PATCH-virtualmachineinstances-count": {
        "value": 13686.5525,
        "thresholdResult": {
          "thresholdValue": 16006.36975279524,
          "thresholdMetric": "CREATE-pods-count",
          "thresholdRatio": 1.7101382401352907,
          "thresholdExceeded": false
        }
      },
      "UPDATE-leases-count": {
        "value": 1780.9902308013789
      },
      "UPDATE-virtualmachineinstances-count": {
        "value": 26894.464565041722,
        "thresholdResult": {
          "thresholdValue": 80031.8487639762,
          "thresholdMetric": "CREATE-pods-count",
          "thresholdRatio": 3.360470235338036,
          "thresholdExceeded": false
        }
      },
      "WATCH-cdiconfigs-count": {
        "value": 8.013454356811604
      },
      "WATCH-cdis-count": {
        "value": 8.013454356811604
      },
      "WATCH-configmaps-count": {
        "value": 63.42000640686098
      },
      "WATCH-controllerrevisions-count": {
        "value": 7.011772562210153
      },
      "WATCH-customresourcedefinitions-count": {
        "value": 70.51659487278512
      },
      "WATCH-datasources-count": {
        "value": 24.184659625328813
      },
      "WATCH-datavolumes-count": {
        "value": 9.015136151413055
      },
      "WATCH-ingresses-count": {
        "value": 7.011772562210153
      },
      "WATCH-kubevirts-count": {
        "value": 59.47265388028219
      },
      "WATCH-migrationpolicies-count": {
        "value": 8.013454356811604
      },
      "WATCH-namespaces-count": {
        "value": 25.177852581570548
      },
      "WATCH-nodes-count": {
        "value": 16.103297985938966
      },
      "WATCH-persistentvolumeclaims-count": {
        "value": 9.015136151413055
      },
      "WATCH-plugins-count": {
        "value": 7.071186440677966
      },
      "WATCH-poddisruptionbudgets-count": {
        "value": 8.013454356811604
      },
      "WATCH-pods-count": {
        "value": 16.026908713623207
      },
      "WATCH-prometheusrules-count": {
        "value": 17.096470568295143
      },
      "WATCH-resourcequotas-count": {
        "value": 8.013454356811604
      },
      "WATCH-secrets-count": {
        "value": 8.013454356811604
      },
      "WATCH-servicemonitors-count": {
        "value": 16.08630250356077
      },
      "WATCH-services-count": {
        "value": 9.015136151413055
      },
      "WATCH-storageclasses-count": {
        "value": 8.013454356811604
      },
      "WATCH-storageprofiles-count": {
        "value": 7.011772562210153
      },
      "WATCH-virtualmachinebackups-count": {
        "value": 24.176170786969095
      },
      "WATCH-virtualmachinebackuptrackers-count": {
        "value": 16.094810289014994
      },
      "WATCH-virtualmachineclones-count": {
        "value": 8.013454356811604
      },
      "WATCH-virtualmachineclusterinstancetypes-count": {
        "value": 24.099756860372374
      },
      "WATCH-virtualmachineclusterpreferences-count": {
        "value": 23.098076188103466
      },
      "WATCH-virtualmachineexports-count": {
        "value": 8.013454356811604
      },
      "WATCH-virtualmachineinstancemigrations-count": {
        "value": 8.013454356811604
      },
      "WATCH-virtualmachineinstancepresets-count": {
        "value": 16.162714718004846
      },
      "WATCH-virtualmachineinstancereplicasets-count": {
        "value": 7.011772562210153
      },
      "WATCH-virtualmachineinstances-count": {
        "value": 32.257522153421775
      },
      "WATCH-virtualmachineinstancetypes-count": {
        "value": 7.011772562210153
      },
      "WATCH-virtualmachinepools-count": {
        "value": 8.013454356811604
      },
      "WATCH-virtualmachinepreferences-count": {
        "value": 7.011772562210153
      },
      "WATCH-virtualmachinerestores-count": {
        "value": 25.186339707777613
      },
      "WATCH-virtualmachines-count": {
        "value": 8.013454356811604
      },
      "WATCH-virtualmachinesnapshotcontents-count": {
        "value": 8.013454356811604
      },
      "WATCH-virtualmachinesnapshots-count": {
        "value": 8.013454356811604
      },
      "avgVirtAPICPUUsage": {
        "value": 0.03446683050847457
      },
      "avgVirtAPIMemoryUsageInMB": {
        "value": 178.5799139968487
      },
      "avgVirtControllerCPUUsage": {
        "value": 0.3496281002824859
      },
      "avgVirtControllerMemoryUsageInMB": {
        "value": 1271.0326286764705
      },
      "maxVirtAPIMemoryUsageInMB": {
        "value": 180.689453125
      },
      "maxVirtControllerMemoryUsageInMB": {
        "value": 1982.45703125
      },
      "minVirtAPIMemoryUsageInMB": {
        "value": 159.41796875
      },
      "minVirtControllerMemoryUsageInMB": {
        "value": 464.4765625
      },
      "virtControllerWorkqueueAddRate": {
        "value": 230.159943977591
      },
      "virtControllerWorkqueueDepth": {
        "value": 0.013445378151260503
      },
      "virtControllerWorkqueueP99Latency": {
        "value": 0.49070263641937073
      },
      "vmiCreationToRunningSecondsP50": {
        "value": 0.6399414882353139,
        "thresholdResult": {
          "thresholdValue": 45,
          "thresholdExceeded": false
        }
      },
      "vmiCreationToRunningSecondsP95": {
        "value": 1.6594767758807851,
        "thresholdResult": {
          "thresholdValue": 60,
          "thresholdExceeded": false
        }
      },
      "vmiCreationToRunningSecondsP99": {
        "value": 1.9339536746975914
      },
      "vmiDeletionToFailedSecondsP50": {
        "value": 0
      },
      "vmiDeletionToFailedSecondsP95": {
        "value": 0
      },
      "vmiDeletionToFailedSecondsP99": {
        "value": 0
      },
      "vmiDeletionToSucceededSecondsP50": {
        "value": 0
      },
      "vmiDeletionToSucceededSecondsP95": {
        "value": 0
      },
      "vmiDeletionToSucceededSecondsP99": {
        "value": 0
      }
    }
  },
  "VMResult": {
    "Values": {
      "CREATE-controllerrevisions-count": {
        "value": 7970.96952059925
      },
      "CREATE-events-count": {
        "value": 32266.666666666664
      },
      "CREATE-pods-count": {
        "value": 8066.666666666666
      },
      "CREATE-virtualmachineinstances-count": {
        "value": 7971.975448100588
      },
      "DELETE-pods-count": {
        "value": 8066.666666666666
      },
      "DELETE-virtualmachineinstances-count": {
        "value": 4521.023309523809
      },
      "GET-leases-count": {
        "value": 1120.2583333333332
      },
      "LIST-configmaps-count": {
        "value": 1.0083333333333333
      },
      "LIST-virtualmachineclusterinstancetypes-count": {
        "value": 602.9833333333333
      },
      "LIST-virtualmachineclusterpreferences-count": {
        "value": 602.9833333333333
      },
      "PATCH-nodes-count": {
        "value": 58.48326835192405
      },
      "PATCH-pods-count": {
        "value": 17327.199999999997
      },
      "PATCH-virtualmachineinstances-count": {
        "value": 18231.743357142856,
        "thresholdResult": {
          "thresholdValue": 16133.333333333332,
          "thresholdMetric": "CREATE-pods-count",
          "thresholdRatio": 2.260133474025974,