{
  "JobDirCreationTime": "2022-07-31T05:02:35.33Z",
  "VMIResult": {
    "Values": {
      "CREATE-events-count": {
        "value": 746.4147552525252
      },
      "CREATE-pods-count": {
        "value": 109.59424242424242
      },
      "DELETE-pods-count": {
        "value": 109.59424242424242
      },
      "GET-endpoints-count": {
        "value": 656.0846153846153
      },
      "GET-nodes-count": {
        "value": 16.32051282051282
      },
      "LIST-clusterrolebindings-count": {
        "value": 2.2333333333333334
      },
      "LIST-clusterroles-count": {
        "value": 2.2333333333333334
      },
      "LIST-configmaps-count": {
        "value": 16.492307692307694
      },
      "LIST-controllerrevisions-count": {
        "value": 1.1166666666666667
      },
      "LIST-customresourcedefinitions-count": {
        "value": 12.025641025641026
      },
      "LIST-daemonsets-count": {
        "value": 2.2333333333333334
      },
      "LIST-deployments-count": {
        "value": 2.2333333333333334
      },
      "LIST-ingresses-count": {
        "value": 1.1166666666666667
      },
      "LIST-jobs-count": {
        "value": 2.2333333333333334
      },
      "LIST-kubevirts-count": {
        "value": 7.644871794871795
      },
      "LIST-migrationpolicies-count": {
        "value": 1.1166666666666667
      },
      "LIST-mutatingwebhookconfigurations-count": {
        "value": 2.2333333333333334
      },
      "LIST-namespaces-count": {
        "value": 2.2333333333333334
      },
      "LIST-nodes-count": {
        "value": 1.1166666666666667
      },
      "LIST-persistentvolumeclaims-count": {
        "value": 1.1166666666666667
      },
      "LIST-poddisruptionbudgets-count": {
        "value": 3.35
      },
      "LIST-pods-count": {
        "value": 4.466666666666667
      },
      "LIST-prometheusrules-count": {
        "value": 2.2333333333333334
      },
      "LIST-rolebindings-count": {
        "value": 2.2333333333333334
      },
      "LIST-roles-count": {
        "value": 2.2333333333333334
      },
      "LIST-secrets-count": {
        "value": 3.35
      },
      "LIST-serviceaccounts-count": {
        "value": 2.2333333333333334
      },
      "LIST-servicemonitors-count": {
        "value": 2.2333333333333334
      },
      "LIST-services-count": {
        "value": 3.35
      },
      "LIST-validatingwebhookconfigurations-count": {
        "value": 2.2333333333333334
      },
      "LIST-virtualmachineexports-count": {
        "value": 1.1166666666666667
      },
      "LIST-virtualmachineinstancepresets-count": {
        "value": 2.1474358974358974
      },
      "LIST-virtualmachineinstancereplicasets-count": {
        "value": 1.1166666666666667
      },
      "LIST-virtualmachineinstances-count": {
        "value": 14.173076923076923
      },
      "LIST-virtualmachinepools-count": {
        "value": 1.1166666666666667
      },
      "LIST-virtualmachinerestores-count": {
        "value": 3.264102564102564
      },
      "LIST-virtualmachines-count": {
        "value": 1.1166666666666667
      },
      "LIST-virtualmachinesnapshots-count": {
        "value": 1.1166666666666667
      },
      "PATCH-events-count": {
        "value": 83.56350757575757
      },
      "PATCH-nodes-count": {
        "value": 13.056410256410256
      },
      "PATCH-pods-count": {
        "value": 109.59424242424242
      },
      "PATCH-virtualmachineinstances-count": {
        "value": 219.18848484848485
      },
      "UPDATE-endpoints-count": {
        "value": 399.76666666666665
      },
      "UPDATE-virtualmachineinstances-count": {
        "value": 1091.0438963636366
      },
      "vmiCreationToRunningSecondsP50": {
        "value": 35.80444782571967
      },
      "vmiCreationToRunningSecondsP95": {
        "value": 48.98465234777221
      },
      "vmiCreationToRunningSecondsP99": {
        "value": 54.953957043316606
      }
    }
  },
  "VMResult": null
}
