{
  "JobDirCreationTime": "2025-02-01T16:18:39.935Z",
  "VMIResult": {
    "Values": {
      "CREATE-events-count": {
        "value": 135.6982111111111
      },
      "CREATE-pods-count": {
        "value": 105.63072222222222
      },
      "CREATE-virtualmachineclusterinstancetypes-count": {
        "value": 27.77777777777778
      },
      "GET-leases-count": {
        "value": 183.33333333333334
      },
      "GET-nodes-count": {
        "value": 45.55541975459532
      },
      "LIST-nodes-count": {
        "value": 4.444444444444445
      },
      "LIST-virtualmachineclusterinstancetypes-count": {
        "value": 4.444444444444445
      },
      "LIST-virtualmachineclusterpreferences-count": {
        "value": 4.444444444444445
      },
      "PATCH-nodes-count": {
        "value": 12.222185185596704
      },
      "PATCH-pods-count": {
        "value": 309.32849999999996
      },
      "PATCH-services-count": {
        "value": 17.77777777777778
      },
      "PATCH-validatingadmissionpolicies-count": {
        "value": 4.444444444444445
      },
      "PATCH-validatingadmissionpolicybindings-count": {
        "value": 4.444444444444445
      },
      "PATCH-virtualmachineinstances-count": {
        "value": 17.691000000000003,
        "thresholdResult": {
          "thresholdValue": 211.26144444444444,
          "thresholdMetric": "CREATE-pods-count",
          "thresholdRatio": 0.16747968420382753,
          "thresholdExceeded": true
        }
      },
      "UPDATE-kubevirts-count": {
        "value": 1.1111111111111112
      },
      "UPDATE-leases-count": {
        "value": 300
      },
      "UPDATE-virtualmachineinstances-count": {
        "value": 468.1262,
        "thresholdResult": {
          "thresholdValue": 1056.3072222222222,
          "thresholdMetric": "CREATE-pods-count",
          "thresholdRatio": 4.431723935534327,
          "thresholdExceeded": false
        }
      },
      "WATCH-clusterroles-count": {
        "value": 1.1111111111111112
      },
      "WATCH-customresourcedefinitions-count": {
        "value": 2.2222222222222223
      },
      "WATCH-datasources-count": {
        "value": 1.1111111111111112
      },
      "WATCH-datavolumes-count": {
        "value": 1.1111111111111112
      },
      "WATCH-deployments-count": {
        "value": 1.1111111111111112
      },
      "WATCH-jobs-count": {
        "value": 1.1111111111111112
      },
      "WATCH-mutatingwebhookconfigurations-count": {
        "value": 1.1111111111111112
      },
      "WATCH-namespaces-count": {
        "value": 1.1111111111111112
      },
      "WATCH-secrets-count": {
        "value": 1.1111111111111112
      },
      "WATCH-services-count": {
        "value": 1.1111111111111112
      },
      "WATCH-virtualmachineclones-count": {
        "value": 1.1111111111111112
      },
      "WATCH-virtualmachineclusterinstancetypes-count": {
        "value": 1.1111111111111112
      },
      "avgVirtAPICPUUsage": {
        "value": 0.008236055555555555
      },
      "avgVirtAPIMemoryUsageInMB": {
        "value": 134.8337890625
      },
      "avgVirtControllerCPUUsage": {
        "value": 0.01879890740740741
      },
      "avgVirtControllerMemoryUsageInMB": {
        "value": 62.659375
      },
      "avgVirtHandlerCPUUsage": {
        "value": 0.0006719510043377782
      },
      "avgVirtHandlerMemoryUsageInMB": {
        "value": 11.257013385874469
      },
      "maxVirtAPIMemoryUsageInMB": {
        "value": 156.6875
      },
      "maxVirtControllerMemoryUsageInMB": {
        "value": 86.12890625
      },
      "maxVirtHandlerCPUUsage": {
        "value": 0.0007090723765432097
      },
      "maxVirtHandlerMemoryUsageInMB": {
        "value": 29.275792824074074
      },
      "minVirtAPIMemoryUsageInMB": {
        "value": 122.88671875
      },
      "minVirtControllerMemoryUsageInMB": {
        "value": 54.37109375
      },
      "minVirtHandlerCPUUsage": {
        "value": 0.0006193596866096866
      },
      "minVirtHandlerMemoryUsageInMB": {
        "value": 3.6804668719951925
      },
      "running-phase-count": {
        "value": 101
      },
      "vmiCreationToRunningSecondsP50": {
        "value": 15,
        "thresholdResult": {
          "thresholdValue": 45,
          "thresholdExceeded": false
        }
      },
      "vmiCreationToRunningSecondsP95": {
        "value": 19.5,
        "thresholdResult": {
          "thresholdValue": 60,
          "thresholdExceeded": false
        }
      },
      "vmiCreationToRunningSecondsP99": {
        "value": 19.9
      },
      "vmiDeletionToFailedSecondsP50": {
        "value": 0
      },
      "vmiDeletionToFailedSecondsP95": {
        "value": 0
      },
      "vmiDeletionToFailedSecondsP99": {
        "value": 0
      },
      "vmiDeletionToSucceededSecondsP50": {
        "value": 0
      },
      "vmiDeletionToSucceededSecondsP95": {
        "value": 0
      },
      "vmiDeletionToSucceededSecondsP99": {
        "value": 0
      }
    }
  },
  "VMResult": {
    "Values": {
      "CREATE-events-count": {
        "value": 741.1111111111111
      },
      "CREATE-pods-count": {
        "value": 90
      },
      "GET-leases-count": {
        "value": 185.55555555555557
      },
      "GET-nodes-count": {
        "value": 31.111111111111114
      },
      "PATCH-events-count": {
        "value": 2.6948
      },
      "PATCH-nodes-count": {
        "value": 13.333333333333334
      },
      "PATCH-pods-count": {
        "value": 261.1111111111111
      },
      "PATCH-virtualmachineinstances-count": {
        "value": 130,
        "thresholdResult": {
          "thresholdValue": 180,
          "thresholdMetric": "CREATE-pods-count",
          "thresholdRatio": 1.4444444444444444,
          "thresholdExceeded": false
        }
      },
      "UPDATE-leases-count": {
        "value": 298.8888888888889
      },
      "UPDATE-virtualmachineinstances-count": {
        "value": 742.2919333333333,
        "thresholdResult": {
          "thresholdValue": 900,
          "thresholdMetric": "CREATE-pods-count",
          "thresholdRatio": 8.247688148148148,
          "thresholdExceeded": false
        }
      },
      "WATCH-clusterrolebindings-count": {
        "value": 2.2222222222222223
      },
      "WATCH-clusterroles-count": {
        "value": 1.1111111111111112
      },
      "WATCH-configmaps-count": {
        "value": 8.888888888888888
      },
      "WATCH-controllerrevisions-count": {
        "value": 1.1111111111111112
      },
      "WATCH-customresourcedefinitions-count": {
        "value": 8.88888888888889
      },
      "WATCH-daemonsets-count": {
        "value": 2.2222222222222223
      },
      "WATCH-datasources-count": {
        "value": 2.2222222222222223
      },
      "WATCH-deployments-count": {
        "value": 1.1111111111111112
      },
      "WATCH-ingresses-count": {
        "value": 1.1111111111111112
      },
      "WATCH-jobs-count": {
        "value": 1.1111111111111112
      },
      "WATCH-kubevirts-count": {
        "value": 7.777777777777777
      },
      "WATCH-migrationpolicies-count": {
        "value": 1.1111111111111112
      },
      "WATCH-mutatingwebhookconfigurations-count": {
        "value": 1.1111111111111112
      },
      "WATCH-namespaces-count": {
        "value": 4.444444444444445
      },
      "WATCH-nodes-count": {
        "value": 1.1111111111111112
      },
      "WATCH-poddisruptionbudgets-count": {
        "value": 1.1111111111111112
      },
      "WATCH-pods-count": {
        "value": 2.2222222222222223
      },
      "WATCH-prometheusrules-count": {
        "value": 1.1111111111111112
      },
      "WATCH-roles-count": {
        "value": 2.2222222222222223
      },
      "WATCH-secrets-count": {
        "value": 2.2222222222222223
      },
      "WATCH-serviceaccounts-count": {
        "value": 2.2222222222222223
      },
      "WATCH-servicemonitors-count": {
        "value": 2.2222222222222223
      },