{
  "JobDirCreationTime": "2024-03-05T05:07:15.151Z",
  "VMIResult": {
    "Values": {
      "CREATE-events-count": {
        "value": 639.6054555555555
      },
      "CREATE-pods-count": {
        "value": 110.04800000000002
      },
      "DELETE-pods-count": {
        "value": 112.31
      },
      "GET-endpoints-count": {
        "value": 484.44444444444446
      },
      "GET-leases-count": {
        "value": 782.2222222222222
      },
      "GET-nodes-count": {
        "value": 25.555555555555557
      },
      "LIST-clusterrolebindings-count": {
        "value": 1.1111111111111112
      },
      "LIST-clusterroles-count": {
        "value": 1.1111111111111112
      },
      "LIST-configmaps-count": {
        "value": 5.555555555555555
      },
      "LIST-customresourcedefinitions-count": {
        "value": 2.2222222222222223
      },
      "LIST-deployments-count": {
        "value": 2.2222222222222223
      },
      "LIST-ingresses-count": {
        "value": 1.1111111111111112
      },
      "LIST-jobs-count": {
        "value": 1.1111111111111112
      },
      "LIST-kubevirts-count": {
        "value": 1.1111111111111112
      },
      "LIST-mutatingwebhookconfigurations-count": {
        "value": 1.1111111111111112
      },
      "LIST-namespaces-count": {
        "value": 2.2222222222222223
      },
      "LIST-poddisruptionbudgets-count": {
        "value": 1.1111111111111112
      },
      "LIST-pods-count": {
        "value": 2.2222222222222223
      },
      "LIST-prometheusrules-count": {
        "value": 1.1111111111111112
      },
      "LIST-rolebindings-count": {
        "value": 2.2222222222222223
      },
      "LIST-roles-count": {
        "value": 1.1111111111111112
      },
      "LIST-routes-count": {
        "value": 1.1111111111111112
      },
      "LIST-secrets-count": {
        "value": 1.1111111111111112
      },
      "LIST-serviceaccounts-count": {
        "value": 1.1111111111111112
      },
      "LIST-services-count": {
        "value": 1.1111111111111112
      },
      "LIST-storageclasses-count": {
        "value": 1.1111111111111112
      },
      "LIST-virtualmachineinstancepresets-count": {
        "value": 2.2222222222222223
      },
      "LIST-virtualmachineinstances-count": {
        "value": 1.1111111111111112
      },
      "LIST-virtualmachinerestores-count": {
        "value": 2.2222222222222223
      },
      "LIST-virtualmachines-count": {
        "value": 1.1111111111111112
      },
      "PATCH-events-count": {
        "value": 21.912633333333332
      },
      "PATCH-nodes-count": {
        "value": 11.111111111111112
      },
      "PATCH-pods-count": {
        "value": 220.18648
      },
      "PATCH-virtualmachineinstances-count": {
        "value": 224.62
      },
      "UPDATE-endpoints-count": {
        "value": 297.77777777777777
      },
      "UPDATE-leases-count": {
        "value": 297.77777777777777
      },
      "UPDATE-virtualmachineinstances-count": {
        "value": 1082.0464755555556
      },
      "vmiCreationToRunningSecondsP50": {
        "value": 43.216537919512135
      },
      "vmiCreationToRunningSecondsP95": {
        "value": 49.99329558299599
      },
      "vmiCreationToRunningSecondsP99": {
        "value": 57.98203216242926
      },
      "vmiDeletionToFailedSecondsP50": {
        "value": 0
      },
      "vmiDeletionToFailedSecondsP95": {
        "value": 0
      },
      "vmiDeletionToFailedSecondsP99": {
        "value": 0
      },
      "vmiDeletionToSucceededSecondsP50": {
        "value": 0.7995607505422436
      },
      "vmiDeletionToSucceededSecondsP95": {
        "value": 8.530600225596173
      },
      "vmiDeletionToSucceededSecondsP99": {
        "value": 15.355080406073098
      }
    }
  },
  "VMResult": null
}
