{
  "JobDirCreationTime": "2025-03-13T09:00:44.245Z",
  "VMIResult": {
    "Values": {
      "CREATE-events-count": {
        "value": 203.56111851851847
      },
      "CREATE-pods-count": {
        "value": 103.29833333333333
      },
      "GET-leases-count": {
        "value": 188.88189352229054
      },
      "GET-nodes-count": {
        "value": 27.77777777777778
      },
      "LIST-nodes-count": {
        "value": 1.1111111111111112
      },
      "LIST-virtualmachineclusterinstancetypes-count": {
        "value": 1.1111111111111112
      },
      "LIST-virtualmachineclusterpreferences-count": {
        "value": 1.1111111111111112
      },
      "PATCH-nodes-count": {
        "value": 12.222222222222223
      },
      "PATCH-pods-count": {
        "value": 354.9062666666666
      },
      "PATCH-services-count": {
        "value": 4.444444444444445
      },
      "PATCH-validatingadmissionpolicies-count": {
        "value": 1.1111111111111112
      },
      "PATCH-validatingadmissionpolicybindings-count": {
        "value": 1.1111111111111112
      },
      "PATCH-virtualmachineinstances-count": {
        "value": 104.06444444444445,
        "thresholdResult": {
          "thresholdValue": 206.59666666666666,
          "thresholdMetric": "CREATE-pods-count",
          "thresholdRatio": 1.0074164905317393,
          "thresholdExceeded": false
        }
      },
      "UPDATE-leases-count": {
        "value": 298.8888888888889
      },
      "UPDATE-virtualmachineinstances-count": {
        "value": 574.9836055555556,
        "thresholdResult": {
          "thresholdValue": 1032.9833333333333,
          "thresholdMetric": "CREATE-pods-count",
          "thresholdRatio": 5.5662428134260535,
          "thresholdExceeded": false
        }
      },
      "WATCH-cdis-count": {
        "value": 1.1111111111111112
      },
      "WATCH-clusterrolebindings-count": {
        "value": 1.1111111111111112
      },
      "WATCH-clusterroles-count": {
        "value": 2.2221399237916533
      },
      "WATCH-configmaps-count": {
        "value": 6.666502069805528
      },
      "WATCH-customresourcedefinitions-count": {
        "value": 1.1110288126805423
      },
      "WATCH-daemonsets-count": {
        "value": 1.1111111111111112
      },
      "WATCH-deployments-count": {
        "value": 1.1110288126805423
      },
      "WATCH-jobs-count": {
        "value": 2.2221399237916533
      },
      "WATCH-kubevirts-count": {
        "value": 2.222209876680383
      },
      "WATCH-namespaces-count": {
        "value": 2.2222222222222223
      },
      "WATCH-nodes-count": {
        "value": 1.1111111111111112
      },
      "WATCH-prometheusrules-count": {
        "value": 1.1110288126805423
      },
      "WATCH-rolebindings-count": {
        "value": 1.1110288126805423
      },
      "WATCH-roles-count": {
        "value": 1.1111111111111112
      },
      "WATCH-serviceaccounts-count": {
        "value": 1.1111111111111112
      },
      "WATCH-servicemonitors-count": {
        "value": 2.2221399237916533
      },
      "WATCH-services-count": {
        "value": 1.1111111111111112
      },
      "WATCH-storageclasses-count": {
        "value": 1.1111111111111112
      },
      "WATCH-validatingwebhookconfigurations-count": {
        "value": 1.1111111111111112
      },
      "WATCH-virtualmachineclusterinstancetypes-count": {
        "value": 1.1111111111111112
      },
      "WATCH-virtualmachineinstances-count": {
        "value": 2.2222222222222223
      },
      "WATCH-virtualmachinesnapshotcontents-count": {
        "value": 1.1111111111111112
      },
      "avgVirtAPICPUUsage": {
        "value": 0.008395642592592593
      },
      "avgVirtAPIMemoryUsageInMB": {
        "value": 130.2271484375
      },
      "avgVirtControllerCPUUsage": {
        "value": 0.023435433333333335
      },
      "avgVirtControllerMemoryUsageInMB": {
        "value": 62.835156250000004
      },
      "avgVirtHandlerCPUUsage": {
        "value": 0.0007272389522000634
      },
      "avgVirtHandlerMemoryUsageInMB": {
        "value": 20.140891076983678
      },
      "maxVirtAPIMemoryUsageInMB": {
        "value": 158.564453125
      },
      "maxVirtControllerMemoryUsageInMB": {
        "value": 82.04296875
      },
      "maxVirtHandlerCPUUsage": {
        "value": 0.0007591181069958848
      },
      "maxVirtHandlerMemoryUsageInMB": {
        "value": 55.90188419117647
      },
      "minVirtAPIMemoryUsageInMB": {
        "value": 119.3046875
      },
      "minVirtControllerMemoryUsageInMB": {
        "value": 56.20703125
      },
      "minVirtHandlerCPUUsage": {
        "value": 0.0006773938746438747
      },
      "minVirtHandlerMemoryUsageInMB": {
        "value": 6.271334134615385
      },
      "running-phase-count": {
        "value": 101
      },
      "vmiCreationToRunningSecondsP50": {
        "value": 15.870364343926706,
        "thresholdResult": {
          "thresholdValue": 45,
          "thresholdExceeded": false
        }
      },
      "vmiCreationToRunningSecondsP95": {
        "value": 26.627639686247846,
        "thresholdResult": {
          "thresholdValue": 60,
          "thresholdExceeded": false
        }
      },
      "vmiCreationToRunningSecondsP99": {
        "value": 29.325527937249568
      },
      "vmiDeletionToFailedSecondsP50": {
        "value": 0
      },
      "vmiDeletionToFailedSecondsP95": {
        "value": 0
      },
      "vmiDeletionToFailedSecondsP99": {
        "value": 0
      },
      "vmiDeletionToSucceededSecondsP50": {
        "value": 0
      },
      "vmiDeletionToSucceededSecondsP95": {
        "value": 0
      },
      "vmiDeletionToSucceededSecondsP99": {
        "value": 0
      }
    }
  },
  "VMResult": {
    "Values": {
      "CREATE-controllerrevisions-count": {
        "value": 25.8112
      },
      "CREATE-events-count": {
        "value": 828.8921193852619
      },
      "CREATE-pods-count": {
        "value": 111.11111111111111
      },
      "CREATE-virtualmachineinstances-count": {
        "value": 25.8112
      },
      "GET-leases-count": {
        "value": 183.33333333333334
      },
      "GET-nodes-count": {
        "value": 26.666835393126078
      },
      "PATCH-nodes-count": {
        "value": 11.111181070858112
      },
      "PATCH-pods-count": {
        "value": 388.8888888888889
      },
      "PATCH-virtualmachineinstances-count": {
        "value": 223.33333333333334,
        "thresholdResult": {
          "thresholdValue": 222.22222222222223,
          "thresholdMetric": "CREATE-pods-count",
          "thresholdRatio": 2.0100000000000002,
          "thresholdExceeded": false
        }
      },
      "PATCH-virtualmachines-count": {
        "value": 25.8112
      },
      "UPDATE-leases-count": {
        "value": 297.784395355843
      },
      "UPDATE-virtualmachineinstances-count": {
        "value": 877.7802716394152,
        "thresholdResult": {
          "thresholdValue": 1111.111111111111,
          "thresholdMetric": "CREATE-pods-count",
          "thresholdRatio": 7.900022444754737,
          "thresholdExceeded": false
        }
      },
      "UPDATE-virtualmachines-count": {
        "value": 654.9592
      },
      "WATCH-clusterroles-count": {
        "value": 1.1111604960220454
      },
      "WATCH-configmaps-count": {
        "value": 11.111238687898386
      },
      "WATCH-customresourcedefinitions-count": {
        "value": 8.888975312010524
      },
      "WATCH-datasources-count": {
        "value": 3.333390949489562
      },
      "WATCH-jobs-count": {
        "value": 2.2222716071331563
      },
      "WATCH-kubevirts-count": {
        "value": 5.55560494046649
      },
      "WATCH-migrationpolicies-count": {
        "value": 1.1111111111111112
      },
      "WATCH-mutatingwebhookconfigurations-count": {
        "value": 1.1111604960220454
      },
      "WATCH-namespaces-count": {
        "value": 3.333390949489562
      },