{
  "JobDirCreationTime": "2025-04-29T05:34:27.625Z",
  "VMIResult": {
    "Values": {
      "CREATE-events-count": {
        "value": 203.1725806451613
      },
      "CREATE-pods-count": {
        "value": 101.51413978494624
      },
      "DELETE-pods-count": {
        "value": 138.8388693989071
      },
      "GET-leases-count": {
        "value": 1186.3645161290324
      },
      "GET-nodes-count": {
        "value": 142.93548387096774
      },
      "PATCH-events-count": {
        "value": 40.53689617486339
      },
      "PATCH-nodes-count": {
        "value": 61.25806451612904
      },
      "PATCH-pods-count": {
        "value": 204.03342096774193
      },
      "UPDATE-leases-count": {
        "value": 1893.8951612903227
      },
      "UPDATE-virtualmachineinstances-count": {
        "value": 433.20051827956985
      },
      "WATCH-clusterrolebindings-count": {
        "value": 8.167741935483871
      },
      "WATCH-clusterroles-count": {
        "value": 9.188709677419356
      },
      "WATCH-configmaps-count": {
        "value": 58.19516129032258
      },
      "WATCH-controllerrevisions-count": {
        "value": 4.083870967741936
      },
      "WATCH-customresourcedefinitions-count": {
        "value": 49.006451612903234
      },
      "WATCH-daemonsets-count": {
        "value": 9.188709677419356
      },
      "WATCH-deployments-count": {
        "value": 8.167741935483871
      },
      "WATCH-ingresses-count": {
        "value": 3.0629032258064517
      },
      "WATCH-jobs-count": {
        "value": 8.167741935483871
      },
      "WATCH-kubevirts-count": {
        "value": 35.73387096774194
      },
      "WATCH-migrationpolicies-count": {
        "value": 4.083870967741936
      },
      "WATCH-mutatingwebhookconfigurations-count": {
        "value": 7.146774193548387
      },
      "WATCH-namespaces-count": {
        "value": 19.398387096774194
      },
      "WATCH-nodes-count": {
        "value": 4.083870967741936
      },
      "WATCH-persistentvolumeclaims-count": {
        "value": 4.083870967741936
      },
      "WATCH-poddisruptionbudgets-count": {
        "value": 13.272580645161291
      },
      "WATCH-pods-count": {
        "value": 15.314516129032258
      },
      "WATCH-prometheusrules-count": {
        "value": 7.146774193548387
      },
      "WATCH-resourcequotas-count": {
        "value": 3.0629032258064517
      },
      "WATCH-rolebindings-count": {
        "value": 8.167741935483871
      },
      "WATCH-roles-count": {
        "value": 7.146774193548387
      },
      "WATCH-routes-count": {
        "value": 11.230645161290322
      },
      "WATCH-secrets-count": {
        "value": 13.272580645161291
      },
      "WATCH-securitycontextconstraints-count": {
        "value": 8.167741935483871
      },
      "WATCH-serviceaccounts-count": {
        "value": 8.167741935483871
      },
      "WATCH-servicemonitors-count": {
        "value": 8.167741935483871
      },
      "WATCH-services-count": {
        "value": 11.230645161290322
      },
      "WATCH-storageclasses-count": {
        "value": 4.083870967741936
      },
      "WATCH-validatingwebhookconfigurations-count": {
        "value": 9.188709677419356
      },
      "WATCH-virtualmachineclones-count": {
        "value": 4.083870967741936
      },
      "WATCH-virtualmachineclusterinstancetypes-count": {
        "value": 12.251612903225807
      },
      "WATCH-virtualmachineclusterpreferences-count": {
        "value": 12.251612903225807
      },
      "WATCH-virtualmachineexports-count": {
        "value": 5.10483870967742
      },
      "WATCH-virtualmachineinstancemigrations-count": {
        "value": 4.083870967741936
      },
      "WATCH-virtualmachineinstancepresets-count": {
        "value": 8.167741935483871
      },
      "WATCH-virtualmachineinstancereplicasets-count": {
        "value": 5.10483870967742
      },
      "WATCH-virtualmachineinstances-count": {
        "value": 29.608064516129033
      },
      "WATCH-virtualmachineinstancetypes-count": {
        "value": 5.10483870967742
      },
      "WATCH-virtualmachinepools-count": {
        "value": 4.083870967741936
      },
      "WATCH-virtualmachinepreferences-count": {
        "value": 4.083870967741936
      },
      "WATCH-virtualmachinerestores-count": {
        "value": 11.230645161290322
      },
      "WATCH-virtualmachines-count": {
        "value": 4.083870967741936
      },
      "WATCH-virtualmachinesnapshotcontents-count": {
        "value": 4.083870967741936
      },
      "WATCH-virtualmachinesnapshots-count": {
        "value": 4.083870967741936
      },
      "WATCH-volumesnapshotclasses-count": {
        "value": 4.083870967741936
      },
      "WATCH-volumesnapshots-count": {
        "value": 4.083870967741936
      },
      "avgVirtAPICPUUsage": {
        "value": 0.0042799129048387095
      },
      "avgVirtAPIMemoryUsageInMB": {
        "value": 164.86348276289684
      },
      "avgVirtControllerCPUUsage": {
        "value": 0.007241181847849462
      },
      "avgVirtControllerMemoryUsageInMB": {
        "value": 172.39552331349205
      },
      "failed-phase-count": {
        "value": 9
      },
      "maxVirtAPIMemoryUsageInMB": {
        "value": 195.4296875
      },
      "maxVirtControllerMemoryUsageInMB": {
        "value": 205.953125
      },
      "minVirtAPIMemoryUsageInMB": {
        "value": 156.2890625
      },
      "minVirtControllerMemoryUsageInMB": {
        "value": 130.90234375
      },
      "scheduling-phase-count": {
        "value": 47
      },
      "vmiCreationToRunningSecondsP50": {
        "value": 0
      },
      "vmiCreationToRunningSecondsP95": {
        "value": 0
      },
      "vmiCreationToRunningSecondsP99": {
        "value": 0
      },
      "vmiDeletionToFailedSecondsP50": {
        "value": 0.25
      },
      "vmiDeletionToFailedSecondsP95": {
        "value": 0.4749999999999999
      },
      "vmiDeletionToFailedSecondsP99": {
        "value": 0.495
      },
      "vmiDeletionToSucceededSecondsP50": {
        "value": 0
      },
      "vmiDeletionToSucceededSecondsP95": {
        "value": 0
      },
      "vmiDeletionToSucceededSecondsP99": {
        "value": 0
      }
    }
  },
  "VMResult": null
}
