{
  "JobDirCreationTime": "2024-12-19T21:02:30.795Z",
  "VMIResult": {
    "Values": {
      "CREATE-events-count": {
        "value": 162.05081666666666
      },
      "CREATE-pods-count": {
        "value": 111.18555555555557
      },
      "GET-leases-count": {
        "value": 124.89843333333334
      },
      "GET-nodes-count": {
        "value": 34.85082264266106
      },
      "LIST-nodes-count": {
        "value": 6.426933333333333
      },
      "LIST-virtualmachineclusterinstancetypes-count": {
        "value": 6.426933333333333
      },
      "LIST-virtualmachineclusterpreferences-count": {
        "value": 6.426933333333333
      },
      "PATCH-nodes-count": {
        "value": 8.08200007007314
      },
      "PATCH-pods-count": {
        "value": 385.34387777777783
      },
      "PATCH-services-count": {
        "value": 25.707733333333334
      },
      "PATCH-validatingadmissionpolicies-count": {
        "value": 6.426933333333333
      },
      "PATCH-validatingadmissionpolicybindings-count": {
        "value": 6.426933333333333
      },
      "PATCH-virtualmachineinstances-count": {
        "value": 106.77813333333334,
        "thresholdResult": {
          "thresholdValue": 222.37111111111113,
          "thresholdMetric": "CREATE-pods-count",
          "thresholdRatio": 0.9603597589614958,
          "thresholdExceeded": false
        }
      },
      "UPDATE-kubevirts-count": {
        "value": 1.2853866666666667
      },
      "UPDATE-leases-count": {
        "value": 198.4875
      },
      "UPDATE-virtualmachineinstances-count": {
        "value": 631.9084222222223,
        "thresholdResult": {
          "thresholdValue": 1111.8555555555556,
          "thresholdMetric": "CREATE-pods-count",
          "thresholdRatio": 5.68336794347787,
          "thresholdExceeded": false
        }
      },
      "WATCH-clusterrolebindings-count": {
        "value": 1.1021333333333332
      },
      "WATCH-roles-count": {
        "value": 1.1021333333333332
      },
      "WATCH-serviceaccounts-count": {
        "value": 1.1021333333333332
      },
      "avgVirtAPICPUUsage": {
        "value": 0.010895635890714288
      },
      "avgVirtAPIMemoryUsageInMB": {
        "value": 125.15017361111111
      },
      "avgVirtControllerCPUUsage": {
        "value": 0.025226927220666665
      },
      "avgVirtControllerMemoryUsageInMB": {
        "value": 56.603515625
      },
      "avgVirtHandlerCPUUsage": {
        "value": 0.0008715598358738568
      },
      "avgVirtHandlerMemoryUsageInMB": {
        "value": 13.77403039307336
      },
      "maxVirtAPIMemoryUsageInMB": {
        "value": 154.98828125
      },
      "maxVirtControllerMemoryUsageInMB": {
        "value": 87.45703125
      },
      "maxVirtHandlerCPUUsage": {
        "value": 0.0009811678736828702
      },
      "maxVirtHandlerMemoryUsageInMB": {
        "value": 25.11158130787037
      },
      "minVirtAPIMemoryUsageInMB": {
        "value": 0
      },
      "minVirtControllerMemoryUsageInMB": {
        "value": 0
      },
      "minVirtHandlerCPUUsage": {
        "value": 0.0007560173146043956
      },
      "minVirtHandlerMemoryUsageInMB": {
        "value": 4.903094951923077
      },
      "none-none-count": {
        "value": 1.19965
      },
      "running-phase-count": {
        "value": 101
      },
      "vmiCreationToRunningSecondsP50": {
        "value": 16.38326143054988,
        "thresholdResult": {
          "thresholdValue": 45,
          "thresholdExceeded": false
        }
      },
      "vmiCreationToRunningSecondsP95": {
        "value": 27.692677143462177,
        "thresholdResult": {
          "thresholdValue": 60,
          "thresholdExceeded": false
        }
      },
      "vmiCreationToRunningSecondsP99": {
        "value": 29.538535428692438
      },
      "vmiDeletionToFailedSecondsP50": {
        "value": 0
      },
      "vmiDeletionToFailedSecondsP95": {
        "value": 0
      },
      "vmiDeletionToFailedSecondsP99": {
        "value": 0
      },
      "vmiDeletionToSucceededSecondsP50": {
        "value": 0
      },
      "vmiDeletionToSucceededSecondsP95": {
        "value": 0
      },
      "vmiDeletionToSucceededSecondsP99": {
        "value": 0
      }
    }
  },
  "VMResult": {
    "Values": {
      "CREATE-controllerrevisions-count": {
        "value": 90.2678
      },
      "CREATE-events-count": {
        "value": 830
      },
      "CREATE-pods-count": {
        "value": 111.11111111111111
      },
      "CREATE-virtualmachineinstances-count": {
        "value": 90.2678
      },
      "GET-leases-count": {
        "value": 187.77777777777777
      },
      "GET-nodes-count": {
        "value": 24.444444444444443
      },
      "PATCH-nodes-count": {
        "value": 11.11111111111111
      },
      "PATCH-pods-count": {
        "value": 402.22222222222223
      },
      "PATCH-virtualmachineinstances-count": {
        "value": 217.7777777777778,
        "thresholdResult": {
          "thresholdValue": 222.22222222222223,
          "thresholdMetric": "CREATE-pods-count",
          "thresholdRatio": 1.9600000000000002,
          "thresholdExceeded": false
        }
      },
      "PATCH-virtualmachines-count": {
        "value": 90.2678
      },
      "UPDATE-leases-count": {
        "value": 298.8888888888889
      },
      "UPDATE-virtualmachineinstances-count": {
        "value": 915.5555555555557,
        "thresholdResult": {
          "thresholdValue": 1111.111111111111,
          "thresholdMetric": "CREATE-pods-count",
          "thresholdRatio": 8.24,
          "thresholdExceeded": false
        }
      },
      "UPDATE-virtualmachines-count": {
        "value": 972.6815999999999
      },
      "WATCH-cdiconfigs-count": {
        "value": 1.1111111111111112
      },
      "WATCH-cdis-count": {
        "value": 1.1111111111111112
      },
      "WATCH-clusterrolebindings-count": {
        "value": 1.1111111111111112
      },
      "WATCH-clusterroles-count": {
        "value": 1.1111111111111112
      },
      "WATCH-configmaps-count": {
        "value": 13.333333333333332
      },
      "WATCH-controllerrevisions-count": {
        "value": 1.1111111111111112
      },
      "WATCH-customresourcedefinitions-count": {
        "value": 8.88888888888889
      },
      "WATCH-daemonsets-count": {
        "value": 1.1111111111111112
      },
      "WATCH-datasources-count": {
        "value": 2.2222222222222223
      },
      "WATCH-datavolumes-count": {
        "value": 1.1111111111111112
      },
      "WATCH-deployments-count": {
        "value": 1.1111111111111112
      },
      "WATCH-ingresses-count": {
        "value": 1.1111111111111112
      },
      "WATCH-jobs-count": {
        "value": 1.1111111111111112
      },
      "WATCH-kubevirts-count": {
        "value": 11.111111111111109
      },
      "WATCH-migrationpolicies-count": {
        "value": 1.1111111111111112
      },
      "WATCH-mutatingwebhookconfigurations-count": {
        "value": 1.1111111111111112
      },
      "WATCH-namespaces-count": {
        "value": 5.555555555555555
      },
      "WATCH-nodes-count": {
        "value": 1.1111111111111112
      },
      "WATCH-poddisruptionbudgets-count": {
        "value": 3.3333333333333335
      },
      "WATCH-pods-count": {
        "value": 3.3333333333333335
      },
      "WATCH-prometheusrules-count": {
        "value": 2.2222222222222223
      },
      "WATCH-resourcequotas-count": {
        "value": 1.1111111111111112
      },
      "WATCH-rolebindings-count": {
        "value": 2.2222222222222223
      },
      "WATCH-roles-count": {
        "value": 1.1111111111111112
      },
      "WATCH-secrets-count": {
        "value": 2.2222222222222223
      },
      "WATCH-serviceaccounts-count": {
        "value": 1.1111111111111112
      },
      "WATCH-servicemonitors-count": {
        "value": 2.2222222222222223
      },
      "WATCH-services-count": {
        "value": 3.3333333333333335
      },