{
  "JobDirCreationTime": "2025-03-30T05:03:41.559Z",
  "VMIResult": {
    "Values": {
      "CREATE-events-count": {
        "value": 813.9912425925926
      },
      "CREATE-pods-count": {
        "value": 105.30222222222223
      },
      "DELETE-pods-count": {
        "value": 423.4261333333334
      },
      "GET-leases-count": {
        "value": 183.33333333333334
      },
      "GET-nodes-count": {
        "value": 22.22222222222222
      },
      "PATCH-events-count": {
        "value": 226.56473333333335
      },
      "PATCH-nodes-count": {
        "value": 8.88888888888889
      },
      "PATCH-pods-count": {
        "value": 318.03573333333327
      },
      "PATCH-virtualmachineinstances-count": {
        "value": 212.37695999999997
      },
      "UPDATE-leases-count": {
        "value": 298.8888888888889
      },
      "UPDATE-virtualmachineinstances-count": {
        "value": 1049.234322222222
      },
      "WATCH-clusterrolebindings-count": {
        "value": 1.1111111111111112
      },
      "WATCH-clusterroles-count": {
        "value": 2.2222222222222223
      },
      "WATCH-configmaps-count": {
        "value": 6.666666666666667
      },
      "WATCH-customresourcedefinitions-count": {
        "value": 6.666666666666666
      },
      "WATCH-deployments-count": {
        "value": 2.2222222222222223
      },
      "WATCH-jobs-count": {
        "value": 2.2222222222222223
      },
      "WATCH-kubevirts-count": {
        "value": 5.555555555555555
      },
      "WATCH-migrationpolicies-count": {
        "value": 1.1111111111111112
      },
      "WATCH-mutatingwebhookconfigurations-count": {
        "value": 1.1111111111111112
      },
      "WATCH-namespaces-count": {
        "value": 1.1111111111111112
      },
      "WATCH-nodes-count": {
        "value": 1.1111111111111112
      },
      "WATCH-persistentvolumeclaims-count": {
        "value": 1.1111111111111112
      },
      "WATCH-poddisruptionbudgets-count": {
        "value": 2.2222222222222223
      },
      "WATCH-pods-count": {
        "value": 3.3333333333333335
      },
      "WATCH-prometheusrules-count": {
        "value": 2.2222222222222223
      },
      "WATCH-rolebindings-count": {
        "value": 2.2222222222222223
      },
      "WATCH-roles-count": {
        "value": 1.1111111111111112
      },
      "WATCH-routes-count": {
        "value": 2.2222222222222223
      },
      "WATCH-securitycontextconstraints-count": {
        "value": 1.1111111111111112
      },
      "WATCH-serviceaccounts-count": {
        "value": 1.1111111111111112
      },
      "WATCH-servicemonitors-count": {
        "value": 2.2222222222222223
      },
      "WATCH-services-count": {
        "value": 2.2222222222222223
      },
      "WATCH-validatingwebhookconfigurations-count": {
        "value": 2.2222222222222223
      },
      "WATCH-virtualmachineclones-count": {
        "value": 1.1111111111111112
      },
      "WATCH-virtualmachineclusterinstancetypes-count": {
        "value": 1.1111111111111112
      },
      "WATCH-virtualmachineinstancepresets-count": {
        "value": 2.2222222222222223
      },
      "WATCH-virtualmachineinstancereplicasets-count": {
        "value": 1.1111111111111112
      },
      "WATCH-virtualmachineinstances-count": {
        "value": 3.3333333333333335
      },
      "WATCH-virtualmachineinstancetypes-count": {
        "value": 1.1111111111111112
      },
      "WATCH-virtualmachinepreferences-count": {
        "value": 1.1111111111111112
      },
      "WATCH-virtualmachinerestores-count": {
        "value": 3.3333333333333335
      },
      "WATCH-virtualmachinesnapshotcontents-count": {
        "value": 1.1111111111111112
      },
      "avgVirtAPICPUUsage": {
        "value": 0.03477197574444444
      },
      "avgVirtAPIMemoryUsageInMB": {
        "value": 190.693359375
      },
      "avgVirtControllerCPUUsage": {
        "value": 0.037432026085185185
      },
      "avgVirtControllerMemoryUsageInMB": {
        "value": 117.283203125
      },
      "avgVirtHandlerMemoryUsageInMB": {
        "value": 45.28465153417546
      },
      "maxVirtAPIMemoryUsageInMB": {
        "value": 209.4306640625
      },
      "maxVirtControllerMemoryUsageInMB": {
        "value": 146.76171875
      },
      "maxVirtHandlerMemoryUsageInMB": {
        "value": 87.0377702985491
      },
      "minVirtAPIMemoryUsageInMB": {
        "value": 174.9052734375
      },
      "minVirtControllerMemoryUsageInMB": {
        "value": 92.72265625
      },
      "minVirtHandlerMemoryUsageInMB": {
        "value": 11.66845703125
      },
      "vmiCreationToRunningSecondsP50": {
        "value": 46.52958408474748
      },
      "vmiCreationToRunningSecondsP95": {
        "value": 58.317484870000335
      },
      "vmiCreationToRunningSecondsP99": {
        "value": 59.66349697400007
      },
      "vmiDeletionToFailedSecondsP50": {
        "value": 0
      },
      "vmiDeletionToFailedSecondsP95": {
        "value": 0
      },
      "vmiDeletionToFailedSecondsP99": {
        "value": 0
      },
      "vmiDeletionToSucceededSecondsP50": {
        "value": 0.7174423251264435
      },
      "vmiDeletionToSucceededSecondsP95": {
        "value": 0.9878156610840729
      },
      "vmiDeletionToSucceededSecondsP99": {
        "value": 1.663535404141617
      }
    }
  },
  "VMResult": null
}
