{
  "JobDirCreationTime": "2025-02-09T00:18:56.503Z",
  "VMIResult": {
    "Values": {
      "CREATE-events-count": {
        "value": 78.609175
      },
      "CREATE-pods-count": {
        "value": 82.16971111111111
      },
      "GET-leases-count": {
        "value": 107.91096903825056
      },
      "GET-nodes-count": {
        "value": 32.37821333333333
      },
      "LIST-nodes-count": {
        "value": 5.9074333333333335
      },
      "LIST-virtualmachineclusterinstancetypes-count": {
        "value": 5.9074333333333335
      },
      "LIST-virtualmachineclusterpreferences-count": {
        "value": 5.9074333333333335
      },
      "PATCH-nodes-count": {
        "value": 6.2977799999999995
      },
      "PATCH-pods-count": {
        "value": 225.87130000000002
      },
      "PATCH-services-count": {
        "value": 23.629733333333334
      },
      "PATCH-validatingadmissionpolicies-count": {
        "value": 5.9074333333333335
      },
      "PATCH-validatingadmissionpolicybindings-count": {
        "value": 5.9074333333333335
      },
      "UPDATE-kubevirts-count": {
        "value": 1.1814866666666668
      },
      "UPDATE-leases-count": {
        "value": 170.025
      },
      "UPDATE-virtualmachineinstances-count": {
        "value": 303.0752444444444,
        "thresholdResult": {
          "thresholdValue": 821.6971111111111,
          "thresholdMetric": "CREATE-pods-count",
          "thresholdRatio": 3.688405865692062,
          "thresholdExceeded": false
        }
      },
      "WATCH-deployments-count": {
        "value": 1.1814866666666668
      },
      "WATCH-prometheusrules-count": {
        "value": 1.1814866666666668
      },
      "avgVirtAPICPUUsage": {
        "value": 0.008434131313238096
      },
      "avgVirtAPIMemoryUsageInMB": {
        "value": 122.06814236111111
      },
      "avgVirtControllerCPUUsage": {
        "value": 0.01932189053696296
      },
      "avgVirtControllerMemoryUsageInMB": {
        "value": 54.66845703125
      },
      "avgVirtHandlerCPUUsage": {
        "value": 0.0006767683288762448
      },
      "avgVirtHandlerMemoryUsageInMB": {
        "value": 21.519025213068183
      },
      "maxVirtAPIMemoryUsageInMB": {
        "value": 157.8515625
      },
      "maxVirtControllerMemoryUsageInMB": {
        "value": 88
      },
      "maxVirtHandlerCPUUsage": {
        "value": 0.0007161755803695989
      },
      "maxVirtHandlerMemoryUsageInMB": {
        "value": 43.233203125
      },
      "minVirtAPIMemoryUsageInMB": {
        "value": 0
      },
      "minVirtControllerMemoryUsageInMB": {
        "value": 0
      },
      "minVirtHandlerCPUUsage": {
        "value": 0.0006416302663589744
      },
      "minVirtHandlerMemoryUsageInMB": {
        "value": 8.3890625
      },
      "running-phase-count": {
        "value": 101
      },
      "vmiCreationToRunningSecondsP50": {
        "value": 0,
        "thresholdResult": {
          "thresholdValue": 45,
          "thresholdExceeded": false
        }
      },
      "vmiCreationToRunningSecondsP95": {
        "value": 0,
        "thresholdResult": {
          "thresholdValue": 60,
          "thresholdExceeded": false
        }
      },
      "vmiCreationToRunningSecondsP99": {
        "value": 0
      },
      "vmiDeletionToFailedSecondsP50": {
        "value": 0
      },
      "vmiDeletionToFailedSecondsP95": {
        "value": 0
      },
      "vmiDeletionToFailedSecondsP99": {
        "value": 0
      },
      "vmiDeletionToSucceededSecondsP50": {
        "value": 0
      },
      "vmiDeletionToSucceededSecondsP95": {
        "value": 0
      },
      "vmiDeletionToSucceededSecondsP99": {
        "value": 0
      }
    }
  },
  "VMResult": {
    "Values": {
      "CREATE-events-count": {
        "value": 643.3333333333335
      },
      "CREATE-pods-count": {
        "value": 61.111111111111114
      },
      "GET-leases-count": {
        "value": 185.55555555555554
      },
      "GET-nodes-count": {
        "value": 28.888888888888893
      },
      "PATCH-nodes-count": {
        "value": 12.222222222222223
      },
      "PATCH-pods-count": {
        "value": 165.55555555555554
      },
      "PATCH-virtualmachineinstances-count": {
        "value": 112.22222222222223,
        "thresholdResult": {
          "thresholdValue": 122.22222222222223,
          "thresholdMetric": "CREATE-pods-count",
          "thresholdRatio": 1.8363636363636364,
          "thresholdExceeded": false
        }
      },
      "UPDATE-leases-count": {
        "value": 300
      },
      "UPDATE-virtualmachineinstances-count": {
        "value": 530,
        "thresholdResult": {
          "thresholdValue": 611.1111111111111,
          "thresholdMetric": "CREATE-pods-count",
          "thresholdRatio": 8.672727272727272,
          "thresholdExceeded": false
        }
      },
      "WATCH-cdiconfigs-count": {
        "value": 1.1111111111111112
      },
      "WATCH-cdis-count": {
        "value": 1.1111111111111112
      },
      "WATCH-clusterrolebindings-count": {
        "value": 2.2222222222222223
      },
      "WATCH-clusterroles-count": {
        "value": 1.1111111111111112
      },
      "WATCH-configmaps-count": {
        "value": 13.333283951714652
      },
      "WATCH-controllerrevisions-count": {
        "value": 1.1111111111111112
      },
      "WATCH-customresourcedefinitions-count": {
        "value": 13.333308642523992
      },
      "WATCH-daemonsets-count": {
        "value": 2.2222222222222223
      },
      "WATCH-datasources-count": {
        "value": 3.3333086425239933
      },
      "WATCH-datavolumes-count": {
        "value": 1.1111111111111112
      },
      "WATCH-deployments-count": {
        "value": 1.1111111111111112
      },
      "WATCH-ingresses-count": {
        "value": 1.1111111111111112
      },
      "WATCH-jobs-count": {
        "value": 1.1111111111111112
      },
      "WATCH-kubevirts-count": {
        "value": 9.999975309190658
      },
      "WATCH-namespaces-count": {
        "value": 5.555530864746215
      },
      "WATCH-nodes-count": {
        "value": 1.1111111111111112
      },
      "WATCH-persistentvolumeclaims-count": {
        "value": 1.1111111111111112
      },
      "WATCH-poddisruptionbudgets-count": {
        "value": 3.3333333333333335
      },
      "WATCH-pods-count": {
        "value": 3.3333333333333335
      },
      "WATCH-resourcequotas-count": {
        "value": 1.1111111111111112
      },
      "WATCH-rolebindings-count": {
        "value": 1.1111111111111112
      },
      "WATCH-roles-count": {
        "value": 1.1111111111111112
      },
      "WATCH-secrets-count": {
        "value": 2.2222222222222223
      },
      "WATCH-serviceaccounts-count": {
        "value": 2.2222222222222223
      },
      "WATCH-servicemonitors-count": {
        "value": 2.2222222222222223
      },
      "WATCH-services-count": {
        "value": 3.3333333333333335
      },
      "WATCH-storageclasses-count": {
        "value": 1.1111111111111112
      },
      "WATCH-validatingadmissionpolicies-count": {
        "value": 1.1111111111111112
      },
      "WATCH-validatingadmissionpolicybindings-count": {
        "value": 2.2222222222222223
      },
      "WATCH-validatingwebhookconfigurations-count": {
        "value": 2.2222222222222223
      },
      "WATCH-virtualmachineclones-count": {
        "value": 1.1111111111111112
      },
      "WATCH-virtualmachineclusterinstancetypes-count": {
        "value": 3.3333333333333335
      },
      "WATCH-virtualmachineclusterpreferences-count": {
        "value": 1.1111111111111112
      },
      "WATCH-virtualmachineexports-count": {
        "value": 1.1111111111111112
      },
      "WATCH-virtualmachineinstancemigrations-count": {
        "value": 1.1111111111111112
      },
      "WATCH-virtualmachineinstancereplicasets-count": {
        "value": 1.1111111111111112
      },
      "WATCH-virtualmachineinstances-count": {
        "value": 10
      },