{
  "JobDirCreationTime": "2026-02-12T08:24:13.621Z",
  "VMIResult": {
    "Values": {
      "CREATE-deployments-count": {
        "value": 1.0937619047619047
      },
      "CREATE-events-count": {
        "value": 141.30173333333332
      },
      "CREATE-poddisruptionbudgets-count": {
        "value": 1.0937619047619047
      },
      "CREATE-pods-count": {
        "value": 104.09333333333335
      },
      "GET-leases-count": {
        "value": 137.84716666666668
      },
      "LIST-nodes-count": {
        "value": 38.281666666666666
      },
      "LIST-virtualmachineclusterinstancetypes-count": {
        "value": 30.64766666666667
      },
      "LIST-virtualmachineclusterpreferences-count": {
        "value": 30.64766666666667
      },
      "PATCH-nodes-count": {
        "value": 18.97967595189683
      },
      "PATCH-pods-count": {
        "value": 208.1866666666667
      },
      "PATCH-services-count": {
        "value": 153.12666666666667
      },
      "PATCH-validatingadmissionpolicies-count": {
        "value": 38.281666666666666
      },
      "PATCH-validatingadmissionpolicybindings-count": {
        "value": 38.281666666666666
      },
      "PATCH-virtualmachineinstances-count": {
        "value": 105.12444444444446,
        "thresholdResult": {
          "thresholdValue": 208.1866666666667,
          "thresholdMetric": "CREATE-pods-count",
          "thresholdRatio": 1.0099056402373938,
          "thresholdExceeded": false
        }
      },
      "UPDATE-configmaps-count": {
        "value": 38.281666666666666
      },
      "UPDATE-kubevirts-count": {
        "value": 2.1875238095238094
      },
      "UPDATE-leases-count": {
        "value": 213.1072380952381
      },
      "UPDATE-virtualmachineinstances-count": {
        "value": 483.5244444444445,
        "thresholdResult": {
          "thresholdValue": 1040.9333333333334,
          "thresholdMetric": "CREATE-pods-count",
          "thresholdRatio": 4.64510482046027,
          "thresholdExceeded": false
        }
      },
      "avgVirtAPICPUUsage": {
        "value": 0.01940110549769815
      },
      "avgVirtAPIMemoryUsageInMB": {
        "value": 130.77886284722223
      },
      "avgVirtControllerCPUUsage": {
        "value": 0.02805626268430735
      },
      "avgVirtControllerMemoryUsageInMB": {
        "value": 56.95849609375
      },
      "avgVirtHandlerCPUUsage": {
        "value": 0.000890217985332647
      },
      "avgVirtHandlerMemoryUsageInMB": {
        "value": 12.876575553714225
      },
      "maxVirtAPIMemoryUsageInMB": {
        "value": 158.2734375
      },
      "maxVirtControllerMemoryUsageInMB": {
        "value": 88.30078125
      },
      "maxVirtHandlerCPUUsage": {
        "value": 0.000980120284610817
      },
      "maxVirtHandlerMemoryUsageInMB": {
        "value": 28.76876736111111
      },
      "minVirtAPIMemoryUsageInMB": {
        "value": 0.001953125
      },
      "minVirtControllerMemoryUsageInMB": {
        "value": 0.07421875
      },
      "minVirtHandlerCPUUsage": {
        "value": 0.0008358080632666666
      },
      "minVirtHandlerMemoryUsageInMB": {
        "value": 5.394820601851851
      },
      "none-none-count": {
        "value": 1.1505
      },
      "running-phase-count": {
        "value": 101
      },
      "virtControllerWorkqueueAddRate": {
        "value": 15.580955682539681
      },
      "virtControllerWorkqueueDepth": {
        "value": 0
      },
      "virtControllerWorkqueueP99Latency": {
        "value": 0.06522167253391399
      },
      "vmiCreationToRunningSecondsP50": {
        "value": 15.802321222861337,
        "thresholdResult": {
          "thresholdValue": 45,
          "thresholdExceeded": false
        }
      },
      "vmiCreationToRunningSecondsP95": {
        "value": 26.384041043954696,
        "thresholdResult": {
          "thresholdValue": 60,
          "thresholdExceeded": false
        }
      },
      "vmiCreationToRunningSecondsP99": {
        "value": 29.276808208790943
      },
      "vmiDeletionToFailedSecondsP50": {
        "value": 0
      },
      "vmiDeletionToFailedSecondsP95": {
        "value": 0
      },
      "vmiDeletionToFailedSecondsP99": {
        "value": 0
      },
      "vmiDeletionToSucceededSecondsP50": {
        "value": 0
      },
      "vmiDeletionToSucceededSecondsP95": {
        "value": 0
      },
      "vmiDeletionToSucceededSecondsP99": {
        "value": 0
      }
    }
  },
  "VMResult": {
    "Values": {
      "CREATE-events-count": {
        "value": 739.9970370813893
      },
      "CREATE-pods-count": {
        "value": 91.11111111111111
      },
      "GET-leases-count": {
        "value": 185.55555555555554
      },
      "LIST-nodes-count": {
        "value": 50
      },
      "LIST-virtualmachineclusterinstancetypes-count": {
        "value": 50
      },
      "LIST-virtualmachineclusterpreferences-count": {
        "value": 50
      },
      "PATCH-nodes-count": {
        "value": 22.222078191510406
      },
      "PATCH-pods-count": {
        "value": 130
      },
      "PATCH-services-count": {
        "value": 200
      },
      "PATCH-validatingadmissionpolicies-count": {
        "value": 50
      },
      "PATCH-validatingadmissionpolicybindings-count": {
        "value": 50
      },
      "PATCH-virtualmachineinstances-count": {
        "value": 114.44444444444444,
        "thresholdResult": {
          "thresholdValue": 182.22222222222223,
          "thresholdMetric": "CREATE-pods-count",
          "thresholdRatio": 1.2560975609756098,
          "thresholdExceeded": false
        }
      },
      "UPDATE-configmaps-count": {
        "value": 50
      },
      "UPDATE-leases-count": {
        "value": 300
      },
      "UPDATE-virtualmachineinstances-count": {
        "value": 712.2202880934304,
        "thresholdResult": {
          "thresholdValue": 911.1111111111111,
          "thresholdMetric": "CREATE-pods-count",
          "thresholdRatio": 7.81705194248887,
          "thresholdExceeded": false
        }
      },
      "WATCH-cdiconfigs-count": {
        "value": 1.1111111111111112
      },
      "WATCH-cdis-count": {
        "value": 1.1111111111111112
      },
      "WATCH-clusterrolebindings-count": {
        "value": 2.2222222222222223
      },
      "WATCH-clusterroles-count": {
        "value": 2.2222222222222223
      },
      "WATCH-configmaps-count": {
        "value": 15.555526749413193
      },
      "WATCH-controllerrevisions-count": {
        "value": 1.1111111111111112
      },
      "WATCH-customresourcedefinitions-count": {
        "value": 9.999971193857636
      },
      "WATCH-daemonsets-count": {
        "value": 1.1111111111111112
      },
      "WATCH-datasources-count": {
        "value": 3.3333333333333335
      },
      "WATCH-datavolumes-count": {
        "value": 1.1111111111111112
      },
      "WATCH-deployments-count": {
        "value": 2.2222222222222223
      },
      "WATCH-ingresses-count": {
        "value": 1.1111111111111112
      },
      "WATCH-jobs-count": {
        "value": 2.2222222222222223
      },
      "WATCH-kubevirts-count": {
        "value": 11.111082304968747
      },
      "WATCH-leases-count": {
        "value": 1.1111111111111112
      },
      "WATCH-migrationpolicies-count": {
        "value": 1.1111111111111112
      },
      "WATCH-mutatingwebhookconfigurations-count": {
        "value": 2.2222222222222223
      },
      "WATCH-namespaces-count": {
        "value": 3.3333333333333335
      },
      "WATCH-nodes-count": {
        "value": 5.555526749413192
      },
      "WATCH-persistentvolumeclaims-count": {
        "value": 1.1111111111111112
      },
      "WATCH-poddisruptionbudgets-count": {
        "value": 3.3333333333333335
      },
      "WATCH-pods-count": {
        "value": 4.444444444444445
      },
      "WATCH-prometheusrules-count": {
        "value": 2.2222222222222223
      },