{
  "JobDirCreationTime": "2022-07-01T05:05:58.073Z",
  "VMIResult": {
    "Values": {
      "CREATE-events-count": {
        "value": 396.10525
      },
      "CREATE-pods-count": {
        "value": 127.66
      },
      "GET-endpoints-count": {
        "value": 473.67418055555555
      },
      "GET-nodes-count": {
        "value": 33.390791666666665
      },
      "LIST-clusterroles-count": {
        "value": 1.1111111111111112
      },
      "LIST-customresourcedefinitions-count": {
        "value": 1.1111111111111112
      },
      "LIST-nodes-count": {
        "value": 5.555555555555555
      },
      "LIST-serviceaccounts-count": {
        "value": 1.1111111111111112
      },
      "LIST-validatingwebhookconfigurations-count": {
        "value": 1.1111111111111112
      },
      "PATCH-events-count": {
        "value": 2.643666666666667
      },
      "PATCH-nodes-count": {
        "value": 11.130263888888889
      },
      "PATCH-pods-count": {
        "value": 127.66
      },
      "PATCH-services-count": {
        "value": 22.22222222222222
      },
      "PATCH-virtualmachineinstances-count": {
        "value": 126.1268
      },
      "UPDATE-endpoints-count": {
        "value": 291.7859138888889
      },
      "UPDATE-kubevirts-count": {
        "value": 1.1111111111111112
      },
      "UPDATE-virtualmachineinstances-count": {
        "value": 1020.3715666666666
      },
      "succeeded-phase-count": {
        "value": 28
      },
      "vmiCreationToRunningSecondsP50": {
        "value": 38.93913824411811
      },
      "vmiCreationToRunningSecondsP95": {
        "value": 55.8837701984315
      },
      "vmiCreationToRunningSecondsP99": {
        "value": 59.1767540396863
      }
    }
  },
  "VMResult": null
}
