{
  "JobDirCreationTime": "2024-05-11T05:07:12.064Z",
  "VMIResult": {
    "Values": {
      "CREATE-events-count": {
        "value": 553.72335
      },
      "GET-endpoints-count": {
        "value": 483.33333333333337
      },
      "GET-leases-count": {
        "value": 781.1111111111111
      },
      "GET-nodes-count": {
        "value": 18.88888888888889
      },
      "LIST-clusterrolebindings-count": {
        "value": 1.1111111111111112
      },
      "LIST-configmaps-count": {
        "value": 5.555555555555555
      },
      "LIST-customresourcedefinitions-count": {
        "value": 2.2222222222222223
      },
      "LIST-deployments-count": {
        "value": 1.1111111111111112
      },
      "LIST-kubevirts-count": {
        "value": 1.1111111111111112
      },
      "LIST-poddisruptionbudgets-count": {
        "value": 1.1111111111111112
      },
      "LIST-prometheusrules-count": {
        "value": 1.1111111111111112
      },
      "LIST-secrets-count": {
        "value": 1.1111111111111112
      },
      "LIST-securitycontextconstraints-count": {
        "value": 1.1111111111111112
      },
      "LIST-servicemonitors-count": {
        "value": 1.1111111111111112
      },
      "LIST-validatingwebhookconfigurations-count": {
        "value": 1.1111111111111112
      },
      "LIST-virtualmachineinstances-count": {
        "value": 1.1111111111111112
      },
      "PATCH-events-count": {
        "value": 96.2866
      },
      "PATCH-nodes-count": {
        "value": 8.88888888888889
      },
      "UPDATE-endpoints-count": {
        "value": 297.77777777777777
      },
      "UPDATE-leases-count": {
        "value": 297.77777777777777
      },
      "UPDATE-virtualmachineinstances-count": {
        "value": 480.1488749999999
      },
      "vmiCreationToRunningSecondsP50": {
        "value": 42.99250973637601
      },
      "vmiCreationToRunningSecondsP95": {
        "value": 49.2992509736376
      },
      "vmiCreationToRunningSecondsP99": {
        "value": 49.85985019472752
      },
      "vmiDeletionToFailedSecondsP50": {
        "value": 0
      },
      "vmiDeletionToFailedSecondsP95": {
        "value": 0
      },
      "vmiDeletionToFailedSecondsP99": {
        "value": 0
      },
      "vmiDeletionToSucceededSecondsP50": {
        "value": 0.8231460918355205
      },
      "vmiDeletionToSucceededSecondsP95": {
        "value": 16.681862150136226
      },
      "vmiDeletionToSucceededSecondsP99": {
        "value": 19.336372430027243
      }
    }
  },
  "VMResult": null
}
