{
  "JobDirCreationTime": "2025-06-08T08:20:11.634Z",
  "VMIResult": {
    "Values": {
      "CREATE-events-count": {
        "value": 156.9710015407952
      },
      "CREATE-pods-count": {
        "value": 114.12090128075863
      },
      "GET-leases-count": {
        "value": 146.13186507936507
      },
      "GET-nodes-count": {
        "value": 47.855866845575754
      },
      "LIST-nodes-count": {
        "value": 9.366590476190476
      },
      "LIST-virtualmachineclusterinstancetypes-count": {
        "value": 5.854119047619047
      },
      "LIST-virtualmachineclusterpreferences-count": {
        "value": 5.854119047619047
      },
      "PATCH-nodes-count": {
        "value": 11.963966711393939
      },
      "PATCH-pods-count": {
        "value": 383.086228303349
      },
      "PATCH-services-count": {
        "value": 37.466361904761904
      },
      "PATCH-validatingadmissionpolicies-count": {
        "value": 9.366590476190476
      },
      "PATCH-validatingadmissionpolicybindings-count": {
        "value": 9.366590476190476
      },
      "PATCH-virtualmachineinstances-count": {
        "value": 103.2199495594787,
        "thresholdResult": {
          "thresholdValue": 228.24180256151726,
          "thresholdMetric": "CREATE-pods-count",
          "thresholdRatio": 0.9044789201720239,
          "thresholdExceeded": false
        }
      },
      "UPDATE-kubevirts-count": {
        "value": 1.1708238095238095
      },
      "UPDATE-leases-count": {
        "value": 241.63841376589033
      },
      "UPDATE-virtualmachineinstances-count": {
        "value": 543.35746067859,
        "thresholdResult": {
          "thresholdValue": 1141.2090128075863,
          "thresholdMetric": "CREATE-pods-count",
          "thresholdRatio": 4.761244036636458,
          "thresholdExceeded": false
        }
      },
      "avgVirtAPICPUUsage": {
        "value": 0.009727814075236112
      },
      "avgVirtAPIMemoryUsageInMB": {
        "value": 130.3759765625
      },
      "avgVirtControllerCPUUsage": {
        "value": 0.02564926800888889
      },
      "avgVirtControllerMemoryUsageInMB": {
        "value": 57.04991319444444
      },
      "avgVirtHandlerCPUUsage": {
        "value": 0.0007592428123525376
      },
      "avgVirtHandlerMemoryUsageInMB": {
        "value": 13.565477342799865
      },
      "maxVirtAPIMemoryUsageInMB": {
        "value": 159.982421875
      },
      "maxVirtControllerMemoryUsageInMB": {
        "value": 86.21875
      },
      "maxVirtHandlerCPUUsage": {
        "value": 0.0007852236260989013
      },
      "maxVirtHandlerMemoryUsageInMB": {
        "value": 29.184648164335663
      },
      "minVirtAPIMemoryUsageInMB": {
        "value": 0
      },
      "minVirtControllerMemoryUsageInMB": {
        "value": 0
      },
      "minVirtHandlerCPUUsage": {
        "value": 0.0006923884973112491
      },
      "minVirtHandlerMemoryUsageInMB": {
        "value": 6.235932036713287
      },
      "none-none-count": {
        "value": 1.1464070245277538
      },
      "running-phase-count": {
        "value": 88
      },
      "scheduled-phase-count": {
        "value": 13
      },
      "vmiCreationToRunningSecondsP50": {
        "value": 23.711545094845462,
        "thresholdResult": {
          "thresholdValue": 45,
          "thresholdExceeded": false
        }
      },
      "vmiCreationToRunningSecondsP95": {
        "value": 29.371154509484548,
        "thresholdResult": {
          "thresholdValue": 60,
          "thresholdExceeded": false
        }
      },
      "vmiCreationToRunningSecondsP99": {
        "value": 29.874230901896908
      },
      "vmiDeletionToFailedSecondsP50": {
        "value": 0
      },
      "vmiDeletionToFailedSecondsP95": {
        "value": 0
      },
      "vmiDeletionToFailedSecondsP99": {
        "value": 0
      },
      "vmiDeletionToSucceededSecondsP50": {
        "value": 0
      },
      "vmiDeletionToSucceededSecondsP95": {
        "value": 0
      },
      "vmiDeletionToSucceededSecondsP99": {
        "value": 0
      }
    }
  },
  "VMResult": {
    "Values": {
      "CREATE-controllerrevisions-count": {
        "value": 51.439282857904566
      },
      "CREATE-events-count": {
        "value": 848.8776793767616
      },
      "CREATE-pods-count": {
        "value": 111.10781902758436
      },
      "CREATE-virtualmachineinstances-count": {
        "value": 51.439282857904566
      },
      "GET-leases-count": {
        "value": 192.22222222222223
      },
      "GET-nodes-count": {
        "value": 32.2222263385612
      },
      "PATCH-events-count": {
        "value": 10.059571630969247
      },
      "PATCH-nodes-count": {
        "value": 13.333333333790584
      },
      "PATCH-pods-count": {
        "value": 381.0998192646143
      },
      "PATCH-virtualmachineinstances-count": {
        "value": 207.77162158158274,
        "thresholdResult": {
          "thresholdValue": 222.2156380551687,
          "thresholdMetric": "CREATE-pods-count",
          "thresholdRatio": 1.8699999999999999,
          "thresholdExceeded": false
        }
      },
      "PATCH-virtualmachines-count": {
        "value": 51.439282857904566
      },
      "UPDATE-leases-count": {
        "value": 298.88447749696303
      },
      "UPDATE-virtualmachineinstances-count": {
        "value": 858.8738235264457,
        "thresholdResult": {
          "thresholdValue": 1111.0781902758436,
          "thresholdMetric": "CREATE-pods-count",
          "thresholdRatio": 7.730093444757619,
          "thresholdExceeded": false
        }
      },
      "UPDATE-virtualmachines-count": {
        "value": 809.3113836310317
      },
      "WATCH-cdiconfigs-count": {
        "value": 1.1110781902758435
      },
      "WATCH-clusterrolebindings-count": {
        "value": 2.2222222222222223
      },
      "WATCH-clusterroles-count": {
        "value": 2.2222222222222223
      },
      "WATCH-configmaps-count": {
        "value": 15.55546090798652
      },
      "WATCH-controllerrevisions-count": {
        "value": 1.1110781902758435
      },
      "WATCH-customresourcedefinitions-count": {
        "value": 9.999950618503243
      },
      "WATCH-daemonsets-count": {
        "value": 1.1111111111111112
      },
      "WATCH-datasources-count": {
        "value": 3.3332839518365773
      },
      "WATCH-datavolumes-count": {
        "value": 1.1110781902758435
      },
      "WATCH-deployments-count": {
        "value": 2.2222222222222223
      },
      "WATCH-ingresses-count": {
        "value": 1.1110781902758435
      },
      "WATCH-jobs-count": {
        "value": 2.2222222222222223
      },
      "WATCH-kubevirts-count": {
        "value": 8.888843622816612
      },
      "WATCH-migrationpolicies-count": {
        "value": 1.1110781902758435
      },
      "WATCH-mutatingwebhookconfigurations-count": {
        "value": 1.1111111111111112
      },
      "WATCH-namespaces-count": {
        "value": 4.444395062947689
      },
      "WATCH-nodes-count": {
        "value": 1.1110781902758435
      },
      "WATCH-persistentvolumeclaims-count": {
        "value": 1.1110781902758435
      },
      "WATCH-poddisruptionbudgets-count": {
        "value": 2.2221893013869547
      },
      "WATCH-pods-count": {
        "value": 2.2221893013869547
      },
      "WATCH-prometheusrules-count": {
        "value": 2.2222222222222223
      },
      "WATCH-resourcequotas-count": {
        "value": 1.1110781902758435
      },
      "WATCH-rolebindings-count": {
        "value": 1.1111111111111112
      },
      "WATCH-roles-count": {
        "value": 1.1111111111111112
      },
      "WATCH-secrets-count": {
        "value": 2.2221893013869547
      },
      "WATCH-serviceaccounts-count": {
        "value": 1.1111111111111112
      },
      "WATCH-services-count": {
        "value": 3.333300412498066
      },
      "WATCH-storageprofiles-count": {
        "value": 1.1110781902758435
      },