{
  "JobDirCreationTime": "2024-10-16T05:08:36.542Z",
  "VMIResult": {
    "Values": {
      "CREATE-events-count": {
        "value": 684.2231870370371
      },
      "CREATE-pods-count": {
        "value": 108.48666666666666
      },
      "DELETE-pods-count": {
        "value": 110.35833333333333
      },
      "GET-leases-count": {
        "value": 193.33333333333334
      },
      "GET-nodes-count": {
        "value": 21.111111111111114
      },
      "PATCH-nodes-count": {
        "value": 8.88888888888889
      },
      "PATCH-pods-count": {
        "value": 217.04819999999998
      },
      "PATCH-virtualmachineinstances-count": {
        "value": 220.71666666666667
      },
      "UPDATE-leases-count": {
        "value": 298.8888888888889
      },
      "UPDATE-virtualmachineinstances-count": {
        "value": 1060.5696166666664
      },
      "WATCH-clusterrolebindings-count": {
        "value": 1.1111111111111112
      },
      "WATCH-clusterroles-count": {
        "value": 2.2222222222222223
      },
      "WATCH-configmaps-count": {
        "value": 7.777777777777777
      },
      "WATCH-customresourcedefinitions-count": {
        "value": 7.777777777777778
      },
      "WATCH-daemonsets-count": {
        "value": 2.2222222222222223
      },
      "WATCH-deployments-count": {
        "value": 1.1111111111111112
      },
      "WATCH-jobs-count": {
        "value": 2.2222222222222223
      },
      "WATCH-kubevirts-count": {
        "value": 8.888888888888888
      },
      "WATCH-migrationpolicies-count": {
        "value": 1.1111111111111112
      },
      "WATCH-mutatingwebhookconfigurations-count": {
        "value": 2.2222222222222223
      },
      "WATCH-namespaces-count": {
        "value": 2.2222222222222223
      },
      "WATCH-nodes-count": {
        "value": 1.1111111111111112
      },
      "WATCH-persistentvolumeclaims-count": {
        "value": 1.1111111111111112
      },
      "WATCH-poddisruptionbudgets-count": {
        "value": 3.3333333333333335
      },
      "WATCH-pods-count": {
        "value": 4.444444444444445
      },
      "WATCH-prometheusrules-count": {
        "value": 2.2222222222222223
      },
      "WATCH-rolebindings-count": {
        "value": 1.1111111111111112
      },
      "WATCH-routes-count": {
        "value": 2.2222222222222223
      },
      "WATCH-secrets-count": {
        "value": 3.3333333333333335
      },
      "WATCH-securitycontextconstraints-count": {
        "value": 2.2222222222222223
      },
      "WATCH-serviceaccounts-count": {
        "value": 2.2222222222222223
      },
      "WATCH-servicemonitors-count": {
        "value": 2.2222222222222223
      },
      "WATCH-services-count": {
        "value": 3.3333333333333335
      },
      "WATCH-storageclasses-count": {
        "value": 1.1111111111111112
      },
      "WATCH-virtualmachineclones-count": {
        "value": 1.1111111111111112
      },
      "WATCH-virtualmachineclusterinstancetypes-count": {
        "value": 1.1111111111111112
      },
      "WATCH-virtualmachineclusterpreferences-count": {
        "value": 3.3333333333333335
      },
      "WATCH-virtualmachineinstancepresets-count": {
        "value": 1.1111111111111112
      },
      "WATCH-virtualmachineinstancereplicasets-count": {
        "value": 1.1111111111111112
      },
      "WATCH-virtualmachineinstances-count": {
        "value": 4.444444444444445
      },
      "WATCH-virtualmachinepools-count": {
        "value": 1.1111111111111112
      },
      "WATCH-virtualmachinerestores-count": {
        "value": 1.1111111111111112
      },
      "WATCH-virtualmachines-count": {
        "value": 1.1111111111111112
      },
      "WATCH-virtualmachinesnapshots-count": {
        "value": 1.1111111111111112
      },
      "WATCH-volumesnapshotclasses-count": {
        "value": 1.1111111111111112
      },
      "avgVirtAPICPUUsage": {
        "value": 0.047315678685185186
      },
      "avgVirtAPIMemoryUsageInMB": {
        "value": 166.46259765624998
      },
      "avgVirtControllerCPUUsage": {
        "value": 0.039710583094444446
      },
      "avgVirtControllerMemoryUsageInMB": {
        "value": 96.912109375
      },
      "maxVirtAPIMemoryUsageInMB": {
        "value": 184.47265625
      },
      "maxVirtControllerMemoryUsageInMB": {
        "value": 120.54296875
      },
      "minVirtAPIMemoryUsageInMB": {
        "value": 148.640625
      },
      "minVirtControllerMemoryUsageInMB": {
        "value": 79.75
      },
      "running-phase-count": {
        "value": 14
      },
      "succeeded-phase-count": {
        "value": 23
      },
      "vmiCreationToRunningSecondsP50": {
        "value": 43.990302961419786
      },
      "vmiCreationToRunningSecondsP95": {
        "value": 56.63618583149178
      },
      "vmiCreationToRunningSecondsP99": {
        "value": 59.32723716629835
      },
      "vmiDeletionToFailedSecondsP50": {
        "value": 0
      },
      "vmiDeletionToFailedSecondsP95": {
        "value": 0
      },
      "vmiDeletionToFailedSecondsP99": {
        "value": 0
      },
      "vmiDeletionToSucceededSecondsP50": {
        "value": 0.6806779657037676
      },
      "vmiDeletionToSucceededSecondsP95": {
        "value": 0.9819322034296232
      },
      "vmiDeletionToSucceededSecondsP99": {
        "value": 1.5654278747237669
      }
    }
  },
  "VMResult": null
}
