{
  "JobDirCreationTime": "2024-04-19T05:10:18.214Z",
  "VMIResult": {
    "Values": {
      "CREATE-events-count": {
        "value": 397.04184444444445
      },
      "GET-endpoints-count": {
        "value": 484.4444444444444
      },
      "GET-leases-count": {
        "value": 782.2222222222222
      },
      "GET-nodes-count": {
        "value": 21.111111111111114
      },
      "LIST-clusterrolebindings-count": {
        "value": 2.2222222222222223
      },
      "LIST-clusterroles-count": {
        "value": 2.2222222222222223
      },
      "LIST-configmaps-count": {
        "value": 7.777777777777778
      },
      "LIST-customresourcedefinitions-count": {
        "value": 5.555555555555555
      },
      "LIST-daemonsets-count": {
        "value": 1.1111111111111112
      },
      "LIST-deployments-count": {
        "value": 2.2222222222222223
      },
      "LIST-jobs-count": {
        "value": 2.2222222222222223
      },
      "LIST-kubevirts-count": {
        "value": 5.555555555555555
      },
      "LIST-mutatingwebhookconfigurations-count": {
        "value": 1.1111111111111112
      },
      "LIST-namespaces-count": {
        "value": 2.2222222222222223
      },
      "LIST-poddisruptionbudgets-count": {
        "value": 1.1111111111111112
      },
      "LIST-pods-count": {
        "value": 1.1111111111111112
      },
      "LIST-prometheusrules-count": {
        "value": 2.2222222222222223
      },
      "LIST-rolebindings-count": {
        "value": 2.2222222222222223
      },
      "LIST-roles-count": {
        "value": 1.1111111111111112
      },
      "LIST-routes-count": {
        "value": 1.1111111111111112
      },
      "LIST-secrets-count": {
        "value": 1.1111111111111112
      },
      "LIST-serviceaccounts-count": {
        "value": 2.2222222222222223
      },
      "LIST-servicemonitors-count": {
        "value": 2.2222222222222223
      },
      "LIST-validatingwebhookconfigurations-count": {
        "value": 1.1111111111111112
      },
      "LIST-virtualmachineinstancepresets-count": {
        "value": 1.1111111111111112
      },
      "LIST-virtualmachineinstances-count": {
        "value": 1.1111111111111112
      },
      "PATCH-events-count": {
        "value": 5.496044444444444
      },
      "PATCH-nodes-count": {
        "value": 8.88888888888889
      },
      "UPDATE-endpoints-count": {
        "value": 297.77777777777777
      },
      "UPDATE-leases-count": {
        "value": 297.77777777777777
      },
      "UPDATE-virtualmachineinstances-count": {
        "value": 427.54201666666665
      },
      "vmiCreationToRunningSecondsP50": {
        "value": 43.42413070352479
      },
      "vmiCreationToRunningSecondsP95": {
        "value": 52.79989466332336
      },
      "vmiCreationToRunningSecondsP99": {
        "value": 58.55997893266467
      },
      "vmiDeletionToFailedSecondsP50": {
        "value": 0
      },
      "vmiDeletionToFailedSecondsP95": {
        "value": 0
      },
      "vmiDeletionToFailedSecondsP99": {
        "value": 0
      },
      "vmiDeletionToSucceededSecondsP50": {
        "value": 0.7385328858122837
      },
      "vmiDeletionToSucceededSecondsP95": {
        "value": 1.519975421442119
      },
      "vmiDeletionToSucceededSecondsP99": {
        "value": 1.903995084288424
      }
    }
  },
  "VMResult": null
}
