{
  "JobDirCreationTime": "2025-02-15T00:19:01.429Z",
  "VMIResult": {
    "Values": {
      "CREATE-events-count": {
        "value": 110.49102222222223
      },
      "CREATE-pods-count": {
        "value": 84.51217777777778
      },
      "CREATE-virtualmachineclusterpreferences-count": {
        "value": 37.77777777777778
      },
      "GET-leases-count": {
        "value": 188.88780248120702
      },
      "GET-nodes-count": {
        "value": 44.44437037091907
      },
      "LIST-nodes-count": {
        "value": 4.444444444444445
      },
      "LIST-virtualmachineclusterinstancetypes-count": {
        "value": 4.444444444444445
      },
      "LIST-virtualmachineclusterpreferences-count": {
        "value": 4.444444444444445
      },
      "PATCH-nodes-count": {
        "value": 14.44441975326932
      },
      "PATCH-pods-count": {
        "value": 234.26824444444443
      },
      "PATCH-services-count": {
        "value": 17.77777777777778
      },
      "PATCH-validatingadmissionpolicies-count": {
        "value": 4.444444444444445
      },
      "PATCH-validatingadmissionpolicybindings-count": {
        "value": 4.444444444444445
      },
      "UPDATE-kubevirts-count": {
        "value": 1.1111111111111112
      },
      "UPDATE-leases-count": {
        "value": 300
      },
      "UPDATE-virtualmachineinstances-count": {
        "value": 453.2624888888889,
        "thresholdResult": {
          "thresholdValue": 845.1217777777778,
          "thresholdMetric": "CREATE-pods-count",
          "thresholdRatio": 5.363280189994973,
          "thresholdExceeded": false
        }
      },
      "WATCH-clusterroles-count": {
        "value": 1.1111111111111112
      },
      "WATCH-configmaps-count": {
        "value": 4.444444444444445
      },
      "WATCH-daemonsets-count": {
        "value": 1.1111111111111112
      },
      "WATCH-datasources-count": {
        "value": 2.2222222222222223
      },
      "WATCH-jobs-count": {
        "value": 1.1111111111111112
      },
      "WATCH-kubevirts-count": {
        "value": 2.2222222222222223
      },
      "WATCH-migrationpolicies-count": {
        "value": 1.1111111111111112
      },
      "WATCH-namespaces-count": {
        "value": 1.1111111111111112
      },
      "WATCH-poddisruptionbudgets-count": {
        "value": 1.1111111111111112
      },
      "WATCH-secrets-count": {
        "value": 1.1111111111111112
      },
      "WATCH-validatingadmissionpolicies-count": {
        "value": 1.1111111111111112
      },
      "WATCH-validatingadmissionpolicybindings-count": {
        "value": 1.1111111111111112
      },
      "WATCH-validatingwebhookconfigurations-count": {
        "value": 2.2222222222222223
      },
      "WATCH-virtualmachineinstances-count": {
        "value": 1.1111028807194023
      },
      "avgVirtAPICPUUsage": {
        "value": 0.00874305
      },
      "avgVirtAPIMemoryUsageInMB": {
        "value": 138.2767578125
      },
      "avgVirtControllerCPUUsage": {
        "value": 0.01948776296296296
      },
      "avgVirtControllerMemoryUsageInMB": {
        "value": 63.52890625
      },
      "avgVirtHandlerCPUUsage": {
        "value": 0.0006882625583341243
      },
      "avgVirtHandlerMemoryUsageInMB": {
        "value": 12.844833968928208
      },
      "maxVirtAPIMemoryUsageInMB": {
        "value": 158.974609375
      },
      "maxVirtControllerMemoryUsageInMB": {
        "value": 85.79296875
      },
      "maxVirtHandlerCPUUsage": {
        "value": 0.0007220518518518518
      },
      "maxVirtHandlerMemoryUsageInMB": {
        "value": 25.268320312500002
      },
      "minVirtAPIMemoryUsageInMB": {
        "value": 125.947265625
      },
      "minVirtControllerMemoryUsageInMB": {
        "value": 54
      },
      "minVirtHandlerCPUUsage": {
        "value": 0.0006284418214621573
      },
      "minVirtHandlerMemoryUsageInMB": {
        "value": 5.163957331730769
      },
      "running-phase-count": {
        "value": 101
      },
      "vmiCreationToRunningSecondsP50": {
        "value": 0,
        "thresholdResult": {
          "thresholdValue": 45,
          "thresholdExceeded": false
        }
      },
      "vmiCreationToRunningSecondsP95": {
        "value": 0,
        "thresholdResult": {
          "thresholdValue": 60,
          "thresholdExceeded": false
        }
      },
      "vmiCreationToRunningSecondsP99": {
        "value": 0
      },
      "vmiDeletionToFailedSecondsP50": {
        "value": 0
      },
      "vmiDeletionToFailedSecondsP95": {
        "value": 0
      },
      "vmiDeletionToFailedSecondsP99": {
        "value": 0
      },
      "vmiDeletionToSucceededSecondsP50": {
        "value": 0
      },
      "vmiDeletionToSucceededSecondsP95": {
        "value": 0
      },
      "vmiDeletionToSucceededSecondsP99": {
        "value": 0
      }
    }
  },
  "VMResult": {
    "Values": {
      "CREATE-events-count": {
        "value": 728.8871934407557
      },
      "CREATE-pods-count": {
        "value": 73.33333333333334
      },
      "GET-leases-count": {
        "value": 182.22222222222223
      },
      "GET-nodes-count": {
        "value": 28.88880658558145
      },
      "PATCH-nodes-count": {
        "value": 12.222189300899247
      },
      "PATCH-pods-count": {
        "value": 210
      },
      "PATCH-virtualmachineinstances-count": {
        "value": 112.22222222222223,
        "thresholdResult": {
          "thresholdValue": 146.66666666666669,
          "thresholdMetric": "CREATE-pods-count",
          "thresholdRatio": 1.5303030303030303,
          "thresholdExceeded": false
        }
      },
      "UPDATE-leases-count": {
        "value": 300
      },
      "UPDATE-virtualmachineinstances-count": {
        "value": 714.4431934341712,
        "thresholdResult": {
          "thresholdValue": 733.3333333333335,
          "thresholdMetric": "CREATE-pods-count",
          "thresholdRatio": 9.742407183193244,
          "thresholdExceeded": false
        }
      },
      "WATCH-cdis-count": {
        "value": 1.1111111111111112
      },
      "WATCH-clusterroles-count": {
        "value": 1.1111111111111112
      },
      "WATCH-configmaps-count": {
        "value": 11.111094650449623
      },
      "WATCH-controllerrevisions-count": {
        "value": 1.1111111111111112
      },
      "WATCH-customresourcedefinitions-count": {
        "value": 6.666666666666666
      },
      "WATCH-datasources-count": {
        "value": 2.2222222222222223
      },
      "WATCH-datavolumes-count": {
        "value": 1.1111111111111112
      },
      "WATCH-deployments-count": {
        "value": 1.1111111111111112
      },
      "WATCH-jobs-count": {
        "value": 1.1111111111111112
      },
      "WATCH-kubevirts-count": {
        "value": 6.666650206005178
      },
      "WATCH-mutatingwebhookconfigurations-count": {
        "value": 2.2222222222222223
      },
      "WATCH-namespaces-count": {
        "value": 1.1111111111111112
      },
      "WATCH-poddisruptionbudgets-count": {
        "value": 1.1111111111111112
      },
      "WATCH-pods-count": {
        "value": 4.444444444444445
      },
      "WATCH-rolebindings-count": {
        "value": 1.1111111111111112
      },
      "WATCH-secrets-count": {
        "value": 1.1111111111111112
      },
      "WATCH-servicemonitors-count": {
        "value": 1.1111111111111112
      },
      "WATCH-services-count": {
        "value": 2.2222222222222223
      },
      "WATCH-validatingadmissionpolicybindings-count": {
        "value": 1.1111111111111112
      },
      "WATCH-validatingwebhookconfigurations-count": {
        "value": 1.1111111111111112
      },
      "WATCH-virtualmachineclones-count": {
        "value": 1.1111111111111112
      },
      "WATCH-virtualmachineclusterinstancetypes-count": {
        "value": 2.2222222222222223
      },
      "WATCH-virtualmachineclusterpreferences-count": {
        "value": 3.3333333333333335
      },