{
  "JobDirCreationTime": "2024-09-24T05:03:10.464Z",
  "VMIResult": {
    "Values": {
      "CREATE-events-count": {
        "value": 594.8418166666668
      },
      "CREATE-pods-count": {
        "value": 125.11333333333332
      },
      "DELETE-pods-count": {
        "value": 28.751733333333334
      },
      "GET-leases-count": {
        "value": 181.11111111111114
      },
      "GET-nodes-count": {
        "value": 22.222222222222225
      },
      "LIST-clusterrolebindings-count": {
        "value": 1.1111111111111112
      },
      "LIST-configmaps-count": {
        "value": 5.555555555555555
      },
      "LIST-customresourcedefinitions-count": {
        "value": 5.555555555555555
      },
      "LIST-daemonsets-count": {
        "value": 1.1111111111111112
      },
      "LIST-kubevirts-count": {
        "value": 2.2222222222222223
      },
      "LIST-namespaces-count": {
        "value": 1.1111111111111112
      },
      "LIST-nodes-count": {
        "value": 1.1111111111111112
      },
      "LIST-poddisruptionbudgets-count": {
        "value": 2.2222222222222223
      },
      "LIST-prometheusrules-count": {
        "value": 1.1111111111111112
      },
      "LIST-rolebindings-count": {
        "value": 1.1111111111111112
      },
      "LIST-roles-count": {
        "value": 1.1111111111111112
      },
      "LIST-routes-count": {
        "value": 2.2222222222222223
      },
      "LIST-securitycontextconstraints-count": {
        "value": 2.2222222222222223
      },
      "LIST-servicemonitors-count": {
        "value": 1.1111111111111112
      },
      "LIST-services-count": {
        "value": 1.1111111111111112
      },
      "LIST-storageclasses-count": {
        "value": 1.1111111111111112
      },
      "LIST-validatingwebhookconfigurations-count": {
        "value": 1.1111111111111112
      },
      "LIST-virtualmachineclusterinstancetypes-count": {
        "value": 2.2222222222222223
      },
      "LIST-virtualmachineclusterpreferences-count": {
        "value": 3.3333333333333335
      },
      "LIST-virtualmachinepreferences-count": {
        "value": 1.1111111111111112
      },
      "LIST-virtualmachines-count": {
        "value": 1.1111111111111112
      },
      "LIST-volumesnapshotclasses-count": {
        "value": 1.1111111111111112
      },
      "LIST-volumesnapshots-count": {
        "value": 1.1111111111111112
      },
      "PATCH-nodes-count": {
        "value": 8.88888888888889
      },
      "PATCH-pods-count": {
        "value": 250.46779999999998
      },
      "PATCH-services-count": {
        "value": 4.444444444444445
      },
      "PATCH-virtualmachineinstances-count": {
        "value": 161.90284444444444
      },
      "UPDATE-leases-count": {
        "value": 300
      },
      "UPDATE-virtualmachineinstances-count": {
        "value": 1097.77215
      },
      "avgVirtAPICPUUsage": {
        "value": 0.04674884840925926
      },
      "avgVirtAPIMemoryUsageInMB": {
        "value": 187.48769531250002
      },
      "avgVirtControllerCPUUsage": {
        "value": 0.0369712169
      },
      "avgVirtControllerMemoryUsageInMB": {
        "value": 109.55156249999999
      },
      "maxVirtAPIMemoryUsageInMB": {
        "value": 214.140625
      },
      "maxVirtControllerMemoryUsageInMB": {
        "value": 140.46875
      },
      "minVirtAPIMemoryUsageInMB": {
        "value": 165.9140625
      },
      "minVirtControllerMemoryUsageInMB": {
        "value": 90.33984375
      },
      "vmiCreationToRunningSecondsP50": {
        "value": 43.01871465455242
      },
      "vmiCreationToRunningSecondsP95": {
        "value": 49.994179157762936
      },
      "vmiCreationToRunningSecondsP99": {
        "value": 57.984865810183635
      },
      "vmiDeletionToFailedSecondsP50": {
        "value": 0
      },
      "vmiDeletionToFailedSecondsP95": {
        "value": 0
      },
      "vmiDeletionToFailedSecondsP99": {
        "value": 0
      },
      "vmiDeletionToSucceededSecondsP50": {
        "value": 0.75
      },
      "vmiDeletionToSucceededSecondsP95": {
        "value": 1.7707215084863566
      },
      "vmiDeletionToSucceededSecondsP99": {
        "value": 1.9541443016972715
      }
    }
  },
  "VMResult": null
}
