{
  "JobDirCreationTime": "2026-01-07T06:18:21.056Z",
  "VMIResult": {
    "Values": {
      "CREATE-events-count": {
        "value": 121.49516129032259
      },
      "CREATE-pods-count": {
        "value": 101.84930107526881
      },
      "DELETE-jobs-count": {
        "value": 332.8354838709678
      },
      "DELETE-pods-count": {
        "value": 20.336579234972678
      },
      "GET-leases-count": {
        "value": 1195.0670506912443
      },
      "LIST-nodes-count": {
        "value": 332.8354838709678
      },
      "LIST-virtualmachineclusterinstancetypes-count": {
        "value": 332.8354838709678
      },
      "LIST-virtualmachineclusterpreferences-count": {
        "value": 332.8354838709678
      },
      "PATCH-events-count": {
        "value": 2.033657923497268
      },
      "PATCH-nodes-count": {
        "value": 90.3799539170507
      },
      "PATCH-pods-count": {
        "value": 101.84930107526881
      },
      "PATCH-services-count": {
        "value": 1331.341935483871
      },
      "UPDATE-configmaps-count": {
        "value": 332.8354838709678
      },
      "UPDATE-leases-count": {
        "value": 1894.9161290322581
      },
      "UPDATE-virtualmachineinstances-count": {
        "value": 326.7262564516129
      },
      "WATCH-clusterrolebindings-count": {
        "value": 8.102918586789555
      },
      "WATCH-clusterroles-count": {
        "value": 9.123886328725039
      },
      "WATCH-configmaps-count": {
        "value": 63.04070660522274
      },
      "WATCH-controllerrevisions-count": {
        "value": 5.10483870967742
      },
      "WATCH-customresourcedefinitions-count": {
        "value": 46.77004608294931
      },
      "WATCH-daemonsets-count": {
        "value": 9.10768049155146
      },
      "WATCH-deployments-count": {
        "value": 8.102918586789555
      },
      "WATCH-ingresses-count": {
        "value": 5.10483870967742
      },
      "WATCH-jobs-count": {
        "value": 8.102918586789555
      },
      "WATCH-kubevirts-count": {
        "value": 38.66712749615976
      },
      "WATCH-leases-count": {
        "value": 9.123886328725039
      },
      "WATCH-migrationpolicies-count": {
        "value": 4.083870967741936
      },
      "WATCH-mutatingwebhookconfigurations-count": {
        "value": 9.10768049155146
      },
      "WATCH-namespaces-count": {
        "value": 20.35453149001536
      },
      "WATCH-nodes-count": {
        "value": 15.249692780337941
      },
      "WATCH-persistentvolumeclaims-count": {
        "value": 4.083870967741936
      },
      "WATCH-poddisruptionbudgets-count": {
        "value": 13.207757296466974
      },
      "WATCH-pods-count": {
        "value": 17.27542242703533
      },
      "WATCH-prometheusrules-count": {
        "value": 8.102918586789555
      },
      "WATCH-resourcequotas-count": {
        "value": 3.0629032258064517
      },
      "WATCH-rolebindings-count": {
        "value": 7.09815668202765
      },
      "WATCH-roles-count": {
        "value": 8.102918586789555
      },
      "WATCH-routes-count": {
        "value": 13.207757296466974
      },
      "WATCH-secrets-count": {
        "value": 11.182027649769585
      },
      "WATCH-securitycontextconstraints-count": {
        "value": 9.10768049155146
      },
      "WATCH-serviceaccounts-count": {
        "value": 8.102918586789555
      },
      "WATCH-servicemonitors-count": {
        "value": 8.102918586789555
      },
      "WATCH-services-count": {
        "value": 12.18678955453149
      },
      "WATCH-storageclasses-count": {
        "value": 4.083870967741936
      },
      "WATCH-validatingwebhookconfigurations-count": {
        "value": 9.123886328725039
      },
      "WATCH-virtualmachinebackups-count": {
        "value": 11.230645161290322
      },
      "WATCH-virtualmachinebackuptrackers-count": {
        "value": 4.083870967741936
      },
      "WATCH-virtualmachineclones-count": {
        "value": 4.083870967741936
      },
      "WATCH-virtualmachineclusterinstancetypes-count": {
        "value": 12.18678955453149
      },
      "WATCH-virtualmachineclusterpreferences-count": {
        "value": 13.207757296466974
      },
      "WATCH-virtualmachineexports-count": {
        "value": 3.0629032258064517
      },
      "WATCH-virtualmachineinstancemigrations-count": {
        "value": 4.083870967741936
      },
      "WATCH-virtualmachineinstancepresets-count": {
        "value": 8.167741935483871
      },
      "WATCH-virtualmachineinstancereplicasets-count": {
        "value": 4.083870967741936
      },
      "WATCH-virtualmachineinstances-count": {
        "value": 39.6394777265745
      },
      "WATCH-virtualmachineinstancetypes-count": {
        "value": 5.10483870967742
      },
      "WATCH-virtualmachinepools-count": {
        "value": 3.0629032258064517
      },
      "WATCH-virtualmachinepreferences-count": {
        "value": 5.10483870967742
      },
      "WATCH-virtualmachinerestores-count": {
        "value": 12.251612903225807
      },
      "WATCH-virtualmachines-count": {
        "value": 4.083870967741936
      },
      "WATCH-virtualmachinesnapshotcontents-count": {
        "value": 4.083870967741936
      },
      "WATCH-virtualmachinesnapshots-count": {
        "value": 5.10483870967742
      },
      "WATCH-volumesnapshotclasses-count": {
        "value": 4.083870967741936
      },
      "WATCH-volumesnapshots-count": {
        "value": 5.10483870967742
      },
      "avgVirtAPICPUUsage": {
        "value": 0.004445029191598396
      },
      "avgVirtAPIMemoryUsageInMB": {
        "value": 195.24749586317276
      },
      "avgVirtControllerCPUUsage": {
        "value": 0.009290757861375664
      },
      "avgVirtControllerMemoryUsageInMB": {
        "value": 345.1074218750001
      },
      "failed-phase-count": {
        "value": 17
      },
      "maxVirtAPIMemoryUsageInMB": {
        "value": 228.14453125
      },
      "maxVirtControllerMemoryUsageInMB": {
        "value": 438.984375
      },
      "minVirtAPIMemoryUsageInMB": {
        "value": 187.65625
      },
      "minVirtControllerMemoryUsageInMB": {
        "value": 291.21484375
      },
      "scheduling-phase-count": {
        "value": 82
      },
      "vmiCreationToRunningSecondsP50": {
        "value": 0
      },
      "vmiCreationToRunningSecondsP95": {
        "value": 0
      },
      "vmiCreationToRunningSecondsP99": {
        "value": 0
      },
      "vmiDeletionToFailedSecondsP50": {
        "value": 0.25
      },
      "vmiDeletionToFailedSecondsP95": {
        "value": 0.47500000000000003
      },
      "vmiDeletionToFailedSecondsP99": {
        "value": 0.49499999999999994
      },
      "vmiDeletionToSucceededSecondsP50": {
        "value": 0
      },
      "vmiDeletionToSucceededSecondsP95": {
        "value": 0
      },
      "vmiDeletionToSucceededSecondsP99": {
        "value": 0
      }
    }
  },
  "VMResult": null
}
