{
  "JobDirCreationTime": "2025-07-08T08:54:47.205Z",
  "VMIResult": {
    "Values": {
      "CREATE-events-count": {
        "value": 161.25206666666668
      },
      "CREATE-pods-count": {
        "value": 110.74166666666667
      },
      "CREATE-virtualmachineclusterpreferences-count": {
        "value": 12.484333333333332
      },
      "GET-leases-count": {
        "value": 137.87449586794713
      },
      "GET-nodes-count": {
        "value": 27.104566666666667
      },
      "LIST-nodes-count": {
        "value": 41.038944444444446
      },
      "LIST-resourceclaims-count": {
        "value": 5.741388888888888
      },
      "LIST-resourceslices-count": {
        "value": 3.4448333333333334
      },
      "LIST-virtualmachineclusterinstancetypes-count": {
        "value": 35.83452777777777
      },
      "LIST-virtualmachineclusterpreferences-count": {
        "value": 35.83452777777777
      },
      "PATCH-nodes-count": {
        "value": 7.930405555555556
      },
      "PATCH-pods-count": {
        "value": 368.43975
      },
      "PATCH-services-count": {
        "value": 164.15577777777779
      },
      "PATCH-validatingadmissionpolicies-count": {
        "value": 41.038944444444446
      },
      "PATCH-validatingadmissionpolicybindings-count": {
        "value": 41.038944444444446
      },
      "PATCH-virtualmachineinstances-count": {
        "value": 90.26122222222222,
        "thresholdResult": {
          "thresholdValue": 221.48333333333335,
          "thresholdMetric": "CREATE-pods-count",
          "thresholdRatio": 0.8150610780846312,
          "thresholdExceeded": false
        }
      },
      "UPDATE-configmaps-count": {
        "value": 41.038944444444446
      },
      "UPDATE-kubevirts-count": {
        "value": 1.2070277777777778
      },
      "UPDATE-leases-count": {
        "value": 210.77047222222222
      },
      "UPDATE-virtualmachineinstances-count": {
        "value": 720.7744444444445,
        "thresholdResult": {
          "thresholdValue": 1107.4166666666667,
          "thresholdMetric": "CREATE-pods-count",
          "thresholdRatio": 6.508611132013947,
          "thresholdExceeded": false
        }
      },
      "WATCH-leases-count": {
        "value": 1.1863488553830883
      },
      "avgVirtAPICPUUsage": {
        "value": 0.012024571085870545
      },
      "avgVirtAPIMemoryUsageInMB": {
        "value": 128.25859375
      },
      "avgVirtControllerCPUUsage": {
        "value": 0.02812293028849021
      },
      "avgVirtControllerMemoryUsageInMB": {
        "value": 56.90538194444444
      },
      "avgVirtHandlerCPUUsage": {
        "value": 0.0010048128889257198
      },
      "avgVirtHandlerMemoryUsageInMB": {
        "value": 17.47776360352893
      },
      "maxVirtAPIMemoryUsageInMB": {
        "value": 161.810546875
      },
      "maxVirtControllerMemoryUsageInMB": {
        "value": 84.12890625
      },
      "maxVirtHandlerCPUUsage": {
        "value": 0.0010452179137574603
      },
      "maxVirtHandlerMemoryUsageInMB": {
        "value": 30.704441550925928
      },
      "minVirtAPIMemoryUsageInMB": {
        "value": 0
      },
      "minVirtControllerMemoryUsageInMB": {
        "value": 0
      },
      "minVirtHandlerCPUUsage": {
        "value": 0.000927391247079934
      },
      "minVirtHandlerMemoryUsageInMB": {
        "value": 3.6700067934782608
      },
      "running-phase-count": {
        "value": 80
      },
      "scheduled-phase-count": {
        "value": 21
      },
      "vmiCreationToRunningSecondsP50": {
        "value": 20.230529632480277,
        "thresholdResult": {
          "thresholdValue": 45,
          "thresholdExceeded": false
        }
      },
      "vmiCreationToRunningSecondsP95": {
        "value": 29.023052963248027,
        "thresholdResult": {
          "thresholdValue": 60,
          "thresholdExceeded": false
        }
      },
      "vmiCreationToRunningSecondsP99": {
        "value": 29.80461059264961
      },
      "vmiDeletionToFailedSecondsP50": {
        "value": 0
      },
      "vmiDeletionToFailedSecondsP95": {
        "value": 0
      },
      "vmiDeletionToFailedSecondsP99": {
        "value": 0
      },
      "vmiDeletionToSucceededSecondsP50": {
        "value": 0
      },
      "vmiDeletionToSucceededSecondsP95": {
        "value": 0
      },
      "vmiDeletionToSucceededSecondsP99": {
        "value": 0
      }
    }
  },
  "VMResult": {
    "Values": {
      "CREATE-controllerrevisions-count": {
        "value": 127.01216666666667
      },
      "CREATE-events-count": {
        "value": 858.8888888888889
      },
      "CREATE-pods-count": {
        "value": 111.11111111111111
      },
      "CREATE-virtualmachineinstances-count": {
        "value": 127.01216666666667
      },
      "DELETE-pods-count": {
        "value": 166.33568904593636
      },
      "GET-leases-count": {
        "value": 185.55419758152624
      },
      "GET-nodes-count": {
        "value": 17.77777777777778
      },
      "LIST-nodes-count": {
        "value": 51.111111111111114
      },
      "LIST-resourceclaims-count": {
        "value": 5.555555555555555
      },
      "LIST-resourceslices-count": {
        "value": 6.666666666666667
      },
      "LIST-virtualmachineclusterinstancetypes-count": {
        "value": 51.111111111111114
      },
      "LIST-virtualmachineclusterpreferences-count": {
        "value": 51.111111111111114
      },
      "PATCH-events-count": {
        "value": 171.33568904593636
      },
      "PATCH-nodes-count": {
        "value": 14.444444444444445
      },
      "PATCH-pods-count": {
        "value": 405.55555555555554
      },
      "PATCH-services-count": {
        "value": 204.44444444444446
      },
      "PATCH-validatingadmissionpolicies-count": {
        "value": 51.111111111111114
      },
      "PATCH-validatingadmissionpolicybindings-count": {
        "value": 51.111111111111114
      },
      "PATCH-virtualmachineinstances-count": {
        "value": 202.22222222222223,
        "thresholdResult": {
          "thresholdValue": 222.22222222222223,
          "thresholdMetric": "CREATE-pods-count",
          "thresholdRatio": 1.82,
          "thresholdExceeded": false
        }
      },
      "PATCH-virtualmachines-count": {
        "value": 127.01216666666667
      },
      "UPDATE-configmaps-count": {
        "value": 51.111111111111114
      },
      "UPDATE-leases-count": {
        "value": 297.77777777777777
      },
      "UPDATE-virtualmachineinstances-count": {
        "value": 991.1111111111112,
        "thresholdResult": {
          "thresholdValue": 1111.111111111111,
          "thresholdMetric": "CREATE-pods-count",
          "thresholdRatio": 8.92,
          "thresholdExceeded": false
        }
      },
      "UPDATE-virtualmachines-count": {
        "value": 1214.2942666666668
      },
      "WATCH-cdiconfigs-count": {
        "value": 1.1111111111111112
      },
      "WATCH-clusterrolebindings-count": {
        "value": 1.1111111111111112
      },
      "WATCH-configmaps-count": {
        "value": 13.333349794360615
      },
      "WATCH-controllerrevisions-count": {
        "value": 1.1111111111111112
      },
      "WATCH-customresourcedefinitions-count": {
        "value": 11.111094650815412
      },
      "WATCH-daemonsets-count": {
        "value": 2.222230452735864
      },
      "WATCH-datavolumes-count": {
        "value": 1.1111111111111112
      },
      "WATCH-ingresses-count": {
        "value": 1.1111111111111112
      },
      "WATCH-jobs-count": {
        "value": 1.111119341624753
      },
      "WATCH-kubevirts-count": {
        "value": 6.666650206370967
      },
      "WATCH-migrationpolicies-count": {
        "value": 1.1111111111111112
      },
      "WATCH-mutatingwebhookconfigurations-count": {
        "value": 2.222230452735864
      },
      "WATCH-namespaces-count": {
        "value": 3.3333333333333335
      },