{
  "JobDirCreationTime": "2025-02-20T16:18:38.174Z",
  "VMIResult": {
    "Values": {
      "CREATE-events-count": {
        "value": 157.5757074074074
      },
      "CREATE-pods-count": {
        "value": 130.6677777777778
      },
      "GET-leases-count": {
        "value": 188.8888888888889
      },
      "GET-nodes-count": {
        "value": 23.333271605624137
      },
      "LIST-nodes-count": {
        "value": 1.1111111111111112
      },
      "LIST-virtualmachineclusterinstancetypes-count": {
        "value": 1.1111111111111112
      },
      "LIST-virtualmachineclusterpreferences-count": {
        "value": 1.1111111111111112
      },
      "PATCH-nodes-count": {
        "value": 8.88886419780521
      },
      "PATCH-pods-count": {
        "value": 403.6734333333334
      },
      "PATCH-services-count": {
        "value": 4.444444444444445
      },
      "PATCH-validatingadmissionpolicies-count": {
        "value": 1.1111111111111112
      },
      "PATCH-validatingadmissionpolicybindings-count": {
        "value": 1.1111111111111112
      },
      "PATCH-virtualmachineinstances-count": {
        "value": 38.570433333333334,
        "thresholdResult": {
          "thresholdValue": 261.3355555555556,
          "thresholdMetric": "CREATE-pods-count",
          "thresholdRatio": 0.29517937772637987,
          "thresholdExceeded": true
        }
      },
      "UPDATE-leases-count": {
        "value": 298.8888888888889
      },
      "UPDATE-virtualmachineinstances-count": {
        "value": 673.6815444444445,
        "thresholdResult": {
          "thresholdValue": 1306.677777777778,
          "thresholdMetric": "CREATE-pods-count",
          "thresholdRatio": 5.155682264606594,
          "thresholdExceeded": false
        }
      },
      "WATCH-clusterroles-count": {
        "value": 2.2222222222222223
      },
      "WATCH-configmaps-count": {
        "value": 3.3333333333333335
      },
      "WATCH-customresourcedefinitions-count": {
        "value": 2.2222222222222223
      },
      "WATCH-datasources-count": {
        "value": 1.1111111111111112
      },
      "WATCH-datavolumes-count": {
        "value": 1.1111111111111112
      },
      "WATCH-deployments-count": {
        "value": 1.1111111111111112
      },
      "WATCH-jobs-count": {
        "value": 2.2222222222222223
      },
      "WATCH-kubevirts-count": {
        "value": 1.1111111111111112
      },
      "WATCH-namespaces-count": {
        "value": 3.3333333333333335
      },
      "WATCH-poddisruptionbudgets-count": {
        "value": 1.1111111111111112
      },
      "WATCH-pods-count": {
        "value": 1.1111111111111112
      },
      "WATCH-rolebindings-count": {
        "value": 1.1111111111111112
      },
      "WATCH-roles-count": {
        "value": 1.1111111111111112
      },
      "WATCH-secrets-count": {
        "value": 2.2222222222222223
      },
      "WATCH-serviceaccounts-count": {
        "value": 2.2222222222222223
      },
      "WATCH-services-count": {
        "value": 2.2222222222222223
      },
      "WATCH-validatingadmissionpolicybindings-count": {
        "value": 1.1111111111111112
      },
      "WATCH-validatingwebhookconfigurations-count": {
        "value": 2.2222222222222223
      },
      "WATCH-virtualmachineclusterinstancetypes-count": {
        "value": 2.2222222222222223
      },
      "WATCH-virtualmachineinstancepresets-count": {
        "value": 1.1111111111111112
      },
      "WATCH-virtualmachineinstancereplicasets-count": {
        "value": 1.1111111111111112
      },
      "WATCH-virtualmachineinstances-count": {
        "value": 2.2222222222222223
      },
      "avgVirtAPICPUUsage": {
        "value": 0.007878153703703704
      },
      "avgVirtAPIMemoryUsageInMB": {
        "value": 133.62265624999998
      },
      "avgVirtControllerCPUUsage": {
        "value": 0.02152864074074074
      },
      "avgVirtControllerMemoryUsageInMB": {
        "value": 62.419140625
      },
      "avgVirtHandlerCPUUsage": {
        "value": 0.0007384507231040565
      },
      "avgVirtHandlerMemoryUsageInMB": {
        "value": 11.975458054315476
      },
      "maxVirtAPIMemoryUsageInMB": {
        "value": 155.755859375
      },
      "maxVirtControllerMemoryUsageInMB": {
        "value": 92.1796875
      },
      "maxVirtHandlerCPUUsage": {
        "value": 0.0007876668430335096
      },
      "maxVirtHandlerMemoryUsageInMB": {
        "value": 38.326776413690474
      },
      "minVirtAPIMemoryUsageInMB": {
        "value": 124.0078125
      },
      "minVirtControllerMemoryUsageInMB": {
        "value": 57.3359375
      },
      "minVirtHandlerCPUUsage": {
        "value": 0.0006462644444444445
      },
      "minVirtHandlerMemoryUsageInMB": {
        "value": 2.923735119047619
      },
      "running-phase-count": {
        "value": 27
      },
      "scheduled-phase-count": {
        "value": 56
      },
      "scheduling-phase-count": {
        "value": 18
      },
      "vmiCreationToRunningSecondsP50": {
        "value": 15.560840320949776,
        "thresholdResult": {
          "thresholdValue": 45,
          "thresholdExceeded": false
        }
      },
      "vmiCreationToRunningSecondsP95": {
        "value": 25.042403235619226,
        "thresholdResult": {
          "thresholdValue": 60,
          "thresholdExceeded": false
        }
      },
      "vmiCreationToRunningSecondsP99": {
        "value": 29.008480647123854
      },
      "vmiDeletionToFailedSecondsP50": {
        "value": 0
      },
      "vmiDeletionToFailedSecondsP95": {
        "value": 0
      },
      "vmiDeletionToFailedSecondsP99": {
        "value": 0
      },
      "vmiDeletionToSucceededSecondsP50": {
        "value": 0
      },
      "vmiDeletionToSucceededSecondsP95": {
        "value": 0
      },
      "vmiDeletionToSucceededSecondsP99": {
        "value": 0
      }
    }
  },
  "VMResult": {
    "Values": {
      "CREATE-events-count": {
        "value": 827.7789712194791
      },
      "CREATE-pods-count": {
        "value": 111.11111111111111
      },
      "GET-leases-count": {
        "value": 188.8888888888889
      },
      "GET-nodes-count": {
        "value": 28.88898354087794
      },
      "PATCH-events-count": {
        "value": 7.358470127489375
      },
      "PATCH-nodes-count": {
        "value": 12.222263375247687
      },
      "PATCH-pods-count": {
        "value": 361.1111111111111
      },
      "PATCH-virtualmachineinstances-count": {
        "value": 144.44444444444446,
        "thresholdResult": {
          "thresholdValue": 222.22222222222223,
          "thresholdMetric": "CREATE-pods-count",
          "thresholdRatio": 1.3,
          "thresholdExceeded": false
        }
      },
      "UPDATE-leases-count": {
        "value": 298.8899917777169
      },
      "UPDATE-virtualmachineinstances-count": {
        "value": 905.5562181228322,
        "thresholdResult": {
          "thresholdValue": 1111.111111111111,
          "thresholdMetric": "CREATE-pods-count",
          "thresholdRatio": 8.150005963105489,
          "thresholdExceeded": false
        }
      },
      "WATCH-cdiconfigs-count": {
        "value": 1.1111111111111112
      },
      "WATCH-configmaps-count": {
        "value": 8.888909465340653
      },
      "WATCH-controllerrevisions-count": {
        "value": 1.1111111111111112
      },
      "WATCH-customresourcedefinitions-count": {
        "value": 5.555559670858102
      },
      "WATCH-daemonsets-count": {
        "value": 1.111119341624753
      },
      "WATCH-datasources-count": {
        "value": 2.2222222222222223
      },
      "WATCH-ingresses-count": {
        "value": 1.1111111111111112
      },
      "WATCH-kubevirts-count": {
        "value": 7.777790123715899
      },
      "WATCH-mutatingwebhookconfigurations-count": {
        "value": 2.222230452735864
      },
      "WATCH-namespaces-count": {
        "value": 4.444444444444445
      },