{
  "JobDirCreationTime": "2025-09-14T08:22:58.044Z",
  "VMIResult": {
    "Values": {
      "CREATE-deployments-count": {
        "value": 1.0723707510770744
      },
      "CREATE-events-count": {
        "value": 126.41466668999965
      },
      "CREATE-poddisruptionbudgets-count": {
        "value": 1.0723707510770744
      },
      "CREATE-pods-count": {
        "value": 103.88492787680308
      },
      "CREATE-virtualmachineclusterinstancetypes-count": {
        "value": 2.1929885964230027
      },
      "GET-leases-count": {
        "value": 154.46112222222223
      },
      "GET-nodes-count": {
        "value": 27.105396825396824
      },
      "LIST-nodes-count": {
        "value": 42.894830043082976
      },
      "LIST-virtualmachineclusterinstancetypes-count": {
        "value": 32.34970619327434
      },
      "LIST-virtualmachineclusterpreferences-count": {
        "value": 32.34970619327434
      },
      "PATCH-nodes-count": {
        "value": 7.083829365079366
      },
      "PATCH-pods-count": {
        "value": 207.76985575360615
      },
      "PATCH-services-count": {
        "value": 171.5793201723319
      },
      "PATCH-validatingadmissionpolicies-count": {
        "value": 42.894830043082976
      },
      "PATCH-validatingadmissionpolicybindings-count": {
        "value": 42.894830043082976
      },
      "PATCH-virtualmachineinstances-count": {
        "value": 95.50034998833372,
        "thresholdResult": {
          "thresholdValue": 207.76985575360615,
          "thresholdMetric": "CREATE-pods-count",
          "thresholdRatio": 0.91928975588824,
          "thresholdExceeded": false
        }
      },
      "UPDATE-configmaps-count": {
        "value": 42.894830043082976
      },
      "UPDATE-kubevirts-count": {
        "value": 2.1447415021541487
      },
      "UPDATE-leases-count": {
        "value": 240.75518059974624
      },
      "UPDATE-virtualmachineinstances-count": {
        "value": 447.83331150721233,
        "thresholdResult": {
          "thresholdValue": 1038.8492787680307,
          "thresholdMetric": "CREATE-pods-count",
          "thresholdRatio": 4.310859338885973,
          "thresholdExceeded": false
        }
      },
      "WATCH-deployments-count": {
        "value": 1.0723707510770744
      },
      "WATCH-services-count": {
        "value": 1.0723707510770744
      },
      "avgVirtAPICPUUsage": {
        "value": 0.010960847158694442
      },
      "avgVirtAPIMemoryUsageInMB": {
        "value": 144.87478298611111
      },
      "avgVirtControllerCPUUsage": {
        "value": 0.025895843916793646
      },
      "avgVirtControllerMemoryUsageInMB": {
        "value": 63.44287109375
      },
      "avgVirtHandlerCPUUsage": {
        "value": 0.0008661356605927718
      },
      "avgVirtHandlerMemoryUsageInMB": {
        "value": 10.999132302159646
      },
      "maxVirtAPIMemoryUsageInMB": {
        "value": 162.87890625
      },
      "maxVirtControllerMemoryUsageInMB": {
        "value": 86.26953125
      },
      "maxVirtHandlerCPUUsage": {
        "value": 0.0008896910285091573
      },
      "maxVirtHandlerMemoryUsageInMB": {
        "value": 27.801292067307692
      },
      "minVirtAPIMemoryUsageInMB": {
        "value": 137.076171875
      },
      "minVirtControllerMemoryUsageInMB": {
        "value": 48.09375
      },
      "minVirtHandlerCPUUsage": {
        "value": 0.0008405355235308642
      },
      "minVirtHandlerMemoryUsageInMB": {
        "value": 3.1981058582621085
      },
      "running-phase-count": {
        "value": 92
      },
      "scheduled-phase-count": {
        "value": 9
      },
      "vmiCreationToRunningSecondsP50": {
        "value": 23.520354831691506,
        "thresholdResult": {
          "thresholdValue": 45,
          "thresholdExceeded": false
        }
      },
      "vmiCreationToRunningSecondsP95": {
        "value": 29.35203548316915,
        "thresholdResult": {
          "thresholdValue": 60,
          "thresholdExceeded": false
        }
      },
      "vmiCreationToRunningSecondsP99": {
        "value": 29.870407096633826
      },
      "vmiDeletionToFailedSecondsP50": {
        "value": 0
      },
      "vmiDeletionToFailedSecondsP95": {
        "value": 0
      },
      "vmiDeletionToFailedSecondsP99": {
        "value": 0
      },
      "vmiDeletionToSucceededSecondsP50": {
        "value": 0
      },
      "vmiDeletionToSucceededSecondsP95": {
        "value": 0
      },
      "vmiDeletionToSucceededSecondsP99": {
        "value": 0
      }
    }
  },
  "VMResult": null
}
