{
  "JobDirCreationTime": "2026-06-02T06:26:53.809Z",
  "VMIResult": {
    "Values": {
      "CREATE-events-count": {
        "value": 103.11774193548388
      },
      "CREATE-pods-count": {
        "value": 102.0087634408602
      },
      "DELETE-jobs-count": {
        "value": 315.47903225806454
      },
      "GET-leases-count": {
        "value": 1189.4274193548385
      },
      "GET-mutatingwebhookconfigurations-count": {
        "value": 315.47903225806454
      },
      "LIST-nodes-count": {
        "value": 315.47903225806454
      },
      "LIST-virtualmachineclusterinstancetypes-count": {
        "value": 315.47903225806454
      },
      "LIST-virtualmachineclusterpreferences-count": {
        "value": 315.47903225806454
      },
      "PATCH-nodes-count": {
        "value": 94.95
      },
      "PATCH-pods-count": {
        "value": 102.0087634408602
      },
      "PATCH-services-count": {
        "value": 1261.9161290322581
      },
      "UPDATE-configmaps-count": {
        "value": 315.47903225806454
      },
      "UPDATE-leases-count": {
        "value": 1894.9161290322581
      },
      "UPDATE-virtualmachineinstances-count": {
        "value": 308.0464655913978
      },
      "WATCH-clusterrolebindings-count": {
        "value": 9.188709677419356
      },
      "WATCH-clusterroles-count": {
        "value": 7.146774193548387
      },
      "WATCH-configmaps-count": {
        "value": 68.40483870967742
      },
      "WATCH-controllerrevisions-count": {
        "value": 5.10483870967742
      },
      "WATCH-customresourcedefinitions-count": {
        "value": 44.922580645161304
      },
      "WATCH-daemonsets-count": {
        "value": 10.20967741935484
      },
      "WATCH-deployments-count": {
        "value": 8.167741935483871
      },
      "WATCH-ingresses-count": {
        "value": 4.083870967741936
      },
      "WATCH-jobs-count": {
        "value": 7.146774193548387
      },
      "WATCH-kubevirts-count": {
        "value": 38.796774193548394
      },
      "WATCH-leases-count": {
        "value": 8.167741935483871
      },
      "WATCH-migrationpolicies-count": {
        "value": 4.083870967741936
      },
      "WATCH-mutatingwebhookconfigurations-count": {
        "value": 8.167741935483871
      },
      "WATCH-namespaces-count": {
        "value": 20.41935483870968
      },
      "WATCH-nodes-count": {
        "value": 20.41935483870968
      },
      "WATCH-persistentvolumeclaims-count": {
        "value": 4.083870967741936
      },
      "WATCH-poddisruptionbudgets-count": {
        "value": 11.230645161290322
      },
      "WATCH-pods-count": {
        "value": 16.335483870967742
      },
      "WATCH-prometheusrules-count": {
        "value": 8.167741935483871
      },
      "WATCH-resourcequotas-count": {
        "value": 5.10483870967742
      },
      "WATCH-rolebindings-count": {
        "value": 8.167741935483871
      },
      "WATCH-roles-count": {
        "value": 9.188709677419356
      },
      "WATCH-routes-count": {
        "value": 12.251612903225807
      },
      "WATCH-secrets-count": {
        "value": 14.293548387096775
      },
      "WATCH-securitycontextconstraints-count": {
        "value": 8.167741935483871
      },
      "WATCH-serviceaccounts-count": {
        "value": 8.167741935483871
      },
      "WATCH-servicemonitors-count": {
        "value": 8.167741935483871
      },
      "WATCH-services-count": {
        "value": 11.230645161290322
      },
      "WATCH-storageclasses-count": {
        "value": 3.0629032258064517
      },
      "WATCH-validatingwebhookconfigurations-count": {
        "value": 8.167741935483871
      },
      "WATCH-virtualmachinebackups-count": {
        "value": 13.272580645161291
      },
      "WATCH-virtualmachinebackuptrackers-count": {
        "value": 18.37741935483871
      },
      "WATCH-virtualmachineclones-count": {
        "value": 4.083870967741936
      },
      "WATCH-virtualmachineclusterinstancetypes-count": {
        "value": 12.251612903225807
      },
      "WATCH-virtualmachineclusterpreferences-count": {
        "value": 12.251612903225807
      },
      "WATCH-virtualmachineexports-count": {
        "value": 4.083870967741936
      },
      "WATCH-virtualmachineinstancemigrations-count": {
        "value": 4.083870967741936
      },
      "WATCH-virtualmachineinstancepresets-count": {
        "value": 8.167741935483871
      },
      "WATCH-virtualmachineinstancereplicasets-count": {
        "value": 4.083870967741936
      },
      "WATCH-virtualmachineinstances-count": {
        "value": 40.83870967741935
      },
      "WATCH-virtualmachineinstancetypes-count": {
        "value": 5.10483870967742
      },
      "WATCH-virtualmachinepools-count": {
        "value": 3.0629032258064517
      },
      "WATCH-virtualmachinepreferences-count": {
        "value": 4.083870967741936
      },
      "WATCH-virtualmachinerestores-count": {
        "value": 13.272580645161291
      },
      "WATCH-virtualmachines-count": {
        "value": 4.083870967741936
      },
      "WATCH-virtualmachinesnapshotcontents-count": {
        "value": 4.083870967741936
      },
      "WATCH-virtualmachinesnapshots-count": {
        "value": 4.083870967741936
      },
      "WATCH-volumesnapshotclasses-count": {
        "value": 4.083870967741936
      },
      "WATCH-volumesnapshots-count": {
        "value": 4.083870967741936
      },
      "avgVirtAPICPUUsage": {
        "value": 0.004183694463720345
      },
      "avgVirtAPIMemoryUsageInMB": {
        "value": 187.78704228476875
      },
      "avgVirtControllerCPUUsage": {
        "value": 0.008767467512903226
      },
      "avgVirtControllerMemoryUsageInMB": {
        "value": 388.29854910714283
      },
      "failed-phase-count": {
        "value": 11
      },
      "maxVirtAPIMemoryUsageInMB": {
        "value": 227.203125
      },
      "maxVirtControllerMemoryUsageInMB": {
        "value": 472.54296875
      },
      "minVirtAPIMemoryUsageInMB": {
        "value": 176.8974609375
      },
      "minVirtControllerMemoryUsageInMB": {
        "value": 360.26953125
      },
      "virtControllerWorkqueueAddRate": {
        "value": 1.6828200651729546
      },
      "virtControllerWorkqueueDepth": {
        "value": 0
      },
      "virtControllerWorkqueueP99Latency": {
        "value": 0.07958111783236352
      },
      "vmiCreationToRunningSecondsP50": {
        "value": 0
      },
      "vmiCreationToRunningSecondsP95": {
        "value": 0
      },
      "vmiCreationToRunningSecondsP99": {
        "value": 0
      },
      "vmiDeletionToFailedSecondsP50": {
        "value": 0
      },
      "vmiDeletionToFailedSecondsP95": {
        "value": 0
      },
      "vmiDeletionToFailedSecondsP99": {
        "value": 0
      },
      "vmiDeletionToSucceededSecondsP50": {
        "value": 0
      },
      "vmiDeletionToSucceededSecondsP95": {
        "value": 0
      },
      "vmiDeletionToSucceededSecondsP99": {
        "value": 0
      }
    }
  },
  "VMResult": null
}
