{
  "JobDirCreationTime": "2022-09-23T05:10:25.261Z",
  "VMIResult": {
    "Values": {
      "CREATE-events-count": {
        "value": 659.8194511965812
      },
      "CREATE-pods-count": {
        "value": 103.00611111111111
      },
      "DELETE-pods-count": {
        "value": 103.00611111111111
      },
      "GET-configmaps-count": {
        "value": 1.0538461538461539
      },
      "GET-endpoints-count": {
        "value": 669.1923076923077
      },
      "GET-nodes-count": {
        "value": 15.192948717948717
      },
      "LIST-clusterrolebindings-count": {
        "value": 2.1076923076923078
      },
      "LIST-clusterroles-count": {
        "value": 2.1076923076923078
      },
      "LIST-configmaps-count": {
        "value": 16.071153846153848
      },
      "LIST-controllerrevisions-count": {
        "value": 1.0538461538461539
      },
      "LIST-customresourcedefinitions-count": {
        "value": 11.767948717948716
      },
      "LIST-daemonsets-count": {
        "value": 2.1076923076923078
      },
      "LIST-deployments-count": {
        "value": 2.1076923076923078
      },
      "LIST-ingresses-count": {
        "value": 1.0538461538461539
      },
      "LIST-jobs-count": {
        "value": 2.1076923076923078
      },
      "LIST-kubevirts-count": {
        "value": 9.660256410256409
      },
      "LIST-limitranges-count": {
        "value": 2.1955128205128203
      },
      "LIST-migrationpolicies-count": {
        "value": 1.0538461538461539
      },
      "LIST-mutatingwebhookconfigurations-count": {
        "value": 2.1076923076923078
      },
      "LIST-namespaces-count": {
        "value": 3.161538461538462
      },
      "LIST-nodes-count": {
        "value": 1.0538461538461539
      },
      "LIST-persistentvolumeclaims-count": {
        "value": 1.0538461538461539
      },
      "LIST-poddisruptionbudgets-count": {
        "value": 3.161538461538462
      },
      "LIST-pods-count": {
        "value": 4.2153846153846155
      },
      "LIST-prometheusrules-count": {
        "value": 2.1076923076923078
      },
      "LIST-rolebindings-count": {
        "value": 2.1076923076923078
      },
      "LIST-roles-count": {
        "value": 2.1076923076923078
      },
      "LIST-secrets-count": {
        "value": 3.161538461538462
      },
      "LIST-serviceaccounts-count": {
        "value": 2.1076923076923078
      },
      "LIST-servicemonitors-count": {
        "value": 2.1076923076923078
      },
      "LIST-services-count": {
        "value": 3.161538461538462
      },
      "LIST-storageclasses-count": {
        "value": 1.0538461538461539
      },
      "LIST-validatingwebhookconfigurations-count": {
        "value": 2.1076923076923078
      },
      "LIST-virtualmachineclones-count": {
        "value": 1.0538461538461539
      },
      "LIST-virtualmachineexports-count": {
        "value": 1.0538461538461539
      },
      "LIST-virtualmachineinstancemigrations-count": {
        "value": 1.0538461538461539
      },
      "LIST-virtualmachineinstancepresets-count": {
        "value": 2.1955128205128203
      },
      "LIST-virtualmachineinstancereplicasets-count": {
        "value": 1.0538461538461539
      },
      "LIST-virtualmachineinstances-count": {
        "value": 14.051282051282051
      },
      "LIST-virtualmachinepools-count": {
        "value": 1.0538461538461539
      },
      "LIST-virtualmachinerestores-count": {
        "value": 3.249358974358974
      },
      "LIST-virtualmachines-count": {
        "value": 1.0538461538461539
      },
      "LIST-virtualmachinesnapshotcontents-count": {
        "value": 1.0538461538461539
      },
      "LIST-virtualmachinesnapshots-count": {
        "value": 1.0538461538461539
      },
      "PATCH-events-count": {
        "value": 109.84876944444446
      },
      "PATCH-nodes-count": {
        "value": 11.943589743589744
      },
      "PATCH-pods-count": {
        "value": 104.06783888888889
      },
      "PATCH-virtualmachineinstances-count": {
        "value": 206.01222222222222
      },
      "UPDATE-endpoints-count": {
        "value": 408.8923076923077
      },
      "UPDATE-virtualmachineinstances-count": {
        "value": 928.403978888889
      },
      "vmiCreationToRunningSecondsP50": {
        "value": 36.95361787533055
      },
      "vmiCreationToRunningSecondsP95": {
        "value": 53.68872916110691
      },
      "vmiCreationToRunningSecondsP99": {
        "value": 58.737745832221385
      }
    }
  },
  "VMResult": null
}
