{
  "JobDirCreationTime": "2025-10-04T06:08:46.746Z",
  "VMIResult": {
    "Values": {
      "CREATE-events-count": {
        "value": 103.11774193548388
      },
      "CREATE-pods-count": {
        "value": 102.09677419354838
      },
      "DELETE-jobs-count": {
        "value": 317.52096774193546
      },
      "GET-leases-count": {
        "value": 1178.1967741935484
      },
      "GET-nodes-count": {
        "value": 75.55161290322582
      },
      "LIST-nodes-count": {
        "value": 317.52096774193546
      },
      "LIST-virtualmachineclusterinstancetypes-count": {
        "value": 317.52096774193546
      },
      "LIST-virtualmachineclusterpreferences-count": {
        "value": 317.52096774193546
      },
      "PATCH-nodes-count": {
        "value": 55.13225806451614
      },
      "PATCH-pods-count": {
        "value": 102.09677419354838
      },
      "PATCH-services-count": {
        "value": 1270.0838709677419
      },
      "UPDATE-configmaps-count": {
        "value": 317.52096774193546
      },
      "UPDATE-leases-count": {
        "value": 1894.9161290322581
      },
      "UPDATE-virtualmachineinstances-count": {
        "value": 308.3322580645161
      },
      "WATCH-clusterrolebindings-count": {
        "value": 8.167741935483871
      },
      "WATCH-clusterroles-count": {
        "value": 9.188709677419356
      },
      "WATCH-configmaps-count": {
        "value": 64.32096774193548
      },
      "WATCH-controllerrevisions-count": {
        "value": 5.10483870967742
      },
      "WATCH-customresourcedefinitions-count": {
        "value": 46.96451612903226
      },
      "WATCH-daemonsets-count": {
        "value": 8.167741935483871
      },
      "WATCH-deployments-count": {
        "value": 9.188709677419356
      },
      "WATCH-ingresses-count": {
        "value": 3.0629032258064517
      },
      "WATCH-jobs-count": {
        "value": 7.146774193548387
      },
      "WATCH-kubevirts-count": {
        "value": 39.81774193548388
      },
      "WATCH-leases-count": {
        "value": 8.167741935483871
      },
      "WATCH-migrationpolicies-count": {
        "value": 4.083870967741936
      },
      "WATCH-mutatingwebhookconfigurations-count": {
        "value": 8.167741935483871
      },
      "WATCH-namespaces-count": {
        "value": 23.48225806451613
      },
      "WATCH-nodes-count": {
        "value": 4.083870967741936
      },
      "WATCH-persistentvolumeclaims-count": {
        "value": 4.083870967741936
      },
      "WATCH-poddisruptionbudgets-count": {
        "value": 12.251612903225807
      },
      "WATCH-pods-count": {
        "value": 19.398387096774194
      },
      "WATCH-prometheusrules-count": {
        "value": 10.20967741935484
      },
      "WATCH-resourcequotas-count": {
        "value": 4.083870967741936
      },
      "WATCH-rolebindings-count": {
        "value": 9.188709677419356
      },
      "WATCH-roles-count": {
        "value": 9.188709677419356
      },
      "WATCH-routes-count": {
        "value": 12.251612903225807
      },
      "WATCH-secrets-count": {
        "value": 13.272580645161291
      },
      "WATCH-securitycontextconstraints-count": {
        "value": 8.167741935483871
      },
      "WATCH-serviceaccounts-count": {
        "value": 7.146774193548387
      },
      "WATCH-servicemonitors-count": {
        "value": 8.167741935483871
      },
      "WATCH-services-count": {
        "value": 12.251612903225807
      },
      "WATCH-storageclasses-count": {
        "value": 4.083870967741936
      },
      "WATCH-validatingwebhookconfigurations-count": {
        "value": 7.146774193548387
      },
      "WATCH-virtualmachineclones-count": {
        "value": 5.10483870967742
      },
      "WATCH-virtualmachineclusterinstancetypes-count": {
        "value": 11.230645161290322
      },
      "WATCH-virtualmachineclusterpreferences-count": {
        "value": 13.272580645161291
      },
      "WATCH-virtualmachineexports-count": {
        "value": 3.0629032258064517
      },
      "WATCH-virtualmachineinstancemigrations-count": {
        "value": 4.083870967741936
      },
      "WATCH-virtualmachineinstancepresets-count": {
        "value": 8.167741935483871
      },
      "WATCH-virtualmachineinstancereplicasets-count": {
        "value": 4.083870967741936
      },
      "WATCH-virtualmachineinstances-count": {
        "value": 42.880645161290325
      },
      "WATCH-virtualmachineinstancetypes-count": {
        "value": 4.083870967741936
      },
      "WATCH-virtualmachinepools-count": {
        "value": 5.10483870967742
      },
      "WATCH-virtualmachinepreferences-count": {
        "value": 5.10483870967742
      },
      "WATCH-virtualmachinerestores-count": {
        "value": 12.251612903225807
      },
      "WATCH-virtualmachines-count": {
        "value": 3.0629032258064517
      },
      "WATCH-virtualmachinesnapshotcontents-count": {
        "value": 4.083870967741936
      },
      "WATCH-virtualmachinesnapshots-count": {
        "value": 4.083870967741936
      },
      "WATCH-volumesnapshotclasses-count": {
        "value": 4.083870967741936
      },
      "WATCH-volumesnapshots-count": {
        "value": 5.10483870967742
      },
      "avgVirtAPICPUUsage": {
        "value": 0.003933621895302099
      },
      "avgVirtAPIMemoryUsageInMB": {
        "value": 186.66804940359935
      },
      "avgVirtControllerCPUUsage": {
        "value": 0.0084171651010582
      },
      "avgVirtControllerMemoryUsageInMB": {
        "value": 340.73724365234375
      },
      "failed-phase-count": {
        "value": 21
      },
      "maxVirtAPIMemoryUsageInMB": {
        "value": 217.8134765625
      },
      "maxVirtControllerMemoryUsageInMB": {
        "value": 412.4296875
      },
      "minVirtAPIMemoryUsageInMB": {
        "value": 176.0625
      },
      "minVirtControllerMemoryUsageInMB": {
        "value": 291.1171875
      },
      "vmiCreationToRunningSecondsP50": {
        "value": 0
      },
      "vmiCreationToRunningSecondsP95": {
        "value": 0
      },
      "vmiCreationToRunningSecondsP99": {
        "value": 0
      },
      "vmiDeletionToFailedSecondsP50": {
        "value": 0
      },
      "vmiDeletionToFailedSecondsP95": {
        "value": 0
      },
      "vmiDeletionToFailedSecondsP99": {
        "value": 0
      },
      "vmiDeletionToSucceededSecondsP50": {
        "value": 0
      },
      "vmiDeletionToSucceededSecondsP95": {
        "value": 0
      },
      "vmiDeletionToSucceededSecondsP99": {
        "value": 0
      }
    }
  },
  "VMResult": null
}
