{
  "JobDirCreationTime": "2025-06-15T00:19:12.514Z",
  "VMIResult": {
    "Values": {
      "CREATE-events-count": {
        "value": 143.21939259259258
      },
      "CREATE-pods-count": {
        "value": 124.52222222222223
      },
      "GET-leases-count": {
        "value": 183.33333333333334
      },
      "GET-nodes-count": {
        "value": 15.55560493882031
      },
      "PATCH-nodes-count": {
        "value": 12.222259259670787
      },
      "PATCH-pods-count": {
        "value": 400.7415555555556
      },
      "PATCH-virtualmachineinstances-count": {
        "value": 42.99755555555555,
        "thresholdResult": {
          "thresholdValue": 249.04444444444445,
          "thresholdMetric": "CREATE-pods-count",
          "thresholdRatio": 0.3453002587668421,
          "thresholdExceeded": true
        }
      },
      "UPDATE-leases-count": {
        "value": 300
      },
      "UPDATE-virtualmachineinstances-count": {
        "value": 547.8354,
        "thresholdResult": {
          "thresholdValue": 1245.2222222222222,
          "thresholdMetric": "CREATE-pods-count",
          "thresholdRatio": 4.399499063085572,
          "thresholdExceeded": false
        }
      },
      "WATCH-clusterroles-count": {
        "value": 1.1111111111111112
      },
      "WATCH-configmaps-count": {
        "value": 4.444444444444445
      },
      "WATCH-customresourcedefinitions-count": {
        "value": 1.1111111111111112
      },
      "WATCH-datasources-count": {
        "value": 1.1111111111111112
      },
      "WATCH-deployments-count": {
        "value": 2.2222222222222223
      },
      "WATCH-kubevirts-count": {
        "value": 2.2222222222222223
      },
      "WATCH-migrationpolicies-count": {
        "value": 1.1111111111111112
      },
      "WATCH-mutatingwebhookconfigurations-count": {
        "value": 1.1111111111111112
      },
      "WATCH-namespaces-count": {
        "value": 1.1111111111111112
      },
      "WATCH-persistentvolumeclaims-count": {
        "value": 1.1111111111111112
      },
      "WATCH-poddisruptionbudgets-count": {
        "value": 1.1111111111111112
      },
      "WATCH-pods-count": {
        "value": 1.1111111111111112
      },
      "WATCH-prometheusrules-count": {
        "value": 1.1111111111111112
      },
      "WATCH-rolebindings-count": {
        "value": 1.1111111111111112
      },
      "WATCH-roles-count": {
        "value": 2.2222222222222223
      },
      "WATCH-secrets-count": {
        "value": 1.1111111111111112
      },
      "WATCH-serviceaccounts-count": {
        "value": 1.1111111111111112
      },
      "WATCH-servicemonitors-count": {
        "value": 2.2222222222222223
      },
      "WATCH-services-count": {
        "value": 2.2222222222222223
      },
      "WATCH-validatingadmissionpolicybindings-count": {
        "value": 1.1111111111111112
      },
      "WATCH-validatingwebhookconfigurations-count": {
        "value": 1.1111111111111112
      },
      "WATCH-virtualmachineinstances-count": {
        "value": 4.444469136076821
      },
      "WATCH-virtualmachinerestores-count": {
        "value": 1.1111111111111112
      },
      "avgVirtAPICPUUsage": {
        "value": 0.009424787037037037
      },
      "avgVirtAPIMemoryUsageInMB": {
        "value": 134.4955078125
      },
      "avgVirtControllerCPUUsage": {
        "value": 0.023241674074074074
      },
      "avgVirtControllerMemoryUsageInMB": {
        "value": 66.06640625
      },
      "avgVirtHandlerCPUUsage": {
        "value": 0.0007157141725541636
      },
      "avgVirtHandlerMemoryUsageInMB": {
        "value": 18.414880268056223
      },
      "maxVirtAPIMemoryUsageInMB": {
        "value": 159.546875
      },
      "maxVirtControllerMemoryUsageInMB": {
        "value": 86.14453125
      },
      "maxVirtHandlerCPUUsage": {
        "value": 0.0007796200854700856
      },
      "maxVirtHandlerMemoryUsageInMB": {
        "value": 61.012765066964285
      },
      "minVirtAPIMemoryUsageInMB": {
        "value": 121.67578125
      },
      "minVirtControllerMemoryUsageInMB": {
        "value": 55.47265625
      },
      "minVirtHandlerCPUUsage": {
        "value": 0.000674142328042328
      },
      "minVirtHandlerMemoryUsageInMB": {
        "value": 3.1825420673076925
      },
      "running-phase-count": {
        "value": 35
      },
      "scheduled-phase-count": {
        "value": 66
      },
      "vmiCreationToRunningSecondsP50": {
        "value": 17.2519939432101,
        "thresholdResult": {
          "thresholdValue": 45,
          "thresholdExceeded": false
        }
      },
      "vmiCreationToRunningSecondsP95": {
        "value": 28.38987268036948,
        "thresholdResult": {
          "thresholdValue": 60,
          "thresholdExceeded": false
        }
      },
      "vmiCreationToRunningSecondsP99": {
        "value": 29.67797453607389
      },
      "vmiDeletionToFailedSecondsP50": {
        "value": 0
      },
      "vmiDeletionToFailedSecondsP95": {
        "value": 0
      },
      "vmiDeletionToFailedSecondsP99": {
        "value": 0
      },
      "vmiDeletionToSucceededSecondsP50": {
        "value": 0
      },
      "vmiDeletionToSucceededSecondsP95": {
        "value": 0
      },
      "vmiDeletionToSucceededSecondsP99": {
        "value": 0
      }
    }
  },
  "VMResult": {
    "Values": {
      "CREATE-events-count": {
        "value": 874.4473909683282
      },
      "CREATE-pods-count": {
        "value": 111.1119341624753
      },
      "GET-leases-count": {
        "value": 187.77709465526593
      },
      "GET-nodes-count": {
        "value": 16.666666666666668
      },
      "PATCH-nodes-count": {
        "value": 12.222222222222221
      },
      "PATCH-pods-count": {
        "value": 383.33617286053976
      },
      "PATCH-virtualmachineinstances-count": {
        "value": 162.22342387721392,
        "thresholdResult": {
          "thresholdValue": 222.2238683249506,
          "thresholdMetric": "CREATE-pods-count",
          "thresholdRatio": 1.46,
          "thresholdExceeded": false
        }
      },
      "UPDATE-leases-count": {
        "value": 297.7788806666058
      },
      "UPDATE-virtualmachineinstances-count": {
        "value": 914.448477396129,
        "thresholdResult": {
          "thresholdValue": 1111.119341624753,
          "thresholdMetric": "CREATE-pods-count",
          "thresholdRatio": 8.229975333333334,
          "thresholdExceeded": false
        }
      },
      "WATCH-cdiconfigs-count": {
        "value": 1.111119341624753
      },
      "WATCH-clusterroles-count": {
        "value": 1.1111111111111112
      },
      "WATCH-configmaps-count": {
        "value": 6.666666666788599
      },
      "WATCH-customresourcedefinitions-count": {
        "value": 4.444452674958086
      },
      "WATCH-daemonsets-count": {
        "value": 2.2222139918305133
      },
      "WATCH-datasources-count": {
        "value": 1.1111111111111112
      },
      "WATCH-datavolumes-count": {
        "value": 1.111119341624753
      },
      "WATCH-ingresses-count": {
        "value": 1.111119341624753
      },
      "WATCH-kubevirts-count": {
        "value": 5.555563786069197
      },
      "WATCH-mutatingwebhookconfigurations-count": {
        "value": 1.111102880719402
      },
      "WATCH-namespaces-count": {
        "value": 1.1111111111111112
      },
      "WATCH-persistentvolumeclaims-count": {
        "value": 1.111119341624753
      },
      "WATCH-poddisruptionbudgets-count": {
        "value": 2.2222139918305133
      },
      "WATCH-pods-count": {
        "value": 2.222238683249506
      },
      "WATCH-prometheusrules-count": {
        "value": 2.2222139918305133
      },
      "WATCH-resourcequotas-count": {
        "value": 1.111119341624753
      },
      "WATCH-secrets-count": {
        "value": 1.111119341624753
      },
      "WATCH-servicemonitors-count": {
        "value": 1.1111111111111112
      },