{
  "JobDirCreationTime": "2025-03-07T05:04:32.224Z",
  "VMIResult": {
    "Values": {
      "CREATE-events-count": {
        "value": 622.6442444444444
      },
      "CREATE-pods-count": {
        "value": 103.048
      },
      "DELETE-pods-count": {
        "value": 103.56
      },
      "GET-leases-count": {
        "value": 186.66666666666669
      },
      "GET-nodes-count": {
        "value": 25.555555555555557
      },
      "LIST-nodes-count": {
        "value": 1.1111111111111112
      },
      "LIST-virtualmachineclusterinstancetypes-count": {
        "value": 1.1111111111111112
      },
      "LIST-virtualmachineclusterpreferences-count": {
        "value": 1.1111111111111112
      },
      "PATCH-nodes-count": {
        "value": 11.111111111111112
      },
      "PATCH-pods-count": {
        "value": 310.18496
      },
      "PATCH-services-count": {
        "value": 4.444444444444445
      },
      "PATCH-virtualmachineinstances-count": {
        "value": 207.12
      },
      "UPDATE-leases-count": {
        "value": 297.77777777777777
      },
      "UPDATE-virtualmachineinstances-count": {
        "value": 936.0188066666667
      },
      "WATCH-clusterrolebindings-count": {
        "value": 1.1111111111111112
      },
      "WATCH-clusterroles-count": {
        "value": 1.1111111111111112
      },
      "WATCH-configmaps-count": {
        "value": 7.777777777777778
      },
      "WATCH-customresourcedefinitions-count": {
        "value": 1.1111111111111112
      },
      "WATCH-daemonsets-count": {
        "value": 1.1111111111111112
      },
      "WATCH-deployments-count": {
        "value": 1.1111111111111112
      },
      "WATCH-ingresses-count": {
        "value": 1.1111111111111112
      },
      "WATCH-jobs-count": {
        "value": 1.1111111111111112
      },
      "WATCH-kubevirts-count": {
        "value": 4.444444444444445
      },
      "WATCH-mutatingwebhookconfigurations-count": {
        "value": 1.1111111111111112
      },
      "WATCH-namespaces-count": {
        "value": 3.3333333333333335
      },
      "WATCH-nodes-count": {
        "value": 1.1111111111111112
      },
      "WATCH-persistentvolumeclaims-count": {
        "value": 1.1111111111111112
      },
      "WATCH-poddisruptionbudgets-count": {
        "value": 2.2222222222222223
      },
      "WATCH-pods-count": {
        "value": 2.2222222222222223
      },
      "WATCH-prometheusrules-count": {
        "value": 1.1111111111111112
      },
      "WATCH-resourcequotas-count": {
        "value": 1.1111111111111112
      },
      "WATCH-rolebindings-count": {
        "value": 1.1111111111111112
      },
      "WATCH-roles-count": {
        "value": 1.1111111111111112
      },
      "WATCH-secrets-count": {
        "value": 1.1111111111111112
      },
      "WATCH-serviceaccounts-count": {
        "value": 1.1111111111111112
      },
      "WATCH-servicemonitors-count": {
        "value": 1.1111111111111112
      },
      "WATCH-services-count": {
        "value": 3.3333333333333335
      },
      "WATCH-storageclasses-count": {
        "value": 1.1111111111111112
      },
      "WATCH-validatingwebhookconfigurations-count": {
        "value": 2.2222222222222223
      },
      "WATCH-virtualmachineclusterinstancetypes-count": {
        "value": 2.2222222222222223
      },
      "WATCH-virtualmachineinstancemigrations-count": {
        "value": 1.1111111111111112
      },
      "WATCH-virtualmachineinstances-count": {
        "value": 2.2222222222222223
      },
      "WATCH-virtualmachineinstancetypes-count": {
        "value": 1.1111111111111112
      },
      "WATCH-virtualmachinerestores-count": {
        "value": 2.2222222222222223
      },
      "WATCH-virtualmachines-count": {
        "value": 1.1111111111111112
      },
      "avgVirtAPICPUUsage": {
        "value": 0.024833455305555557
      },
      "avgVirtAPIMemoryUsageInMB": {
        "value": 179.7625
      },
      "avgVirtControllerCPUUsage": {
        "value": 0.035671611237037035
      },
      "avgVirtControllerMemoryUsageInMB": {
        "value": 99.058984375
      },
      "avgVirtHandlerCPUUsage": {
        "value": 0.007904252676954734
      },
      "avgVirtHandlerMemoryUsageInMB": {
        "value": 11.503993835150904
      },
      "maxVirtAPIMemoryUsageInMB": {
        "value": 195.466796875
      },
      "maxVirtControllerMemoryUsageInMB": {
        "value": 125.94921875
      },
      "maxVirtHandlerCPUUsage": {
        "value": 0.007904252676954734
      },
      "maxVirtHandlerMemoryUsageInMB": {
        "value": 15.5630523989899
      },
      "minVirtAPIMemoryUsageInMB": {
        "value": 167.78125
      },
      "minVirtControllerMemoryUsageInMB": {
        "value": 81.31640625
      },
      "minVirtHandlerCPUUsage": {
        "value": 0.007904252676954734
      },
      "minVirtHandlerMemoryUsageInMB": {
        "value": 8.924207899305555
      },
      "succeeded-phase-count": {
        "value": 9
      },
      "vmiCreationToRunningSecondsP50": {
        "value": 47.18218430947109
      },
      "vmiCreationToRunningSecondsP95": {
        "value": 58.42226501560062
      },
      "vmiCreationToRunningSecondsP99": {
        "value": 59.684453003120126
      },
      "vmiDeletionToFailedSecondsP50": {
        "value": 0
      },
      "vmiDeletionToFailedSecondsP95": {
        "value": 0
      },
      "vmiDeletionToFailedSecondsP99": {
        "value": 0
      },
      "vmiDeletionToSucceededSecondsP50": {
        "value": 0.7435043878316209
      },
      "vmiDeletionToSucceededSecondsP95": {
        "value": 7.195137805512218
      },
      "vmiDeletionToSucceededSecondsP99": {
        "value": 9.439027561102442
      }
    }
  },
  "VMResult": null
}
