{
  "JobDirCreationTime": "2026-05-15T22:10:43.105Z",
  "VMIResult": {
    "Values": {
      "CREATE-events-count": {
        "value": 15564.142140350876
      },
      "CREATE-pods-count": {
        "value": 8051.771929824561
      },
      "DELETE-pods-count": {
        "value": 6605.638258765176
      },
      "GET-leases-count": {
        "value": 2173.5184897025174
      },
      "GET-mutatingwebhookconfigurations-count": {
        "value": 577.4939130434783
      },
      "LIST-virtualmachineclusterinstancetypes-count": {
        "value": 577.4939130434783
      },
      "LIST-virtualmachineclusterpreferences-count": {
        "value": 577.4939130434783
      },
      "PATCH-nodes-count": {
        "value": 54.805263157894736
      },
      "PATCH-pods-count": {
        "value": 18096.175679902186
      },
      "PATCH-services-count": {
        "value": 2309.975652173913
      },
      "PATCH-validatingadmissionpolicies-count": {
        "value": 577.4939130434783
      },
      "PATCH-validatingadmissionpolicybindings-count": {
        "value": 577.4939130434783
      },
      "PATCH-virtualmachineinstances-count": {
        "value": 13635.720204404088,
        "thresholdResult": {
          "thresholdValue": 16103.543859649122,
          "thresholdMetric": "CREATE-pods-count",
          "thresholdRatio": 1.6935055194367874,
          "thresholdExceeded": false
        }
      },
      "UPDATE-configmaps-count": {
        "value": 577.4939130434783
      },
      "UPDATE-leases-count": {
        "value": 3462.916003051106
      },
      "UPDATE-virtualmachineinstances-count": {
        "value": 26903.7304995428,
        "thresholdResult": {
          "thresholdValue": 80517.71929824562,
          "thresholdMetric": "CREATE-pods-count",
          "thresholdRatio": 3.3413428415537596,
          "thresholdExceeded": false
        }
      },
      "WATCH-cdiconfigs-count": {
        "value": 8.119298245614035
      },
      "WATCH-cdis-count": {
        "value": 9.134210526315789
      },
      "WATCH-clusterrolebindings-count": {
        "value": 15.153081617086194
      },
      "WATCH-clusterroles-count": {
        "value": 15.16190694126621
      },
      "WATCH-configmaps-count": {
        "value": 112.17868252931197
      },
      "WATCH-controllerrevisions-count": {
        "value": 8.119298245614035
      },
      "WATCH-customresourcedefinitions-count": {
        "value": 69.68475360139823
      },
      "WATCH-daemonsets-count": {
        "value": 16.159168573607936
      },
      "WATCH-datasources-count": {
        "value": 23.20177027040041
      },
      "WATCH-datavolumes-count": {
        "value": 8.119298245614035
      },
      "WATCH-deployments-count": {
        "value": 15.153081617086194
      },
      "WATCH-ingresses-count": {
        "value": 7.1043859649122805
      },
      "WATCH-jobs-count": {
        "value": 13.140907704042716
      },
      "WATCH-kubevirts-count": {
        "value": 54.53167198431203
      },
      "WATCH-leases-count": {
        "value": 16.167993897787948
      },
      "WATCH-migrationpolicies-count": {
        "value": 9.134210526315789
      },
      "WATCH-mutatingwebhookconfigurations-count": {
        "value": 16.167993897787948
      },
      "WATCH-namespaces-count": {
        "value": 36.3515041734806
      },
      "WATCH-nodes-count": {
        "value": 14.208771929824561
      },
      "WATCH-persistentvolumeclaims-count": {
        "value": 8.119298245614035
      },
      "WATCH-poddisruptionbudgets-count": {
        "value": 23.272379862700227
      },
      "WATCH-pods-count": {
        "value": 33.41267734553776
      },
      "WATCH-prometheusrules-count": {
        "value": 16.167993897787948
      },
      "WATCH-resourcequotas-count": {
        "value": 8.119298245614035
      },
      "WATCH-rolebindings-count": {
        "value": 15.153081617086194
      },
      "WATCH-roles-count": {
        "value": 16.167993897787948
      },
      "WATCH-secrets-count": {
        "value": 23.272379862700227
      },
      "WATCH-serviceaccounts-count": {
        "value": 17.174080854309686
      },
      "WATCH-servicemonitors-count": {
        "value": 16.167993897787948
      },
      "WATCH-services-count": {
        "value": 22.257467581998476
      },
      "WATCH-storageclasses-count": {
        "value": 7.1043859649122805
      },
      "WATCH-storageprofiles-count": {
        "value": 7.1043859649122805
      },
      "WATCH-validatingadmissionpolicies-count": {
        "value": 15.16190694126621
      },
      "WATCH-validatingadmissionpolicybindings-count": {
        "value": 16.167993897787948
      },
      "WATCH-validatingwebhookconfigurations-count": {
        "value": 16.167993897787948
      },
      "WATCH-virtualmachinebackups-count": {
        "value": 24.2166816762447
      },
      "WATCH-virtualmachinebackuptrackers-count": {
        "value": 16.23859649122807
      },
      "WATCH-virtualmachineclones-count": {
        "value": 8.119298245614035
      },
      "WATCH-virtualmachineclusterinstancetypes-count": {
        "value": 24.296117467581997
      },
      "WATCH-virtualmachineclusterpreferences-count": {
        "value": 22.257467581998476
      },
      "WATCH-virtualmachineexports-count": {
        "value": 8.119298245614035
      },
      "WATCH-virtualmachineinstancemigrations-count": {
        "value": 7.1043859649122805
      },
      "WATCH-virtualmachineinstancepresets-count": {
        "value": 15.091299098681313
      },
      "WATCH-virtualmachineinstancereplicasets-count": {
        "value": 7.1043859649122805
      },
      "WATCH-virtualmachineinstances-count": {
        "value": 33.492105263157896
      },
      "WATCH-virtualmachineinstancetypes-count": {
        "value": 9.134210526315789
      },
      "WATCH-virtualmachinepools-count": {
        "value": 7.1043859649122805
      },
      "WATCH-virtualmachinepreferences-count": {
        "value": 8.119298245614035
      },
      "WATCH-virtualmachinerestores-count": {
        "value": 23.20177027040041
      },
      "WATCH-virtualmachines-count": {
        "value": 9.134210526315789
      },
      "WATCH-virtualmachinesnapshotcontents-count": {
        "value": 7.1043859649122805
      },
      "WATCH-virtualmachinesnapshots-count": {
        "value": 7.1043859649122805
      },
      "avgVirtAPICPUUsage": {
        "value": 0.02760694283625731
      },
      "avgVirtAPIMemoryUsageInMB": {
        "value": 177.00776154891304
      },
      "avgVirtControllerCPUUsage": {
        "value": 0.2694766877192983
      },
      "avgVirtControllerMemoryUsageInMB": {
        "value": 1387.5952105978263
      },
      "maxVirtAPIMemoryUsageInMB": {
        "value": 177.857421875
      },
      "maxVirtControllerMemoryUsageInMB": {
        "value": 2241.51171875
      },
      "minVirtAPIMemoryUsageInMB": {
        "value": 154.736328125
      },
      "minVirtControllerMemoryUsageInMB": {
        "value": 580.44140625
      },
      "running-phase-count": {
        "value": 735
      },
      "virtControllerWorkqueueAddRate": {
        "value": 232.4198749564057
      },
      "virtControllerWorkqueueDepth": {
        "value": 0.06697379414395972
      },
      "virtControllerWorkqueueP99Latency": {
        "value": 0.739305282201198
      },
      "vmiCreationToRunningSecondsP50": {
        "value": 0.5950980399649415,
        "thresholdResult": {
          "thresholdValue": 45,
          "thresholdExceeded": false
        }
      },
      "vmiCreationToRunningSecondsP95": {
        "value": 0.9795974004684653,
        "thresholdResult": {
          "thresholdValue": 60,
          "thresholdExceeded": false
        }
      },
      "vmiCreationToRunningSecondsP99": {
        "value": 1.6171773352376646
      },
      "vmiDeletionToFailedSecondsP50": {
        "value": 0
      },
      "vmiDeletionToFailedSecondsP95": {
        "value": 0
      },