{
  "JobDirCreationTime": "2025-07-24T05:35:53.484Z",
  "VMIResult": {
    "Values": {
      "CREATE-events-count": {
        "value": 103.11774193548388
      },
      "CREATE-pods-count": {
        "value": 102.09677419354838
      },
      "DELETE-jobs-count": {
        "value": 335.89838709677423
      },
      "GET-leases-count": {
        "value": 1183.058525345622
      },
      "GET-nodes-count": {
        "value": 78.79278033794162
      },
      "LIST-nodes-count": {
        "value": 335.89838709677423
      },
      "LIST-virtualmachineclusterinstancetypes-count": {
        "value": 335.89838709677423
      },
      "LIST-virtualmachineclusterpreferences-count": {
        "value": 335.89838709677423
      },
      "PATCH-nodes-count": {
        "value": 58.58410138248848
      },
      "PATCH-pods-count": {
        "value": 204.19354838709677
      },
      "PATCH-services-count": {
        "value": 1343.593548387097
      },
      "UPDATE-configmaps-count": {
        "value": 335.89838709677423
      },
      "UPDATE-leases-count": {
        "value": 1894.9161290322581
      },
      "UPDATE-virtualmachineinstances-count": {
        "value": 308.3322580645161
      },
      "WATCH-clusterrolebindings-count": {
        "value": 8.102918586789555
      },
      "WATCH-clusterroles-count": {
        "value": 8.102918586789555
      },
      "WATCH-configmaps-count": {
        "value": 66.0225806451613
      },
      "WATCH-controllerrevisions-count": {
        "value": 4.083870967741936
      },
      "WATCH-customresourcedefinitions-count": {
        "value": 46.689016897081416
      },
      "WATCH-daemonsets-count": {
        "value": 8.102918586789555
      },
      "WATCH-deployments-count": {
        "value": 7.09815668202765
      },
      "WATCH-ingresses-count": {
        "value": 5.10483870967742
      },
      "WATCH-jobs-count": {
        "value": 8.102918586789555
      },
      "WATCH-kubevirts-count": {
        "value": 36.576574500768054
      },
      "WATCH-leases-count": {
        "value": 6.0771889400921655
      },
      "WATCH-migrationpolicies-count": {
        "value": 6.125806451612903
      },
      "WATCH-mutatingwebhookconfigurations-count": {
        "value": 7.09815668202765
      },
      "WATCH-namespaces-count": {
        "value": 21.375499231950847
      },
      "WATCH-nodes-count": {
        "value": 4.083870967741936
      },
      "WATCH-persistentvolumeclaims-count": {
        "value": 4.083870967741936
      },
      "WATCH-poddisruptionbudgets-count": {
        "value": 13.191551459293395
      },
      "WATCH-pods-count": {
        "value": 17.29162826420891
      },
      "WATCH-prometheusrules-count": {
        "value": 8.102918586789555
      },
      "WATCH-resourcequotas-count": {
        "value": 4.083870967741936
      },
      "WATCH-rolebindings-count": {
        "value": 6.0771889400921655
      },
      "WATCH-roles-count": {
        "value": 9.10768049155146
      },
      "WATCH-routes-count": {
        "value": 12.18678955453149
      },
      "WATCH-secrets-count": {
        "value": 13.207757296466974
      },
      "WATCH-securitycontextconstraints-count": {
        "value": 8.102918586789555
      },
      "WATCH-serviceaccounts-count": {
        "value": 8.102918586789555
      },
      "WATCH-servicemonitors-count": {
        "value": 8.102918586789555
      },
      "WATCH-services-count": {
        "value": 12.18678955453149
      },
      "WATCH-storageclasses-count": {
        "value": 5.10483870967742
      },
      "WATCH-validatingwebhookconfigurations-count": {
        "value": 8.102918586789555
      },
      "WATCH-virtualmachineclones-count": {
        "value": 4.083870967741936
      },
      "WATCH-virtualmachineclusterinstancetypes-count": {
        "value": 11.182027649769585
      },
      "WATCH-virtualmachineclusterpreferences-count": {
        "value": 12.20299539170507
      },
      "WATCH-virtualmachineexports-count": {
        "value": 4.083870967741936
      },
      "WATCH-virtualmachineinstancemigrations-count": {
        "value": 4.083870967741936
      },
      "WATCH-virtualmachineinstancepresets-count": {
        "value": 7.146774193548387
      },
      "WATCH-virtualmachineinstancereplicasets-count": {
        "value": 4.083870967741936
      },
      "WATCH-virtualmachineinstances-count": {
        "value": 41.43832565284178
      },
      "WATCH-virtualmachineinstancetypes-count": {
        "value": 4.083870967741936
      },
      "WATCH-virtualmachinepools-count": {
        "value": 4.083870967741936
      },
      "WATCH-virtualmachinepreferences-count": {
        "value": 4.083870967741936
      },
      "WATCH-virtualmachinerestores-count": {
        "value": 13.272580645161291
      },
      "WATCH-virtualmachines-count": {
        "value": 5.10483870967742
      },
      "WATCH-virtualmachinesnapshotcontents-count": {
        "value": 3.0629032258064517
      },
      "WATCH-virtualmachinesnapshots-count": {
        "value": 3.0629032258064517
      },
      "WATCH-volumesnapshotclasses-count": {
        "value": 4.083870967741936
      },
      "WATCH-volumesnapshots-count": {
        "value": 5.10483870967742
      },
      "avgVirtAPICPUUsage": {
        "value": 0.003812313424189282
      },
      "avgVirtAPIMemoryUsageInMB": {
        "value": 186.57293798053075
      },
      "avgVirtControllerCPUUsage": {
        "value": 0.008557944224338625
      },
      "avgVirtControllerMemoryUsageInMB": {
        "value": 330.4430803571429
      },
      "failed-phase-count": {
        "value": 21
      },
      "maxVirtAPIMemoryUsageInMB": {
        "value": 220.4560546875
      },
      "maxVirtControllerMemoryUsageInMB": {
        "value": 410.13671875
      },
      "minVirtAPIMemoryUsageInMB": {
        "value": 174.87890625
      },
      "minVirtControllerMemoryUsageInMB": {
        "value": 276.3359375
      },
      "vmiCreationToRunningSecondsP50": {
        "value": 0
      },
      "vmiCreationToRunningSecondsP95": {
        "value": 0
      },
      "vmiCreationToRunningSecondsP99": {
        "value": 0
      },
      "vmiDeletionToFailedSecondsP50": {
        "value": 0
      },
      "vmiDeletionToFailedSecondsP95": {
        "value": 0
      },
      "vmiDeletionToFailedSecondsP99": {
        "value": 0
      },
      "vmiDeletionToSucceededSecondsP50": {
        "value": 0
      },
      "vmiDeletionToSucceededSecondsP95": {
        "value": 0
      },
      "vmiDeletionToSucceededSecondsP99": {
        "value": 0
      }
    }
  },
  "VMResult": null
}
