{
  "JobDirCreationTime": "2025-03-04T05:05:16.026Z",
  "VMIResult": {
    "Values": {
      "CREATE-events-count": {
        "value": 780.2371925925927
      },
      "CREATE-pods-count": {
        "value": 106.12666666666667
      },
      "DELETE-pods-count": {
        "value": 107.40833333333335
      },
      "GET-leases-count": {
        "value": 191.11111111111111
      },
      "GET-nodes-count": {
        "value": 21.111111111111114
      },
      "PATCH-events-count": {
        "value": 49.91746666666667
      },
      "PATCH-nodes-count": {
        "value": 8.88888888888889
      },
      "PATCH-pods-count": {
        "value": 320.4825333333333
      },
      "PATCH-virtualmachineinstances-count": {
        "value": 214.8166666666667
      },
      "UPDATE-leases-count": {
        "value": 300
      },
      "UPDATE-virtualmachineinstances-count": {
        "value": 1018.8989200000001
      },
      "WATCH-clusterrolebindings-count": {
        "value": 2.2222222222222223
      },
      "WATCH-clusterroles-count": {
        "value": 2.2222222222222223
      },
      "WATCH-configmaps-count": {
        "value": 11.11111111111111
      },
      "WATCH-controllerrevisions-count": {
        "value": 1.1111111111111112
      },
      "WATCH-customresourcedefinitions-count": {
        "value": 7.777777777777778
      },
      "WATCH-daemonsets-count": {
        "value": 2.2222222222222223
      },
      "WATCH-deployments-count": {
        "value": 1.1111111111111112
      },
      "WATCH-jobs-count": {
        "value": 1.1111111111111112
      },
      "WATCH-kubevirts-count": {
        "value": 4.444444444444445
      },
      "WATCH-migrationpolicies-count": {
        "value": 1.1111111111111112
      },
      "WATCH-mutatingwebhookconfigurations-count": {
        "value": 2.2222222222222223
      },
      "WATCH-namespaces-count": {
        "value": 4.444444444444445
      },
      "WATCH-persistentvolumeclaims-count": {
        "value": 1.1111111111111112
      },
      "WATCH-poddisruptionbudgets-count": {
        "value": 3.3333333333333335
      },
      "WATCH-pods-count": {
        "value": 2.2222222222222223
      },
      "WATCH-prometheusrules-count": {
        "value": 2.2222222222222223
      },
      "WATCH-rolebindings-count": {
        "value": 2.2222222222222223
      },
      "WATCH-roles-count": {
        "value": 1.1111111111111112
      },
      "WATCH-routes-count": {
        "value": 3.3333333333333335
      },
      "WATCH-secrets-count": {
        "value": 3.3333333333333335
      },
      "WATCH-securitycontextconstraints-count": {
        "value": 2.2222222222222223
      },
      "WATCH-serviceaccounts-count": {
        "value": 1.1111111111111112
      },
      "WATCH-servicemonitors-count": {
        "value": 1.1111111111111112
      },
      "WATCH-services-count": {
        "value": 2.2222222222222223
      },
      "WATCH-validatingwebhookconfigurations-count": {
        "value": 1.1111111111111112
      },
      "WATCH-virtualmachineclusterinstancetypes-count": {
        "value": 2.2222222222222223
      },
      "WATCH-virtualmachineclusterpreferences-count": {
        "value": 3.3333333333333335
      },
      "WATCH-virtualmachineinstancemigrations-count": {
        "value": 1.1111111111111112
      },
      "WATCH-virtualmachineinstancepresets-count": {
        "value": 2.2222222222222223
      },
      "WATCH-virtualmachineinstancereplicasets-count": {
        "value": 1.1111111111111112
      },
      "WATCH-virtualmachineinstances-count": {
        "value": 5.555555555555555
      },
      "WATCH-virtualmachinepools-count": {
        "value": 1.1111111111111112
      },
      "WATCH-virtualmachinerestores-count": {
        "value": 2.2222222222222223
      },
      "WATCH-virtualmachines-count": {
        "value": 1.1111111111111112
      },
      "WATCH-virtualmachinesnapshotcontents-count": {
        "value": 1.1111111111111112
      },
      "WATCH-virtualmachinesnapshots-count": {
        "value": 1.1111111111111112
      },
      "avgVirtAPICPUUsage": {
        "value": 0.024611698861111114
      },
      "avgVirtAPIMemoryUsageInMB": {
        "value": 175.6962890625
      },
      "avgVirtControllerCPUUsage": {
        "value": 0.03582698934444444
      },
      "avgVirtControllerMemoryUsageInMB": {
        "value": 103.873046875
      },
      "avgVirtHandlerMemoryUsageInMB": {
        "value": 25.75202334824429
      },
      "maxVirtAPIMemoryUsageInMB": {
        "value": 190.642578125
      },
      "maxVirtControllerMemoryUsageInMB": {
        "value": 126.92578125
      },
      "maxVirtHandlerMemoryUsageInMB": {
        "value": 54.907167496219756
      },
      "minVirtAPIMemoryUsageInMB": {
        "value": 160.10546875
      },
      "minVirtControllerMemoryUsageInMB": {
        "value": 87.515625
      },
      "minVirtHandlerMemoryUsageInMB": {
        "value": 10.51402824155746
      },
      "vmiCreationToRunningSecondsP50": {
        "value": 44.78383999852584
      },
      "vmiCreationToRunningSecondsP95": {
        "value": 56.635340799331715
      },
      "vmiCreationToRunningSecondsP99": {
        "value": 59.32706815986634
      },
      "vmiDeletionToFailedSecondsP50": {
        "value": 0
      },
      "vmiDeletionToFailedSecondsP95": {
        "value": 0
      },
      "vmiDeletionToFailedSecondsP99": {
        "value": 0
      },
      "vmiDeletionToSucceededSecondsP50": {
        "value": 0.7935162423377697
      },
      "vmiDeletionToSucceededSecondsP95": {
        "value": 7.897087999582321
      },
      "vmiDeletionToSucceededSecondsP99": {
        "value": 9.57941759991646
      }
    }
  },
  "VMResult": null
}
