{
  "JobDirCreationTime": "2024-07-13T08:15:45.963Z",
  "VMIResult": {
    "Values": {
      "CREATE-events-count": {
        "value": 156.18959187014272
      },
      "CREATE-pods-count": {
        "value": 123.09235145104662
      },
      "DELETE-virtualmachineclusterinstancetypes-count": {
        "value": 1.1917738871018817
      },
      "DELETE-virtualmachineclusterpreferences-count": {
        "value": 1.1917738871018817
      },
      "GET-leases-count": {
        "value": 116.03200000000001
      },
      "GET-nodes-count": {
        "value": 31.593493333333335
      },
      "LIST-nodes-count": {
        "value": 9.02279604300693
      },
      "LIST-virtualmachineclusterinstancetypes-count": {
        "value": 1.1917738871018817
      },
      "LIST-virtualmachineclusterpreferences-count": {
        "value": 1.1917738871018817
      },
      "PATCH-nodes-count": {
        "value": 6.039093333333334
      },
      "PATCH-pods-count": {
        "value": 210.77792098128975
      },
      "PATCH-services-count": {
        "value": 36.09118417202772
      },
      "PATCH-virtualmachineinstances-count": {
        "value": 47.598226784881,
        "thresholdResult": {
          "thresholdValue": 246.18470290209325,
          "thresholdMetric": "CREATE-pods-count",
          "thresholdRatio": 0.38668711925460814,
          "thresholdExceeded": true
        }
      },
      "UPDATE-kubevirts-count": {
        "value": 1.1278495053758661
      },
      "UPDATE-leases-count": {
        "value": 195.44819037089763
      },
      "UPDATE-virtualmachineinstances-count": {
        "value": 654.4554334745617,
        "thresholdResult": {
          "thresholdValue": 1230.9235145104662,
          "thresholdMetric": "CREATE-pods-count",
          "thresholdRatio": 5.316783908664188,
          "thresholdExceeded": false
        }
      },
      "avgVirtAPICPUUsage": {
        "value": 0.007964697652666667
      },
      "avgVirtAPIMemoryUsageInMB": {
        "value": 136.155517578125
      },
      "avgVirtControllerCPUUsage": {
        "value": 0.0092678157325
      },
      "avgVirtControllerMemoryUsageInMB": {
        "value": 64.26450892857143
      },
      "maxVirtAPIMemoryUsageInMB": {
        "value": 153.10546875
      },
      "maxVirtControllerMemoryUsageInMB": {
        "value": 87.90234375
      },
      "minVirtAPIMemoryUsageInMB": {
        "value": 126.76953125
      },
      "minVirtControllerMemoryUsageInMB": {
        "value": 47.68359375
      },
      "none-none-count": {
        "value": 2.4685897984942624
      },
      "running-phase-count": {
        "value": 101
      },
      "vmiCreationToRunningSecondsP50": {
        "value": 14.542000137592588,
        "thresholdResult": {
          "thresholdValue": 45,
          "thresholdExceeded": false
        }
      },
      "vmiCreationToRunningSecondsP95": {
        "value": 19.45420001375926,
        "thresholdResult": {
          "thresholdValue": 60,
          "thresholdExceeded": false
        }
      },
      "vmiCreationToRunningSecondsP99": {
        "value": 19.89084000275185
      },
      "vmiDeletionToFailedSecondsP50": {
        "value": 0
      },
      "vmiDeletionToFailedSecondsP95": {
        "value": 0
      },
      "vmiDeletionToFailedSecondsP99": {
        "value": 0
      },
      "vmiDeletionToSucceededSecondsP50": {
        "value": 0
      },
      "vmiDeletionToSucceededSecondsP95": {
        "value": 0
      },
      "vmiDeletionToSucceededSecondsP99": {
        "value": 0
      }
    }
  },
  "VMResult": {
    "Values": {
      "CREATE-events-count": {
        "value": 737.7777777777778
      },
      "CREATE-pods-count": {
        "value": 105.55555555555556
      },
      "GET-leases-count": {
        "value": 191.11004939451288
      },
      "GET-nodes-count": {
        "value": 27.777777777777782
      },
      "LIST-cdiconfigs-count": {
        "value": 1.1111111111111112
      },
      "LIST-cdis-count": {
        "value": 1.1111111111111112
      },
      "LIST-clusterrolebindings-count": {
        "value": 1.1111111111111112
      },
      "LIST-clusterroles-count": {
        "value": 2.2222222222222223
      },
      "LIST-configmaps-count": {
        "value": 13.333333333333332
      },
      "LIST-controllerrevisions-count": {
        "value": 1.1111111111111112
      },
      "LIST-customresourcedefinitions-count": {
        "value": 8.888876543347047
      },
      "LIST-daemonsets-count": {
        "value": 2.2222222222222223
      },
      "LIST-datasources-count": {
        "value": 1.1111111111111112
      },
      "LIST-datavolumes-count": {
        "value": 1.1111111111111112
      },
      "LIST-ingresses-count": {
        "value": 1.1111111111111112
      },
      "LIST-jobs-count": {
        "value": 2.2222222222222223
      },
      "LIST-kubevirts-count": {
        "value": 7.777765432235936
      },
      "LIST-migrationpolicies-count": {
        "value": 1.1111111111111112
      },
      "LIST-mutatingwebhookconfigurations-count": {
        "value": 2.2222222222222223
      },
      "LIST-namespaces-count": {
        "value": 4.444444444444445
      },
      "LIST-nodes-count": {
        "value": 1.1111111111111112
      },
      "LIST-persistentvolumeclaims-count": {
        "value": 1.1111111111111112
      },
      "LIST-poddisruptionbudgets-count": {
        "value": 3.3333333333333335
      },
      "LIST-pods-count": {
        "value": 3.3333333333333335
      },
      "LIST-prometheusrules-count": {
        "value": 1.1111111111111112
      },
      "LIST-resourcequotas-count": {
        "value": 1.1111111111111112
      },
      "LIST-roles-count": {
        "value": 2.2222222222222223
      },
      "LIST-secrets-count": {
        "value": 3.3333333333333335
      },
      "LIST-serviceaccounts-count": {
        "value": 1.1111111111111112
      },
      "LIST-servicemonitors-count": {
        "value": 2.2222222222222223
      },
      "LIST-services-count": {
        "value": 3.3333333333333335
      },
      "LIST-storageclasses-count": {
        "value": 1.1111111111111112
      },
      "LIST-storageprofiles-count": {
        "value": 1.1111111111111112
      },
      "LIST-validatingwebhookconfigurations-count": {
        "value": 1.1111111111111112
      },
      "LIST-virtualmachineclusterinstancetypes-count": {
        "value": 1.1111111111111112
      },
      "LIST-virtualmachineclusterpreferences-count": {
        "value": 1.1111111111111112
      },
      "LIST-virtualmachineexports-count": {
        "value": 1.1111111111111112
      },
      "LIST-virtualmachineinstancemigrations-count": {
        "value": 1.1111111111111112
      },
      "LIST-virtualmachineinstancepresets-count": {
        "value": 2.2222222222222223
      },
      "LIST-virtualmachineinstancereplicasets-count": {
        "value": 1.1111111111111112
      },
      "LIST-virtualmachineinstances-count": {
        "value": 6.666666666666667
      },
      "LIST-virtualmachineinstancetypes-count": {
        "value": 1.1111111111111112
      },
      "LIST-virtualmachinepreferences-count": {
        "value": 1.1111111111111112
      },
      "LIST-virtualmachinerestores-count": {
        "value": 3.3333333333333335
      },
      "LIST-virtualmachines-count": {
        "value": 1.1111111111111112
      },
      "LIST-virtualmachinesnapshots-count": {
        "value": 1.1111111111111112
      },
      "PATCH-nodes-count": {
        "value": 13.333333333333334
      },
      "PATCH-pods-count": {
        "value": 214.44444444444446
      },
      "PATCH-virtualmachineinstances-count": {
        "value": 147.77777777777777,
        "thresholdResult": {
          "thresholdValue": 211.11111111111111,
          "thresholdMetric": "CREATE-pods-count",
          "thresholdRatio": 1.4,
          "thresholdExceeded": false
        }
      },
      "UPDATE-leases-count": {
        "value": 298.8888888888889
      },